{"type":"FeatureCollection","name":"FIRMS VIIRS CA (last 1 day)","crs":{"type":"name","properties":{"name":"EPSG:4326"}},"fetched_at_utc":"2026-07-29T15:50:32.298Z","source":{"url":"https://firms.modaps.eosdis.nasa.gov/api/area/csv/8c4af552cf654445dd280dfb3ad9337c/VIIRS_SNPP_NRT/-125,32,-113,43.5/1","dataset":"VIIRS_SNPP_NRT","bbox":"-125,32,-113,43.5","day_range":"1"},"features":[{"type":"Feature","properties":{"acq_date":"2026-07-29","acq_time":902,"confidence":"n","satellite":"N","instrument":"VIIRS","version":"2.0NRT","bright_ti4":314.09,"frp":1.67,"daynight":"N"},"geometry":{"type":"Point","coordinates":[-117.00484,42.4052]}},{"type":"Feature","properties":{"acq_date":"2026-07-29","acq_time":902,"confidence":"n","satellite":"N","instrument":"VIIRS","version":"2.0NRT","bright_ti4":304.58,"frp":1.45,"daynight":"N"},"geometry":{"type":"Point","coordinates":[-117.01003,42.40542]}},{"type":"Feature","properties":{"acq_date":"2026-07-29","acq_time":902,"confidence":"n","satellite":"N","instrument":"VIIRS","version":"2.0NRT","bright_ti4":303.6,"frp":1.45,"daynight":"N"},"geometry":{"type":"Point","coordinates":[-117.01536,42.40563]}},{"type":"Feature","properties":{"acq_date":"2026-07-29","acq_time":902,"confidence":"n","satellite":"N","instrument":"VIIRS","version":"2.0NRT","bright_ti4":304.81,"frp":1.75,"daynight":"N"},"geometry":{"type":"Point","coordinates":[-116.99961,42.4107]}},{"type":"Feature","properties":{"acq_date":"2026-07-29","acq_time":902,"confidence":"n","satellite":"N","instrument":"VIIRS","version":"2.0NRT","bright_ti4":312.43,"frp":1.75,"daynight":"N"},"geometry":{"type":"Point","coordinates":[-117.00484,42.41091]}},{"type":"Feature","properties":{"acq_date":"2026-07-29","acq_time":902,"confidence":"n","satellite":"N","instrument":"VIIRS","version":"2.0NRT","bright_ti4":310.91,"frp":1.59,"daynight":"N"},"geometry":{"type":"Point","coordinates":[-117.01009,42.41113]}},{"type":"Feature","properties":{"acq_date":"2026-07-29","acq_time":902,"confidence":"n","satellite":"N","instrument":"VIIRS","version":"2.0NRT","bright_ti4":311.85,"frp":1.59,"daynight":"N"},"geometry":{"type":"Point","coordinates":[-117.01544,42.41134]}},{"type":"Feature","properties":{"acq_date":"2026-07-29","acq_time":902,"confidence":"n","satellite":"N","instrument":"VIIRS","version":"2.0NRT","bright_ti4":298.2,"frp":1.02,"daynight":"N"},"geometry":{"type":"Point","coordinates":[-117.0209,42.41156]}},{"type":"Feature","properties":{"acq_date":"2026-07-29","acq_time":902,"confidence":"n","satellite":"N","instrument":"VIIRS","version":"2.0NRT","bright_ti4":297.98,"frp":1.02,"daynight":"N"},"geometry":{"type":"Point","coordinates":[-117.02638,42.41179]}},{"type":"Feature","properties":{"acq_date":"2026-07-29","acq_time":902,"confidence":"n","satellite":"N","instrument":"VIIRS","version":"2.0NRT","bright_ti4":296.45,"frp":1.63,"daynight":"N"},"geometry":{"type":"Point","coordinates":[-117.04877,42.41269]}},{"type":"Feature","properties":{"acq_date":"2026-07-29","acq_time":902,"confidence":"n","satellite":"N","instrument":"VIIRS","version":"2.0NRT","bright_ti4":298.77,"frp":0.36,"daynight":"N"},"geometry":{"type":"Point","coordinates":[-116.98385,42.41576]}},{"type":"Feature","properties":{"acq_date":"2026-07-29","acq_time":902,"confidence":"n","satellite":"N","instrument":"VIIRS","version":"2.0NRT","bright_ti4":297.98,"frp":1.25,"daynight":"N"},"geometry":{"type":"Point","coordinates":[-116.98909,42.41597]}},{"type":"Feature","properties":{"acq_date":"2026-07-29","acq_time":902,"confidence":"n","satellite":"N","instrument":"VIIRS","version":"2.0NRT","bright_ti4":314.36,"frp":1.25,"daynight":"N"},"geometry":{"type":"Point","coordinates":[-116.99441,42.41619]}},{"type":"Feature","properties":{"acq_date":"2026-07-29","acq_time":902,"confidence":"n","satellite":"N","instrument":"VIIRS","version":"2.0NRT","bright_ti4":310.79,"frp":1.75,"daynight":"N"},"geometry":{"type":"Point","coordinates":[-116.99969,42.41641]}},{"type":"Feature","properties":{"acq_date":"2026-07-29","acq_time":902,"confidence":"n","satellite":"N","instrument":"VIIRS","version":"2.0NRT","bright_ti4":317.66,"frp":1.75,"daynight":"N"},"geometry":{"type":"Point","coordinates":[-117.005,42.41663]}},{"type":"Feature","properties":{"acq_date":"2026-07-29","acq_time":902,"confidence":"n","satellite":"N","instrument":"VIIRS","version":"2.0NRT","bright_ti4":302.5,"frp":1.59,"daynight":"N"},"geometry":{"type":"Point","coordinates":[-117.01032,42.41684]}},{"type":"Feature","properties":{"acq_date":"2026-07-29","acq_time":902,"confidence":"n","satellite":"N","instrument":"VIIRS","version":"2.0NRT","bright_ti4":308.96,"frp":1.59,"daynight":"N"},"geometry":{"type":"Point","coordinates":[-117.01569,42.41706]}},{"type":"Feature","properties":{"acq_date":"2026-07-29","acq_time":902,"confidence":"n","satellite":"N","instrument":"VIIRS","version":"2.0NRT","bright_ti4":299.62,"frp":1.02,"daynight":"N"},"geometry":{"type":"Point","coordinates":[-117.02113,42.41729]}},{"type":"Feature","properties":{"acq_date":"2026-07-29","acq_time":902,"confidence":"n","satellite":"N","instrument":"VIIRS","version":"2.0NRT","bright_ti4":302.38,"frp":1.96,"daynight":"N"},"geometry":{"type":"Point","coordinates":[-117.03198,42.41773]}},{"type":"Feature","properties":{"acq_date":"2026-07-29","acq_time":902,"confidence":"n","satellite":"N","instrument":"VIIRS","version":"2.0NRT","bright_ti4":304.44,"frp":0.97,"daynight":"N"},"geometry":{"type":"Point","coordinates":[-116.95238,42.42015]}},{"type":"Feature","properties":{"acq_date":"2026-07-29","acq_time":902,"confidence":"n","satellite":"N","instrument":"VIIRS","version":"2.0NRT","bright_ti4":308.15,"frp":0.96,"daynight":"N"},"geometry":{"type":"Point","coordinates":[-116.95805,42.42038]}},{"type":"Feature","properties":{"acq_date":"2026-07-29","acq_time":902,"confidence":"n","satellite":"N","instrument":"VIIRS","version":"2.0NRT","bright_ti4":299.9,"frp":0.96,"daynight":"N"},"geometry":{"type":"Point","coordinates":[-116.96368,42.42062]}},{"type":"Feature","properties":{"acq_date":"2026-07-29","acq_time":902,"confidence":"n","satellite":"N","instrument":"VIIRS","version":"2.0NRT","bright_ti4":303.64,"frp":2.26,"daynight":"N"},"geometry":{"type":"Point","coordinates":[-116.98392,42.42146]}},{"type":"Feature","properties":{"acq_date":"2026-07-29","acq_time":902,"confidence":"n","satellite":"N","instrument":"VIIRS","version":"2.0NRT","bright_ti4":301.35,"frp":1.75,"daynight":"N"},"geometry":{"type":"Point","coordinates":[-116.99435,42.42189]}},{"type":"Feature","properties":{"acq_date":"2026-07-29","acq_time":902,"confidence":"n","satellite":"N","instrument":"VIIRS","version":"2.0NRT","bright_ti4":313.84,"frp":1.67,"daynight":"N"},"geometry":{"type":"Point","coordinates":[-116.99972,42.42212]}},{"type":"Feature","properties":{"acq_date":"2026-07-29","acq_time":902,"confidence":"n","satellite":"N","instrument":"VIIRS","version":"2.0NRT","bright_ti4":309.69,"frp":1.67,"daynight":"N"},"geometry":{"type":"Point","coordinates":[-117.00509,42.42234]}},{"type":"Feature","properties":{"acq_date":"2026-07-29","acq_time":902,"confidence":"n","satellite":"N","instrument":"VIIRS","version":"2.0NRT","bright_ti4":298.07,"frp":2.36,"daynight":"N"},"geometry":{"type":"Point","coordinates":[-117.03733,42.42367]}},{"type":"Feature","properties":{"acq_date":"2026-07-29","acq_time":902,"confidence":"n","satellite":"N","instrument":"VIIRS","version":"2.0NRT","bright_ti4":296.36,"frp":0.96,"daynight":"N"},"geometry":{"type":"Point","coordinates":[-116.96262,42.42627]}},{"type":"Feature","properties":{"acq_date":"2026-07-29","acq_time":902,"confidence":"n","satellite":"N","instrument":"VIIRS","version":"2.0NRT","bright_ti4":306.74,"frp":1.75,"daynight":"N"},"geometry":{"type":"Point","coordinates":[-116.99422,42.42759]}},{"type":"Feature","properties":{"acq_date":"2026-07-29","acq_time":902,"confidence":"n","satellite":"N","instrument":"VIIRS","version":"2.0NRT","bright_ti4":307.21,"frp":1.67,"daynight":"N"},"geometry":{"type":"Point","coordinates":[-116.99954,42.42782]}},{"type":"Feature","properties":{"acq_date":"2026-07-29","acq_time":902,"confidence":"n","satellite":"N","instrument":"VIIRS","version":"2.0NRT","bright_ti4":316.74,"frp":1.67,"daynight":"N"},"geometry":{"type":"Point","coordinates":[-117.0049,42.42804]}},{"type":"Feature","properties":{"acq_date":"2026-07-29","acq_time":902,"confidence":"n","satellite":"N","instrument":"VIIRS","version":"2.0NRT","bright_ti4":304.27,"frp":1.99,"daynight":"N"},"geometry":{"type":"Point","coordinates":[-117.02648,42.42893]}},{"type":"Feature","properties":{"acq_date":"2026-07-29","acq_time":902,"confidence":"n","satellite":"N","instrument":"VIIRS","version":"2.0NRT","bright_ti4":322.67,"frp":2.36,"daynight":"N"},"geometry":{"type":"Point","coordinates":[-117.03179,42.42915]}},{"type":"Feature","properties":{"acq_date":"2026-07-29","acq_time":902,"confidence":"n","satellite":"N","instrument":"VIIRS","version":"2.0NRT","bright_ti4":326.3,"frp":2.36,"daynight":"N"},"geometry":{"type":"Point","coordinates":[-117.03706,42.42937]}},{"type":"Feature","properties":{"acq_date":"2026-07-29","acq_time":902,"confidence":"n","satellite":"N","instrument":"VIIRS","version":"2.0NRT","bright_ti4":299.56,"frp":1.03,"daynight":"N"},"geometry":{"type":"Point","coordinates":[-116.99379,42.43328]}},{"type":"Feature","properties":{"acq_date":"2026-07-29","acq_time":902,"confidence":"n","satellite":"N","instrument":"VIIRS","version":"2.0NRT","bright_ti4":298.72,"frp":1.07,"daynight":"N"},"geometry":{"type":"Point","coordinates":[-117.03113,42.43484]}},{"type":"Feature","properties":{"acq_date":"2026-07-29","acq_time":902,"confidence":"n","satellite":"N","instrument":"VIIRS","version":"2.0NRT","bright_ti4":302.98,"frp":1.82,"daynight":"N"},"geometry":{"type":"Point","coordinates":[-116.96487,42.43776]}},{"type":"Feature","properties":{"acq_date":"2026-07-29","acq_time":902,"confidence":"n","satellite":"N","instrument":"VIIRS","version":"2.0NRT","bright_ti4":299.7,"frp":0.37,"daynight":"N"},"geometry":{"type":"Point","coordinates":[-116.95699,42.45451]}},{"type":"Feature","properties":{"acq_date":"2026-07-29","acq_time":902,"confidence":"n","satellite":"N","instrument":"VIIRS","version":"2.0NRT","bright_ti4":309.86,"frp":2.11,"daynight":"N"},"geometry":{"type":"Point","coordinates":[-117.0945,42.45467]}},{"type":"Feature","properties":{"acq_date":"2026-07-29","acq_time":902,"confidence":"n","satellite":"N","instrument":"VIIRS","version":"2.0NRT","bright_ti4":304.25,"frp":1.59,"daynight":"N"},"geometry":{"type":"Point","coordinates":[-117.09362,42.45606]}},{"type":"Feature","properties":{"acq_date":"2026-07-29","acq_time":902,"confidence":"n","satellite":"N","instrument":"VIIRS","version":"2.0NRT","bright_ti4":300.58,"frp":1.54,"daynight":"N"},"geometry":{"type":"Point","coordinates":[-117.09877,42.45625]}},{"type":"Feature","properties":{"acq_date":"2026-07-29","acq_time":902,"confidence":"n","satellite":"N","instrument":"VIIRS","version":"2.0NRT","bright_ti4":298.56,"frp":0.91,"daynight":"N"},"geometry":{"type":"Point","coordinates":[-117.09943,42.46062]}},{"type":"Feature","properties":{"acq_date":"2026-07-29","acq_time":902,"confidence":"n","satellite":"N","instrument":"VIIRS","version":"2.0NRT","bright_ti4":306.47,"frp":2.66,"daynight":"N"},"geometry":{"type":"Point","coordinates":[-116.99924,42.4697]}},{"type":"Feature","properties":{"acq_date":"2026-07-29","acq_time":902,"confidence":"n","satellite":"N","instrument":"VIIRS","version":"2.0NRT","bright_ti4":302.48,"frp":0.81,"daynight":"N"},"geometry":{"type":"Point","coordinates":[-116.97281,42.4723]}},{"type":"Feature","properties":{"acq_date":"2026-07-29","acq_time":902,"confidence":"n","satellite":"N","instrument":"VIIRS","version":"2.0NRT","bright_ti4":301.24,"frp":0.81,"daynight":"N"},"geometry":{"type":"Point","coordinates":[-116.97815,42.47253]}},{"type":"Feature","properties":{"acq_date":"2026-07-29","acq_time":902,"confidence":"n","satellite":"N","instrument":"VIIRS","version":"2.0NRT","bright_ti4":303.28,"frp":1.08,"daynight":"N"},"geometry":{"type":"Point","coordinates":[-116.98352,42.47277]}},{"type":"Feature","properties":{"acq_date":"2026-07-29","acq_time":902,"confidence":"n","satellite":"N","instrument":"VIIRS","version":"2.0NRT","bright_ti4":302.08,"frp":1.08,"daynight":"N"},"geometry":{"type":"Point","coordinates":[-116.98891,42.47301]}},{"type":"Feature","properties":{"acq_date":"2026-07-29","acq_time":902,"confidence":"n","satellite":"N","instrument":"VIIRS","version":"2.0NRT","bright_ti4":319.07,"frp":2.55,"daynight":"N"},"geometry":{"type":"Point","coordinates":[-116.99434,42.47325]}},{"type":"Feature","properties":{"acq_date":"2026-07-29","acq_time":902,"confidence":"n","satellite":"N","instrument":"VIIRS","version":"2.0NRT","bright_ti4":316.43,"frp":2.55,"daynight":"N"},"geometry":{"type":"Point","coordinates":[-116.99961,42.47348]}},{"type":"Feature","properties":{"acq_date":"2026-07-29","acq_time":902,"confidence":"n","satellite":"N","instrument":"VIIRS","version":"2.0NRT","bright_ti4":300.77,"frp":1.41,"daynight":"N"},"geometry":{"type":"Point","coordinates":[-116.97689,42.47455]}},{"type":"Feature","properties":{"acq_date":"2026-07-29","acq_time":902,"confidence":"n","satellite":"N","instrument":"VIIRS","version":"2.0NRT","bright_ti4":309.59,"frp":1.41,"daynight":"N"},"geometry":{"type":"Point","coordinates":[-116.98226,42.47476]}},{"type":"Feature","properties":{"acq_date":"2026-07-29","acq_time":902,"confidence":"n","satellite":"N","instrument":"VIIRS","version":"2.0NRT","bright_ti4":313.03,"frp":2.78,"daynight":"N"},"geometry":{"type":"Point","coordinates":[-116.98764,42.47496]}},{"type":"Feature","properties":{"acq_date":"2026-07-29","acq_time":902,"confidence":"n","satellite":"N","instrument":"VIIRS","version":"2.0NRT","bright_ti4":318.88,"frp":2.78,"daynight":"N"},"geometry":{"type":"Point","coordinates":[-116.99304,42.47517]}},{"type":"Feature","properties":{"acq_date":"2026-07-29","acq_time":902,"confidence":"n","satellite":"N","instrument":"VIIRS","version":"2.0NRT","bright_ti4":320.2,"frp":2.66,"daynight":"N"},"geometry":{"type":"Point","coordinates":[-116.99837,42.47538]}},{"type":"Feature","properties":{"acq_date":"2026-07-29","acq_time":902,"confidence":"n","satellite":"N","instrument":"VIIRS","version":"2.0NRT","bright_ti4":301.89,"frp":0.96,"daynight":"N"},"geometry":{"type":"Point","coordinates":[-116.98155,42.48043]}},{"type":"Feature","properties":{"acq_date":"2026-07-29","acq_time":902,"confidence":"n","satellite":"N","instrument":"VIIRS","version":"2.0NRT","bright_ti4":323.46,"frp":1.54,"daynight":"N"},"geometry":{"type":"Point","coordinates":[-116.98688,42.48064]}},{"type":"Feature","properties":{"acq_date":"2026-07-29","acq_time":902,"confidence":"n","satellite":"N","instrument":"VIIRS","version":"2.0NRT","bright_ti4":305.38,"frp":1.54,"daynight":"N"},"geometry":{"type":"Point","coordinates":[-116.99218,42.48085]}},{"type":"Feature","properties":{"acq_date":"2026-07-29","acq_time":902,"confidence":"n","satellite":"N","instrument":"VIIRS","version":"2.0NRT","bright_ti4":299.43,"frp":1.26,"daynight":"N"},"geometry":{"type":"Point","coordinates":[-116.99754,42.48106]}},{"type":"Feature","properties":{"acq_date":"2026-07-29","acq_time":902,"confidence":"n","satellite":"N","instrument":"VIIRS","version":"2.0NRT","bright_ti4":300.27,"frp":1.54,"daynight":"N"},"geometry":{"type":"Point","coordinates":[-116.99142,42.48652]}},{"type":"Feature","properties":{"acq_date":"2026-07-29","acq_time":902,"confidence":"n","satellite":"N","instrument":"VIIRS","version":"2.0NRT","bright_ti4":298.18,"frp":2.28,"daynight":"N"},"geometry":{"type":"Point","coordinates":[-116.91169,42.48906]}},{"type":"Feature","properties":{"acq_date":"2026-07-29","acq_time":902,"confidence":"n","satellite":"N","instrument":"VIIRS","version":"2.0NRT","bright_ti4":318.71,"frp":2.28,"daynight":"N"},"geometry":{"type":"Point","coordinates":[-116.9115,42.49474]}},{"type":"Feature","properties":{"acq_date":"2026-07-29","acq_time":902,"confidence":"n","satellite":"N","instrument":"VIIRS","version":"2.0NRT","bright_ti4":325.58,"frp":2.28,"daynight":"N"},"geometry":{"type":"Point","coordinates":[-116.91736,42.49497]}},{"type":"Feature","properties":{"acq_date":"2026-07-29","acq_time":902,"confidence":"n","satellite":"N","instrument":"VIIRS","version":"2.0NRT","bright_ti4":303.57,"frp":3.51,"daynight":"N"},"geometry":{"type":"Point","coordinates":[-116.92304,42.4952]}},{"type":"Feature","properties":{"acq_date":"2026-07-29","acq_time":902,"confidence":"n","satellite":"N","instrument":"VIIRS","version":"2.0NRT","bright_ti4":300.73,"frp":1.31,"daynight":"N"},"geometry":{"type":"Point","coordinates":[-116.93348,42.49562]}},{"type":"Feature","properties":{"acq_date":"2026-07-29","acq_time":902,"confidence":"n","satellite":"N","instrument":"VIIRS","version":"2.0NRT","bright_ti4":313.03,"frp":1.31,"daynight":"N"},"geometry":{"type":"Point","coordinates":[-116.93866,42.49583]}},{"type":"Feature","properties":{"acq_date":"2026-07-29","acq_time":902,"confidence":"n","satellite":"N","instrument":"VIIRS","version":"2.0NRT","bright_ti4":307.52,"frp":1.96,"daynight":"N"},"geometry":{"type":"Point","coordinates":[-116.94395,42.49604]}},{"type":"Feature","properties":{"acq_date":"2026-07-29","acq_time":902,"confidence":"n","satellite":"N","instrument":"VIIRS","version":"2.0NRT","bright_ti4":314.94,"frp":2.14,"daynight":"N"},"geometry":{"type":"Point","coordinates":[-116.91694,42.50064]}},{"type":"Feature","properties":{"acq_date":"2026-07-29","acq_time":902,"confidence":"n","satellite":"N","instrument":"VIIRS","version":"2.0NRT","bright_ti4":313.55,"frp":2.12,"daynight":"N"},"geometry":{"type":"Point","coordinates":[-116.92226,42.50086]}},{"type":"Feature","properties":{"acq_date":"2026-07-29","acq_time":902,"confidence":"n","satellite":"N","instrument":"VIIRS","version":"2.0NRT","bright_ti4":310.11,"frp":2.12,"daynight":"N"},"geometry":{"type":"Point","coordinates":[-116.92736,42.50106]}},{"type":"Feature","properties":{"acq_date":"2026-07-29","acq_time":902,"confidence":"n","satellite":"N","instrument":"VIIRS","version":"2.0NRT","bright_ti4":306.27,"frp":1.74,"daynight":"N"},"geometry":{"type":"Point","coordinates":[-116.9325,42.50127]}},{"type":"Feature","properties":{"acq_date":"2026-07-29","acq_time":902,"confidence":"n","satellite":"N","instrument":"VIIRS","version":"2.0NRT","bright_ti4":316.48,"frp":1.74,"daynight":"N"},"geometry":{"type":"Point","coordinates":[-116.93768,42.50148]}},{"type":"Feature","properties":{"acq_date":"2026-07-29","acq_time":902,"confidence":"n","satellite":"N","instrument":"VIIRS","version":"2.0NRT","bright_ti4":309.58,"frp":2.05,"daynight":"N"},"geometry":{"type":"Point","coordinates":[-116.94307,42.5017]}},{"type":"Feature","properties":{"acq_date":"2026-07-29","acq_time":902,"confidence":"n","satellite":"N","instrument":"VIIRS","version":"2.0NRT","bright_ti4":305.31,"frp":2.14,"daynight":"N"},"geometry":{"type":"Point","coordinates":[-116.91644,42.50631]}},{"type":"Feature","properties":{"acq_date":"2026-07-29","acq_time":902,"confidence":"n","satellite":"N","instrument":"VIIRS","version":"2.0NRT","bright_ti4":318.2,"frp":2.12,"daynight":"N"},"geometry":{"type":"Point","coordinates":[-116.92154,42.50652]}},{"type":"Feature","properties":{"acq_date":"2026-07-29","acq_time":902,"confidence":"n","satellite":"N","instrument":"VIIRS","version":"2.0NRT","bright_ti4":311.13,"frp":2.12,"daynight":"N"},"geometry":{"type":"Point","coordinates":[-116.92654,42.50672]}},{"type":"Feature","properties":{"acq_date":"2026-07-29","acq_time":902,"confidence":"n","satellite":"N","instrument":"VIIRS","version":"2.0NRT","bright_ti4":308.84,"frp":1.74,"daynight":"N"},"geometry":{"type":"Point","coordinates":[-116.93157,42.50693]}},{"type":"Feature","properties":{"acq_date":"2026-07-29","acq_time":902,"confidence":"n","satellite":"N","instrument":"VIIRS","version":"2.0NRT","bright_ti4":307.6,"frp":1.74,"daynight":"N"},"geometry":{"type":"Point","coordinates":[-116.93669,42.50714]}},{"type":"Feature","properties":{"acq_date":"2026-07-29","acq_time":902,"confidence":"n","satellite":"N","instrument":"VIIRS","version":"2.0NRT","bright_ti4":305.69,"frp":2.05,"daynight":"N"},"geometry":{"type":"Point","coordinates":[-116.94199,42.50735]}},{"type":"Feature","properties":{"acq_date":"2026-07-29","acq_time":902,"confidence":"n","satellite":"N","instrument":"VIIRS","version":"2.0NRT","bright_ti4":303.47,"frp":0.68,"daynight":"N"},"geometry":{"type":"Point","coordinates":[-116.93604,42.5128]}},{"type":"Feature","properties":{"acq_date":"2026-07-29","acq_time":902,"confidence":"n","satellite":"N","instrument":"VIIRS","version":"2.0NRT","bright_ti4":297.47,"frp":0.83,"daynight":"N"},"geometry":{"type":"Point","coordinates":[-116.94115,42.51301]}},{"type":"Feature","properties":{"acq_date":"2026-07-29","acq_time":902,"confidence":"n","satellite":"N","instrument":"VIIRS","version":"2.0NRT","bright_ti4":298.21,"frp":0.83,"daynight":"N"},"geometry":{"type":"Point","coordinates":[-116.94647,42.51323]}},{"type":"Feature","properties":{"acq_date":"2026-07-29","acq_time":902,"confidence":"n","satellite":"N","instrument":"VIIRS","version":"2.0NRT","bright_ti4":301.71,"frp":1.39,"daynight":"N"},"geometry":{"type":"Point","coordinates":[-116.95244,42.51347]}},{"type":"Feature","properties":{"acq_date":"2026-07-29","acq_time":902,"confidence":"n","satellite":"N","instrument":"VIIRS","version":"2.0NRT","bright_ti4":297.21,"frp":0.68,"daynight":"N"},"geometry":{"type":"Point","coordinates":[-116.93581,42.51849]}},{"type":"Feature","properties":{"acq_date":"2026-07-29","acq_time":902,"confidence":"n","satellite":"N","instrument":"VIIRS","version":"2.0NRT","bright_ti4":309.78,"frp":1.39,"daynight":"N"},"geometry":{"type":"Point","coordinates":[-116.95218,42.51916]}},{"type":"Feature","properties":{"acq_date":"2026-07-29","acq_time":902,"confidence":"n","satellite":"N","instrument":"VIIRS","version":"2.0NRT","bright_ti4":298.31,"frp":0.97,"daynight":"N"},"geometry":{"type":"Point","coordinates":[-116.9352,42.52984]}},{"type":"Feature","properties":{"acq_date":"2026-07-29","acq_time":902,"confidence":"n","satellite":"N","instrument":"VIIRS","version":"2.0NRT","bright_ti4":307.07,"frp":0.86,"daynight":"N"},"geometry":{"type":"Point","coordinates":[-116.91969,42.53488]}},{"type":"Feature","properties":{"acq_date":"2026-07-29","acq_time":902,"confidence":"n","satellite":"N","instrument":"VIIRS","version":"2.0NRT","bright_ti4":297.88,"frp":0.86,"daynight":"N"},"geometry":{"type":"Point","coordinates":[-116.92467,42.53509]}},{"type":"Feature","properties":{"acq_date":"2026-07-29","acq_time":902,"confidence":"n","satellite":"N","instrument":"VIIRS","version":"2.0NRT","bright_ti4":307.43,"frp":1.56,"daynight":"N"},"geometry":{"type":"Point","coordinates":[-116.94025,42.53575]}},{"type":"Feature","properties":{"acq_date":"2026-07-29","acq_time":902,"confidence":"n","satellite":"N","instrument":"VIIRS","version":"2.0NRT","bright_ti4":324.41,"frp":1.56,"daynight":"N"},"geometry":{"type":"Point","coordinates":[-116.94576,42.53598]}},{"type":"Feature","properties":{"acq_date":"2026-07-29","acq_time":902,"confidence":"n","satellite":"N","instrument":"VIIRS","version":"2.0NRT","bright_ti4":300.9,"frp":0.86,"daynight":"N"},"geometry":{"type":"Point","coordinates":[-116.91957,42.54057]}},{"type":"Feature","properties":{"acq_date":"2026-07-29","acq_time":902,"confidence":"n","satellite":"N","instrument":"VIIRS","version":"2.0NRT","bright_ti4":300.94,"frp":1.41,"daynight":"N"},"geometry":{"type":"Point","coordinates":[-116.91946,42.54625]}},{"type":"Feature","properties":{"acq_date":"2026-07-29","acq_time":902,"confidence":"n","satellite":"N","instrument":"VIIRS","version":"2.0NRT","bright_ti4":298.32,"frp":0.78,"daynight":"N"},"geometry":{"type":"Point","coordinates":[-116.91977,42.54795]}},{"type":"Feature","properties":{"acq_date":"2026-07-29","acq_time":902,"confidence":"n","satellite":"N","instrument":"VIIRS","version":"2.0NRT","bright_ti4":326.12,"frp":3.66,"daynight":"N"},"geometry":{"type":"Point","coordinates":[-117.09787,42.5595]}},{"type":"Feature","properties":{"acq_date":"2026-07-29","acq_time":902,"confidence":"n","satellite":"N","instrument":"VIIRS","version":"2.0NRT","bright_ti4":325.54,"frp":4.11,"daynight":"N"},"geometry":{"type":"Point","coordinates":[-117.09847,42.56022]}},{"type":"Feature","properties":{"acq_date":"2026-07-29","acq_time":902,"confidence":"n","satellite":"N","instrument":"VIIRS","version":"2.0NRT","bright_ti4":300.2,"frp":0.88,"daynight":"N"},"geometry":{"type":"Point","coordinates":[-116.91431,42.5648]}},{"type":"Feature","properties":{"acq_date":"2026-07-29","acq_time":902,"confidence":"n","satellite":"N","instrument":"VIIRS","version":"2.0NRT","bright_ti4":302.58,"frp":1.18,"daynight":"N"},"geometry":{"type":"Point","coordinates":[-116.91381,42.56876]}},{"type":"Feature","properties":{"acq_date":"2026-07-29","acq_time":902,"confidence":"n","satellite":"N","instrument":"VIIRS","version":"2.0NRT","bright_ti4":297.73,"frp":1.11,"daynight":"N"},"geometry":{"type":"Point","coordinates":[-116.91917,42.57068]}},{"type":"Feature","properties":{"acq_date":"2026-07-29","acq_time":902,"confidence":"n","satellite":"N","instrument":"VIIRS","version":"2.0NRT","bright_ti4":296.06,"frp":0.79,"daynight":"N"},"geometry":{"type":"Point","coordinates":[-116.86631,42.5743]}},{"type":"Feature","properties":{"acq_date":"2026-07-29","acq_time":902,"confidence":"n","satellite":"N","instrument":"VIIRS","version":"2.0NRT","bright_ti4":298.13,"frp":0.66,"daynight":"N"},"geometry":{"type":"Point","coordinates":[-116.87145,42.5745]}},{"type":"Feature","properties":{"acq_date":"2026-07-29","acq_time":902,"confidence":"n","satellite":"N","instrument":"VIIRS","version":"2.0NRT","bright_ti4":298.14,"frp":0.66,"daynight":"N"},"geometry":{"type":"Point","coordinates":[-116.87659,42.57471]}},{"type":"Feature","properties":{"acq_date":"2026-07-29","acq_time":902,"confidence":"n","satellite":"N","instrument":"VIIRS","version":"2.0NRT","bright_ti4":298.77,"frp":1.08,"daynight":"N"},"geometry":{"type":"Point","coordinates":[-116.88065,42.5919]}},{"type":"Feature","properties":{"acq_date":"2026-07-29","acq_time":902,"confidence":"n","satellite":"N","instrument":"VIIRS","version":"2.0NRT","bright_ti4":300.43,"frp":1.21,"daynight":"N"},"geometry":{"type":"Point","coordinates":[-116.86469,42.59694]}},{"type":"Feature","properties":{"acq_date":"2026-07-29","acq_time":902,"confidence":"n","satellite":"N","instrument":"VIIRS","version":"2.0NRT","bright_ti4":303,"frp":2.29,"daynight":"N"},"geometry":{"type":"Point","coordinates":[-116.86993,42.59715]}},{"type":"Feature","properties":{"acq_date":"2026-07-29","acq_time":902,"confidence":"n","satellite":"N","instrument":"VIIRS","version":"2.0NRT","bright_ti4":296.81,"frp":0.69,"daynight":"N"},"geometry":{"type":"Point","coordinates":[-116.88761,42.62628]}},{"type":"Feature","properties":{"acq_date":"2026-07-29","acq_time":902,"confidence":"n","satellite":"N","instrument":"VIIRS","version":"2.0NRT","bright_ti4":300.21,"frp":0.69,"daynight":"N"},"geometry":{"type":"Point","coordinates":[-116.89301,42.6265]}},{"type":"Feature","properties":{"acq_date":"2026-07-29","acq_time":902,"confidence":"n","satellite":"N","instrument":"VIIRS","version":"2.0NRT","bright_ti4":311.11,"frp":1.46,"daynight":"N"},"geometry":{"type":"Point","coordinates":[-116.85384,42.63622]}},{"type":"Feature","properties":{"acq_date":"2026-07-29","acq_time":902,"confidence":"n","satellite":"N","instrument":"VIIRS","version":"2.0NRT","bright_ti4":297.03,"frp":0.83,"daynight":"N"},"geometry":{"type":"Point","coordinates":[-116.87263,42.75866]}},{"type":"Feature","properties":{"acq_date":"2026-07-29","acq_time":902,"confidence":"n","satellite":"N","instrument":"VIIRS","version":"2.0NRT","bright_ti4":308.36,"frp":1.33,"daynight":"N"},"geometry":{"type":"Point","coordinates":[-116.89091,42.75944]}},{"type":"Feature","properties":{"acq_date":"2026-07-29","acq_time":902,"confidence":"n","satellite":"N","instrument":"VIIRS","version":"2.0NRT","bright_ti4":297.97,"frp":0.86,"daynight":"N"},"geometry":{"type":"Point","coordinates":[-116.87049,42.7604]}},{"type":"Feature","properties":{"acq_date":"2026-07-29","acq_time":902,"confidence":"n","satellite":"N","instrument":"VIIRS","version":"2.0NRT","bright_ti4":303.71,"frp":0.86,"daynight":"N"},"geometry":{"type":"Point","coordinates":[-116.87496,42.76057]}},{"type":"Feature","properties":{"acq_date":"2026-07-29","acq_time":902,"confidence":"n","satellite":"N","instrument":"VIIRS","version":"2.0NRT","bright_ti4":302.37,"frp":1.05,"daynight":"N"},"geometry":{"type":"Point","coordinates":[-116.8887,42.76109]}},{"type":"Feature","properties":{"acq_date":"2026-07-29","acq_time":902,"confidence":"n","satellite":"N","instrument":"VIIRS","version":"2.0NRT","bright_ti4":303.25,"frp":1.05,"daynight":"N"},"geometry":{"type":"Point","coordinates":[-116.89313,42.76126]}},{"type":"Feature","properties":{"acq_date":"2026-07-29","acq_time":902,"confidence":"n","satellite":"N","instrument":"VIIRS","version":"2.0NRT","bright_ti4":312.89,"frp":2.1,"daynight":"N"},"geometry":{"type":"Point","coordinates":[-116.87294,42.76436]}},{"type":"Feature","properties":{"acq_date":"2026-07-29","acq_time":902,"confidence":"n","satellite":"N","instrument":"VIIRS","version":"2.0NRT","bright_ti4":327.73,"frp":1.75,"daynight":"N"},"geometry":{"type":"Point","coordinates":[-116.87738,42.76455]}},{"type":"Feature","properties":{"acq_date":"2026-07-29","acq_time":902,"confidence":"n","satellite":"N","instrument":"VIIRS","version":"2.0NRT","bright_ti4":304.68,"frp":1.75,"daynight":"N"},"geometry":{"type":"Point","coordinates":[-116.882,42.76475]}},{"type":"Feature","properties":{"acq_date":"2026-07-29","acq_time":902,"confidence":"n","satellite":"N","instrument":"VIIRS","version":"2.0NRT","bright_ti4":323.04,"frp":7.97,"daynight":"N"},"geometry":{"type":"Point","coordinates":[-116.90407,42.7657]}},{"type":"Feature","properties":{"acq_date":"2026-07-29","acq_time":902,"confidence":"n","satellite":"N","instrument":"VIIRS","version":"2.0NRT","bright_ti4":347.52,"frp":7.97,"daynight":"N"},"geometry":{"type":"Point","coordinates":[-116.90851,42.76589]}},{"type":"Feature","properties":{"acq_date":"2026-07-29","acq_time":902,"confidence":"n","satellite":"N","instrument":"VIIRS","version":"2.0NRT","bright_ti4":306.31,"frp":1.48,"daynight":"N"},"geometry":{"type":"Point","coordinates":[-116.87068,42.76609]}},{"type":"Feature","properties":{"acq_date":"2026-07-29","acq_time":902,"confidence":"n","satellite":"N","instrument":"VIIRS","version":"2.0NRT","bright_ti4":308.79,"frp":1.48,"daynight":"N"},"geometry":{"type":"Point","coordinates":[-116.87524,42.76626]}},{"type":"Feature","properties":{"acq_date":"2026-07-29","acq_time":902,"confidence":"n","satellite":"N","instrument":"VIIRS","version":"2.0NRT","bright_ti4":325.4,"frp":2.28,"daynight":"N"},"geometry":{"type":"Point","coordinates":[-116.87977,42.76644]}},{"type":"Feature","properties":{"acq_date":"2026-07-29","acq_time":902,"confidence":"n","satellite":"N","instrument":"VIIRS","version":"2.0NRT","bright_ti4":325.87,"frp":5.4,"daynight":"N"},"geometry":{"type":"Point","coordinates":[-116.90223,42.76729]}},{"type":"Feature","properties":{"acq_date":"2026-07-29","acq_time":902,"confidence":"h","satellite":"N","instrument":"VIIRS","version":"2.0NRT","bright_ti4":367,"frp":8.08,"daynight":"N"},"geometry":{"type":"Point","coordinates":[-116.90659,42.76746]}},{"type":"Feature","properties":{"acq_date":"2026-07-29","acq_time":902,"confidence":"n","satellite":"N","instrument":"VIIRS","version":"2.0NRT","bright_ti4":323.2,"frp":8.08,"daynight":"N"},"geometry":{"type":"Point","coordinates":[-116.91119,42.76762]}},{"type":"Feature","properties":{"acq_date":"2026-07-29","acq_time":902,"confidence":"n","satellite":"N","instrument":"VIIRS","version":"2.0NRT","bright_ti4":297.89,"frp":0.9,"daynight":"N"},"geometry":{"type":"Point","coordinates":[-116.80299,42.76918]}},{"type":"Feature","properties":{"acq_date":"2026-07-29","acq_time":902,"confidence":"n","satellite":"N","instrument":"VIIRS","version":"2.0NRT","bright_ti4":300.39,"frp":1.75,"daynight":"N"},"geometry":{"type":"Point","coordinates":[-116.88242,42.77045]}},{"type":"Feature","properties":{"acq_date":"2026-07-29","acq_time":902,"confidence":"n","satellite":"N","instrument":"VIIRS","version":"2.0NRT","bright_ti4":305.34,"frp":5.71,"daynight":"N"},"geometry":{"type":"Point","coordinates":[-116.90068,42.77124]}},{"type":"Feature","properties":{"acq_date":"2026-07-29","acq_time":902,"confidence":"h","satellite":"N","instrument":"VIIRS","version":"2.0NRT","bright_ti4":367,"frp":7.97,"daynight":"N"},"geometry":{"type":"Point","coordinates":[-116.90508,42.77143]}},{"type":"Feature","properties":{"acq_date":"2026-07-29","acq_time":902,"confidence":"h","satellite":"N","instrument":"VIIRS","version":"2.0NRT","bright_ti4":367,"frp":7.97,"daynight":"N"},"geometry":{"type":"Point","coordinates":[-116.90955,42.77163]}},{"type":"Feature","properties":{"acq_date":"2026-07-29","acq_time":902,"confidence":"n","satellite":"N","instrument":"VIIRS","version":"2.0NRT","bright_ti4":305.57,"frp":1.22,"daynight":"N"},"geometry":{"type":"Point","coordinates":[-116.78435,42.77183]}},{"type":"Feature","properties":{"acq_date":"2026-07-29","acq_time":902,"confidence":"n","satellite":"N","instrument":"VIIRS","version":"2.0NRT","bright_ti4":298.34,"frp":2.28,"daynight":"N"},"geometry":{"type":"Point","coordinates":[-116.88482,42.77232]}},{"type":"Feature","properties":{"acq_date":"2026-07-29","acq_time":902,"confidence":"n","satellite":"N","instrument":"VIIRS","version":"2.0NRT","bright_ti4":331.9,"frp":5.38,"daynight":"N"},"geometry":{"type":"Point","coordinates":[-116.79608,42.77235]}},{"type":"Feature","properties":{"acq_date":"2026-07-29","acq_time":902,"confidence":"n","satellite":"N","instrument":"VIIRS","version":"2.0NRT","bright_ti4":343.26,"frp":5.38,"daynight":"N"},"geometry":{"type":"Point","coordinates":[-116.80099,42.77256]}},{"type":"Feature","properties":{"acq_date":"2026-07-29","acq_time":902,"confidence":"n","satellite":"N","instrument":"VIIRS","version":"2.0NRT","bright_ti4":309.67,"frp":4.27,"daynight":"N"},"geometry":{"type":"Point","coordinates":[-116.80567,42.77277]}},{"type":"Feature","properties":{"acq_date":"2026-07-29","acq_time":902,"confidence":"n","satellite":"N","instrument":"VIIRS","version":"2.0NRT","bright_ti4":323.51,"frp":5.4,"daynight":"N"},"geometry":{"type":"Point","coordinates":[-116.90318,42.77301]}},{"type":"Feature","properties":{"acq_date":"2026-07-29","acq_time":902,"confidence":"n","satellite":"N","instrument":"VIIRS","version":"2.0NRT","bright_ti4":332.65,"frp":8.08,"daynight":"N"},"geometry":{"type":"Point","coordinates":[-116.90762,42.77318]}},{"type":"Feature","properties":{"acq_date":"2026-07-29","acq_time":902,"confidence":"n","satellite":"N","instrument":"VIIRS","version":"2.0NRT","bright_ti4":303.81,"frp":8.08,"daynight":"N"},"geometry":{"type":"Point","coordinates":[-116.91231,42.77336]}},{"type":"Feature","properties":{"acq_date":"2026-07-29","acq_time":902,"confidence":"n","satellite":"N","instrument":"VIIRS","version":"2.0NRT","bright_ti4":305.32,"frp":0.71,"daynight":"N"},"geometry":{"type":"Point","coordinates":[-116.78175,42.77401]}},{"type":"Feature","properties":{"acq_date":"2026-07-29","acq_time":902,"confidence":"n","satellite":"N","instrument":"VIIRS","version":"2.0NRT","bright_ti4":299.31,"frp":2.18,"daynight":"N"},"geometry":{"type":"Point","coordinates":[-116.78709,42.77423]}},{"type":"Feature","properties":{"acq_date":"2026-07-29","acq_time":902,"confidence":"n","satellite":"N","instrument":"VIIRS","version":"2.0NRT","bright_ti4":309.17,"frp":2.18,"daynight":"N"},"geometry":{"type":"Point","coordinates":[-116.79316,42.77446]}},{"type":"Feature","properties":{"acq_date":"2026-07-29","acq_time":902,"confidence":"h","satellite":"N","instrument":"VIIRS","version":"2.0NRT","bright_ti4":367,"frp":6.23,"daynight":"N"},"geometry":{"type":"Point","coordinates":[-116.79864,42.77467]}},{"type":"Feature","properties":{"acq_date":"2026-07-29","acq_time":902,"confidence":"n","satellite":"N","instrument":"VIIRS","version":"2.0NRT","bright_ti4":343.64,"frp":6.23,"daynight":"N"},"geometry":{"type":"Point","coordinates":[-116.80334,42.77486]}},{"type":"Feature","properties":{"acq_date":"2026-07-29","acq_time":902,"confidence":"n","satellite":"N","instrument":"VIIRS","version":"2.0NRT","bright_ti4":301.7,"frp":1.22,"daynight":"N"},"geometry":{"type":"Point","coordinates":[-116.78457,42.7775]}},{"type":"Feature","properties":{"acq_date":"2026-07-29","acq_time":902,"confidence":"n","satellite":"N","instrument":"VIIRS","version":"2.0NRT","bright_ti4":301.82,"frp":1.22,"daynight":"N"},"geometry":{"type":"Point","coordinates":[-116.79021,42.77775]}},{"type":"Feature","properties":{"acq_date":"2026-07-29","acq_time":902,"confidence":"n","satellite":"N","instrument":"VIIRS","version":"2.0NRT","bright_ti4":326.82,"frp":5.38,"daynight":"N"},"geometry":{"type":"Point","coordinates":[-116.79611,42.77802]}},{"type":"Feature","properties":{"acq_date":"2026-07-29","acq_time":902,"confidence":"n","satellite":"N","instrument":"VIIRS","version":"2.0NRT","bright_ti4":352.37,"frp":5.38,"daynight":"N"},"geometry":{"type":"Point","coordinates":[-116.80129,42.77825]}},{"type":"Feature","properties":{"acq_date":"2026-07-29","acq_time":902,"confidence":"n","satellite":"N","instrument":"VIIRS","version":"2.0NRT","bright_ti4":330.55,"frp":4.27,"daynight":"N"},"geometry":{"type":"Point","coordinates":[-116.80621,42.77846]}},{"type":"Feature","properties":{"acq_date":"2026-07-29","acq_time":902,"confidence":"n","satellite":"N","instrument":"VIIRS","version":"2.0NRT","bright_ti4":305.97,"frp":4.27,"daynight":"N"},"geometry":{"type":"Point","coordinates":[-116.81113,42.77868]}},{"type":"Feature","properties":{"acq_date":"2026-07-29","acq_time":902,"confidence":"n","satellite":"N","instrument":"VIIRS","version":"2.0NRT","bright_ti4":298.71,"frp":0.71,"daynight":"N"},"geometry":{"type":"Point","coordinates":[-116.78214,42.77969]}},{"type":"Feature","properties":{"acq_date":"2026-07-29","acq_time":902,"confidence":"n","satellite":"N","instrument":"VIIRS","version":"2.0NRT","bright_ti4":300.47,"frp":2.18,"daynight":"N"},"geometry":{"type":"Point","coordinates":[-116.79301,42.78012]}},{"type":"Feature","properties":{"acq_date":"2026-07-29","acq_time":902,"confidence":"n","satellite":"N","instrument":"VIIRS","version":"2.0NRT","bright_ti4":334.11,"frp":6.23,"daynight":"N"},"geometry":{"type":"Point","coordinates":[-116.79867,42.78034]}},{"type":"Feature","properties":{"acq_date":"2026-07-29","acq_time":902,"confidence":"n","satellite":"N","instrument":"VIIRS","version":"2.0NRT","bright_ti4":338.56,"frp":6.23,"daynight":"N"},"geometry":{"type":"Point","coordinates":[-116.80382,42.78054]}},{"type":"Feature","properties":{"acq_date":"2026-07-29","acq_time":902,"confidence":"n","satellite":"N","instrument":"VIIRS","version":"2.0NRT","bright_ti4":330.97,"frp":5.5,"daynight":"N"},"geometry":{"type":"Point","coordinates":[-116.80868,42.78073]}},{"type":"Feature","properties":{"acq_date":"2026-07-29","acq_time":902,"confidence":"n","satellite":"N","instrument":"VIIRS","version":"2.0NRT","bright_ti4":308.43,"frp":5.5,"daynight":"N"},"geometry":{"type":"Point","coordinates":[-116.81368,42.78093]}},{"type":"Feature","properties":{"acq_date":"2026-07-29","acq_time":902,"confidence":"n","satellite":"N","instrument":"VIIRS","version":"2.0NRT","bright_ti4":297.75,"frp":1.4,"daynight":"N"},"geometry":{"type":"Point","coordinates":[-116.81917,42.78114]}},{"type":"Feature","properties":{"acq_date":"2026-07-29","acq_time":902,"confidence":"n","satellite":"N","instrument":"VIIRS","version":"2.0NRT","bright_ti4":307.09,"frp":2.26,"daynight":"N"},"geometry":{"type":"Point","coordinates":[-116.79841,42.78599]}},{"type":"Feature","properties":{"acq_date":"2026-07-29","acq_time":902,"confidence":"n","satellite":"N","instrument":"VIIRS","version":"2.0NRT","bright_ti4":323.93,"frp":2.26,"daynight":"N"},"geometry":{"type":"Point","coordinates":[-116.80409,42.78621]}},{"type":"Feature","properties":{"acq_date":"2026-07-29","acq_time":902,"confidence":"n","satellite":"N","instrument":"VIIRS","version":"2.0NRT","bright_ti4":337.53,"frp":3.55,"daynight":"N"},"geometry":{"type":"Point","coordinates":[-116.80895,42.78641]}},{"type":"Feature","properties":{"acq_date":"2026-07-29","acq_time":902,"confidence":"n","satellite":"N","instrument":"VIIRS","version":"2.0NRT","bright_ti4":312.15,"frp":3.55,"daynight":"N"},"geometry":{"type":"Point","coordinates":[-116.81394,42.78661]}},{"type":"Feature","properties":{"acq_date":"2026-07-29","acq_time":902,"confidence":"n","satellite":"N","instrument":"VIIRS","version":"2.0NRT","bright_ti4":305.76,"frp":1.62,"daynight":"N"},"geometry":{"type":"Point","coordinates":[-116.81946,42.78682]}},{"type":"Feature","properties":{"acq_date":"2026-07-29","acq_time":902,"confidence":"n","satellite":"N","instrument":"VIIRS","version":"2.0NRT","bright_ti4":308.47,"frp":1.62,"daynight":"N"},"geometry":{"type":"Point","coordinates":[-116.82465,42.78703]}},{"type":"Feature","properties":{"acq_date":"2026-07-29","acq_time":902,"confidence":"n","satellite":"N","instrument":"VIIRS","version":"2.0NRT","bright_ti4":299.37,"frp":1.7,"daynight":"N"},"geometry":{"type":"Point","coordinates":[-116.82955,42.78722]}},{"type":"Feature","properties":{"acq_date":"2026-07-29","acq_time":902,"confidence":"n","satellite":"N","instrument":"VIIRS","version":"2.0NRT","bright_ti4":311.41,"frp":2.26,"daynight":"N"},"geometry":{"type":"Point","coordinates":[-116.8035,42.79186]}},{"type":"Feature","properties":{"acq_date":"2026-07-29","acq_time":902,"confidence":"n","satellite":"N","instrument":"VIIRS","version":"2.0NRT","bright_ti4":325.12,"frp":3.55,"daynight":"N"},"geometry":{"type":"Point","coordinates":[-116.80886,42.79207]}},{"type":"Feature","properties":{"acq_date":"2026-07-29","acq_time":902,"confidence":"n","satellite":"N","instrument":"VIIRS","version":"2.0NRT","bright_ti4":324.15,"frp":3.55,"daynight":"N"},"geometry":{"type":"Point","coordinates":[-116.81424,42.79228]}},{"type":"Feature","properties":{"acq_date":"2026-07-29","acq_time":902,"confidence":"n","satellite":"N","instrument":"VIIRS","version":"2.0NRT","bright_ti4":298.71,"frp":1.62,"daynight":"N"},"geometry":{"type":"Point","coordinates":[-116.81958,42.7925]}},{"type":"Feature","properties":{"acq_date":"2026-07-29","acq_time":902,"confidence":"n","satellite":"N","instrument":"VIIRS","version":"2.0NRT","bright_ti4":315.19,"frp":1.62,"daynight":"N"},"geometry":{"type":"Point","coordinates":[-116.82442,42.79269]}},{"type":"Feature","properties":{"acq_date":"2026-07-29","acq_time":902,"confidence":"n","satellite":"N","instrument":"VIIRS","version":"2.0NRT","bright_ti4":303.19,"frp":1.7,"daynight":"N"},"geometry":{"type":"Point","coordinates":[-116.8291,42.79287]}},{"type":"Feature","properties":{"acq_date":"2026-07-29","acq_time":902,"confidence":"n","satellite":"N","instrument":"VIIRS","version":"2.0NRT","bright_ti4":304.62,"frp":1.56,"daynight":"N"},"geometry":{"type":"Point","coordinates":[-116.80872,42.79773]}},{"type":"Feature","properties":{"acq_date":"2026-07-29","acq_time":902,"confidence":"n","satellite":"N","instrument":"VIIRS","version":"2.0NRT","bright_ti4":320.57,"frp":1.56,"daynight":"N"},"geometry":{"type":"Point","coordinates":[-116.81443,42.79796]}},{"type":"Feature","properties":{"acq_date":"2026-07-29","acq_time":902,"confidence":"n","satellite":"N","instrument":"VIIRS","version":"2.0NRT","bright_ti4":330.28,"frp":2.33,"daynight":"N"},"geometry":{"type":"Point","coordinates":[-116.81947,42.79816]}},{"type":"Feature","properties":{"acq_date":"2026-07-29","acq_time":902,"confidence":"n","satellite":"N","instrument":"VIIRS","version":"2.0NRT","bright_ti4":309.17,"frp":2.33,"daynight":"N"},"geometry":{"type":"Point","coordinates":[-116.8241,42.79835]}},{"type":"Feature","properties":{"acq_date":"2026-07-29","acq_time":902,"confidence":"n","satellite":"N","instrument":"VIIRS","version":"2.0NRT","bright_ti4":305.21,"frp":1.56,"daynight":"N"},"geometry":{"type":"Point","coordinates":[-116.81432,42.80362]}},{"type":"Feature","properties":{"acq_date":"2026-07-29","acq_time":902,"confidence":"n","satellite":"N","instrument":"VIIRS","version":"2.0NRT","bright_ti4":299.6,"frp":2.33,"daynight":"N"},"geometry":{"type":"Point","coordinates":[-116.81905,42.80382]}},{"type":"Feature","properties":{"acq_date":"2026-07-29","acq_time":902,"confidence":"n","satellite":"N","instrument":"VIIRS","version":"2.0NRT","bright_ti4":300.15,"frp":1.12,"daynight":"N"},"geometry":{"type":"Point","coordinates":[-116.81368,42.81494]}},{"type":"Feature","properties":{"acq_date":"2026-07-29","acq_time":902,"confidence":"n","satellite":"N","instrument":"VIIRS","version":"2.0NRT","bright_ti4":300.24,"frp":2.19,"daynight":"N"},"geometry":{"type":"Point","coordinates":[-118.5013,42.95666]}},{"type":"Feature","properties":{"acq_date":"2026-07-29","acq_time":902,"confidence":"n","satellite":"N","instrument":"VIIRS","version":"2.0NRT","bright_ti4":298.76,"frp":1.26,"daynight":"N"},"geometry":{"type":"Point","coordinates":[-118.51538,42.96317]}},{"type":"Feature","properties":{"acq_date":"2026-07-29","acq_time":902,"confidence":"n","satellite":"N","instrument":"VIIRS","version":"2.0NRT","bright_ti4":296.27,"frp":0.86,"daynight":"N"},"geometry":{"type":"Point","coordinates":[-118.51602,42.96933]}},{"type":"Feature","properties":{"acq_date":"2026-07-29","acq_time":902,"confidence":"n","satellite":"N","instrument":"VIIRS","version":"2.0NRT","bright_ti4":299.8,"frp":0.86,"daynight":"N"},"geometry":{"type":"Point","coordinates":[-118.52245,42.96949]}},{"type":"Feature","properties":{"acq_date":"2026-07-29","acq_time":902,"confidence":"n","satellite":"N","instrument":"VIIRS","version":"2.0NRT","bright_ti4":301.34,"frp":0.86,"daynight":"N"},"geometry":{"type":"Point","coordinates":[-118.51654,42.97551]}},{"type":"Feature","properties":{"acq_date":"2026-07-29","acq_time":902,"confidence":"n","satellite":"N","instrument":"VIIRS","version":"2.0NRT","bright_ti4":298.45,"frp":0.86,"daynight":"N"},"geometry":{"type":"Point","coordinates":[-118.52299,42.97567]}},{"type":"Feature","properties":{"acq_date":"2026-07-29","acq_time":902,"confidence":"n","satellite":"N","instrument":"VIIRS","version":"2.0NRT","bright_ti4":303.83,"frp":0.91,"daynight":"N"},"geometry":{"type":"Point","coordinates":[-118.51694,42.98167]}},{"type":"Feature","properties":{"acq_date":"2026-07-29","acq_time":902,"confidence":"n","satellite":"N","instrument":"VIIRS","version":"2.0NRT","bright_ti4":296.56,"frp":0.91,"daynight":"N"},"geometry":{"type":"Point","coordinates":[-118.52355,42.98184]}},{"type":"Feature","properties":{"acq_date":"2026-07-29","acq_time":902,"confidence":"n","satellite":"N","instrument":"VIIRS","version":"2.0NRT","bright_ti4":299.36,"frp":0.91,"daynight":"N"},"geometry":{"type":"Point","coordinates":[-118.52402,42.98802]}},{"type":"Feature","properties":{"acq_date":"2026-07-29","acq_time":902,"confidence":"n","satellite":"N","instrument":"VIIRS","version":"2.0NRT","bright_ti4":308.56,"frp":2.45,"daynight":"N"},"geometry":{"type":"Point","coordinates":[-118.5164,43.02354]}},{"type":"Feature","properties":{"acq_date":"2026-07-29","acq_time":902,"confidence":"n","satellite":"N","instrument":"VIIRS","version":"2.0NRT","bright_ti4":314.74,"frp":3.25,"daynight":"N"},"geometry":{"type":"Point","coordinates":[-118.52335,43.0237]}},{"type":"Feature","properties":{"acq_date":"2026-07-29","acq_time":902,"confidence":"n","satellite":"N","instrument":"VIIRS","version":"2.0NRT","bright_ti4":329.95,"frp":3.25,"daynight":"N"},"geometry":{"type":"Point","coordinates":[-118.53052,43.02386]}},{"type":"Feature","properties":{"acq_date":"2026-07-29","acq_time":902,"confidence":"n","satellite":"N","instrument":"VIIRS","version":"2.0NRT","bright_ti4":308.43,"frp":5.85,"daynight":"N"},"geometry":{"type":"Point","coordinates":[-118.53728,43.02401]}},{"type":"Feature","properties":{"acq_date":"2026-07-29","acq_time":902,"confidence":"n","satellite":"N","instrument":"VIIRS","version":"2.0NRT","bright_ti4":301.87,"frp":2.5,"daynight":"N"},"geometry":{"type":"Point","coordinates":[-118.51471,43.02473]}},{"type":"Feature","properties":{"acq_date":"2026-07-29","acq_time":902,"confidence":"n","satellite":"N","instrument":"VIIRS","version":"2.0NRT","bright_ti4":320.03,"frp":2.5,"daynight":"N"},"geometry":{"type":"Point","coordinates":[-118.52143,43.02491]}},{"type":"Feature","properties":{"acq_date":"2026-07-29","acq_time":902,"confidence":"n","satellite":"N","instrument":"VIIRS","version":"2.0NRT","bright_ti4":330.82,"frp":5.6,"daynight":"N"},"geometry":{"type":"Point","coordinates":[-118.52863,43.02511]}},{"type":"Feature","properties":{"acq_date":"2026-07-29","acq_time":902,"confidence":"n","satellite":"N","instrument":"VIIRS","version":"2.0NRT","bright_ti4":327.71,"frp":5.6,"daynight":"N"},"geometry":{"type":"Point","coordinates":[-118.53546,43.0253]}},{"type":"Feature","properties":{"acq_date":"2026-07-29","acq_time":902,"confidence":"n","satellite":"N","instrument":"VIIRS","version":"2.0NRT","bright_ti4":322.01,"frp":3.25,"daynight":"N"},"geometry":{"type":"Point","coordinates":[-118.52475,43.02989]}},{"type":"Feature","properties":{"acq_date":"2026-07-29","acq_time":902,"confidence":"n","satellite":"N","instrument":"VIIRS","version":"2.0NRT","bright_ti4":315.87,"frp":3.25,"daynight":"N"},"geometry":{"type":"Point","coordinates":[-118.53172,43.03004]}},{"type":"Feature","properties":{"acq_date":"2026-07-29","acq_time":902,"confidence":"n","satellite":"N","instrument":"VIIRS","version":"2.0NRT","bright_ti4":301.85,"frp":1.59,"daynight":"N"},"geometry":{"type":"Point","coordinates":[-118.5229,43.03111]}},{"type":"Feature","properties":{"acq_date":"2026-07-29","acq_time":902,"confidence":"n","satellite":"N","instrument":"VIIRS","version":"2.0NRT","bright_ti4":310.3,"frp":2.19,"daynight":"N"},"geometry":{"type":"Point","coordinates":[-118.52969,43.0313]}},{"type":"Feature","properties":{"acq_date":"2026-07-29","acq_time":902,"confidence":"n","satellite":"N","instrument":"VIIRS","version":"2.0NRT","bright_ti4":297.64,"frp":1.97,"daynight":"N"},"geometry":{"type":"Point","coordinates":[-118.4375,43.04631]}},{"type":"Feature","properties":{"acq_date":"2026-07-29","acq_time":902,"confidence":"n","satellite":"N","instrument":"VIIRS","version":"2.0NRT","bright_ti4":296.32,"frp":0.96,"daynight":"N"},"geometry":{"type":"Point","coordinates":[-118.43548,43.04705]}},{"type":"Feature","properties":{"acq_date":"2026-07-29","acq_time":902,"confidence":"n","satellite":"N","instrument":"VIIRS","version":"2.0NRT","bright_ti4":299.58,"frp":0.96,"daynight":"N"},"geometry":{"type":"Point","coordinates":[-118.44215,43.04725]}},{"type":"Feature","properties":{"acq_date":"2026-07-29","acq_time":902,"confidence":"n","satellite":"N","instrument":"VIIRS","version":"2.0NRT","bright_ti4":316.4,"frp":1.97,"daynight":"N"},"geometry":{"type":"Point","coordinates":[-118.43607,43.05241]}},{"type":"Feature","properties":{"acq_date":"2026-07-29","acq_time":902,"confidence":"n","satellite":"N","instrument":"VIIRS","version":"2.0NRT","bright_ti4":318.42,"frp":5.28,"daynight":"N"},"geometry":{"type":"Point","coordinates":[-118.44396,43.0526]}},{"type":"Feature","properties":{"acq_date":"2026-07-29","acq_time":902,"confidence":"n","satellite":"N","instrument":"VIIRS","version":"2.0NRT","bright_ti4":299.01,"frp":1.82,"daynight":"N"},"geometry":{"type":"Point","coordinates":[-118.43446,43.05851]}},{"type":"Feature","properties":{"acq_date":"2026-07-29","acq_time":902,"confidence":"n","satellite":"N","instrument":"VIIRS","version":"2.0NRT","bright_ti4":313.71,"frp":2.11,"daynight":"N"},"geometry":{"type":"Point","coordinates":[-118.44275,43.05871]}},{"type":"Feature","properties":{"acq_date":"2026-07-29","acq_time":902,"confidence":"n","satellite":"N","instrument":"VIIRS","version":"2.0NRT","bright_ti4":315.27,"frp":2.11,"daynight":"N"},"geometry":{"type":"Point","coordinates":[-118.45056,43.05891]}},{"type":"Feature","properties":{"acq_date":"2026-07-29","acq_time":902,"confidence":"n","satellite":"N","instrument":"VIIRS","version":"2.0NRT","bright_ti4":314.23,"frp":2.58,"daynight":"N"},"geometry":{"type":"Point","coordinates":[-118.45749,43.05907]}},{"type":"Feature","properties":{"acq_date":"2026-07-29","acq_time":902,"confidence":"n","satellite":"N","instrument":"VIIRS","version":"2.0NRT","bright_ti4":310,"frp":2.11,"daynight":"N"},"geometry":{"type":"Point","coordinates":[-118.44157,43.06482]}},{"type":"Feature","properties":{"acq_date":"2026-07-29","acq_time":902,"confidence":"n","satellite":"N","instrument":"VIIRS","version":"2.0NRT","bright_ti4":306.86,"frp":2.11,"daynight":"N"},"geometry":{"type":"Point","coordinates":[-118.44954,43.06502]}},{"type":"Feature","properties":{"acq_date":"2026-07-29","acq_time":902,"confidence":"n","satellite":"N","instrument":"VIIRS","version":"2.0NRT","bright_ti4":318.68,"frp":2.58,"daynight":"N"},"geometry":{"type":"Point","coordinates":[-118.4577,43.06522]}},{"type":"Feature","properties":{"acq_date":"2026-07-29","acq_time":902,"confidence":"n","satellite":"N","instrument":"VIIRS","version":"2.0NRT","bright_ti4":300.25,"frp":2.58,"daynight":"N"},"geometry":{"type":"Point","coordinates":[-118.4649,43.0654]}},{"type":"Feature","properties":{"acq_date":"2026-07-29","acq_time":902,"confidence":"n","satellite":"N","instrument":"VIIRS","version":"2.0NRT","bright_ti4":342.04,"frp":7.4,"daynight":"N"},"geometry":{"type":"Point","coordinates":[-118.44833,43.07113]}},{"type":"Feature","properties":{"acq_date":"2026-07-29","acq_time":902,"confidence":"n","satellite":"N","instrument":"VIIRS","version":"2.0NRT","bright_ti4":314.4,"frp":4.06,"daynight":"N"},"geometry":{"type":"Point","coordinates":[-118.45642,43.07134]}},{"type":"Feature","properties":{"acq_date":"2026-07-29","acq_time":902,"confidence":"n","satellite":"N","instrument":"VIIRS","version":"2.0NRT","bright_ti4":308.63,"frp":4.06,"daynight":"N"},"geometry":{"type":"Point","coordinates":[-118.46494,43.07155]}},{"type":"Feature","properties":{"acq_date":"2026-07-29","acq_time":902,"confidence":"n","satellite":"N","instrument":"VIIRS","version":"2.0NRT","bright_ti4":298.75,"frp":1.32,"daynight":"N"},"geometry":{"type":"Point","coordinates":[-118.47172,43.07172]}},{"type":"Feature","properties":{"acq_date":"2026-07-29","acq_time":902,"confidence":"n","satellite":"N","instrument":"VIIRS","version":"2.0NRT","bright_ti4":299.77,"frp":7.4,"daynight":"N"},"geometry":{"type":"Point","coordinates":[-118.44336,43.07714]}},{"type":"Feature","properties":{"acq_date":"2026-07-29","acq_time":902,"confidence":"h","satellite":"N","instrument":"VIIRS","version":"2.0NRT","bright_ti4":367,"frp":7.4,"daynight":"N"},"geometry":{"type":"Point","coordinates":[-118.44968,43.0773]}},{"type":"Feature","properties":{"acq_date":"2026-07-29","acq_time":902,"confidence":"n","satellite":"N","instrument":"VIIRS","version":"2.0NRT","bright_ti4":298.36,"frp":4.06,"daynight":"N"},"geometry":{"type":"Point","coordinates":[-118.45611,43.07747]}},{"type":"Feature","properties":{"acq_date":"2026-07-29","acq_time":902,"confidence":"n","satellite":"N","instrument":"VIIRS","version":"2.0NRT","bright_ti4":295.44,"frp":4.06,"daynight":"N"},"geometry":{"type":"Point","coordinates":[-118.4629,43.07764]}},{"type":"Feature","properties":{"acq_date":"2026-07-29","acq_time":902,"confidence":"n","satellite":"N","instrument":"VIIRS","version":"2.0NRT","bright_ti4":303.87,"frp":1.32,"daynight":"N"},"geometry":{"type":"Point","coordinates":[-118.47025,43.07783]}},{"type":"Feature","properties":{"acq_date":"2026-07-29","acq_time":902,"confidence":"n","satellite":"N","instrument":"VIIRS","version":"2.0NRT","bright_ti4":300.58,"frp":1.32,"daynight":"N"},"geometry":{"type":"Point","coordinates":[-118.4783,43.07803]}},{"type":"Feature","properties":{"acq_date":"2026-07-29","acq_time":902,"confidence":"n","satellite":"N","instrument":"VIIRS","version":"2.0NRT","bright_ti4":298.01,"frp":1.64,"daynight":"N"},"geometry":{"type":"Point","coordinates":[-118.48544,43.07822]}},{"type":"Feature","properties":{"acq_date":"2026-07-29","acq_time":902,"confidence":"n","satellite":"N","instrument":"VIIRS","version":"2.0NRT","bright_ti4":303.38,"frp":1.14,"daynight":"N"},"geometry":{"type":"Point","coordinates":[-118.46838,43.08393]}},{"type":"Feature","properties":{"acq_date":"2026-07-29","acq_time":905,"confidence":"n","satellite":"N","instrument":"VIIRS","version":"2.0NRT","bright_ti4":310.77,"frp":1.43,"daynight":"N"},"geometry":{"type":"Point","coordinates":[-113.31508,35.51826]}},{"type":"Feature","properties":{"acq_date":"2026-07-29","acq_time":905,"confidence":"n","satellite":"N","instrument":"VIIRS","version":"2.0NRT","bright_ti4":319.5,"frp":3.97,"daynight":"N"},"geometry":{"type":"Point","coordinates":[-114.90971,36.35732]}},{"type":"Feature","properties":{"acq_date":"2026-07-29","acq_time":905,"confidence":"n","satellite":"N","instrument":"VIIRS","version":"2.0NRT","bright_ti4":316.86,"frp":2.35,"daynight":"N"},"geometry":{"type":"Point","coordinates":[-114.90894,36.35844]}},{"type":"Feature","properties":{"acq_date":"2026-07-29","acq_time":905,"confidence":"n","satellite":"N","instrument":"VIIRS","version":"2.0NRT","bright_ti4":304.74,"frp":1.03,"daynight":"N"},"geometry":{"type":"Point","coordinates":[-116.16135,37.26802]}},{"type":"Feature","properties":{"acq_date":"2026-07-29","acq_time":905,"confidence":"n","satellite":"N","instrument":"VIIRS","version":"2.0NRT","bright_ti4":322.67,"frp":1.45,"daynight":"N"},"geometry":{"type":"Point","coordinates":[-116.13861,37.2717]}},{"type":"Feature","properties":{"acq_date":"2026-07-29","acq_time":905,"confidence":"n","satellite":"N","instrument":"VIIRS","version":"2.0NRT","bright_ti4":319.9,"frp":1.2,"daynight":"N"},"geometry":{"type":"Point","coordinates":[-116.13705,37.27189]}},{"type":"Feature","properties":{"acq_date":"2026-07-29","acq_time":905,"confidence":"n","satellite":"N","instrument":"VIIRS","version":"2.0NRT","bright_ti4":321.62,"frp":1.45,"daynight":"N"},"geometry":{"type":"Point","coordinates":[-116.1426,37.27198]}},{"type":"Feature","properties":{"acq_date":"2026-07-29","acq_time":905,"confidence":"n","satellite":"N","instrument":"VIIRS","version":"2.0NRT","bright_ti4":326.3,"frp":1.78,"daynight":"N"},"geometry":{"type":"Point","coordinates":[-116.14111,37.27214]}},{"type":"Feature","properties":{"acq_date":"2026-07-29","acq_time":905,"confidence":"n","satellite":"N","instrument":"VIIRS","version":"2.0NRT","bright_ti4":302.26,"frp":1.78,"daynight":"N"},"geometry":{"type":"Point","coordinates":[-116.145,37.27239]}},{"type":"Feature","properties":{"acq_date":"2026-07-29","acq_time":905,"confidence":"n","satellite":"N","instrument":"VIIRS","version":"2.0NRT","bright_ti4":302.55,"frp":0.6,"daynight":"N"},"geometry":{"type":"Point","coordinates":[-116.15358,37.27274]}},{"type":"Feature","properties":{"acq_date":"2026-07-29","acq_time":905,"confidence":"n","satellite":"N","instrument":"VIIRS","version":"2.0NRT","bright_ti4":300.22,"frp":0.56,"daynight":"N"},"geometry":{"type":"Point","coordinates":[-116.15221,37.27284]}},{"type":"Feature","properties":{"acq_date":"2026-07-29","acq_time":905,"confidence":"n","satellite":"N","instrument":"VIIRS","version":"2.0NRT","bright_ti4":303.02,"frp":0.6,"daynight":"N"},"geometry":{"type":"Point","coordinates":[-116.15723,37.27298]}},{"type":"Feature","properties":{"acq_date":"2026-07-29","acq_time":905,"confidence":"n","satellite":"N","instrument":"VIIRS","version":"2.0NRT","bright_ti4":302.07,"frp":1.15,"daynight":"N"},"geometry":{"type":"Point","coordinates":[-116.15588,37.27307]}},{"type":"Feature","properties":{"acq_date":"2026-07-29","acq_time":905,"confidence":"n","satellite":"N","instrument":"VIIRS","version":"2.0NRT","bright_ti4":316.62,"frp":1.09,"daynight":"N"},"geometry":{"type":"Point","coordinates":[-116.1609,37.27324]}},{"type":"Feature","properties":{"acq_date":"2026-07-29","acq_time":905,"confidence":"n","satellite":"N","instrument":"VIIRS","version":"2.0NRT","bright_ti4":307.47,"frp":1.15,"daynight":"N"},"geometry":{"type":"Point","coordinates":[-116.15951,37.2733]}},{"type":"Feature","properties":{"acq_date":"2026-07-29","acq_time":905,"confidence":"n","satellite":"N","instrument":"VIIRS","version":"2.0NRT","bright_ti4":304.41,"frp":1.09,"daynight":"N"},"geometry":{"type":"Point","coordinates":[-116.16455,37.27349]}},{"type":"Feature","properties":{"acq_date":"2026-07-29","acq_time":905,"confidence":"n","satellite":"N","instrument":"VIIRS","version":"2.0NRT","bright_ti4":309.13,"frp":1.68,"daynight":"N"},"geometry":{"type":"Point","coordinates":[-116.16319,37.27353]}},{"type":"Feature","properties":{"acq_date":"2026-07-29","acq_time":905,"confidence":"n","satellite":"N","instrument":"VIIRS","version":"2.0NRT","bright_ti4":324.56,"frp":2.71,"daynight":"N"},"geometry":{"type":"Point","coordinates":[-116.16823,37.27374]}},{"type":"Feature","properties":{"acq_date":"2026-07-29","acq_time":905,"confidence":"n","satellite":"N","instrument":"VIIRS","version":"2.0NRT","bright_ti4":306.71,"frp":1.68,"daynight":"N"},"geometry":{"type":"Point","coordinates":[-116.16683,37.27376]}},{"type":"Feature","properties":{"acq_date":"2026-07-29","acq_time":905,"confidence":"n","satellite":"N","instrument":"VIIRS","version":"2.0NRT","bright_ti4":325.11,"frp":2.71,"daynight":"N"},"geometry":{"type":"Point","coordinates":[-116.17184,37.27399]}},{"type":"Feature","properties":{"acq_date":"2026-07-29","acq_time":905,"confidence":"n","satellite":"N","instrument":"VIIRS","version":"2.0NRT","bright_ti4":339.26,"frp":2.74,"daynight":"N"},"geometry":{"type":"Point","coordinates":[-116.17046,37.27399]}},{"type":"Feature","properties":{"acq_date":"2026-07-29","acq_time":905,"confidence":"n","satellite":"N","instrument":"VIIRS","version":"2.0NRT","bright_ti4":299.14,"frp":2.74,"daynight":"N"},"geometry":{"type":"Point","coordinates":[-116.17409,37.27422]}},{"type":"Feature","properties":{"acq_date":"2026-07-29","acq_time":905,"confidence":"n","satellite":"N","instrument":"VIIRS","version":"2.0NRT","bright_ti4":306.21,"frp":1.53,"daynight":"N"},"geometry":{"type":"Point","coordinates":[-116.13455,37.27666]}},{"type":"Feature","properties":{"acq_date":"2026-07-29","acq_time":905,"confidence":"n","satellite":"N","instrument":"VIIRS","version":"2.0NRT","bright_ti4":302,"frp":1.45,"daynight":"N"},"geometry":{"type":"Point","coordinates":[-116.13868,37.27694]}},{"type":"Feature","properties":{"acq_date":"2026-07-29","acq_time":905,"confidence":"n","satellite":"N","instrument":"VIIRS","version":"2.0NRT","bright_ti4":309.77,"frp":1.2,"daynight":"N"},"geometry":{"type":"Point","coordinates":[-116.13718,37.27713]}},{"type":"Feature","properties":{"acq_date":"2026-07-29","acq_time":905,"confidence":"n","satellite":"N","instrument":"VIIRS","version":"2.0NRT","bright_ti4":308.29,"frp":1.09,"daynight":"N"},"geometry":{"type":"Point","coordinates":[-116.16075,37.27847]}},{"type":"Feature","properties":{"acq_date":"2026-07-29","acq_time":905,"confidence":"n","satellite":"N","instrument":"VIIRS","version":"2.0NRT","bright_ti4":304.29,"frp":1.09,"daynight":"N"},"geometry":{"type":"Point","coordinates":[-116.16427,37.27871]}},{"type":"Feature","properties":{"acq_date":"2026-07-29","acq_time":905,"confidence":"n","satellite":"N","instrument":"VIIRS","version":"2.0NRT","bright_ti4":314.46,"frp":1.68,"daynight":"N"},"geometry":{"type":"Point","coordinates":[-116.16296,37.27876]}},{"type":"Feature","properties":{"acq_date":"2026-07-29","acq_time":905,"confidence":"n","satellite":"N","instrument":"VIIRS","version":"2.0NRT","bright_ti4":321.06,"frp":2.71,"daynight":"N"},"geometry":{"type":"Point","coordinates":[-116.16769,37.27895]}},{"type":"Feature","properties":{"acq_date":"2026-07-29","acq_time":905,"confidence":"n","satellite":"N","instrument":"VIIRS","version":"2.0NRT","bright_ti4":312.99,"frp":1.68,"daynight":"N"},"geometry":{"type":"Point","coordinates":[-116.16634,37.27897]}},{"type":"Feature","properties":{"acq_date":"2026-07-29","acq_time":905,"confidence":"n","satellite":"N","instrument":"VIIRS","version":"2.0NRT","bright_ti4":341.2,"frp":2.71,"daynight":"N"},"geometry":{"type":"Point","coordinates":[-116.17113,37.27918]}},{"type":"Feature","properties":{"acq_date":"2026-07-29","acq_time":905,"confidence":"n","satellite":"N","instrument":"VIIRS","version":"2.0NRT","bright_ti4":337.19,"frp":2.74,"daynight":"N"},"geometry":{"type":"Point","coordinates":[-116.16981,37.27919]}},{"type":"Feature","properties":{"acq_date":"2026-07-29","acq_time":905,"confidence":"n","satellite":"N","instrument":"VIIRS","version":"2.0NRT","bright_ti4":328.05,"frp":2.74,"daynight":"N"},"geometry":{"type":"Point","coordinates":[-116.17331,37.27941]}},{"type":"Feature","properties":{"acq_date":"2026-07-29","acq_time":905,"confidence":"n","satellite":"N","instrument":"VIIRS","version":"2.0NRT","bright_ti4":302.09,"frp":3.61,"daynight":"N"},"geometry":{"type":"Point","coordinates":[-116.17466,37.27943]}},{"type":"Feature","properties":{"acq_date":"2026-07-29","acq_time":905,"confidence":"n","satellite":"N","instrument":"VIIRS","version":"2.0NRT","bright_ti4":304.66,"frp":0.84,"daynight":"N"},"geometry":{"type":"Point","coordinates":[-116.13394,37.28185]}},{"type":"Feature","properties":{"acq_date":"2026-07-29","acq_time":905,"confidence":"n","satellite":"N","instrument":"VIIRS","version":"2.0NRT","bright_ti4":298.72,"frp":0.81,"daynight":"N"},"geometry":{"type":"Point","coordinates":[-116.13776,37.28211]}},{"type":"Feature","properties":{"acq_date":"2026-07-29","acq_time":905,"confidence":"n","satellite":"N","instrument":"VIIRS","version":"2.0NRT","bright_ti4":310.24,"frp":0.98,"daynight":"N"},"geometry":{"type":"Point","coordinates":[-116.13623,37.2823]}},{"type":"Feature","properties":{"acq_date":"2026-07-29","acq_time":905,"confidence":"n","satellite":"N","instrument":"VIIRS","version":"2.0NRT","bright_ti4":306.81,"frp":2.71,"daynight":"N"},"geometry":{"type":"Point","coordinates":[-116.15954,37.28362]}},{"type":"Feature","properties":{"acq_date":"2026-07-29","acq_time":905,"confidence":"n","satellite":"N","instrument":"VIIRS","version":"2.0NRT","bright_ti4":299.53,"frp":1.17,"daynight":"N"},"geometry":{"type":"Point","coordinates":[-116.15816,37.28369]}},{"type":"Feature","properties":{"acq_date":"2026-07-29","acq_time":905,"confidence":"n","satellite":"N","instrument":"VIIRS","version":"2.0NRT","bright_ti4":336.47,"frp":2.71,"daynight":"N"},"geometry":{"type":"Point","coordinates":[-116.16305,37.28387]}},{"type":"Feature","properties":{"acq_date":"2026-07-29","acq_time":905,"confidence":"n","satellite":"N","instrument":"VIIRS","version":"2.0NRT","bright_ti4":319.32,"frp":2.85,"daynight":"N"},"geometry":{"type":"Point","coordinates":[-116.16166,37.28392]}},{"type":"Feature","properties":{"acq_date":"2026-07-29","acq_time":905,"confidence":"n","satellite":"N","instrument":"VIIRS","version":"2.0NRT","bright_ti4":341.52,"frp":5.4,"daynight":"N"},"geometry":{"type":"Point","coordinates":[-116.16656,37.28411]}},{"type":"Feature","properties":{"acq_date":"2026-07-29","acq_time":905,"confidence":"n","satellite":"N","instrument":"VIIRS","version":"2.0NRT","bright_ti4":350.31,"frp":2.85,"daynight":"N"},"geometry":{"type":"Point","coordinates":[-116.16517,37.28414]}},{"type":"Feature","properties":{"acq_date":"2026-07-29","acq_time":905,"confidence":"n","satellite":"N","instrument":"VIIRS","version":"2.0NRT","bright_ti4":313.26,"frp":3.14,"daynight":"N"},"geometry":{"type":"Point","coordinates":[-116.16872,37.28436]}},{"type":"Feature","properties":{"acq_date":"2026-07-29","acq_time":905,"confidence":"n","satellite":"N","instrument":"VIIRS","version":"2.0NRT","bright_ti4":322.07,"frp":2.71,"daynight":"N"},"geometry":{"type":"Point","coordinates":[-116.16172,37.28901]}},{"type":"Feature","properties":{"acq_date":"2026-07-29","acq_time":905,"confidence":"n","satellite":"N","instrument":"VIIRS","version":"2.0NRT","bright_ti4":301.12,"frp":2.85,"daynight":"N"},"geometry":{"type":"Point","coordinates":[-116.16026,37.28907]}},{"type":"Feature","properties":{"acq_date":"2026-07-29","acq_time":905,"confidence":"n","satellite":"N","instrument":"VIIRS","version":"2.0NRT","bright_ti4":334.69,"frp":5.4,"daynight":"N"},"geometry":{"type":"Point","coordinates":[-116.1654,37.28927]}},{"type":"Feature","properties":{"acq_date":"2026-07-29","acq_time":905,"confidence":"n","satellite":"N","instrument":"VIIRS","version":"2.0NRT","bright_ti4":345.96,"frp":2.85,"daynight":"N"},"geometry":{"type":"Point","coordinates":[-116.16393,37.28931]}},{"type":"Feature","properties":{"acq_date":"2026-07-29","acq_time":905,"confidence":"n","satellite":"N","instrument":"VIIRS","version":"2.0NRT","bright_ti4":303.2,"frp":3.14,"daynight":"N"},"geometry":{"type":"Point","coordinates":[-116.16766,37.28954]}},{"type":"Feature","properties":{"acq_date":"2026-07-29","acq_time":905,"confidence":"n","satellite":"N","instrument":"VIIRS","version":"2.0NRT","bright_ti4":303.66,"frp":0.83,"daynight":"N"},"geometry":{"type":"Point","coordinates":[-116.14822,37.29354]}},{"type":"Feature","properties":{"acq_date":"2026-07-29","acq_time":905,"confidence":"n","satellite":"N","instrument":"VIIRS","version":"2.0NRT","bright_ti4":305.31,"frp":1.93,"daynight":"N"},"geometry":{"type":"Point","coordinates":[-116.15924,37.29425]}},{"type":"Feature","properties":{"acq_date":"2026-07-29","acq_time":905,"confidence":"n","satellite":"N","instrument":"VIIRS","version":"2.0NRT","bright_ti4":331.41,"frp":1.93,"daynight":"N"},"geometry":{"type":"Point","coordinates":[-116.16302,37.29449]}},{"type":"Feature","properties":{"acq_date":"2026-07-29","acq_time":905,"confidence":"n","satellite":"N","instrument":"VIIRS","version":"2.0NRT","bright_ti4":325.75,"frp":3.67,"daynight":"N"},"geometry":{"type":"Point","coordinates":[-116.16687,37.29473]}},{"type":"Feature","properties":{"acq_date":"2026-07-29","acq_time":905,"confidence":"n","satellite":"N","instrument":"VIIRS","version":"2.0NRT","bright_ti4":300.78,"frp":1.61,"daynight":"N"},"geometry":{"type":"Point","coordinates":[-116.12898,37.29754]}},{"type":"Feature","properties":{"acq_date":"2026-07-29","acq_time":905,"confidence":"n","satellite":"N","instrument":"VIIRS","version":"2.0NRT","bright_ti4":322.98,"frp":1.61,"daynight":"N"},"geometry":{"type":"Point","coordinates":[-116.13291,37.29779]}},{"type":"Feature","properties":{"acq_date":"2026-07-29","acq_time":905,"confidence":"n","satellite":"N","instrument":"VIIRS","version":"2.0NRT","bright_ti4":321.6,"frp":2.85,"daynight":"N"},"geometry":{"type":"Point","coordinates":[-116.13692,37.29805]}},{"type":"Feature","properties":{"acq_date":"2026-07-29","acq_time":905,"confidence":"n","satellite":"N","instrument":"VIIRS","version":"2.0NRT","bright_ti4":308.88,"frp":0.83,"daynight":"N"},"geometry":{"type":"Point","coordinates":[-116.14782,37.29875]}},{"type":"Feature","properties":{"acq_date":"2026-07-29","acq_time":905,"confidence":"n","satellite":"N","instrument":"VIIRS","version":"2.0NRT","bright_ti4":300,"frp":1.54,"daynight":"N"},"geometry":{"type":"Point","coordinates":[-116.15137,37.29898]}},{"type":"Feature","properties":{"acq_date":"2026-07-29","acq_time":905,"confidence":"n","satellite":"N","instrument":"VIIRS","version":"2.0NRT","bright_ti4":310.32,"frp":1.54,"daynight":"N"},"geometry":{"type":"Point","coordinates":[-116.15501,37.29922]}},{"type":"Feature","properties":{"acq_date":"2026-07-29","acq_time":905,"confidence":"n","satellite":"N","instrument":"VIIRS","version":"2.0NRT","bright_ti4":326.31,"frp":1.93,"daynight":"N"},"geometry":{"type":"Point","coordinates":[-116.15883,37.29946]}},{"type":"Feature","properties":{"acq_date":"2026-07-29","acq_time":905,"confidence":"n","satellite":"N","instrument":"VIIRS","version":"2.0NRT","bright_ti4":313.61,"frp":1.93,"daynight":"N"},"geometry":{"type":"Point","coordinates":[-116.1627,37.29971]}},{"type":"Feature","properties":{"acq_date":"2026-07-29","acq_time":905,"confidence":"n","satellite":"N","instrument":"VIIRS","version":"2.0NRT","bright_ti4":307.08,"frp":6.53,"daynight":"N"},"geometry":{"type":"Point","coordinates":[-116.12943,37.3028]}},{"type":"Feature","properties":{"acq_date":"2026-07-29","acq_time":905,"confidence":"h","satellite":"N","instrument":"VIIRS","version":"2.0NRT","bright_ti4":367,"frp":6.53,"daynight":"N"},"geometry":{"type":"Point","coordinates":[-116.13322,37.30304]}},{"type":"Feature","properties":{"acq_date":"2026-07-29","acq_time":905,"confidence":"n","satellite":"N","instrument":"VIIRS","version":"2.0NRT","bright_ti4":336.2,"frp":9.08,"daynight":"N"},"geometry":{"type":"Point","coordinates":[-116.13704,37.3033]}},{"type":"Feature","properties":{"acq_date":"2026-07-29","acq_time":905,"confidence":"h","satellite":"N","instrument":"VIIRS","version":"2.0NRT","bright_ti4":367,"frp":7.8,"daynight":"N"},"geometry":{"type":"Point","coordinates":[-116.15477,37.30444]}},{"type":"Feature","properties":{"acq_date":"2026-07-29","acq_time":905,"confidence":"n","satellite":"N","instrument":"VIIRS","version":"2.0NRT","bright_ti4":343.55,"frp":8.73,"daynight":"N"},"geometry":{"type":"Point","coordinates":[-116.15862,37.30468]}},{"type":"Feature","properties":{"acq_date":"2026-07-29","acq_time":905,"confidence":"n","satellite":"N","instrument":"VIIRS","version":"2.0NRT","bright_ti4":300.85,"frp":1.23,"daynight":"N"},"geometry":{"type":"Point","coordinates":[-115.72917,37.4818]}},{"type":"Feature","properties":{"acq_date":"2026-07-29","acq_time":905,"confidence":"n","satellite":"N","instrument":"VIIRS","version":"2.0NRT","bright_ti4":303.03,"frp":0.72,"daynight":"N"},"geometry":{"type":"Point","coordinates":[-115.73892,37.48246]}},{"type":"Feature","properties":{"acq_date":"2026-07-29","acq_time":905,"confidence":"n","satellite":"N","instrument":"VIIRS","version":"2.0NRT","bright_ti4":309.29,"frp":0.72,"daynight":"N"},"geometry":{"type":"Point","coordinates":[-115.74243,37.4827]}},{"type":"Feature","properties":{"acq_date":"2026-07-29","acq_time":905,"confidence":"n","satellite":"N","instrument":"VIIRS","version":"2.0NRT","bright_ti4":306.23,"frp":1.06,"daynight":"N"},"geometry":{"type":"Point","coordinates":[-115.73216,37.48713]}},{"type":"Feature","properties":{"acq_date":"2026-07-29","acq_time":905,"confidence":"n","satellite":"N","instrument":"VIIRS","version":"2.0NRT","bright_ti4":311.64,"frp":1.06,"daynight":"N"},"geometry":{"type":"Point","coordinates":[-115.7356,37.48736]}},{"type":"Feature","properties":{"acq_date":"2026-07-29","acq_time":905,"confidence":"n","satellite":"N","instrument":"VIIRS","version":"2.0NRT","bright_ti4":312.46,"frp":1.15,"daynight":"N"},"geometry":{"type":"Point","coordinates":[-115.7391,37.4876]}},{"type":"Feature","properties":{"acq_date":"2026-07-29","acq_time":905,"confidence":"n","satellite":"N","instrument":"VIIRS","version":"2.0NRT","bright_ti4":325.5,"frp":1.15,"daynight":"N"},"geometry":{"type":"Point","coordinates":[-115.74246,37.48783]}},{"type":"Feature","properties":{"acq_date":"2026-07-29","acq_time":905,"confidence":"n","satellite":"N","instrument":"VIIRS","version":"2.0NRT","bright_ti4":302.03,"frp":1.24,"daynight":"N"},"geometry":{"type":"Point","coordinates":[-115.72968,37.49209]}},{"type":"Feature","properties":{"acq_date":"2026-07-29","acq_time":905,"confidence":"n","satellite":"N","instrument":"VIIRS","version":"2.0NRT","bright_ti4":311.1,"frp":1.06,"daynight":"N"},"geometry":{"type":"Point","coordinates":[-115.73643,37.49255]}},{"type":"Feature","properties":{"acq_date":"2026-07-29","acq_time":905,"confidence":"n","satellite":"N","instrument":"VIIRS","version":"2.0NRT","bright_ti4":302.63,"frp":1.15,"daynight":"N"},"geometry":{"type":"Point","coordinates":[-115.7396,37.49276]}},{"type":"Feature","properties":{"acq_date":"2026-07-29","acq_time":905,"confidence":"n","satellite":"N","instrument":"VIIRS","version":"2.0NRT","bright_ti4":302.42,"frp":1.15,"daynight":"N"},"geometry":{"type":"Point","coordinates":[-115.74273,37.49297]}},{"type":"Feature","properties":{"acq_date":"2026-07-29","acq_time":905,"confidence":"n","satellite":"N","instrument":"VIIRS","version":"2.0NRT","bright_ti4":304.41,"frp":0.51,"daynight":"N"},"geometry":{"type":"Point","coordinates":[-115.73362,37.49748]}},{"type":"Feature","properties":{"acq_date":"2026-07-29","acq_time":905,"confidence":"n","satellite":"N","instrument":"VIIRS","version":"2.0NRT","bright_ti4":302.81,"frp":0.51,"daynight":"N"},"geometry":{"type":"Point","coordinates":[-115.73678,37.4977]}},{"type":"Feature","properties":{"acq_date":"2026-07-29","acq_time":905,"confidence":"n","satellite":"N","instrument":"VIIRS","version":"2.0NRT","bright_ti4":299.19,"frp":2.18,"daynight":"N"},"geometry":{"type":"Point","coordinates":[-115.18858,38.86071]}},{"type":"Feature","properties":{"acq_date":"2026-07-29","acq_time":905,"confidence":"n","satellite":"N","instrument":"VIIRS","version":"2.0NRT","bright_ti4":315.5,"frp":2.18,"daynight":"N"},"geometry":{"type":"Point","coordinates":[-115.1882,38.86573]}},{"type":"Feature","properties":{"acq_date":"2026-07-29","acq_time":905,"confidence":"n","satellite":"N","instrument":"VIIRS","version":"2.0NRT","bright_ti4":303.07,"frp":3.15,"daynight":"N"},"geometry":{"type":"Point","coordinates":[-115.19579,38.86626]}},{"type":"Feature","properties":{"acq_date":"2026-07-29","acq_time":905,"confidence":"n","satellite":"N","instrument":"VIIRS","version":"2.0NRT","bright_ti4":302.85,"frp":1.38,"daynight":"N"},"geometry":{"type":"Point","coordinates":[-115.18796,38.87076]}},{"type":"Feature","properties":{"acq_date":"2026-07-29","acq_time":905,"confidence":"n","satellite":"N","instrument":"VIIRS","version":"2.0NRT","bright_ti4":297.74,"frp":1.54,"daynight":"N"},"geometry":{"type":"Point","coordinates":[-117.45448,39.5827]}},{"type":"Feature","properties":{"acq_date":"2026-07-29","acq_time":905,"confidence":"n","satellite":"N","instrument":"VIIRS","version":"2.0NRT","bright_ti4":352.07,"frp":9.96,"daynight":"N"},"geometry":{"type":"Point","coordinates":[-117.44859,39.58815]}},{"type":"Feature","properties":{"acq_date":"2026-07-29","acq_time":905,"confidence":"n","satellite":"N","instrument":"VIIRS","version":"2.0NRT","bright_ti4":355.68,"frp":11.69,"daynight":"N"},"geometry":{"type":"Point","coordinates":[-117.45345,39.58837]}},{"type":"Feature","properties":{"acq_date":"2026-07-29","acq_time":905,"confidence":"n","satellite":"N","instrument":"VIIRS","version":"2.0NRT","bright_ti4":345.42,"frp":11.69,"daynight":"N"},"geometry":{"type":"Point","coordinates":[-117.45837,39.5886]}},{"type":"Feature","properties":{"acq_date":"2026-07-29","acq_time":905,"confidence":"n","satellite":"N","instrument":"VIIRS","version":"2.0NRT","bright_ti4":329.75,"frp":5.16,"daynight":"N"},"geometry":{"type":"Point","coordinates":[-117.46331,39.58882]}},{"type":"Feature","properties":{"acq_date":"2026-07-29","acq_time":905,"confidence":"n","satellite":"N","instrument":"VIIRS","version":"2.0NRT","bright_ti4":320.18,"frp":5.16,"daynight":"N"},"geometry":{"type":"Point","coordinates":[-117.46819,39.58905]}},{"type":"Feature","properties":{"acq_date":"2026-07-29","acq_time":905,"confidence":"n","satellite":"N","instrument":"VIIRS","version":"2.0NRT","bright_ti4":309.23,"frp":9.96,"daynight":"N"},"geometry":{"type":"Point","coordinates":[-117.4426,39.59359]}},{"type":"Feature","properties":{"acq_date":"2026-07-29","acq_time":905,"confidence":"h","satellite":"N","instrument":"VIIRS","version":"2.0NRT","bright_ti4":367,"frp":9.96,"daynight":"N"},"geometry":{"type":"Point","coordinates":[-117.44749,39.59382]}},{"type":"Feature","properties":{"acq_date":"2026-07-29","acq_time":905,"confidence":"n","satellite":"N","instrument":"VIIRS","version":"2.0NRT","bright_ti4":354.27,"frp":11.69,"daynight":"N"},"geometry":{"type":"Point","coordinates":[-117.45226,39.59404]}},{"type":"Feature","properties":{"acq_date":"2026-07-29","acq_time":905,"confidence":"n","satellite":"N","instrument":"VIIRS","version":"2.0NRT","bright_ti4":336.86,"frp":11.69,"daynight":"N"},"geometry":{"type":"Point","coordinates":[-117.45711,39.59426]}},{"type":"Feature","properties":{"acq_date":"2026-07-29","acq_time":905,"confidence":"n","satellite":"N","instrument":"VIIRS","version":"2.0NRT","bright_ti4":325.47,"frp":5.16,"daynight":"N"},"geometry":{"type":"Point","coordinates":[-117.46204,39.59449]}},{"type":"Feature","properties":{"acq_date":"2026-07-29","acq_time":905,"confidence":"n","satellite":"N","instrument":"VIIRS","version":"2.0NRT","bright_ti4":329.78,"frp":5.16,"daynight":"N"},"geometry":{"type":"Point","coordinates":[-117.46699,39.59471]}},{"type":"Feature","properties":{"acq_date":"2026-07-29","acq_time":905,"confidence":"n","satellite":"N","instrument":"VIIRS","version":"2.0NRT","bright_ti4":323.56,"frp":3.83,"daynight":"N"},"geometry":{"type":"Point","coordinates":[-117.47195,39.59494]}},{"type":"Feature","properties":{"acq_date":"2026-07-29","acq_time":905,"confidence":"n","satellite":"N","instrument":"VIIRS","version":"2.0NRT","bright_ti4":299.59,"frp":3.83,"daynight":"N"},"geometry":{"type":"Point","coordinates":[-117.47694,39.59517]}},{"type":"Feature","properties":{"acq_date":"2026-07-29","acq_time":905,"confidence":"n","satellite":"N","instrument":"VIIRS","version":"2.0NRT","bright_ti4":324.46,"frp":5.51,"daynight":"N"},"geometry":{"type":"Point","coordinates":[-117.44634,39.59949]}},{"type":"Feature","properties":{"acq_date":"2026-07-29","acq_time":905,"confidence":"n","satellite":"N","instrument":"VIIRS","version":"2.0NRT","bright_ti4":356.87,"frp":8.76,"daynight":"N"},"geometry":{"type":"Point","coordinates":[-117.45109,39.5997]}},{"type":"Feature","properties":{"acq_date":"2026-07-29","acq_time":905,"confidence":"n","satellite":"N","instrument":"VIIRS","version":"2.0NRT","bright_ti4":340.86,"frp":8.76,"daynight":"N"},"geometry":{"type":"Point","coordinates":[-117.45586,39.59992]}},{"type":"Feature","properties":{"acq_date":"2026-07-29","acq_time":905,"confidence":"n","satellite":"N","instrument":"VIIRS","version":"2.0NRT","bright_ti4":315.87,"frp":5.71,"daynight":"N"},"geometry":{"type":"Point","coordinates":[-117.46075,39.60015]}},{"type":"Feature","properties":{"acq_date":"2026-07-29","acq_time":905,"confidence":"n","satellite":"N","instrument":"VIIRS","version":"2.0NRT","bright_ti4":320.52,"frp":5.71,"daynight":"N"},"geometry":{"type":"Point","coordinates":[-117.46564,39.60038]}},{"type":"Feature","properties":{"acq_date":"2026-07-29","acq_time":905,"confidence":"n","satellite":"N","instrument":"VIIRS","version":"2.0NRT","bright_ti4":319.51,"frp":2.63,"daynight":"N"},"geometry":{"type":"Point","coordinates":[-117.4706,39.60061]}},{"type":"Feature","properties":{"acq_date":"2026-07-29","acq_time":905,"confidence":"n","satellite":"N","instrument":"VIIRS","version":"2.0NRT","bright_ti4":320.98,"frp":2.63,"daynight":"N"},"geometry":{"type":"Point","coordinates":[-117.47568,39.60084]}},{"type":"Feature","properties":{"acq_date":"2026-07-29","acq_time":905,"confidence":"n","satellite":"N","instrument":"VIIRS","version":"2.0NRT","bright_ti4":329.43,"frp":4.26,"daynight":"N"},"geometry":{"type":"Point","coordinates":[-117.4809,39.60108]}},{"type":"Feature","properties":{"acq_date":"2026-07-29","acq_time":905,"confidence":"n","satellite":"N","instrument":"VIIRS","version":"2.0NRT","bright_ti4":317.4,"frp":4.26,"daynight":"N"},"geometry":{"type":"Point","coordinates":[-117.48618,39.60133]}},{"type":"Feature","properties":{"acq_date":"2026-07-29","acq_time":905,"confidence":"n","satellite":"N","instrument":"VIIRS","version":"2.0NRT","bright_ti4":315.29,"frp":8.76,"daynight":"N"},"geometry":{"type":"Point","coordinates":[-117.44993,39.60537]}},{"type":"Feature","properties":{"acq_date":"2026-07-29","acq_time":905,"confidence":"h","satellite":"N","instrument":"VIIRS","version":"2.0NRT","bright_ti4":367,"frp":8.76,"daynight":"N"},"geometry":{"type":"Point","coordinates":[-117.45464,39.60559]}},{"type":"Feature","properties":{"acq_date":"2026-07-29","acq_time":905,"confidence":"n","satellite":"N","instrument":"VIIRS","version":"2.0NRT","bright_ti4":319.2,"frp":5.71,"daynight":"N"},"geometry":{"type":"Point","coordinates":[-117.45927,39.6058]}},{"type":"Feature","properties":{"acq_date":"2026-07-29","acq_time":905,"confidence":"n","satellite":"N","instrument":"VIIRS","version":"2.0NRT","bright_ti4":313.89,"frp":2.63,"daynight":"N"},"geometry":{"type":"Point","coordinates":[-117.46879,39.60625]}},{"type":"Feature","properties":{"acq_date":"2026-07-29","acq_time":905,"confidence":"n","satellite":"N","instrument":"VIIRS","version":"2.0NRT","bright_ti4":307.8,"frp":2.63,"daynight":"N"},"geometry":{"type":"Point","coordinates":[-117.47387,39.60648]}},{"type":"Feature","properties":{"acq_date":"2026-07-29","acq_time":905,"confidence":"n","satellite":"N","instrument":"VIIRS","version":"2.0NRT","bright_ti4":326.64,"frp":4.26,"daynight":"N"},"geometry":{"type":"Point","coordinates":[-117.47926,39.60674]}},{"type":"Feature","properties":{"acq_date":"2026-07-29","acq_time":905,"confidence":"n","satellite":"N","instrument":"VIIRS","version":"2.0NRT","bright_ti4":335.46,"frp":4.26,"daynight":"N"},"geometry":{"type":"Point","coordinates":[-117.48479,39.60699]}},{"type":"Feature","properties":{"acq_date":"2026-07-29","acq_time":905,"confidence":"n","satellite":"N","instrument":"VIIRS","version":"2.0NRT","bright_ti4":330.76,"frp":7.42,"daynight":"N"},"geometry":{"type":"Point","coordinates":[-117.49052,39.60725]}},{"type":"Feature","properties":{"acq_date":"2026-07-29","acq_time":905,"confidence":"n","satellite":"N","instrument":"VIIRS","version":"2.0NRT","bright_ti4":305.65,"frp":2.9,"daynight":"N"},"geometry":{"type":"Point","coordinates":[-117.47148,39.6121]}},{"type":"Feature","properties":{"acq_date":"2026-07-29","acq_time":905,"confidence":"n","satellite":"N","instrument":"VIIRS","version":"2.0NRT","bright_ti4":319.5,"frp":2.77,"daynight":"N"},"geometry":{"type":"Point","coordinates":[-117.47694,39.61236]}},{"type":"Feature","properties":{"acq_date":"2026-07-29","acq_time":905,"confidence":"n","satellite":"N","instrument":"VIIRS","version":"2.0NRT","bright_ti4":330.33,"frp":2.77,"daynight":"N"},"geometry":{"type":"Point","coordinates":[-117.48285,39.61263]}},{"type":"Feature","properties":{"acq_date":"2026-07-29","acq_time":905,"confidence":"h","satellite":"N","instrument":"VIIRS","version":"2.0NRT","bright_ti4":367,"frp":5.56,"daynight":"N"},"geometry":{"type":"Point","coordinates":[-117.48885,39.61291]}},{"type":"Feature","properties":{"acq_date":"2026-07-29","acq_time":905,"confidence":"n","satellite":"N","instrument":"VIIRS","version":"2.0NRT","bright_ti4":352.23,"frp":5.56,"daynight":"N"},"geometry":{"type":"Point","coordinates":[-117.4945,39.61317]}},{"type":"Feature","properties":{"acq_date":"2026-07-29","acq_time":905,"confidence":"n","satellite":"N","instrument":"VIIRS","version":"2.0NRT","bright_ti4":334.3,"frp":5.89,"daynight":"N"},"geometry":{"type":"Point","coordinates":[-117.50088,39.61347]}},{"type":"Feature","properties":{"acq_date":"2026-07-29","acq_time":905,"confidence":"n","satellite":"N","instrument":"VIIRS","version":"2.0NRT","bright_ti4":308.59,"frp":2.77,"daynight":"N"},"geometry":{"type":"Point","coordinates":[-117.47551,39.61802]}},{"type":"Feature","properties":{"acq_date":"2026-07-29","acq_time":905,"confidence":"n","satellite":"N","instrument":"VIIRS","version":"2.0NRT","bright_ti4":310.07,"frp":2.77,"daynight":"N"},"geometry":{"type":"Point","coordinates":[-117.48116,39.61828]}},{"type":"Feature","properties":{"acq_date":"2026-07-29","acq_time":905,"confidence":"n","satellite":"N","instrument":"VIIRS","version":"2.0NRT","bright_ti4":302.95,"frp":5.56,"daynight":"N"},"geometry":{"type":"Point","coordinates":[-117.4867,39.61854]}},{"type":"Feature","properties":{"acq_date":"2026-07-29","acq_time":905,"confidence":"n","satellite":"N","instrument":"VIIRS","version":"2.0NRT","bright_ti4":300.88,"frp":5.56,"daynight":"N"},"geometry":{"type":"Point","coordinates":[-117.49252,39.61882]}},{"type":"Feature","properties":{"acq_date":"2026-07-29","acq_time":905,"confidence":"n","satellite":"N","instrument":"VIIRS","version":"2.0NRT","bright_ti4":323.48,"frp":5.89,"daynight":"N"},"geometry":{"type":"Point","coordinates":[-117.4987,39.6191]}},{"type":"Feature","properties":{"acq_date":"2026-07-29","acq_time":905,"confidence":"n","satellite":"N","instrument":"VIIRS","version":"2.0NRT","bright_ti4":301.9,"frp":1.48,"daynight":"N"},"geometry":{"type":"Point","coordinates":[-119.26662,39.61924]}},{"type":"Feature","properties":{"acq_date":"2026-07-29","acq_time":905,"confidence":"n","satellite":"N","instrument":"VIIRS","version":"2.0NRT","bright_ti4":346.88,"frp":5.89,"daynight":"N"},"geometry":{"type":"Point","coordinates":[-117.50536,39.61941]}},{"type":"Feature","properties":{"acq_date":"2026-07-29","acq_time":905,"confidence":"n","satellite":"N","instrument":"VIIRS","version":"2.0NRT","bright_ti4":301.58,"frp":4.14,"daynight":"N"},"geometry":{"type":"Point","coordinates":[-117.51261,39.61975]}},{"type":"Feature","properties":{"acq_date":"2026-07-29","acq_time":905,"confidence":"n","satellite":"N","instrument":"VIIRS","version":"2.0NRT","bright_ti4":306.25,"frp":1.77,"daynight":"N"},"geometry":{"type":"Point","coordinates":[-119.26281,39.62157]}},{"type":"Feature","properties":{"acq_date":"2026-07-29","acq_time":905,"confidence":"n","satellite":"N","instrument":"VIIRS","version":"2.0NRT","bright_ti4":309.47,"frp":1.58,"daynight":"N"},"geometry":{"type":"Point","coordinates":[-117.47361,39.62366]}},{"type":"Feature","properties":{"acq_date":"2026-07-29","acq_time":905,"confidence":"n","satellite":"N","instrument":"VIIRS","version":"2.0NRT","bright_ti4":315.23,"frp":1.58,"daynight":"N"},"geometry":{"type":"Point","coordinates":[-117.47902,39.62391]}},{"type":"Feature","properties":{"acq_date":"2026-07-29","acq_time":905,"confidence":"n","satellite":"N","instrument":"VIIRS","version":"2.0NRT","bright_ti4":302.45,"frp":1.09,"daynight":"N"},"geometry":{"type":"Point","coordinates":[-117.50399,39.62509]}},{"type":"Feature","properties":{"acq_date":"2026-07-29","acq_time":905,"confidence":"n","satellite":"N","instrument":"VIIRS","version":"2.0NRT","bright_ti4":297.66,"frp":1.46,"daynight":"N"},"geometry":{"type":"Point","coordinates":[-117.51176,39.62545]}},{"type":"Feature","properties":{"acq_date":"2026-07-29","acq_time":905,"confidence":"n","satellite":"N","instrument":"VIIRS","version":"2.0NRT","bright_ti4":297.45,"frp":1.52,"daynight":"N"},"geometry":{"type":"Point","coordinates":[-117.53667,39.62661]}},{"type":"Feature","properties":{"acq_date":"2026-07-29","acq_time":905,"confidence":"n","satellite":"N","instrument":"VIIRS","version":"2.0NRT","bright_ti4":321.19,"frp":1.52,"daynight":"N"},"geometry":{"type":"Point","coordinates":[-117.54258,39.62689]}},{"type":"Feature","properties":{"acq_date":"2026-07-29","acq_time":905,"confidence":"n","satellite":"N","instrument":"VIIRS","version":"2.0NRT","bright_ti4":297,"frp":2.85,"daynight":"N"},"geometry":{"type":"Point","coordinates":[-117.53062,39.63782]}},{"type":"Feature","properties":{"acq_date":"2026-07-29","acq_time":905,"confidence":"h","satellite":"N","instrument":"VIIRS","version":"2.0NRT","bright_ti4":367,"frp":8.86,"daynight":"N"},"geometry":{"type":"Point","coordinates":[-117.53649,39.6381]}},{"type":"Feature","properties":{"acq_date":"2026-07-29","acq_time":905,"confidence":"n","satellite":"N","instrument":"VIIRS","version":"2.0NRT","bright_ti4":300.81,"frp":1.35,"daynight":"N"},"geometry":{"type":"Point","coordinates":[-117.50898,39.64253]}},{"type":"Feature","properties":{"acq_date":"2026-07-29","acq_time":905,"confidence":"n","satellite":"N","instrument":"VIIRS","version":"2.0NRT","bright_ti4":305.5,"frp":1.35,"daynight":"N"},"geometry":{"type":"Point","coordinates":[-117.51685,39.64291]}},{"type":"Feature","properties":{"acq_date":"2026-07-29","acq_time":905,"confidence":"n","satellite":"N","instrument":"VIIRS","version":"2.0NRT","bright_ti4":299.9,"frp":2.85,"daynight":"N"},"geometry":{"type":"Point","coordinates":[-117.52424,39.64326]}},{"type":"Feature","properties":{"acq_date":"2026-07-29","acq_time":905,"confidence":"n","satellite":"N","instrument":"VIIRS","version":"2.0NRT","bright_ti4":328.13,"frp":2.85,"daynight":"N"},"geometry":{"type":"Point","coordinates":[-117.53062,39.64357]}},{"type":"Feature","properties":{"acq_date":"2026-07-29","acq_time":905,"confidence":"n","satellite":"N","instrument":"VIIRS","version":"2.0NRT","bright_ti4":340.28,"frp":8.86,"daynight":"N"},"geometry":{"type":"Point","coordinates":[-117.53649,39.64384]}},{"type":"Feature","properties":{"acq_date":"2026-07-29","acq_time":905,"confidence":"n","satellite":"N","instrument":"VIIRS","version":"2.0NRT","bright_ti4":296.84,"frp":2.05,"daynight":"N"},"geometry":{"type":"Point","coordinates":[-120.11092,39.70507]}},{"type":"Feature","properties":{"acq_date":"2026-07-29","acq_time":905,"confidence":"n","satellite":"N","instrument":"VIIRS","version":"2.0NRT","bright_ti4":322.51,"frp":2.05,"daynight":"N"},"geometry":{"type":"Point","coordinates":[-120.11571,39.70518]}},{"type":"Feature","properties":{"acq_date":"2026-07-29","acq_time":905,"confidence":"n","satellite":"N","instrument":"VIIRS","version":"2.0NRT","bright_ti4":297.21,"frp":3.02,"daynight":"N"},"geometry":{"type":"Point","coordinates":[-120.12039,39.7053]}},{"type":"Feature","properties":{"acq_date":"2026-07-29","acq_time":905,"confidence":"n","satellite":"N","instrument":"VIIRS","version":"2.0NRT","bright_ti4":305.81,"frp":2.05,"daynight":"N"},"geometry":{"type":"Point","coordinates":[-120.11737,39.71175]}},{"type":"Feature","properties":{"acq_date":"2026-07-29","acq_time":905,"confidence":"n","satellite":"N","instrument":"VIIRS","version":"2.0NRT","bright_ti4":298.12,"frp":3.02,"daynight":"N"},"geometry":{"type":"Point","coordinates":[-120.1296,39.71204]}},{"type":"Feature","properties":{"acq_date":"2026-07-29","acq_time":905,"confidence":"n","satellite":"N","instrument":"VIIRS","version":"2.0NRT","bright_ti4":336.73,"frp":4.44,"daynight":"N"},"geometry":{"type":"Point","coordinates":[-120.13582,39.7122]}},{"type":"Feature","properties":{"acq_date":"2026-07-29","acq_time":905,"confidence":"n","satellite":"N","instrument":"VIIRS","version":"2.0NRT","bright_ti4":310.02,"frp":4.44,"daynight":"N"},"geometry":{"type":"Point","coordinates":[-120.14087,39.71231]}},{"type":"Feature","properties":{"acq_date":"2026-07-29","acq_time":905,"confidence":"n","satellite":"N","instrument":"VIIRS","version":"2.0NRT","bright_ti4":309.67,"frp":3.46,"daynight":"N"},"geometry":{"type":"Point","coordinates":[-120.14566,39.71243]}},{"type":"Feature","properties":{"acq_date":"2026-07-29","acq_time":905,"confidence":"n","satellite":"N","instrument":"VIIRS","version":"2.0NRT","bright_ti4":304.41,"frp":1.19,"daynight":"N"},"geometry":{"type":"Point","coordinates":[-117.488,39.74011]}},{"type":"Feature","properties":{"acq_date":"2026-07-29","acq_time":905,"confidence":"n","satellite":"N","instrument":"VIIRS","version":"2.0NRT","bright_ti4":305.63,"frp":2.09,"daynight":"N"},"geometry":{"type":"Point","coordinates":[-114.25546,40.82349]}},{"type":"Feature","properties":{"acq_date":"2026-07-29","acq_time":907,"confidence":"n","satellite":"N","instrument":"VIIRS","version":"2.0NRT","bright_ti4":302.67,"frp":0.47,"daynight":"N"},"geometry":{"type":"Point","coordinates":[-116.83363,32.49659]}},{"type":"Feature","properties":{"acq_date":"2026-07-29","acq_time":907,"confidence":"n","satellite":"N","instrument":"VIIRS","version":"2.0NRT","bright_ti4":299.46,"frp":0.76,"daynight":"N"},"geometry":{"type":"Point","coordinates":[-116.29967,32.52071]}},{"type":"Feature","properties":{"acq_date":"2026-07-29","acq_time":907,"confidence":"n","satellite":"N","instrument":"VIIRS","version":"2.0NRT","bright_ti4":305.83,"frp":0.68,"daynight":"N"},"geometry":{"type":"Point","coordinates":[-117.4777,33.79318]}},{"type":"Feature","properties":{"acq_date":"2026-07-29","acq_time":907,"confidence":"n","satellite":"N","instrument":"VIIRS","version":"2.0NRT","bright_ti4":305.63,"frp":0.61,"daynight":"N"},"geometry":{"type":"Point","coordinates":[-117.47585,33.79416]}},{"type":"Feature","properties":{"acq_date":"2026-07-29","acq_time":907,"confidence":"n","satellite":"N","instrument":"VIIRS","version":"2.0NRT","bright_ti4":302.27,"frp":0.42,"daynight":"N"},"geometry":{"type":"Point","coordinates":[-118.1947,34.15298]}},{"type":"Feature","properties":{"acq_date":"2026-07-29","acq_time":907,"confidence":"n","satellite":"N","instrument":"VIIRS","version":"2.0NRT","bright_ti4":308.04,"frp":1.01,"daynight":"N"},"geometry":{"type":"Point","coordinates":[-118.52023,34.33374]}},{"type":"Feature","properties":{"acq_date":"2026-07-29","acq_time":907,"confidence":"n","satellite":"N","instrument":"VIIRS","version":"2.0NRT","bright_ti4":303.07,"frp":0.55,"daynight":"N"},"geometry":{"type":"Point","coordinates":[-118.64751,34.42842]}},{"type":"Feature","properties":{"acq_date":"2026-07-29","acq_time":907,"confidence":"n","satellite":"N","instrument":"VIIRS","version":"2.0NRT","bright_ti4":301.42,"frp":3.41,"daynight":"N"},"geometry":{"type":"Point","coordinates":[-117.93256,34.45197]}},{"type":"Feature","properties":{"acq_date":"2026-07-29","acq_time":907,"confidence":"n","satellite":"N","instrument":"VIIRS","version":"2.0NRT","bright_ti4":334.5,"frp":3.53,"daynight":"N"},"geometry":{"type":"Point","coordinates":[-117.92904,34.4542]}},{"type":"Feature","properties":{"acq_date":"2026-07-29","acq_time":907,"confidence":"n","satellite":"N","instrument":"VIIRS","version":"2.0NRT","bright_ti4":331.78,"frp":3.53,"daynight":"N"},"geometry":{"type":"Point","coordinates":[-117.9334,34.45448]}},{"type":"Feature","properties":{"acq_date":"2026-07-29","acq_time":907,"confidence":"n","satellite":"N","instrument":"VIIRS","version":"2.0NRT","bright_ti4":304.85,"frp":3.1,"daynight":"N"},"geometry":{"type":"Point","coordinates":[-117.9283,34.45735]}},{"type":"Feature","properties":{"acq_date":"2026-07-29","acq_time":907,"confidence":"n","satellite":"N","instrument":"VIIRS","version":"2.0NRT","bright_ti4":347.13,"frp":3.41,"daynight":"N"},"geometry":{"type":"Point","coordinates":[-117.93267,34.45761]}},{"type":"Feature","properties":{"acq_date":"2026-07-29","acq_time":907,"confidence":"n","satellite":"N","instrument":"VIIRS","version":"2.0NRT","bright_ti4":320.07,"frp":1.52,"daynight":"N"},"geometry":{"type":"Point","coordinates":[-117.3382,34.6082]}},{"type":"Feature","properties":{"acq_date":"2026-07-29","acq_time":907,"confidence":"n","satellite":"N","instrument":"VIIRS","version":"2.0NRT","bright_ti4":304.91,"frp":0.74,"daynight":"N"},"geometry":{"type":"Point","coordinates":[-118.7515,34.81828]}},{"type":"Feature","properties":{"acq_date":"2026-07-29","acq_time":1043,"confidence":"n","satellite":"N","instrument":"VIIRS","version":"2.0NRT","bright_ti4":306.94,"frp":3.49,"daynight":"N"},"geometry":{"type":"Point","coordinates":[-116.13479,37.26922]}},{"type":"Feature","properties":{"acq_date":"2026-07-29","acq_time":1043,"confidence":"n","satellite":"N","instrument":"VIIRS","version":"2.0NRT","bright_ti4":305.73,"frp":2.52,"daynight":"N"},"geometry":{"type":"Point","coordinates":[-116.13421,37.27002]}},{"type":"Feature","properties":{"acq_date":"2026-07-29","acq_time":1043,"confidence":"n","satellite":"N","instrument":"VIIRS","version":"2.0NRT","bright_ti4":331.27,"frp":3.49,"daynight":"N"},"geometry":{"type":"Point","coordinates":[-116.13982,37.27071]}},{"type":"Feature","properties":{"acq_date":"2026-07-29","acq_time":1043,"confidence":"n","satellite":"N","instrument":"VIIRS","version":"2.0NRT","bright_ti4":299.61,"frp":1.65,"daynight":"N"},"geometry":{"type":"Point","coordinates":[-116.16064,37.27106]}},{"type":"Feature","properties":{"acq_date":"2026-07-29","acq_time":1043,"confidence":"n","satellite":"N","instrument":"VIIRS","version":"2.0NRT","bright_ti4":334.6,"frp":4.01,"daynight":"N"},"geometry":{"type":"Point","coordinates":[-116.13924,37.27148]}},{"type":"Feature","properties":{"acq_date":"2026-07-29","acq_time":1043,"confidence":"n","satellite":"N","instrument":"VIIRS","version":"2.0NRT","bright_ti4":319.8,"frp":5.11,"daynight":"N"},"geometry":{"type":"Point","coordinates":[-116.16712,37.27217]}},{"type":"Feature","properties":{"acq_date":"2026-07-29","acq_time":1043,"confidence":"n","satellite":"N","instrument":"VIIRS","version":"2.0NRT","bright_ti4":321.73,"frp":5.71,"daynight":"N"},"geometry":{"type":"Point","coordinates":[-116.14526,37.27233]}},{"type":"Feature","properties":{"acq_date":"2026-07-29","acq_time":1043,"confidence":"n","satellite":"N","instrument":"VIIRS","version":"2.0NRT","bright_ti4":321.27,"frp":2.79,"daynight":"N"},"geometry":{"type":"Point","coordinates":[-116.16668,37.27282]}},{"type":"Feature","properties":{"acq_date":"2026-07-29","acq_time":1043,"confidence":"n","satellite":"N","instrument":"VIIRS","version":"2.0NRT","bright_ti4":320.29,"frp":4.01,"daynight":"N"},"geometry":{"type":"Point","coordinates":[-116.14469,37.27307]}},{"type":"Feature","properties":{"acq_date":"2026-07-29","acq_time":1043,"confidence":"n","satellite":"N","instrument":"VIIRS","version":"2.0NRT","bright_ti4":317.79,"frp":3.02,"daynight":"N"},"geometry":{"type":"Point","coordinates":[-116.17336,37.27402]}},{"type":"Feature","properties":{"acq_date":"2026-07-29","acq_time":1043,"confidence":"n","satellite":"N","instrument":"VIIRS","version":"2.0NRT","bright_ti4":321.6,"frp":2.79,"daynight":"N"},"geometry":{"type":"Point","coordinates":[-116.17298,37.27464]}},{"type":"Feature","properties":{"acq_date":"2026-07-29","acq_time":1043,"confidence":"n","satellite":"N","instrument":"VIIRS","version":"2.0NRT","bright_ti4":305.92,"frp":0.6,"daynight":"N"},"geometry":{"type":"Point","coordinates":[-116.13633,37.27633]}},{"type":"Feature","properties":{"acq_date":"2026-07-29","acq_time":1043,"confidence":"n","satellite":"N","instrument":"VIIRS","version":"2.0NRT","bright_ti4":328.8,"frp":3.02,"daynight":"N"},"geometry":{"type":"Point","coordinates":[-116.17068,37.27988]}},{"type":"Feature","properties":{"acq_date":"2026-07-29","acq_time":1043,"confidence":"n","satellite":"N","instrument":"VIIRS","version":"2.0NRT","bright_ti4":327.54,"frp":3.12,"daynight":"N"},"geometry":{"type":"Point","coordinates":[-116.17033,37.28051]}},{"type":"Feature","properties":{"acq_date":"2026-07-29","acq_time":1043,"confidence":"n","satellite":"N","instrument":"VIIRS","version":"2.0NRT","bright_ti4":298.43,"frp":3.02,"daynight":"N"},"geometry":{"type":"Point","coordinates":[-116.17751,37.2819]}},{"type":"Feature","properties":{"acq_date":"2026-07-29","acq_time":1043,"confidence":"n","satellite":"N","instrument":"VIIRS","version":"2.0NRT","bright_ti4":298.43,"frp":4.89,"daynight":"N"},"geometry":{"type":"Point","coordinates":[-116.17718,37.28249]}},{"type":"Feature","properties":{"acq_date":"2026-07-29","acq_time":1043,"confidence":"n","satellite":"N","instrument":"VIIRS","version":"2.0NRT","bright_ti4":302.76,"frp":2.06,"daynight":"N"},"geometry":{"type":"Point","coordinates":[-116.16177,37.28388]}},{"type":"Feature","properties":{"acq_date":"2026-07-29","acq_time":1043,"confidence":"n","satellite":"N","instrument":"VIIRS","version":"2.0NRT","bright_ti4":303.06,"frp":3.12,"daynight":"N"},"geometry":{"type":"Point","coordinates":[-116.16149,37.28457]}},{"type":"Feature","properties":{"acq_date":"2026-07-29","acq_time":1043,"confidence":"n","satellite":"N","instrument":"VIIRS","version":"2.0NRT","bright_ti4":343.66,"frp":6.26,"daynight":"N"},"geometry":{"type":"Point","coordinates":[-116.1687,37.28594]}},{"type":"Feature","properties":{"acq_date":"2026-07-29","acq_time":1043,"confidence":"n","satellite":"N","instrument":"VIIRS","version":"2.0NRT","bright_ti4":342.75,"frp":3.12,"daynight":"N"},"geometry":{"type":"Point","coordinates":[-116.16835,37.28656]}},{"type":"Feature","properties":{"acq_date":"2026-07-29","acq_time":1043,"confidence":"n","satellite":"N","instrument":"VIIRS","version":"2.0NRT","bright_ti4":301.9,"frp":2.06,"daynight":"N"},"geometry":{"type":"Point","coordinates":[-116.1603,37.29009]}},{"type":"Feature","properties":{"acq_date":"2026-07-29","acq_time":1043,"confidence":"n","satellite":"N","instrument":"VIIRS","version":"2.0NRT","bright_ti4":300.75,"frp":1.97,"daynight":"N"},"geometry":{"type":"Point","coordinates":[-116.1599,37.29074]}},{"type":"Feature","properties":{"acq_date":"2026-07-29","acq_time":1043,"confidence":"n","satellite":"N","instrument":"VIIRS","version":"2.0NRT","bright_ti4":334.41,"frp":6.26,"daynight":"N"},"geometry":{"type":"Point","coordinates":[-116.16648,37.29192]}},{"type":"Feature","properties":{"acq_date":"2026-07-29","acq_time":1043,"confidence":"n","satellite":"N","instrument":"VIIRS","version":"2.0NRT","bright_ti4":336.5,"frp":1.97,"daynight":"N"},"geometry":{"type":"Point","coordinates":[-116.16604,37.29252]}},{"type":"Feature","properties":{"acq_date":"2026-07-29","acq_time":1043,"confidence":"n","satellite":"N","instrument":"VIIRS","version":"2.0NRT","bright_ti4":298.92,"frp":1.22,"daynight":"N"},"geometry":{"type":"Point","coordinates":[-116.15812,37.29609]}},{"type":"Feature","properties":{"acq_date":"2026-07-29","acq_time":1043,"confidence":"n","satellite":"N","instrument":"VIIRS","version":"2.0NRT","bright_ti4":297.71,"frp":1.97,"daynight":"N"},"geometry":{"type":"Point","coordinates":[-116.15757,37.29669]}},{"type":"Feature","properties":{"acq_date":"2026-07-29","acq_time":1043,"confidence":"n","satellite":"N","instrument":"VIIRS","version":"2.0NRT","bright_ti4":328.88,"frp":5.17,"daynight":"N"},"geometry":{"type":"Point","coordinates":[-116.16384,37.29778]}},{"type":"Feature","properties":{"acq_date":"2026-07-29","acq_time":1043,"confidence":"n","satellite":"N","instrument":"VIIRS","version":"2.0NRT","bright_ti4":297.94,"frp":0.77,"daynight":"N"},"geometry":{"type":"Point","coordinates":[-116.14224,37.29805]}},{"type":"Feature","properties":{"acq_date":"2026-07-29","acq_time":1043,"confidence":"n","satellite":"N","instrument":"VIIRS","version":"2.0NRT","bright_ti4":324.51,"frp":1.97,"daynight":"N"},"geometry":{"type":"Point","coordinates":[-116.16328,37.29834]}},{"type":"Feature","properties":{"acq_date":"2026-07-29","acq_time":1043,"confidence":"n","satellite":"N","instrument":"VIIRS","version":"2.0NRT","bright_ti4":296.04,"frp":1.22,"daynight":"N"},"geometry":{"type":"Point","coordinates":[-116.15479,37.30175]}},{"type":"Feature","properties":{"acq_date":"2026-07-29","acq_time":1043,"confidence":"n","satellite":"N","instrument":"VIIRS","version":"2.0NRT","bright_ti4":306.76,"frp":1.19,"daynight":"N"},"geometry":{"type":"Point","coordinates":[-116.13838,37.30355]}},{"type":"Feature","properties":{"acq_date":"2026-07-29","acq_time":1043,"confidence":"n","satellite":"N","instrument":"VIIRS","version":"2.0NRT","bright_ti4":321.85,"frp":3.12,"daynight":"N"},"geometry":{"type":"Point","coordinates":[-116.15166,37.30747]}},{"type":"Feature","properties":{"acq_date":"2026-07-29","acq_time":1043,"confidence":"n","satellite":"N","instrument":"VIIRS","version":"2.0NRT","bright_ti4":299.31,"frp":1.33,"daynight":"N"},"geometry":{"type":"Point","coordinates":[-115.72793,37.48124]}},{"type":"Feature","properties":{"acq_date":"2026-07-29","acq_time":1043,"confidence":"n","satellite":"N","instrument":"VIIRS","version":"2.0NRT","bright_ti4":302.58,"frp":1.48,"daynight":"N"},"geometry":{"type":"Point","coordinates":[-115.73657,37.48216]}},{"type":"Feature","properties":{"acq_date":"2026-07-29","acq_time":1043,"confidence":"n","satellite":"N","instrument":"VIIRS","version":"2.0NRT","bright_ti4":304.83,"frp":1.88,"daynight":"N"},"geometry":{"type":"Point","coordinates":[-115.73555,37.48348]}},{"type":"Feature","properties":{"acq_date":"2026-07-29","acq_time":1043,"confidence":"n","satellite":"N","instrument":"VIIRS","version":"2.0NRT","bright_ti4":310.82,"frp":1.85,"daynight":"N"},"geometry":{"type":"Point","coordinates":[-115.7429,37.48406]}},{"type":"Feature","properties":{"acq_date":"2026-07-29","acq_time":1043,"confidence":"n","satellite":"N","instrument":"VIIRS","version":"2.0NRT","bright_ti4":314.98,"frp":1.88,"daynight":"N"},"geometry":{"type":"Point","coordinates":[-115.74202,37.48539]}},{"type":"Feature","properties":{"acq_date":"2026-07-29","acq_time":1043,"confidence":"n","satellite":"N","instrument":"VIIRS","version":"2.0NRT","bright_ti4":298.44,"frp":1.77,"daynight":"N"},"geometry":{"type":"Point","coordinates":[-115.74867,37.48735]}},{"type":"Feature","properties":{"acq_date":"2026-07-29","acq_time":1043,"confidence":"n","satellite":"N","instrument":"VIIRS","version":"2.0NRT","bright_ti4":304.54,"frp":1.48,"daynight":"N"},"geometry":{"type":"Point","coordinates":[-115.73212,37.48758]}},{"type":"Feature","properties":{"acq_date":"2026-07-29","acq_time":1043,"confidence":"n","satellite":"N","instrument":"VIIRS","version":"2.0NRT","bright_ti4":303.31,"frp":1.52,"daynight":"N"},"geometry":{"type":"Point","coordinates":[-115.73077,37.48883]}},{"type":"Feature","properties":{"acq_date":"2026-07-29","acq_time":1043,"confidence":"n","satellite":"N","instrument":"VIIRS","version":"2.0NRT","bright_ti4":308.68,"frp":1.85,"daynight":"N"},"geometry":{"type":"Point","coordinates":[-115.73816,37.4894]}},{"type":"Feature","properties":{"acq_date":"2026-07-29","acq_time":1043,"confidence":"n","satellite":"N","instrument":"VIIRS","version":"2.0NRT","bright_ti4":305.72,"frp":1.52,"daynight":"N"},"geometry":{"type":"Point","coordinates":[-115.73687,37.49062]}},{"type":"Feature","properties":{"acq_date":"2026-07-29","acq_time":1043,"confidence":"n","satellite":"N","instrument":"VIIRS","version":"2.0NRT","bright_ti4":303.57,"frp":1.85,"daynight":"N"},"geometry":{"type":"Point","coordinates":[-115.74503,37.49147]}},{"type":"Feature","properties":{"acq_date":"2026-07-29","acq_time":1043,"confidence":"n","satellite":"N","instrument":"VIIRS","version":"2.0NRT","bright_ti4":302.05,"frp":2.12,"daynight":"N"},"geometry":{"type":"Point","coordinates":[-115.74388,37.49268]}},{"type":"Feature","properties":{"acq_date":"2026-07-29","acq_time":1043,"confidence":"n","satellite":"N","instrument":"VIIRS","version":"2.0NRT","bright_ti4":300.12,"frp":1.81,"daynight":"N"},"geometry":{"type":"Point","coordinates":[-115.73209,37.49434]}},{"type":"Feature","properties":{"acq_date":"2026-07-29","acq_time":1043,"confidence":"n","satellite":"N","instrument":"VIIRS","version":"2.0NRT","bright_ti4":306.01,"frp":1.48,"daynight":"N"},"geometry":{"type":"Point","coordinates":[-122.11349,38.01377]}},{"type":"Feature","properties":{"acq_date":"2026-07-29","acq_time":1043,"confidence":"n","satellite":"N","instrument":"VIIRS","version":"2.0NRT","bright_ti4":301.04,"frp":1.5,"daynight":"N"},"geometry":{"type":"Point","coordinates":[-115.19281,38.861]}},{"type":"Feature","properties":{"acq_date":"2026-07-29","acq_time":1043,"confidence":"n","satellite":"N","instrument":"VIIRS","version":"2.0NRT","bright_ti4":307.7,"frp":2.63,"daynight":"N"},"geometry":{"type":"Point","coordinates":[-115.18955,38.86673]}},{"type":"Feature","properties":{"acq_date":"2026-07-29","acq_time":1043,"confidence":"n","satellite":"N","instrument":"VIIRS","version":"2.0NRT","bright_ti4":299.05,"frp":1.75,"daynight":"N"},"geometry":{"type":"Point","coordinates":[-115.19496,38.86835]}},{"type":"Feature","properties":{"acq_date":"2026-07-29","acq_time":1043,"confidence":"n","satellite":"N","instrument":"VIIRS","version":"2.0NRT","bright_ti4":304.92,"frp":2.59,"daynight":"N"},"geometry":{"type":"Point","coordinates":[-117.45774,39.58438]}},{"type":"Feature","properties":{"acq_date":"2026-07-29","acq_time":1043,"confidence":"n","satellite":"N","instrument":"VIIRS","version":"2.0NRT","bright_ti4":297.6,"frp":1.96,"daynight":"N"},"geometry":{"type":"Point","coordinates":[-117.46675,39.58689]}},{"type":"Feature","properties":{"acq_date":"2026-07-29","acq_time":1043,"confidence":"n","satellite":"N","instrument":"VIIRS","version":"2.0NRT","bright_ti4":323.47,"frp":4.2,"daynight":"N"},"geometry":{"type":"Point","coordinates":[-117.45129,39.58846]}},{"type":"Feature","properties":{"acq_date":"2026-07-29","acq_time":1043,"confidence":"n","satellite":"N","instrument":"VIIRS","version":"2.0NRT","bright_ti4":315.55,"frp":2.59,"daynight":"N"},"geometry":{"type":"Point","coordinates":[-117.45586,39.58972]}},{"type":"Feature","properties":{"acq_date":"2026-07-29","acq_time":1043,"confidence":"n","satellite":"N","instrument":"VIIRS","version":"2.0NRT","bright_ti4":314.65,"frp":2.59,"daynight":"N"},"geometry":{"type":"Point","coordinates":[-117.46037,39.59097]}},{"type":"Feature","properties":{"acq_date":"2026-07-29","acq_time":1043,"confidence":"n","satellite":"N","instrument":"VIIRS","version":"2.0NRT","bright_ti4":315.66,"frp":1.96,"daynight":"N"},"geometry":{"type":"Point","coordinates":[-117.4649,39.59223]}},{"type":"Feature","properties":{"acq_date":"2026-07-29","acq_time":1043,"confidence":"n","satellite":"N","instrument":"VIIRS","version":"2.0NRT","bright_ti4":312.59,"frp":3.09,"daynight":"N"},"geometry":{"type":"Point","coordinates":[-117.44478,39.59252]}},{"type":"Feature","properties":{"acq_date":"2026-07-29","acq_time":1043,"confidence":"n","satellite":"N","instrument":"VIIRS","version":"2.0NRT","bright_ti4":313.21,"frp":1.96,"daynight":"N"},"geometry":{"type":"Point","coordinates":[-117.46943,39.59349]}},{"type":"Feature","properties":{"acq_date":"2026-07-29","acq_time":1043,"confidence":"n","satellite":"N","instrument":"VIIRS","version":"2.0NRT","bright_ti4":335.99,"frp":3.09,"daynight":"N"},"geometry":{"type":"Point","coordinates":[-117.44938,39.59379]}},{"type":"Feature","properties":{"acq_date":"2026-07-29","acq_time":1043,"confidence":"n","satellite":"N","instrument":"VIIRS","version":"2.0NRT","bright_ti4":300.67,"frp":2.3,"daynight":"N"},"geometry":{"type":"Point","coordinates":[-117.47392,39.59473]}},{"type":"Feature","properties":{"acq_date":"2026-07-29","acq_time":1043,"confidence":"n","satellite":"N","instrument":"VIIRS","version":"2.0NRT","bright_ti4":321.49,"frp":3.53,"daynight":"N"},"geometry":{"type":"Point","coordinates":[-117.45406,39.59509]}},{"type":"Feature","properties":{"acq_date":"2026-07-29","acq_time":1043,"confidence":"n","satellite":"N","instrument":"VIIRS","version":"2.0NRT","bright_ti4":311.09,"frp":3.53,"daynight":"N"},"geometry":{"type":"Point","coordinates":[-117.45863,39.59635]}},{"type":"Feature","properties":{"acq_date":"2026-07-29","acq_time":1043,"confidence":"n","satellite":"N","instrument":"VIIRS","version":"2.0NRT","bright_ti4":301.53,"frp":1.49,"daynight":"N"},"geometry":{"type":"Point","coordinates":[-117.46317,39.59761]}},{"type":"Feature","properties":{"acq_date":"2026-07-29","acq_time":1043,"confidence":"n","satellite":"N","instrument":"VIIRS","version":"2.0NRT","bright_ti4":330.88,"frp":3.73,"daynight":"N"},"geometry":{"type":"Point","coordinates":[-117.48698,39.59835]}},{"type":"Feature","properties":{"acq_date":"2026-07-29","acq_time":1043,"confidence":"n","satellite":"N","instrument":"VIIRS","version":"2.0NRT","bright_ti4":308.35,"frp":1.49,"daynight":"N"},"geometry":{"type":"Point","coordinates":[-117.46773,39.59887]}},{"type":"Feature","properties":{"acq_date":"2026-07-29","acq_time":1043,"confidence":"n","satellite":"N","instrument":"VIIRS","version":"2.0NRT","bright_ti4":311.2,"frp":3.09,"daynight":"N"},"geometry":{"type":"Point","coordinates":[-117.44748,39.59912]}},{"type":"Feature","properties":{"acq_date":"2026-07-29","acq_time":1043,"confidence":"n","satellite":"N","instrument":"VIIRS","version":"2.0NRT","bright_ti4":300.94,"frp":1.27,"daynight":"N"},"geometry":{"type":"Point","coordinates":[-117.47224,39.60012]}},{"type":"Feature","properties":{"acq_date":"2026-07-29","acq_time":1043,"confidence":"n","satellite":"N","instrument":"VIIRS","version":"2.0NRT","bright_ti4":331.77,"frp":3.53,"daynight":"N"},"geometry":{"type":"Point","coordinates":[-117.45219,39.60043]}},{"type":"Feature","properties":{"acq_date":"2026-07-29","acq_time":1043,"confidence":"n","satellite":"N","instrument":"VIIRS","version":"2.0NRT","bright_ti4":304.06,"frp":1.27,"daynight":"N"},"geometry":{"type":"Point","coordinates":[-117.4766,39.60133]}},{"type":"Feature","properties":{"acq_date":"2026-07-29","acq_time":1043,"confidence":"n","satellite":"N","instrument":"VIIRS","version":"2.0NRT","bright_ti4":321.21,"frp":3.53,"daynight":"N"},"geometry":{"type":"Point","coordinates":[-117.45684,39.60172]}},{"type":"Feature","properties":{"acq_date":"2026-07-29","acq_time":1043,"confidence":"n","satellite":"N","instrument":"VIIRS","version":"2.0NRT","bright_ti4":298.22,"frp":2.13,"daynight":"N"},"geometry":{"type":"Point","coordinates":[-117.48088,39.60251]}},{"type":"Feature","properties":{"acq_date":"2026-07-29","acq_time":1043,"confidence":"n","satellite":"N","instrument":"VIIRS","version":"2.0NRT","bright_ti4":301.92,"frp":1.49,"daynight":"N"},"geometry":{"type":"Point","coordinates":[-117.46148,39.603]}},{"type":"Feature","properties":{"acq_date":"2026-07-29","acq_time":1043,"confidence":"n","satellite":"N","instrument":"VIIRS","version":"2.0NRT","bright_ti4":334.63,"frp":2.13,"daynight":"N"},"geometry":{"type":"Point","coordinates":[-117.48512,39.60368]}},{"type":"Feature","properties":{"acq_date":"2026-07-29","acq_time":1043,"confidence":"n","satellite":"N","instrument":"VIIRS","version":"2.0NRT","bright_ti4":303.52,"frp":1.49,"daynight":"N"},"geometry":{"type":"Point","coordinates":[-117.46616,39.60429]}},{"type":"Feature","properties":{"acq_date":"2026-07-29","acq_time":1043,"confidence":"n","satellite":"N","instrument":"VIIRS","version":"2.0NRT","bright_ti4":306.28,"frp":1.27,"daynight":"N"},"geometry":{"type":"Point","coordinates":[-117.47088,39.60559]}},{"type":"Feature","properties":{"acq_date":"2026-07-29","acq_time":1043,"confidence":"n","satellite":"N","instrument":"VIIRS","version":"2.0NRT","bright_ti4":300.49,"frp":1.66,"daynight":"N"},"geometry":{"type":"Point","coordinates":[-117.45032,39.60577]}},{"type":"Feature","properties":{"acq_date":"2026-07-29","acq_time":1043,"confidence":"n","satellite":"N","instrument":"VIIRS","version":"2.0NRT","bright_ti4":304.05,"frp":1.27,"daynight":"N"},"geometry":{"type":"Point","coordinates":[-117.47533,39.60683]}},{"type":"Feature","properties":{"acq_date":"2026-07-29","acq_time":1043,"confidence":"n","satellite":"N","instrument":"VIIRS","version":"2.0NRT","bright_ti4":319.15,"frp":1.66,"daynight":"N"},"geometry":{"type":"Point","coordinates":[-117.45515,39.6071]}},{"type":"Feature","properties":{"acq_date":"2026-07-29","acq_time":1043,"confidence":"n","satellite":"N","instrument":"VIIRS","version":"2.0NRT","bright_ti4":315.33,"frp":2.13,"daynight":"N"},"geometry":{"type":"Point","coordinates":[-117.47961,39.60801]}},{"type":"Feature","properties":{"acq_date":"2026-07-29","acq_time":1043,"confidence":"n","satellite":"N","instrument":"VIIRS","version":"2.0NRT","bright_ti4":301.2,"frp":1.32,"daynight":"N"},"geometry":{"type":"Point","coordinates":[-117.46017,39.60849]}},{"type":"Feature","properties":{"acq_date":"2026-07-29","acq_time":1043,"confidence":"n","satellite":"N","instrument":"VIIRS","version":"2.0NRT","bright_ti4":314.4,"frp":2.13,"daynight":"N"},"geometry":{"type":"Point","coordinates":[-117.48372,39.60914]}},{"type":"Feature","properties":{"acq_date":"2026-07-29","acq_time":1043,"confidence":"n","satellite":"N","instrument":"VIIRS","version":"2.0NRT","bright_ti4":329.7,"frp":4.8,"daynight":"N"},"geometry":{"type":"Point","coordinates":[-117.48769,39.61024]}},{"type":"Feature","properties":{"acq_date":"2026-07-29","acq_time":1043,"confidence":"n","satellite":"N","instrument":"VIIRS","version":"2.0NRT","bright_ti4":297.69,"frp":0.99,"daynight":"N"},"geometry":{"type":"Point","coordinates":[-117.47005,39.61122]}},{"type":"Feature","properties":{"acq_date":"2026-07-29","acq_time":1043,"confidence":"n","satellite":"N","instrument":"VIIRS","version":"2.0NRT","bright_ti4":333.27,"frp":4.8,"daynight":"N"},"geometry":{"type":"Point","coordinates":[-117.49172,39.61135]}},{"type":"Feature","properties":{"acq_date":"2026-07-29","acq_time":1043,"confidence":"n","satellite":"N","instrument":"VIIRS","version":"2.0NRT","bright_ti4":306.76,"frp":0.99,"daynight":"N"},"geometry":{"type":"Point","coordinates":[-117.47444,39.61243]}},{"type":"Feature","properties":{"acq_date":"2026-07-29","acq_time":1043,"confidence":"n","satellite":"N","instrument":"VIIRS","version":"2.0NRT","bright_ti4":317.53,"frp":4.75,"daynight":"N"},"geometry":{"type":"Point","coordinates":[-117.49577,39.61247]}},{"type":"Feature","properties":{"acq_date":"2026-07-29","acq_time":1043,"confidence":"n","satellite":"N","instrument":"VIIRS","version":"2.0NRT","bright_ti4":303.04,"frp":1.4,"daynight":"N"},"geometry":{"type":"Point","coordinates":[-117.47853,39.61356]}},{"type":"Feature","properties":{"acq_date":"2026-07-29","acq_time":1043,"confidence":"n","satellite":"N","instrument":"VIIRS","version":"2.0NRT","bright_ti4":305.29,"frp":1.9,"daynight":"N"},"geometry":{"type":"Point","coordinates":[-117.50323,39.61453]}},{"type":"Feature","properties":{"acq_date":"2026-07-29","acq_time":1043,"confidence":"n","satellite":"N","instrument":"VIIRS","version":"2.0NRT","bright_ti4":309.35,"frp":1.4,"daynight":"N"},"geometry":{"type":"Point","coordinates":[-117.48249,39.61465]}},{"type":"Feature","properties":{"acq_date":"2026-07-29","acq_time":1043,"confidence":"n","satellite":"N","instrument":"VIIRS","version":"2.0NRT","bright_ti4":298,"frp":1.32,"daynight":"N"},"geometry":{"type":"Point","coordinates":[-117.46429,39.61548]}},{"type":"Feature","properties":{"acq_date":"2026-07-29","acq_time":1043,"confidence":"n","satellite":"N","instrument":"VIIRS","version":"2.0NRT","bright_ti4":324.31,"frp":1.9,"daynight":"N"},"geometry":{"type":"Point","coordinates":[-117.50687,39.61554]}},{"type":"Feature","properties":{"acq_date":"2026-07-29","acq_time":1043,"confidence":"n","satellite":"N","instrument":"VIIRS","version":"2.0NRT","bright_ti4":312.72,"frp":2.37,"daynight":"N"},"geometry":{"type":"Point","coordinates":[-117.48648,39.61575]}},{"type":"Feature","properties":{"acq_date":"2026-07-29","acq_time":1043,"confidence":"n","satellite":"N","instrument":"VIIRS","version":"2.0NRT","bright_ti4":309.71,"frp":2.32,"daynight":"N"},"geometry":{"type":"Point","coordinates":[-117.51048,39.61653]}},{"type":"Feature","properties":{"acq_date":"2026-07-29","acq_time":1043,"confidence":"n","satellite":"N","instrument":"VIIRS","version":"2.0NRT","bright_ti4":297.82,"frp":0.99,"daynight":"N"},"geometry":{"type":"Point","coordinates":[-117.46877,39.61671]}},{"type":"Feature","properties":{"acq_date":"2026-07-29","acq_time":1043,"confidence":"n","satellite":"N","instrument":"VIIRS","version":"2.0NRT","bright_ti4":321.92,"frp":2.37,"daynight":"N"},"geometry":{"type":"Point","coordinates":[-117.49055,39.61687]}},{"type":"Feature","properties":{"acq_date":"2026-07-29","acq_time":1043,"confidence":"n","satellite":"N","instrument":"VIIRS","version":"2.0NRT","bright_ti4":309.44,"frp":0.99,"daynight":"N"},"geometry":{"type":"Point","coordinates":[-117.4729,39.61785]}},{"type":"Feature","properties":{"acq_date":"2026-07-29","acq_time":1043,"confidence":"n","satellite":"N","instrument":"VIIRS","version":"2.0NRT","bright_ti4":321.4,"frp":2.18,"daynight":"N"},"geometry":{"type":"Point","coordinates":[-117.4945,39.61796]}},{"type":"Feature","properties":{"acq_date":"2026-07-29","acq_time":1043,"confidence":"n","satellite":"N","instrument":"VIIRS","version":"2.0NRT","bright_ti4":316.85,"frp":1.4,"daynight":"N"},"geometry":{"type":"Point","coordinates":[-117.47688,39.61895]}},{"type":"Feature","properties":{"acq_date":"2026-07-29","acq_time":1043,"confidence":"n","satellite":"N","instrument":"VIIRS","version":"2.0NRT","bright_ti4":309.28,"frp":2.18,"daynight":"N"},"geometry":{"type":"Point","coordinates":[-117.49835,39.61903]}},{"type":"Feature","properties":{"acq_date":"2026-07-29","acq_time":1043,"confidence":"n","satellite":"N","instrument":"VIIRS","version":"2.0NRT","bright_ti4":304.03,"frp":1.5,"daynight":"N"},"geometry":{"type":"Point","coordinates":[-119.26262,39.61953]}},{"type":"Feature","properties":{"acq_date":"2026-07-29","acq_time":1043,"confidence":"n","satellite":"N","instrument":"VIIRS","version":"2.0NRT","bright_ti4":332.64,"frp":4.16,"daynight":"N"},"geometry":{"type":"Point","coordinates":[-117.50215,39.62007]}},{"type":"Feature","properties":{"acq_date":"2026-07-29","acq_time":1043,"confidence":"n","satellite":"N","instrument":"VIIRS","version":"2.0NRT","bright_ti4":299.09,"frp":1.4,"daynight":"N"},"geometry":{"type":"Point","coordinates":[-117.48106,39.6201]}},{"type":"Feature","properties":{"acq_date":"2026-07-29","acq_time":1043,"confidence":"n","satellite":"N","instrument":"VIIRS","version":"2.0NRT","bright_ti4":333.47,"frp":4.16,"daynight":"N"},"geometry":{"type":"Point","coordinates":[-117.50568,39.62105]}},{"type":"Feature","properties":{"acq_date":"2026-07-29","acq_time":1043,"confidence":"n","satellite":"N","instrument":"VIIRS","version":"2.0NRT","bright_ti4":317.03,"frp":3.87,"daynight":"N"},"geometry":{"type":"Point","coordinates":[-117.50898,39.62196]}},{"type":"Feature","properties":{"acq_date":"2026-07-29","acq_time":1043,"confidence":"n","satellite":"N","instrument":"VIIRS","version":"2.0NRT","bright_ti4":300.6,"frp":0.52,"daynight":"N"},"geometry":{"type":"Point","coordinates":[-117.47589,39.62452]}},{"type":"Feature","properties":{"acq_date":"2026-07-29","acq_time":1043,"confidence":"n","satellite":"N","instrument":"VIIRS","version":"2.0NRT","bright_ti4":295.08,"frp":0.52,"daynight":"N"},"geometry":{"type":"Point","coordinates":[-117.48024,39.62571]}},{"type":"Feature","properties":{"acq_date":"2026-07-29","acq_time":1043,"confidence":"n","satellite":"N","instrument":"VIIRS","version":"2.0NRT","bright_ti4":315.44,"frp":2.08,"daynight":"N"},"geometry":{"type":"Point","coordinates":[-117.54436,39.62588]}},{"type":"Feature","properties":{"acq_date":"2026-07-29","acq_time":1043,"confidence":"n","satellite":"N","instrument":"VIIRS","version":"2.0NRT","bright_ti4":322.59,"frp":2.87,"daynight":"N"},"geometry":{"type":"Point","coordinates":[-117.54819,39.62695]}},{"type":"Feature","properties":{"acq_date":"2026-07-29","acq_time":1043,"confidence":"n","satellite":"N","instrument":"VIIRS","version":"2.0NRT","bright_ti4":296.67,"frp":1.46,"daynight":"N"},"geometry":{"type":"Point","coordinates":[-117.54193,39.63104]}},{"type":"Feature","properties":{"acq_date":"2026-07-29","acq_time":1043,"confidence":"n","satellite":"N","instrument":"VIIRS","version":"2.0NRT","bright_ti4":321.17,"frp":1.46,"daynight":"N"},"geometry":{"type":"Point","coordinates":[-117.53954,39.63621]}},{"type":"Feature","properties":{"acq_date":"2026-07-29","acq_time":1043,"confidence":"n","satellite":"N","instrument":"VIIRS","version":"2.0NRT","bright_ti4":315.74,"frp":4.16,"daynight":"N"},"geometry":{"type":"Point","coordinates":[-117.54335,39.63726]}},{"type":"Feature","properties":{"acq_date":"2026-07-29","acq_time":1043,"confidence":"n","satellite":"N","instrument":"VIIRS","version":"2.0NRT","bright_ti4":303.64,"frp":2.23,"daynight":"N"},"geometry":{"type":"Point","coordinates":[-117.53331,39.64032]}},{"type":"Feature","properties":{"acq_date":"2026-07-29","acq_time":1043,"confidence":"n","satellite":"N","instrument":"VIIRS","version":"2.0NRT","bright_ti4":308.38,"frp":1.17,"daynight":"N"},"geometry":{"type":"Point","coordinates":[-117.51361,39.64074]}},{"type":"Feature","properties":{"acq_date":"2026-07-29","acq_time":1043,"confidence":"n","satellite":"N","instrument":"VIIRS","version":"2.0NRT","bright_ti4":323.38,"frp":2.23,"daynight":"N"},"geometry":{"type":"Point","coordinates":[-117.53709,39.64137]}},{"type":"Feature","properties":{"acq_date":"2026-07-29","acq_time":1043,"confidence":"n","satellite":"N","instrument":"VIIRS","version":"2.0NRT","bright_ti4":300.65,"frp":1.42,"daynight":"N"},"geometry":{"type":"Point","coordinates":[-117.51693,39.64165]}},{"type":"Feature","properties":{"acq_date":"2026-07-29","acq_time":1043,"confidence":"n","satellite":"N","instrument":"VIIRS","version":"2.0NRT","bright_ti4":355.71,"frp":14.52,"daynight":"N"},"geometry":{"type":"Point","coordinates":[-117.54092,39.64242]}},{"type":"Feature","properties":{"acq_date":"2026-07-29","acq_time":1043,"confidence":"h","satellite":"N","instrument":"VIIRS","version":"2.0NRT","bright_ti4":367,"frp":14.52,"daynight":"N"},"geometry":{"type":"Point","coordinates":[-117.54478,39.64348]}},{"type":"Feature","properties":{"acq_date":"2026-07-29","acq_time":1043,"confidence":"n","satellite":"N","instrument":"VIIRS","version":"2.0NRT","bright_ti4":326.65,"frp":2.23,"daynight":"N"},"geometry":{"type":"Point","coordinates":[-117.53084,39.64547]}},{"type":"Feature","properties":{"acq_date":"2026-07-29","acq_time":1043,"confidence":"n","satellite":"N","instrument":"VIIRS","version":"2.0NRT","bright_ti4":299.42,"frp":1.17,"daynight":"N"},"geometry":{"type":"Point","coordinates":[-117.51199,39.64612]}},{"type":"Feature","properties":{"acq_date":"2026-07-29","acq_time":1043,"confidence":"n","satellite":"N","instrument":"VIIRS","version":"2.0NRT","bright_ti4":296.35,"frp":2.23,"daynight":"N"},"geometry":{"type":"Point","coordinates":[-117.53461,39.64651]}},{"type":"Feature","properties":{"acq_date":"2026-07-29","acq_time":1043,"confidence":"n","satellite":"N","instrument":"VIIRS","version":"2.0NRT","bright_ti4":297.97,"frp":1.47,"daynight":"N"},"geometry":{"type":"Point","coordinates":[-120.11424,39.70394]}},{"type":"Feature","properties":{"acq_date":"2026-07-29","acq_time":1043,"confidence":"n","satellite":"N","instrument":"VIIRS","version":"2.0NRT","bright_ti4":299.28,"frp":0.84,"daynight":"N"},"geometry":{"type":"Point","coordinates":[-120.11462,39.70426]}},{"type":"Feature","properties":{"acq_date":"2026-07-29","acq_time":1043,"confidence":"n","satellite":"N","instrument":"VIIRS","version":"2.0NRT","bright_ti4":295.6,"frp":1.51,"daynight":"N"},"geometry":{"type":"Point","coordinates":[-120.12271,39.70631]}},{"type":"Feature","properties":{"acq_date":"2026-07-29","acq_time":1043,"confidence":"n","satellite":"N","instrument":"VIIRS","version":"2.0NRT","bright_ti4":298.18,"frp":1.47,"daynight":"N"},"geometry":{"type":"Point","coordinates":[-120.11134,39.70829]}},{"type":"Feature","properties":{"acq_date":"2026-07-29","acq_time":1043,"confidence":"n","satellite":"N","instrument":"VIIRS","version":"2.0NRT","bright_ti4":300.57,"frp":0.84,"daynight":"N"},"geometry":{"type":"Point","coordinates":[-120.11163,39.70857]}},{"type":"Feature","properties":{"acq_date":"2026-07-29","acq_time":1043,"confidence":"n","satellite":"N","instrument":"VIIRS","version":"2.0NRT","bright_ti4":309.55,"frp":1.47,"daynight":"N"},"geometry":{"type":"Point","coordinates":[-120.11873,39.71009]}},{"type":"Feature","properties":{"acq_date":"2026-07-29","acq_time":1043,"confidence":"n","satellite":"N","instrument":"VIIRS","version":"2.0NRT","bright_ti4":304.79,"frp":1.51,"daynight":"N"},"geometry":{"type":"Point","coordinates":[-120.11894,39.71041]}},{"type":"Feature","properties":{"acq_date":"2026-07-29","acq_time":1043,"confidence":"n","satellite":"N","instrument":"VIIRS","version":"2.0NRT","bright_ti4":327.36,"frp":3.54,"daynight":"N"},"geometry":{"type":"Point","coordinates":[-120.14256,39.71088]}},{"type":"Feature","properties":{"acq_date":"2026-07-29","acq_time":1043,"confidence":"n","satellite":"N","instrument":"VIIRS","version":"2.0NRT","bright_ti4":330.71,"frp":2.18,"daynight":"N"},"geometry":{"type":"Point","coordinates":[-120.14259,39.71131]}},{"type":"Feature","properties":{"acq_date":"2026-07-29","acq_time":1043,"confidence":"n","satellite":"N","instrument":"VIIRS","version":"2.0NRT","bright_ti4":295.92,"frp":2.18,"daynight":"N"},"geometry":{"type":"Point","coordinates":[-120.13162,39.7136]}},{"type":"Feature","properties":{"acq_date":"2026-07-29","acq_time":1043,"confidence":"n","satellite":"N","instrument":"VIIRS","version":"2.0NRT","bright_ti4":308.4,"frp":3.54,"daynight":"N"},"geometry":{"type":"Point","coordinates":[-120.13848,39.71493]}},{"type":"Feature","properties":{"acq_date":"2026-07-29","acq_time":1043,"confidence":"n","satellite":"N","instrument":"VIIRS","version":"2.0NRT","bright_ti4":302.84,"frp":2.18,"daynight":"N"},"geometry":{"type":"Point","coordinates":[-120.13864,39.71537]}},{"type":"Feature","properties":{"acq_date":"2026-07-29","acq_time":1043,"confidence":"n","satellite":"N","instrument":"VIIRS","version":"2.0NRT","bright_ti4":296.87,"frp":0.4,"daynight":"N"},"geometry":{"type":"Point","coordinates":[-117.48897,39.74031]}},{"type":"Feature","properties":{"acq_date":"2026-07-29","acq_time":1043,"confidence":"n","satellite":"N","instrument":"VIIRS","version":"2.0NRT","bright_ti4":314,"frp":2.02,"daynight":"N"},"geometry":{"type":"Point","coordinates":[-114.26156,40.82145]}},{"type":"Feature","properties":{"acq_date":"2026-07-29","acq_time":1043,"confidence":"n","satellite":"N","instrument":"VIIRS","version":"2.0NRT","bright_ti4":304.26,"frp":0.87,"daynight":"N"},"geometry":{"type":"Point","coordinates":[-117.00625,42.40763]}},{"type":"Feature","properties":{"acq_date":"2026-07-29","acq_time":1043,"confidence":"n","satellite":"N","instrument":"VIIRS","version":"2.0NRT","bright_ti4":306.18,"frp":0.91,"daynight":"N"},"geometry":{"type":"Point","coordinates":[-117.01014,42.4087]}},{"type":"Feature","properties":{"acq_date":"2026-07-29","acq_time":1043,"confidence":"n","satellite":"N","instrument":"VIIRS","version":"2.0NRT","bright_ti4":308.81,"frp":0.91,"daynight":"N"},"geometry":{"type":"Point","coordinates":[-117.01398,42.40975]}},{"type":"Feature","properties":{"acq_date":"2026-07-29","acq_time":1043,"confidence":"n","satellite":"N","instrument":"VIIRS","version":"2.0NRT","bright_ti4":307.58,"frp":0.87,"daynight":"N"},"geometry":{"type":"Point","coordinates":[-117.00345,42.41244]}},{"type":"Feature","properties":{"acq_date":"2026-07-29","acq_time":1043,"confidence":"n","satellite":"N","instrument":"VIIRS","version":"2.0NRT","bright_ti4":301.85,"frp":0.91,"daynight":"N"},"geometry":{"type":"Point","coordinates":[-117.00733,42.41351]}},{"type":"Feature","properties":{"acq_date":"2026-07-29","acq_time":1043,"confidence":"n","satellite":"N","instrument":"VIIRS","version":"2.0NRT","bright_ti4":304.99,"frp":0.91,"daynight":"N"},"geometry":{"type":"Point","coordinates":[-117.01117,42.41455]}},{"type":"Feature","properties":{"acq_date":"2026-07-29","acq_time":1043,"confidence":"n","satellite":"N","instrument":"VIIRS","version":"2.0NRT","bright_ti4":312.54,"frp":1.15,"daynight":"N"},"geometry":{"type":"Point","coordinates":[-116.9968,42.41619]}},{"type":"Feature","properties":{"acq_date":"2026-07-29","acq_time":1043,"confidence":"n","satellite":"N","instrument":"VIIRS","version":"2.0NRT","bright_ti4":301.4,"frp":0.98,"daynight":"N"},"geometry":{"type":"Point","coordinates":[-117.01872,42.41662]}},{"type":"Feature","properties":{"acq_date":"2026-07-29","acq_time":1043,"confidence":"n","satellite":"N","instrument":"VIIRS","version":"2.0NRT","bright_ti4":303.63,"frp":1.15,"daynight":"N"},"geometry":{"type":"Point","coordinates":[-117.00063,42.41725]}},{"type":"Feature","properties":{"acq_date":"2026-07-29","acq_time":1043,"confidence":"n","satellite":"N","instrument":"VIIRS","version":"2.0NRT","bright_ti4":309.57,"frp":1.05,"daynight":"N"},"geometry":{"type":"Point","coordinates":[-117.00447,42.41829]}},{"type":"Feature","properties":{"acq_date":"2026-07-29","acq_time":1043,"confidence":"n","satellite":"N","instrument":"VIIRS","version":"2.0NRT","bright_ti4":301.6,"frp":1.05,"daynight":"N"},"geometry":{"type":"Point","coordinates":[-117.00829,42.41934]}},{"type":"Feature","properties":{"acq_date":"2026-07-29","acq_time":1043,"confidence":"n","satellite":"N","instrument":"VIIRS","version":"2.0NRT","bright_ti4":301.74,"frp":1.19,"daynight":"N"},"geometry":{"type":"Point","coordinates":[-116.95358,42.42114]}},{"type":"Feature","properties":{"acq_date":"2026-07-29","acq_time":1043,"confidence":"n","satellite":"N","instrument":"VIIRS","version":"2.0NRT","bright_ti4":308.15,"frp":1.55,"daynight":"N"},"geometry":{"type":"Point","coordinates":[-116.95736,42.42217]}},{"type":"Feature","properties":{"acq_date":"2026-07-29","acq_time":1043,"confidence":"n","satellite":"N","instrument":"VIIRS","version":"2.0NRT","bright_ti4":308.97,"frp":1.05,"daynight":"N"},"geometry":{"type":"Point","coordinates":[-117.00177,42.42313]}},{"type":"Feature","properties":{"acq_date":"2026-07-29","acq_time":1043,"confidence":"n","satellite":"N","instrument":"VIIRS","version":"2.0NRT","bright_ti4":308.45,"frp":1.05,"daynight":"N"},"geometry":{"type":"Point","coordinates":[-117.00561,42.42418]}},{"type":"Feature","properties":{"acq_date":"2026-07-29","acq_time":1043,"confidence":"n","satellite":"N","instrument":"VIIRS","version":"2.0NRT","bright_ti4":296.61,"frp":1.24,"daynight":"N"},"geometry":{"type":"Point","coordinates":[-116.99531,42.42694]}},{"type":"Feature","properties":{"acq_date":"2026-07-29","acq_time":1043,"confidence":"n","satellite":"N","instrument":"VIIRS","version":"2.0NRT","bright_ti4":346.84,"frp":3.73,"daynight":"N"},"geometry":{"type":"Point","coordinates":[-117.03899,42.42772]}},{"type":"Feature","properties":{"acq_date":"2026-07-29","acq_time":1043,"confidence":"n","satellite":"N","instrument":"VIIRS","version":"2.0NRT","bright_ti4":301.98,"frp":1.21,"daynight":"N"},"geometry":{"type":"Point","coordinates":[-116.99918,42.428]}},{"type":"Feature","properties":{"acq_date":"2026-07-29","acq_time":1043,"confidence":"n","satellite":"N","instrument":"VIIRS","version":"2.0NRT","bright_ti4":300.5,"frp":5.21,"daynight":"N"},"geometry":{"type":"Point","coordinates":[-117.04285,42.42878]}},{"type":"Feature","properties":{"acq_date":"2026-07-29","acq_time":1043,"confidence":"n","satellite":"N","instrument":"VIIRS","version":"2.0NRT","bright_ti4":305.45,"frp":1.21,"daynight":"N"},"geometry":{"type":"Point","coordinates":[-117.00307,42.42906]}},{"type":"Feature","properties":{"acq_date":"2026-07-29","acq_time":1043,"confidence":"n","satellite":"N","instrument":"VIIRS","version":"2.0NRT","bright_ti4":306.39,"frp":2,"daynight":"N"},"geometry":{"type":"Point","coordinates":[-117.00699,42.43013]}},{"type":"Feature","properties":{"acq_date":"2026-07-29","acq_time":1043,"confidence":"n","satellite":"N","instrument":"VIIRS","version":"2.0NRT","bright_ti4":326.51,"frp":3.73,"daynight":"N"},"geometry":{"type":"Point","coordinates":[-117.03654,42.43261]}},{"type":"Feature","properties":{"acq_date":"2026-07-29","acq_time":1043,"confidence":"n","satellite":"N","instrument":"VIIRS","version":"2.0NRT","bright_ti4":302.72,"frp":1.32,"daynight":"N"},"geometry":{"type":"Point","coordinates":[-116.99657,42.47182]}},{"type":"Feature","properties":{"acq_date":"2026-07-29","acq_time":1043,"confidence":"n","satellite":"N","instrument":"VIIRS","version":"2.0NRT","bright_ti4":302.97,"frp":0.99,"daynight":"N"},"geometry":{"type":"Point","coordinates":[-116.97643,42.47326]}},{"type":"Feature","properties":{"acq_date":"2026-07-29","acq_time":1043,"confidence":"n","satellite":"N","instrument":"VIIRS","version":"2.0NRT","bright_ti4":299.36,"frp":1.07,"daynight":"N"},"geometry":{"type":"Point","coordinates":[-116.99812,42.47367]}},{"type":"Feature","properties":{"acq_date":"2026-07-29","acq_time":1043,"confidence":"n","satellite":"N","instrument":"VIIRS","version":"2.0NRT","bright_ti4":304.1,"frp":1.42,"daynight":"N"},"geometry":{"type":"Point","coordinates":[-116.9866,42.4747]}},{"type":"Feature","properties":{"acq_date":"2026-07-29","acq_time":1043,"confidence":"n","satellite":"N","instrument":"VIIRS","version":"2.0NRT","bright_ti4":303.56,"frp":1.75,"daynight":"N"},"geometry":{"type":"Point","coordinates":[-116.98425,42.47541]}},{"type":"Feature","properties":{"acq_date":"2026-07-29","acq_time":1043,"confidence":"n","satellite":"N","instrument":"VIIRS","version":"2.0NRT","bright_ti4":304.95,"frp":1.42,"daynight":"N"},"geometry":{"type":"Point","coordinates":[-116.99051,42.47575]}},{"type":"Feature","properties":{"acq_date":"2026-07-29","acq_time":1043,"confidence":"n","satellite":"N","instrument":"VIIRS","version":"2.0NRT","bright_ti4":312.53,"frp":2,"daynight":"N"},"geometry":{"type":"Point","coordinates":[-116.98814,42.47649]}},{"type":"Feature","properties":{"acq_date":"2026-07-29","acq_time":1043,"confidence":"n","satellite":"N","instrument":"VIIRS","version":"2.0NRT","bright_ti4":306.18,"frp":1.32,"daynight":"N"},"geometry":{"type":"Point","coordinates":[-116.99445,42.47681]}},{"type":"Feature","properties":{"acq_date":"2026-07-29","acq_time":1043,"confidence":"n","satellite":"N","instrument":"VIIRS","version":"2.0NRT","bright_ti4":310.19,"frp":2,"daynight":"N"},"geometry":{"type":"Point","coordinates":[-116.99206,42.47757]}},{"type":"Feature","properties":{"acq_date":"2026-07-29","acq_time":1043,"confidence":"n","satellite":"N","instrument":"VIIRS","version":"2.0NRT","bright_ti4":300.26,"frp":1.07,"daynight":"N"},"geometry":{"type":"Point","coordinates":[-116.99598,42.47865]}},{"type":"Feature","properties":{"acq_date":"2026-07-29","acq_time":1043,"confidence":"n","satellite":"N","instrument":"VIIRS","version":"2.0NRT","bright_ti4":311.17,"frp":1.96,"daynight":"N"},"geometry":{"type":"Point","coordinates":[-116.98437,42.47966]}},{"type":"Feature","properties":{"acq_date":"2026-07-29","acq_time":1043,"confidence":"n","satellite":"N","instrument":"VIIRS","version":"2.0NRT","bright_ti4":321.29,"frp":1.96,"daynight":"N"},"geometry":{"type":"Point","coordinates":[-116.98831,42.48072]}},{"type":"Feature","properties":{"acq_date":"2026-07-29","acq_time":1043,"confidence":"n","satellite":"N","instrument":"VIIRS","version":"2.0NRT","bright_ti4":313,"frp":1.14,"daynight":"N"},"geometry":{"type":"Point","coordinates":[-116.98592,42.48145]}},{"type":"Feature","properties":{"acq_date":"2026-07-29","acq_time":1043,"confidence":"n","satellite":"N","instrument":"VIIRS","version":"2.0NRT","bright_ti4":301.25,"frp":1.14,"daynight":"N"},"geometry":{"type":"Point","coordinates":[-116.98988,42.48254]}},{"type":"Feature","properties":{"acq_date":"2026-07-29","acq_time":1043,"confidence":"n","satellite":"N","instrument":"VIIRS","version":"2.0NRT","bright_ti4":299.28,"frp":1.23,"daynight":"N"},"geometry":{"type":"Point","coordinates":[-116.91489,42.48981]}},{"type":"Feature","properties":{"acq_date":"2026-07-29","acq_time":1043,"confidence":"n","satellite":"N","instrument":"VIIRS","version":"2.0NRT","bright_ti4":326.14,"frp":3.25,"daynight":"N"},"geometry":{"type":"Point","coordinates":[-116.91254,42.49475]}},{"type":"Feature","properties":{"acq_date":"2026-07-29","acq_time":1043,"confidence":"n","satellite":"N","instrument":"VIIRS","version":"2.0NRT","bright_ti4":324.27,"frp":2.11,"daynight":"N"},"geometry":{"type":"Point","coordinates":[-116.91615,42.49575]}},{"type":"Feature","properties":{"acq_date":"2026-07-29","acq_time":1043,"confidence":"n","satellite":"N","instrument":"VIIRS","version":"2.0NRT","bright_ti4":300.78,"frp":0.89,"daynight":"N"},"geometry":{"type":"Point","coordinates":[-116.93795,42.49615]}},{"type":"Feature","properties":{"acq_date":"2026-07-29","acq_time":1043,"confidence":"n","satellite":"N","instrument":"VIIRS","version":"2.0NRT","bright_ti4":308.32,"frp":2.11,"daynight":"N"},"geometry":{"type":"Point","coordinates":[-116.91982,42.49675]}},{"type":"Feature","properties":{"acq_date":"2026-07-29","acq_time":1043,"confidence":"n","satellite":"N","instrument":"VIIRS","version":"2.0NRT","bright_ti4":317.46,"frp":2.81,"daynight":"N"},"geometry":{"type":"Point","coordinates":[-116.94187,42.49723]}},{"type":"Feature","properties":{"acq_date":"2026-07-29","acq_time":1043,"confidence":"n","satellite":"N","instrument":"VIIRS","version":"2.0NRT","bright_ti4":301.66,"frp":1.21,"daynight":"N"},"geometry":{"type":"Point","coordinates":[-116.92368,42.49782]}},{"type":"Feature","properties":{"acq_date":"2026-07-29","acq_time":1043,"confidence":"n","satellite":"N","instrument":"VIIRS","version":"2.0NRT","bright_ti4":342.65,"frp":2.81,"daynight":"N"},"geometry":{"type":"Point","coordinates":[-116.94575,42.49829]}},{"type":"Feature","properties":{"acq_date":"2026-07-29","acq_time":1043,"confidence":"n","satellite":"N","instrument":"VIIRS","version":"2.0NRT","bright_ti4":304.15,"frp":1.21,"daynight":"N"},"geometry":{"type":"Point","coordinates":[-116.92773,42.49892]}},{"type":"Feature","properties":{"acq_date":"2026-07-29","acq_time":1043,"confidence":"n","satellite":"N","instrument":"VIIRS","version":"2.0NRT","bright_ti4":303.24,"frp":1.02,"daynight":"N"},"geometry":{"type":"Point","coordinates":[-116.93182,42.50005]}},{"type":"Feature","properties":{"acq_date":"2026-07-29","acq_time":1043,"confidence":"n","satellite":"N","instrument":"VIIRS","version":"2.0NRT","bright_ti4":309.96,"frp":1.02,"daynight":"N"},"geometry":{"type":"Point","coordinates":[-116.93588,42.50116]}},{"type":"Feature","properties":{"acq_date":"2026-07-29","acq_time":1043,"confidence":"n","satellite":"N","instrument":"VIIRS","version":"2.0NRT","bright_ti4":313.06,"frp":2.11,"daynight":"N"},"geometry":{"type":"Point","coordinates":[-116.91749,42.5017]}},{"type":"Feature","properties":{"acq_date":"2026-07-29","acq_time":1043,"confidence":"n","satellite":"N","instrument":"VIIRS","version":"2.0NRT","bright_ti4":309.51,"frp":0.85,"daynight":"N"},"geometry":{"type":"Point","coordinates":[-116.93989,42.50226]}},{"type":"Feature","properties":{"acq_date":"2026-07-29","acq_time":1043,"confidence":"n","satellite":"N","instrument":"VIIRS","version":"2.0NRT","bright_ti4":304.99,"frp":1.21,"daynight":"N"},"geometry":{"type":"Point","coordinates":[-116.92147,42.5028]}},{"type":"Feature","properties":{"acq_date":"2026-07-29","acq_time":1043,"confidence":"n","satellite":"N","instrument":"VIIRS","version":"2.0NRT","bright_ti4":304.22,"frp":0.85,"daynight":"N"},"geometry":{"type":"Point","coordinates":[-116.94376,42.50333]}},{"type":"Feature","properties":{"acq_date":"2026-07-29","acq_time":1043,"confidence":"n","satellite":"N","instrument":"VIIRS","version":"2.0NRT","bright_ti4":313.47,"frp":1.21,"daynight":"N"},"geometry":{"type":"Point","coordinates":[-116.92557,42.50392]}},{"type":"Feature","properties":{"acq_date":"2026-07-29","acq_time":1043,"confidence":"n","satellite":"N","instrument":"VIIRS","version":"2.0NRT","bright_ti4":306.34,"frp":1.02,"daynight":"N"},"geometry":{"type":"Point","coordinates":[-116.92974,42.50506]}},{"type":"Feature","properties":{"acq_date":"2026-07-29","acq_time":1043,"confidence":"n","satellite":"N","instrument":"VIIRS","version":"2.0NRT","bright_ti4":303.76,"frp":1.02,"daynight":"N"},"geometry":{"type":"Point","coordinates":[-116.93379,42.50617]}},{"type":"Feature","properties":{"acq_date":"2026-07-29","acq_time":1043,"confidence":"n","satellite":"N","instrument":"VIIRS","version":"2.0NRT","bright_ti4":303.71,"frp":0.85,"daynight":"N"},"geometry":{"type":"Point","coordinates":[-116.93784,42.50728]}},{"type":"Feature","properties":{"acq_date":"2026-07-29","acq_time":1043,"confidence":"n","satellite":"N","instrument":"VIIRS","version":"2.0NRT","bright_ti4":306.47,"frp":1.08,"daynight":"N"},"geometry":{"type":"Point","coordinates":[-116.91915,42.50774]}},{"type":"Feature","properties":{"acq_date":"2026-07-29","acq_time":1043,"confidence":"n","satellite":"N","instrument":"VIIRS","version":"2.0NRT","bright_ti4":303.84,"frp":0.85,"daynight":"N"},"geometry":{"type":"Point","coordinates":[-116.94179,42.50836]}},{"type":"Feature","properties":{"acq_date":"2026-07-29","acq_time":1043,"confidence":"n","satellite":"N","instrument":"VIIRS","version":"2.0NRT","bright_ti4":306.48,"frp":1.08,"daynight":"N"},"geometry":{"type":"Point","coordinates":[-116.92326,42.50887]}},{"type":"Feature","properties":{"acq_date":"2026-07-29","acq_time":1043,"confidence":"n","satellite":"N","instrument":"VIIRS","version":"2.0NRT","bright_ti4":298.87,"frp":1.45,"daynight":"N"},"geometry":{"type":"Point","coordinates":[-116.94569,42.50943]}},{"type":"Feature","properties":{"acq_date":"2026-07-29","acq_time":1043,"confidence":"n","satellite":"N","instrument":"VIIRS","version":"2.0NRT","bright_ti4":298.48,"frp":0.59,"daynight":"N"},"geometry":{"type":"Point","coordinates":[-116.92738,42.51]}},{"type":"Feature","properties":{"acq_date":"2026-07-29","acq_time":1043,"confidence":"n","satellite":"N","instrument":"VIIRS","version":"2.0NRT","bright_ti4":298.84,"frp":0.59,"daynight":"N"},"geometry":{"type":"Point","coordinates":[-116.93146,42.51112]}},{"type":"Feature","properties":{"acq_date":"2026-07-29","acq_time":1043,"confidence":"n","satellite":"N","instrument":"VIIRS","version":"2.0NRT","bright_ti4":299.29,"frp":0.64,"daynight":"N"},"geometry":{"type":"Point","coordinates":[-116.9355,42.51222]}},{"type":"Feature","properties":{"acq_date":"2026-07-29","acq_time":1043,"confidence":"n","satellite":"N","instrument":"VIIRS","version":"2.0NRT","bright_ti4":296.69,"frp":0.64,"daynight":"N"},"geometry":{"type":"Point","coordinates":[-116.93953,42.51332]}},{"type":"Feature","properties":{"acq_date":"2026-07-29","acq_time":1043,"confidence":"n","satellite":"N","instrument":"VIIRS","version":"2.0NRT","bright_ti4":302.07,"frp":1.68,"daynight":"N"},"geometry":{"type":"Point","coordinates":[-116.95088,42.51643]}},{"type":"Feature","properties":{"acq_date":"2026-07-29","acq_time":1043,"confidence":"n","satellite":"N","instrument":"VIIRS","version":"2.0NRT","bright_ti4":298.05,"frp":0.67,"daynight":"N"},"geometry":{"type":"Point","coordinates":[-116.91832,42.53543]}},{"type":"Feature","properties":{"acq_date":"2026-07-29","acq_time":1043,"confidence":"n","satellite":"N","instrument":"VIIRS","version":"2.0NRT","bright_ti4":299.67,"frp":0.71,"daynight":"N"},"geometry":{"type":"Point","coordinates":[-116.94082,42.53598]}},{"type":"Feature","properties":{"acq_date":"2026-07-29","acq_time":1043,"confidence":"n","satellite":"N","instrument":"VIIRS","version":"2.0NRT","bright_ti4":301.22,"frp":1.28,"daynight":"N"},"geometry":{"type":"Point","coordinates":[-116.92238,42.53653]}},{"type":"Feature","properties":{"acq_date":"2026-07-29","acq_time":1043,"confidence":"n","satellite":"N","instrument":"VIIRS","version":"2.0NRT","bright_ti4":309.92,"frp":0.71,"daynight":"N"},"geometry":{"type":"Point","coordinates":[-116.94461,42.53701]}},{"type":"Feature","properties":{"acq_date":"2026-07-29","acq_time":1043,"confidence":"n","satellite":"N","instrument":"VIIRS","version":"2.0NRT","bright_ti4":308.3,"frp":1.05,"daynight":"N"},"geometry":{"type":"Point","coordinates":[-117.10294,42.5579]}},{"type":"Feature","properties":{"acq_date":"2026-07-29","acq_time":1043,"confidence":"n","satellite":"N","instrument":"VIIRS","version":"2.0NRT","bright_ti4":297.97,"frp":1.05,"daynight":"N"},"geometry":{"type":"Point","coordinates":[-117.10658,42.55889]}},{"type":"Feature","properties":{"acq_date":"2026-07-29","acq_time":1043,"confidence":"n","satellite":"N","instrument":"VIIRS","version":"2.0NRT","bright_ti4":304.68,"frp":1.05,"daynight":"N"},"geometry":{"type":"Point","coordinates":[-117.09998,42.56262]}},{"type":"Feature","properties":{"acq_date":"2026-07-29","acq_time":1043,"confidence":"n","satellite":"N","instrument":"VIIRS","version":"2.0NRT","bright_ti4":301.17,"frp":0.96,"daynight":"N"},"geometry":{"type":"Point","coordinates":[-116.91389,42.56768]}},{"type":"Feature","properties":{"acq_date":"2026-07-29","acq_time":1043,"confidence":"n","satellite":"N","instrument":"VIIRS","version":"2.0NRT","bright_ti4":295.8,"frp":1.04,"daynight":"N"},"geometry":{"type":"Point","coordinates":[-116.87985,42.57715]}},{"type":"Feature","properties":{"acq_date":"2026-07-29","acq_time":1043,"confidence":"n","satellite":"N","instrument":"VIIRS","version":"2.0NRT","bright_ti4":299.65,"frp":0.73,"daynight":"N"},"geometry":{"type":"Point","coordinates":[-116.86973,42.59673]}},{"type":"Feature","properties":{"acq_date":"2026-07-29","acq_time":1043,"confidence":"n","satellite":"N","instrument":"VIIRS","version":"2.0NRT","bright_ti4":302.39,"frp":0.99,"daynight":"N"},"geometry":{"type":"Point","coordinates":[-116.87367,42.59781]}},{"type":"Feature","properties":{"acq_date":"2026-07-29","acq_time":1043,"confidence":"n","satellite":"N","instrument":"VIIRS","version":"2.0NRT","bright_ti4":299.05,"frp":0.37,"daynight":"N"},"geometry":{"type":"Point","coordinates":[-116.852,42.63654]}},{"type":"Feature","properties":{"acq_date":"2026-07-29","acq_time":1043,"confidence":"n","satellite":"N","instrument":"VIIRS","version":"2.0NRT","bright_ti4":306.89,"frp":1.02,"daynight":"N"},"geometry":{"type":"Point","coordinates":[-116.87724,42.76731]}},{"type":"Feature","properties":{"acq_date":"2026-07-29","acq_time":1043,"confidence":"n","satellite":"N","instrument":"VIIRS","version":"2.0NRT","bright_ti4":348.88,"frp":4.96,"daynight":"N"},"geometry":{"type":"Point","coordinates":[-116.90685,42.76978]}},{"type":"Feature","properties":{"acq_date":"2026-07-29","acq_time":1043,"confidence":"n","satellite":"N","instrument":"VIIRS","version":"2.0NRT","bright_ti4":318.24,"frp":4.36,"daynight":"N"},"geometry":{"type":"Point","coordinates":[-116.91105,42.77092]}},{"type":"Feature","properties":{"acq_date":"2026-07-29","acq_time":1043,"confidence":"n","satellite":"N","instrument":"VIIRS","version":"2.0NRT","bright_ti4":314.4,"frp":2.18,"daynight":"N"},"geometry":{"type":"Point","coordinates":[-116.80389,42.77179]}},{"type":"Feature","properties":{"acq_date":"2026-07-29","acq_time":1043,"confidence":"n","satellite":"N","instrument":"VIIRS","version":"2.0NRT","bright_ti4":308.08,"frp":2.77,"daynight":"N"},"geometry":{"type":"Point","coordinates":[-116.79559,42.77304]}},{"type":"Feature","properties":{"acq_date":"2026-07-29","acq_time":1043,"confidence":"n","satellite":"N","instrument":"VIIRS","version":"2.0NRT","bright_ti4":335.07,"frp":2.77,"daynight":"N"},"geometry":{"type":"Point","coordinates":[-116.79964,42.77413]}},{"type":"Feature","properties":{"acq_date":"2026-07-29","acq_time":1043,"confidence":"n","satellite":"N","instrument":"VIIRS","version":"2.0NRT","bright_ti4":330.2,"frp":5.43,"daynight":"N"},"geometry":{"type":"Point","coordinates":[-116.80382,42.77526]}},{"type":"Feature","properties":{"acq_date":"2026-07-29","acq_time":1043,"confidence":"n","satellite":"N","instrument":"VIIRS","version":"2.0NRT","bright_ti4":319.08,"frp":2.18,"daynight":"N"},"geometry":{"type":"Point","coordinates":[-116.7966,42.77536]}},{"type":"Feature","properties":{"acq_date":"2026-07-29","acq_time":1043,"confidence":"n","satellite":"N","instrument":"VIIRS","version":"2.0NRT","bright_ti4":334.29,"frp":2.18,"daynight":"N"},"geometry":{"type":"Point","coordinates":[-116.80058,42.77646]}},{"type":"Feature","properties":{"acq_date":"2026-07-29","acq_time":1043,"confidence":"n","satellite":"N","instrument":"VIIRS","version":"2.0NRT","bright_ti4":306.4,"frp":2,"daynight":"N"},"geometry":{"type":"Point","coordinates":[-116.79772,42.78125]}},{"type":"Feature","properties":{"acq_date":"2026-07-29","acq_time":1043,"confidence":"n","satellite":"N","instrument":"VIIRS","version":"2.0NRT","bright_ti4":300.85,"frp":1.12,"daynight":"N"},"geometry":{"type":"Point","coordinates":[-116.80954,42.78452]}},{"type":"Feature","properties":{"acq_date":"2026-07-29","acq_time":1043,"confidence":"n","satellite":"N","instrument":"VIIRS","version":"2.0NRT","bright_ti4":297.58,"frp":1.05,"daynight":"N"},"geometry":{"type":"Point","coordinates":[-116.82494,42.78876]}},{"type":"Feature","properties":{"acq_date":"2026-07-29","acq_time":1043,"confidence":"n","satellite":"N","instrument":"VIIRS","version":"2.0NRT","bright_ti4":310.46,"frp":1.12,"daynight":"N"},"geometry":{"type":"Point","coordinates":[-116.80651,42.78926]}},{"type":"Feature","properties":{"acq_date":"2026-07-29","acq_time":1043,"confidence":"n","satellite":"N","instrument":"VIIRS","version":"2.0NRT","bright_ti4":301.6,"frp":1.05,"daynight":"N"},"geometry":{"type":"Point","coordinates":[-116.82913,42.78992]}},{"type":"Feature","properties":{"acq_date":"2026-07-29","acq_time":1043,"confidence":"n","satellite":"N","instrument":"VIIRS","version":"2.0NRT","bright_ti4":307.52,"frp":1.12,"daynight":"N"},"geometry":{"type":"Point","coordinates":[-116.81058,42.79038]}},{"type":"Feature","properties":{"acq_date":"2026-07-29","acq_time":1043,"confidence":"n","satellite":"N","instrument":"VIIRS","version":"2.0NRT","bright_ti4":313.69,"frp":2.6,"daynight":"N"},"geometry":{"type":"Point","coordinates":[-116.81441,42.79144]}},{"type":"Feature","properties":{"acq_date":"2026-07-29","acq_time":1043,"confidence":"n","satellite":"N","instrument":"VIIRS","version":"2.0NRT","bright_ti4":301.54,"frp":0.95,"daynight":"N"},"geometry":{"type":"Point","coordinates":[-116.80428,42.79423]}},{"type":"Feature","properties":{"acq_date":"2026-07-29","acq_time":1043,"confidence":"n","satellite":"N","instrument":"VIIRS","version":"2.0NRT","bright_ti4":301.45,"frp":0.95,"daynight":"N"},"geometry":{"type":"Point","coordinates":[-116.80798,42.79524]}},{"type":"Feature","properties":{"acq_date":"2026-07-29","acq_time":1043,"confidence":"n","satellite":"N","instrument":"VIIRS","version":"2.0NRT","bright_ti4":299.27,"frp":1.63,"daynight":"N"},"geometry":{"type":"Point","coordinates":[-116.81144,42.7962]}},{"type":"Feature","properties":{"acq_date":"2026-07-29","acq_time":1043,"confidence":"n","satellite":"N","instrument":"VIIRS","version":"2.0NRT","bright_ti4":299.6,"frp":1.82,"daynight":"N"},"geometry":{"type":"Point","coordinates":[-116.81932,42.79836]}},{"type":"Feature","properties":{"acq_date":"2026-07-29","acq_time":1043,"confidence":"n","satellite":"N","instrument":"VIIRS","version":"2.0NRT","bright_ti4":297.72,"frp":1.11,"daynight":"N"},"geometry":{"type":"Point","coordinates":[-116.82843,42.83984]}},{"type":"Feature","properties":{"acq_date":"2026-07-29","acq_time":1043,"confidence":"n","satellite":"N","instrument":"VIIRS","version":"2.0NRT","bright_ti4":306.37,"frp":1.03,"daynight":"N"},"geometry":{"type":"Point","coordinates":[-118.91163,42.92952]}},{"type":"Feature","properties":{"acq_date":"2026-07-29","acq_time":1043,"confidence":"n","satellite":"N","instrument":"VIIRS","version":"2.0NRT","bright_ti4":298.39,"frp":0.98,"daynight":"N"},"geometry":{"type":"Point","coordinates":[-118.49701,42.95673]}},{"type":"Feature","properties":{"acq_date":"2026-07-29","acq_time":1043,"confidence":"n","satellite":"N","instrument":"VIIRS","version":"2.0NRT","bright_ti4":300.16,"frp":1.13,"daynight":"N"},"geometry":{"type":"Point","coordinates":[-118.52367,42.97366]}},{"type":"Feature","properties":{"acq_date":"2026-07-29","acq_time":1043,"confidence":"n","satellite":"N","instrument":"VIIRS","version":"2.0NRT","bright_ti4":299.26,"frp":1.13,"daynight":"N"},"geometry":{"type":"Point","coordinates":[-118.52109,42.97808]}},{"type":"Feature","properties":{"acq_date":"2026-07-29","acq_time":1043,"confidence":"n","satellite":"N","instrument":"VIIRS","version":"2.0NRT","bright_ti4":302.11,"frp":0.98,"daynight":"N"},"geometry":{"type":"Point","coordinates":[-118.51865,42.98252]}},{"type":"Feature","properties":{"acq_date":"2026-07-29","acq_time":1043,"confidence":"n","satellite":"N","instrument":"VIIRS","version":"2.0NRT","bright_ti4":298.35,"frp":1.21,"daynight":"N"},"geometry":{"type":"Point","coordinates":[-118.5181,42.98388]}},{"type":"Feature","properties":{"acq_date":"2026-07-29","acq_time":1043,"confidence":"n","satellite":"N","instrument":"VIIRS","version":"2.0NRT","bright_ti4":299.57,"frp":0.98,"daynight":"N"},"geometry":{"type":"Point","coordinates":[-118.52501,42.98414]}},{"type":"Feature","properties":{"acq_date":"2026-07-29","acq_time":1043,"confidence":"n","satellite":"N","instrument":"VIIRS","version":"2.0NRT","bright_ti4":300.85,"frp":2.24,"daynight":"N"},"geometry":{"type":"Point","coordinates":[-118.52441,42.98552]}},{"type":"Feature","properties":{"acq_date":"2026-07-29","acq_time":1043,"confidence":"n","satellite":"N","instrument":"VIIRS","version":"2.0NRT","bright_ti4":297.96,"frp":0.98,"daynight":"N"},"geometry":{"type":"Point","coordinates":[-118.52258,42.98859]}},{"type":"Feature","properties":{"acq_date":"2026-07-29","acq_time":1043,"confidence":"n","satellite":"N","instrument":"VIIRS","version":"2.0NRT","bright_ti4":315.96,"frp":2.88,"daynight":"N"},"geometry":{"type":"Point","coordinates":[-118.53527,43.02383]}},{"type":"Feature","properties":{"acq_date":"2026-07-29","acq_time":1043,"confidence":"n","satellite":"N","instrument":"VIIRS","version":"2.0NRT","bright_ti4":300.92,"frp":1.75,"daynight":"N"},"geometry":{"type":"Point","coordinates":[-118.5205,43.02509]}},{"type":"Feature","properties":{"acq_date":"2026-07-29","acq_time":1043,"confidence":"n","satellite":"N","instrument":"VIIRS","version":"2.0NRT","bright_ti4":309.29,"frp":1.75,"daynight":"N"},"geometry":{"type":"Point","coordinates":[-118.52649,43.02663]}},{"type":"Feature","properties":{"acq_date":"2026-07-29","acq_time":1043,"confidence":"n","satellite":"N","instrument":"VIIRS","version":"2.0NRT","bright_ti4":345.03,"frp":5.29,"daynight":"N"},"geometry":{"type":"Point","coordinates":[-118.53252,43.02819]}},{"type":"Feature","properties":{"acq_date":"2026-07-29","acq_time":1043,"confidence":"n","satellite":"N","instrument":"VIIRS","version":"2.0NRT","bright_ti4":322.29,"frp":5.29,"daynight":"N"},"geometry":{"type":"Point","coordinates":[-118.53875,43.02979]}},{"type":"Feature","properties":{"acq_date":"2026-07-29","acq_time":1043,"confidence":"n","satellite":"N","instrument":"VIIRS","version":"2.0NRT","bright_ti4":305.02,"frp":5.29,"daynight":"N"},"geometry":{"type":"Point","coordinates":[-118.53009,43.03263]}},{"type":"Feature","properties":{"acq_date":"2026-07-29","acq_time":1043,"confidence":"n","satellite":"N","instrument":"VIIRS","version":"2.0NRT","bright_ti4":314.78,"frp":3.49,"daynight":"N"},"geometry":{"type":"Point","coordinates":[-118.44275,43.05083]}},{"type":"Feature","properties":{"acq_date":"2026-07-29","acq_time":1043,"confidence":"n","satellite":"N","instrument":"VIIRS","version":"2.0NRT","bright_ti4":309.47,"frp":2.34,"daynight":"N"},"geometry":{"type":"Point","coordinates":[-118.44907,43.05245]}},{"type":"Feature","properties":{"acq_date":"2026-07-29","acq_time":1043,"confidence":"n","satellite":"N","instrument":"VIIRS","version":"2.0NRT","bright_ti4":307.7,"frp":1.51,"daynight":"N"},"geometry":{"type":"Point","coordinates":[-118.43504,43.05394]}},{"type":"Feature","properties":{"acq_date":"2026-07-29","acq_time":1043,"confidence":"n","satellite":"N","instrument":"VIIRS","version":"2.0NRT","bright_ti4":307.98,"frp":1.51,"daynight":"N"},"geometry":{"type":"Point","coordinates":[-118.44092,43.05544]}},{"type":"Feature","properties":{"acq_date":"2026-07-29","acq_time":1043,"confidence":"n","satellite":"N","instrument":"VIIRS","version":"2.0NRT","bright_ti4":307.38,"frp":1.86,"daynight":"N"},"geometry":{"type":"Point","coordinates":[-118.44688,43.05697]}},{"type":"Feature","properties":{"acq_date":"2026-07-29","acq_time":1043,"confidence":"n","satellite":"N","instrument":"VIIRS","version":"2.0NRT","bright_ti4":314.21,"frp":1.86,"daynight":"N"},"geometry":{"type":"Point","coordinates":[-118.45317,43.05857]}},{"type":"Feature","properties":{"acq_date":"2026-07-29","acq_time":1043,"confidence":"n","satellite":"N","instrument":"VIIRS","version":"2.0NRT","bright_ti4":298.71,"frp":1.51,"daynight":"N"},"geometry":{"type":"Point","coordinates":[-118.4334,43.05861]}},{"type":"Feature","properties":{"acq_date":"2026-07-29","acq_time":1043,"confidence":"n","satellite":"N","instrument":"VIIRS","version":"2.0NRT","bright_ti4":306.13,"frp":1.51,"daynight":"N"},"geometry":{"type":"Point","coordinates":[-118.43943,43.06014]}},{"type":"Feature","properties":{"acq_date":"2026-07-29","acq_time":1043,"confidence":"n","satellite":"N","instrument":"VIIRS","version":"2.0NRT","bright_ti4":314.18,"frp":2.19,"daynight":"N"},"geometry":{"type":"Point","coordinates":[-118.4594,43.06016]}},{"type":"Feature","properties":{"acq_date":"2026-07-29","acq_time":1043,"confidence":"n","satellite":"N","instrument":"VIIRS","version":"2.0NRT","bright_ti4":305.87,"frp":1.86,"daynight":"N"},"geometry":{"type":"Point","coordinates":[-118.44524,43.06162]}},{"type":"Feature","properties":{"acq_date":"2026-07-29","acq_time":1043,"confidence":"n","satellite":"N","instrument":"VIIRS","version":"2.0NRT","bright_ti4":297.76,"frp":2.19,"daynight":"N"},"geometry":{"type":"Point","coordinates":[-118.46581,43.06179]}},{"type":"Feature","properties":{"acq_date":"2026-07-29","acq_time":1043,"confidence":"n","satellite":"N","instrument":"VIIRS","version":"2.0NRT","bright_ti4":302.95,"frp":1.86,"daynight":"N"},"geometry":{"type":"Point","coordinates":[-118.45113,43.06313]}},{"type":"Feature","properties":{"acq_date":"2026-07-29","acq_time":1043,"confidence":"n","satellite":"N","instrument":"VIIRS","version":"2.0NRT","bright_ti4":309.06,"frp":2.19,"daynight":"N"},"geometry":{"type":"Point","coordinates":[-118.45713,43.06466]}},{"type":"Feature","properties":{"acq_date":"2026-07-29","acq_time":1043,"confidence":"n","satellite":"N","instrument":"VIIRS","version":"2.0NRT","bright_ti4":301.67,"frp":1.04,"daynight":"N"},"geometry":{"type":"Point","coordinates":[-118.43745,43.06472]}},{"type":"Feature","properties":{"acq_date":"2026-07-29","acq_time":1043,"confidence":"n","satellite":"N","instrument":"VIIRS","version":"2.0NRT","bright_ti4":319.18,"frp":2.19,"daynight":"N"},"geometry":{"type":"Point","coordinates":[-118.4632,43.0662]}},{"type":"Feature","properties":{"acq_date":"2026-07-29","acq_time":1043,"confidence":"n","satellite":"N","instrument":"VIIRS","version":"2.0NRT","bright_ti4":300.4,"frp":1.72,"daynight":"N"},"geometry":{"type":"Point","coordinates":[-118.44358,43.06628]}},{"type":"Feature","properties":{"acq_date":"2026-07-29","acq_time":1043,"confidence":"n","satellite":"N","instrument":"VIIRS","version":"2.0NRT","bright_ti4":295.74,"frp":1.53,"daynight":"N"},"geometry":{"type":"Point","coordinates":[-118.45551,43.06932]}},{"type":"Feature","properties":{"acq_date":"2026-07-29","acq_time":1043,"confidence":"n","satellite":"N","instrument":"VIIRS","version":"2.0NRT","bright_ti4":301.27,"frp":1.53,"daynight":"N"},"geometry":{"type":"Point","coordinates":[-118.46116,43.07076]}},{"type":"Feature","properties":{"acq_date":"2026-07-29","acq_time":1043,"confidence":"n","satellite":"N","instrument":"VIIRS","version":"2.0NRT","bright_ti4":301.93,"frp":1.5,"daynight":"N"},"geometry":{"type":"Point","coordinates":[-118.46743,43.07235]}},{"type":"Feature","properties":{"acq_date":"2026-07-29","acq_time":1043,"confidence":"n","satellite":"N","instrument":"VIIRS","version":"2.0NRT","bright_ti4":311.48,"frp":1.72,"daynight":"N"},"geometry":{"type":"Point","coordinates":[-118.44762,43.07238]}},{"type":"Feature","properties":{"acq_date":"2026-07-29","acq_time":1043,"confidence":"n","satellite":"N","instrument":"VIIRS","version":"2.0NRT","bright_ti4":317.68,"frp":1.53,"daynight":"N"},"geometry":{"type":"Point","coordinates":[-118.45358,43.0739]}},{"type":"Feature","properties":{"acq_date":"2026-07-29","acq_time":1043,"confidence":"n","satellite":"N","instrument":"VIIRS","version":"2.0NRT","bright_ti4":299.84,"frp":1.5,"daynight":"N"},"geometry":{"type":"Point","coordinates":[-118.47379,43.07397]}},{"type":"Feature","properties":{"acq_date":"2026-07-29","acq_time":1043,"confidence":"n","satellite":"N","instrument":"VIIRS","version":"2.0NRT","bright_ti4":300.21,"frp":1.53,"daynight":"N"},"geometry":{"type":"Point","coordinates":[-118.45962,43.07544]}},{"type":"Feature","properties":{"acq_date":"2026-07-29","acq_time":1043,"confidence":"n","satellite":"N","instrument":"VIIRS","version":"2.0NRT","bright_ti4":295.18,"frp":1.86,"daynight":"N"},"geometry":{"type":"Point","coordinates":[-118.48618,43.07712]}},{"type":"Feature","properties":{"acq_date":"2026-07-29","acq_time":1043,"confidence":"n","satellite":"N","instrument":"VIIRS","version":"2.0NRT","bright_ti4":295.77,"frp":0.9,"daynight":"N"},"geometry":{"type":"Point","coordinates":[-118.47066,43.08331]}},{"type":"Feature","properties":{"acq_date":"2026-07-29","acq_time":1043,"confidence":"n","satellite":"N","instrument":"VIIRS","version":"2.0NRT","bright_ti4":317.34,"frp":1.77,"daynight":"N"},"geometry":{"type":"Point","coordinates":[-122.57612,43.10687]}},{"type":"Feature","properties":{"acq_date":"2026-07-29","acq_time":1043,"confidence":"n","satellite":"N","instrument":"VIIRS","version":"2.0NRT","bright_ti4":296.89,"frp":1.77,"daynight":"N"},"geometry":{"type":"Point","coordinates":[-122.58241,43.10823]}},{"type":"Feature","properties":{"acq_date":"2026-07-29","acq_time":1043,"confidence":"n","satellite":"N","instrument":"VIIRS","version":"2.0NRT","bright_ti4":313.59,"frp":1.77,"daynight":"N"},"geometry":{"type":"Point","coordinates":[-122.58118,43.11208]}},{"type":"Feature","properties":{"acq_date":"2026-07-29","acq_time":1043,"confidence":"n","satellite":"N","instrument":"VIIRS","version":"2.0NRT","bright_ti4":297.86,"frp":1,"daynight":"N"},"geometry":{"type":"Point","coordinates":[-122.57989,43.11591]}},{"type":"Feature","properties":{"acq_date":"2026-07-29","acq_time":1043,"confidence":"n","satellite":"N","instrument":"VIIRS","version":"2.0NRT","bright_ti4":296.82,"frp":1,"daynight":"N"},"geometry":{"type":"Point","coordinates":[-122.57855,43.11972]}},{"type":"Feature","properties":{"acq_date":"2026-07-29","acq_time":1043,"confidence":"n","satellite":"N","instrument":"VIIRS","version":"2.0NRT","bright_ti4":299.94,"frp":1.51,"daynight":"N"},"geometry":{"type":"Point","coordinates":[-122.58481,43.12108]}},{"type":"Feature","properties":{"acq_date":"2026-07-29","acq_time":1043,"confidence":"n","satellite":"N","instrument":"VIIRS","version":"2.0NRT","bright_ti4":296.69,"frp":0.81,"daynight":"N"},"geometry":{"type":"Point","coordinates":[-122.57716,43.12353]}},{"type":"Feature","properties":{"acq_date":"2026-07-29","acq_time":1043,"confidence":"n","satellite":"N","instrument":"VIIRS","version":"2.0NRT","bright_ti4":334.17,"frp":5.86,"daynight":"N"},"geometry":{"type":"Point","coordinates":[-122.5834,43.12488]}},{"type":"Feature","properties":{"acq_date":"2026-07-29","acq_time":1043,"confidence":"n","satellite":"N","instrument":"VIIRS","version":"2.0NRT","bright_ti4":299.78,"frp":2.22,"daynight":"N"},"geometry":{"type":"Point","coordinates":[-122.55646,43.12729]}},{"type":"Feature","properties":{"acq_date":"2026-07-29","acq_time":1043,"confidence":"n","satellite":"N","instrument":"VIIRS","version":"2.0NRT","bright_ti4":296.26,"frp":0.81,"daynight":"N"},"geometry":{"type":"Point","coordinates":[-122.57574,43.12734]}},{"type":"Feature","properties":{"acq_date":"2026-07-29","acq_time":1043,"confidence":"n","satellite":"N","instrument":"VIIRS","version":"2.0NRT","bright_ti4":295.76,"frp":2.22,"daynight":"N"},"geometry":{"type":"Point","coordinates":[-122.56273,43.12864]}},{"type":"Feature","properties":{"acq_date":"2026-07-29","acq_time":1043,"confidence":"n","satellite":"N","instrument":"VIIRS","version":"2.0NRT","bright_ti4":334.4,"frp":5.86,"daynight":"N"},"geometry":{"type":"Point","coordinates":[-122.58196,43.12868]}},{"type":"Feature","properties":{"acq_date":"2026-07-29","acq_time":1043,"confidence":"n","satellite":"N","instrument":"VIIRS","version":"2.0NRT","bright_ti4":314.51,"frp":2.01,"daynight":"N"},"geometry":{"type":"Point","coordinates":[-122.56834,43.12985]}},{"type":"Feature","properties":{"acq_date":"2026-07-29","acq_time":1043,"confidence":"n","satellite":"N","instrument":"VIIRS","version":"2.0NRT","bright_ti4":301.7,"frp":2.22,"daynight":"N"},"geometry":{"type":"Point","coordinates":[-122.55431,43.13094]}},{"type":"Feature","properties":{"acq_date":"2026-07-29","acq_time":1043,"confidence":"n","satellite":"N","instrument":"VIIRS","version":"2.0NRT","bright_ti4":300.92,"frp":2.01,"daynight":"N"},"geometry":{"type":"Point","coordinates":[-122.57422,43.13112]}},{"type":"Feature","properties":{"acq_date":"2026-07-29","acq_time":1043,"confidence":"n","satellite":"N","instrument":"VIIRS","version":"2.0NRT","bright_ti4":339.64,"frp":2.22,"daynight":"N"},"geometry":{"type":"Point","coordinates":[-122.56063,43.1323]}},{"type":"Feature","properties":{"acq_date":"2026-07-29","acq_time":1043,"confidence":"n","satellite":"N","instrument":"VIIRS","version":"2.0NRT","bright_ti4":304.58,"frp":1.15,"daynight":"N"},"geometry":{"type":"Point","coordinates":[-122.58061,43.1325]}},{"type":"Feature","properties":{"acq_date":"2026-07-29","acq_time":1043,"confidence":"n","satellite":"N","instrument":"VIIRS","version":"2.0NRT","bright_ti4":313.1,"frp":2.01,"daynight":"N"},"geometry":{"type":"Point","coordinates":[-122.56658,43.13358]}},{"type":"Feature","properties":{"acq_date":"2026-07-29","acq_time":1045,"confidence":"n","satellite":"N","instrument":"VIIRS","version":"2.0NRT","bright_ti4":313.06,"frp":2.7,"daynight":"N"},"geometry":{"type":"Point","coordinates":[-117.33653,34.60492]}},{"type":"Feature","properties":{"acq_date":"2026-07-29","acq_time":1045,"confidence":"n","satellite":"N","instrument":"VIIRS","version":"2.0NRT","bright_ti4":306.36,"frp":1.3,"daynight":"N"},"geometry":{"type":"Point","coordinates":[-117.33419,34.60983]}},{"type":"Feature","properties":{"acq_date":"2026-07-29","acq_time":1045,"confidence":"n","satellite":"N","instrument":"VIIRS","version":"2.0NRT","bright_ti4":301.89,"frp":1.33,"daynight":"N"},"geometry":{"type":"Point","coordinates":[-117.0981,34.62259]}},{"type":"Feature","properties":{"acq_date":"2026-07-29","acq_time":1045,"confidence":"n","satellite":"N","instrument":"VIIRS","version":"2.0NRT","bright_ti4":304.7,"frp":0.69,"daynight":"N"},"geometry":{"type":"Point","coordinates":[-121.93391,37.45482]}},{"type":"Feature","properties":{"acq_date":"2026-07-29","acq_time":1045,"confidence":"n","satellite":"N","instrument":"VIIRS","version":"2.0NRT","bright_ti4":302.16,"frp":0.8,"daynight":"N"},"geometry":{"type":"Point","coordinates":[-121.93427,37.45529]}}]}