{"type":"FeatureCollection","name":"FIRMS VIIRS CA (last 1 day)","crs":{"type":"name","properties":{"name":"EPSG:4326"}},"fetched_at_utc":"2026-07-25T15:07:06.388Z","source":{"url":"https://firms.modaps.eosdis.nasa.gov/api/area/csv/8c4af552cf654445dd280dfb3ad9337c/VIIRS_SNPP_NRT/-125,32,-113,43.5/1","dataset":"VIIRS_SNPP_NRT","bbox":"-125,32,-113,43.5","day_range":"1"},"features":[{"type":"Feature","properties":{"acq_date":"2026-07-25","acq_time":837,"confidence":"n","satellite":"N","instrument":"VIIRS","version":"2.0NRT","bright_ti4":306.05,"frp":2.65,"daynight":"N"},"geometry":{"type":"Point","coordinates":[-113.27599,37.67531]}},{"type":"Feature","properties":{"acq_date":"2026-07-25","acq_time":837,"confidence":"n","satellite":"N","instrument":"VIIRS","version":"2.0NRT","bright_ti4":303.44,"frp":3.39,"daynight":"N"},"geometry":{"type":"Point","coordinates":[-114.34132,41.30663]}},{"type":"Feature","properties":{"acq_date":"2026-07-25","acq_time":1017,"confidence":"n","satellite":"N","instrument":"VIIRS","version":"2.0NRT","bright_ti4":308.35,"frp":3.19,"daynight":"N"},"geometry":{"type":"Point","coordinates":[-114.25365,40.82115]}},{"type":"Feature","properties":{"acq_date":"2026-07-25","acq_time":1017,"confidence":"n","satellite":"N","instrument":"VIIRS","version":"2.0NRT","bright_ti4":299.26,"frp":0.3,"daynight":"N"},"geometry":{"type":"Point","coordinates":[-122.77345,42.38287]}},{"type":"Feature","properties":{"acq_date":"2026-07-25","acq_time":1017,"confidence":"n","satellite":"N","instrument":"VIIRS","version":"2.0NRT","bright_ti4":308.04,"frp":3.75,"daynight":"N"},"geometry":{"type":"Point","coordinates":[-117.18628,42.52897]}},{"type":"Feature","properties":{"acq_date":"2026-07-25","acq_time":1017,"confidence":"n","satellite":"N","instrument":"VIIRS","version":"2.0NRT","bright_ti4":340.44,"frp":3.75,"daynight":"N"},"geometry":{"type":"Point","coordinates":[-117.19267,42.53032]}},{"type":"Feature","properties":{"acq_date":"2026-07-25","acq_time":1017,"confidence":"n","satellite":"N","instrument":"VIIRS","version":"2.0NRT","bright_ti4":331.26,"frp":5.44,"daynight":"N"},"geometry":{"type":"Point","coordinates":[-117.17899,42.53141]}},{"type":"Feature","properties":{"acq_date":"2026-07-25","acq_time":1017,"confidence":"n","satellite":"N","instrument":"VIIRS","version":"2.0NRT","bright_ti4":319.53,"frp":5.48,"daynight":"N"},"geometry":{"type":"Point","coordinates":[-117.1992,42.53169]}},{"type":"Feature","properties":{"acq_date":"2026-07-25","acq_time":1017,"confidence":"n","satellite":"N","instrument":"VIIRS","version":"2.0NRT","bright_ti4":313.84,"frp":3.75,"daynight":"N"},"geometry":{"type":"Point","coordinates":[-117.18513,42.53271]}},{"type":"Feature","properties":{"acq_date":"2026-07-25","acq_time":1017,"confidence":"n","satellite":"N","instrument":"VIIRS","version":"2.0NRT","bright_ti4":333.99,"frp":5.48,"daynight":"N"},"geometry":{"type":"Point","coordinates":[-117.20553,42.53302]}},{"type":"Feature","properties":{"acq_date":"2026-07-25","acq_time":1017,"confidence":"n","satellite":"N","instrument":"VIIRS","version":"2.0NRT","bright_ti4":297.85,"frp":0.83,"daynight":"N"},"geometry":{"type":"Point","coordinates":[-117.21173,42.53432]}},{"type":"Feature","properties":{"acq_date":"2026-07-25","acq_time":1017,"confidence":"n","satellite":"N","instrument":"VIIRS","version":"2.0NRT","bright_ti4":307.19,"frp":2.03,"daynight":"N"},"geometry":{"type":"Point","coordinates":[-117.17769,42.53513]}},{"type":"Feature","properties":{"acq_date":"2026-07-25","acq_time":1017,"confidence":"n","satellite":"N","instrument":"VIIRS","version":"2.0NRT","bright_ti4":297.7,"frp":1.2,"daynight":"N"},"geometry":{"type":"Point","coordinates":[-117.33009,42.53554]}},{"type":"Feature","properties":{"acq_date":"2026-07-25","acq_time":1017,"confidence":"n","satellite":"N","instrument":"VIIRS","version":"2.0NRT","bright_ti4":324.29,"frp":2.2,"daynight":"N"},"geometry":{"type":"Point","coordinates":[-117.33478,42.53639]}},{"type":"Feature","properties":{"acq_date":"2026-07-25","acq_time":1017,"confidence":"n","satellite":"N","instrument":"VIIRS","version":"2.0NRT","bright_ti4":321.01,"frp":1.74,"daynight":"N"},"geometry":{"type":"Point","coordinates":[-117.33605,42.53677]}},{"type":"Feature","properties":{"acq_date":"2026-07-25","acq_time":1017,"confidence":"n","satellite":"N","instrument":"VIIRS","version":"2.0NRT","bright_ti4":302.65,"frp":0.83,"daynight":"N"},"geometry":{"type":"Point","coordinates":[-117.21031,42.538]}},{"type":"Feature","properties":{"acq_date":"2026-07-25","acq_time":1017,"confidence":"n","satellite":"N","instrument":"VIIRS","version":"2.0NRT","bright_ti4":311.14,"frp":2.2,"daynight":"N"},"geometry":{"type":"Point","coordinates":[-117.33339,42.54005]}},{"type":"Feature","properties":{"acq_date":"2026-07-25","acq_time":1017,"confidence":"n","satellite":"N","instrument":"VIIRS","version":"2.0NRT","bright_ti4":305.23,"frp":1.74,"daynight":"N"},"geometry":{"type":"Point","coordinates":[-117.33467,42.54043]}},{"type":"Feature","properties":{"acq_date":"2026-07-25","acq_time":1017,"confidence":"n","satellite":"N","instrument":"VIIRS","version":"2.0NRT","bright_ti4":297.33,"frp":1.02,"daynight":"N"},"geometry":{"type":"Point","coordinates":[-117.33936,42.54131]}},{"type":"Feature","properties":{"acq_date":"2026-07-25","acq_time":1017,"confidence":"n","satellite":"N","instrument":"VIIRS","version":"2.0NRT","bright_ti4":306.75,"frp":1.74,"daynight":"N"},"geometry":{"type":"Point","coordinates":[-117.34063,42.54165]}},{"type":"Feature","properties":{"acq_date":"2026-07-25","acq_time":1017,"confidence":"n","satellite":"N","instrument":"VIIRS","version":"2.0NRT","bright_ti4":312.93,"frp":3.57,"daynight":"N"},"geometry":{"type":"Point","coordinates":[-117.17479,42.54248]}},{"type":"Feature","properties":{"acq_date":"2026-07-25","acq_time":1017,"confidence":"n","satellite":"N","instrument":"VIIRS","version":"2.0NRT","bright_ti4":299.05,"frp":1.02,"daynight":"N"},"geometry":{"type":"Point","coordinates":[-117.34528,42.54255]}},{"type":"Feature","properties":{"acq_date":"2026-07-25","acq_time":1017,"confidence":"n","satellite":"N","instrument":"VIIRS","version":"2.0NRT","bright_ti4":334.38,"frp":3.57,"daynight":"N"},"geometry":{"type":"Point","coordinates":[-117.17314,42.54611]}},{"type":"Feature","properties":{"acq_date":"2026-07-25","acq_time":1017,"confidence":"n","satellite":"N","instrument":"VIIRS","version":"2.0NRT","bright_ti4":307.64,"frp":5.36,"daynight":"N"},"geometry":{"type":"Point","coordinates":[-117.34392,42.5462]}},{"type":"Feature","properties":{"acq_date":"2026-07-25","acq_time":1017,"confidence":"n","satellite":"N","instrument":"VIIRS","version":"2.0NRT","bright_ti4":336.02,"frp":5.36,"daynight":"N"},"geometry":{"type":"Point","coordinates":[-117.34251,42.54986]}},{"type":"Feature","properties":{"acq_date":"2026-07-25","acq_time":1017,"confidence":"n","satellite":"N","instrument":"VIIRS","version":"2.0NRT","bright_ti4":303.25,"frp":2.32,"daynight":"N"},"geometry":{"type":"Point","coordinates":[-117.18464,42.55249]}},{"type":"Feature","properties":{"acq_date":"2026-07-25","acq_time":1017,"confidence":"n","satellite":"N","instrument":"VIIRS","version":"2.0NRT","bright_ti4":325.61,"frp":2.32,"daynight":"N"},"geometry":{"type":"Point","coordinates":[-117.18293,42.55611]}},{"type":"Feature","properties":{"acq_date":"2026-07-25","acq_time":1017,"confidence":"n","satellite":"N","instrument":"VIIRS","version":"2.0NRT","bright_ti4":321.85,"frp":4.93,"daynight":"N"},"geometry":{"type":"Point","coordinates":[-117.18934,42.55745]}},{"type":"Feature","properties":{"acq_date":"2026-07-25","acq_time":1017,"confidence":"n","satellite":"N","instrument":"VIIRS","version":"2.0NRT","bright_ti4":322.71,"frp":7.88,"daynight":"N"},"geometry":{"type":"Point","coordinates":[-117.18759,42.56106]}},{"type":"Feature","properties":{"acq_date":"2026-07-25","acq_time":1017,"confidence":"n","satellite":"N","instrument":"VIIRS","version":"2.0NRT","bright_ti4":301.86,"frp":38.91,"daynight":"N"},"geometry":{"type":"Point","coordinates":[-117.17434,42.56227]}},{"type":"Feature","properties":{"acq_date":"2026-07-25","acq_time":1017,"confidence":"n","satellite":"N","instrument":"VIIRS","version":"2.0NRT","bright_ti4":346.83,"frp":38.91,"daynight":"N"},"geometry":{"type":"Point","coordinates":[-117.18012,42.56348]}},{"type":"Feature","properties":{"acq_date":"2026-07-25","acq_time":1017,"confidence":"n","satellite":"N","instrument":"VIIRS","version":"2.0NRT","bright_ti4":337.02,"frp":7.88,"daynight":"N"},"geometry":{"type":"Point","coordinates":[-117.18604,42.56471]}},{"type":"Feature","properties":{"acq_date":"2026-07-25","acq_time":1017,"confidence":"n","satellite":"N","instrument":"VIIRS","version":"2.0NRT","bright_ti4":349.5,"frp":8.69,"daynight":"N"},"geometry":{"type":"Point","coordinates":[-117.18472,42.56841]}},{"type":"Feature","properties":{"acq_date":"2026-07-25","acq_time":1017,"confidence":"n","satellite":"N","instrument":"VIIRS","version":"2.0NRT","bright_ti4":316.62,"frp":8.69,"daynight":"N"},"geometry":{"type":"Point","coordinates":[-117.1833,42.57209]}},{"type":"Feature","properties":{"acq_date":"2026-07-25","acq_time":1017,"confidence":"n","satellite":"N","instrument":"VIIRS","version":"2.0NRT","bright_ti4":319.22,"frp":2.15,"daynight":"N"},"geometry":{"type":"Point","coordinates":[-117.22192,42.57616]}},{"type":"Feature","properties":{"acq_date":"2026-07-25","acq_time":1017,"confidence":"n","satellite":"N","instrument":"VIIRS","version":"2.0NRT","bright_ti4":328.95,"frp":5.13,"daynight":"N"},"geometry":{"type":"Point","coordinates":[-117.18774,42.57699]}},{"type":"Feature","properties":{"acq_date":"2026-07-25","acq_time":1017,"confidence":"n","satellite":"N","instrument":"VIIRS","version":"2.0NRT","bright_ti4":325.51,"frp":5.38,"daynight":"N"},"geometry":{"type":"Point","coordinates":[-117.19464,42.57842]}},{"type":"Feature","properties":{"acq_date":"2026-07-25","acq_time":1017,"confidence":"n","satellite":"N","instrument":"VIIRS","version":"2.0NRT","bright_ti4":311.37,"frp":2.15,"daynight":"N"},"geometry":{"type":"Point","coordinates":[-117.22057,42.57984]}},{"type":"Feature","properties":{"acq_date":"2026-07-25","acq_time":1017,"confidence":"n","satellite":"N","instrument":"VIIRS","version":"2.0NRT","bright_ti4":320.55,"frp":2.37,"daynight":"N"},"geometry":{"type":"Point","coordinates":[-117.21925,42.58353]}},{"type":"Feature","properties":{"acq_date":"2026-07-25","acq_time":1017,"confidence":"n","satellite":"N","instrument":"VIIRS","version":"2.0NRT","bright_ti4":317.2,"frp":2.37,"daynight":"N"},"geometry":{"type":"Point","coordinates":[-117.21792,42.58722]}},{"type":"Feature","properties":{"acq_date":"2026-07-25","acq_time":1017,"confidence":"n","satellite":"N","instrument":"VIIRS","version":"2.0NRT","bright_ti4":322.42,"frp":6.19,"daynight":"N"},"geometry":{"type":"Point","coordinates":[-117.20387,42.58828]}},{"type":"Feature","properties":{"acq_date":"2026-07-25","acq_time":1017,"confidence":"n","satellite":"N","instrument":"VIIRS","version":"2.0NRT","bright_ti4":349.1,"frp":6.19,"daynight":"N"},"geometry":{"type":"Point","coordinates":[-117.21009,42.58956]}},{"type":"Feature","properties":{"acq_date":"2026-07-25","acq_time":1017,"confidence":"n","satellite":"N","instrument":"VIIRS","version":"2.0NRT","bright_ti4":328.21,"frp":4.43,"daynight":"N"},"geometry":{"type":"Point","coordinates":[-117.21625,42.59084]}},{"type":"Feature","properties":{"acq_date":"2026-07-25","acq_time":1017,"confidence":"n","satellite":"N","instrument":"VIIRS","version":"2.0NRT","bright_ti4":303.92,"frp":5,"daynight":"N"},"geometry":{"type":"Point","coordinates":[-117.22741,42.60901]}},{"type":"Feature","properties":{"acq_date":"2026-07-25","acq_time":1017,"confidence":"n","satellite":"N","instrument":"VIIRS","version":"2.0NRT","bright_ti4":345.72,"frp":11.02,"daynight":"N"},"geometry":{"type":"Point","coordinates":[-117.23371,42.61031]}},{"type":"Feature","properties":{"acq_date":"2026-07-25","acq_time":1017,"confidence":"n","satellite":"N","instrument":"VIIRS","version":"2.0NRT","bright_ti4":312.51,"frp":11.02,"daynight":"N"},"geometry":{"type":"Point","coordinates":[-117.24023,42.61166]}},{"type":"Feature","properties":{"acq_date":"2026-07-25","acq_time":1017,"confidence":"n","satellite":"N","instrument":"VIIRS","version":"2.0NRT","bright_ti4":315.21,"frp":5,"daynight":"N"},"geometry":{"type":"Point","coordinates":[-117.22581,42.61264]}},{"type":"Feature","properties":{"acq_date":"2026-07-25","acq_time":1017,"confidence":"n","satellite":"N","instrument":"VIIRS","version":"2.0NRT","bright_ti4":341.12,"frp":11.02,"daynight":"N"},"geometry":{"type":"Point","coordinates":[-117.23192,42.61391]}},{"type":"Feature","properties":{"acq_date":"2026-07-25","acq_time":1017,"confidence":"n","satellite":"N","instrument":"VIIRS","version":"2.0NRT","bright_ti4":302.64,"frp":11.02,"daynight":"N"},"geometry":{"type":"Point","coordinates":[-117.23845,42.61525]}},{"type":"Feature","properties":{"acq_date":"2026-07-25","acq_time":1017,"confidence":"n","satellite":"N","instrument":"VIIRS","version":"2.0NRT","bright_ti4":340.64,"frp":5.99,"daynight":"N"},"geometry":{"type":"Point","coordinates":[-117.23995,42.62743]}},{"type":"Feature","properties":{"acq_date":"2026-07-25","acq_time":1017,"confidence":"n","satellite":"N","instrument":"VIIRS","version":"2.0NRT","bright_ti4":337.7,"frp":3.99,"daynight":"N"},"geometry":{"type":"Point","coordinates":[-117.23931,42.62751]}},{"type":"Feature","properties":{"acq_date":"2026-07-25","acq_time":1017,"confidence":"n","satellite":"N","instrument":"VIIRS","version":"2.0NRT","bright_ti4":308.87,"frp":2.39,"daynight":"N"},"geometry":{"type":"Point","coordinates":[-117.24584,42.62889]}},{"type":"Feature","properties":{"acq_date":"2026-07-25","acq_time":1017,"confidence":"n","satellite":"N","instrument":"VIIRS","version":"2.0NRT","bright_ti4":332.55,"frp":5.99,"daynight":"N"},"geometry":{"type":"Point","coordinates":[-117.23837,42.63107]}},{"type":"Feature","properties":{"acq_date":"2026-07-25","acq_time":1017,"confidence":"n","satellite":"N","instrument":"VIIRS","version":"2.0NRT","bright_ti4":322.69,"frp":3.99,"daynight":"N"},"geometry":{"type":"Point","coordinates":[-117.23776,42.63115]}},{"type":"Feature","properties":{"acq_date":"2026-07-25","acq_time":1017,"confidence":"n","satellite":"N","instrument":"VIIRS","version":"2.0NRT","bright_ti4":303.62,"frp":2.39,"daynight":"N"},"geometry":{"type":"Point","coordinates":[-117.2441,42.63248]}},{"type":"Feature","properties":{"acq_date":"2026-07-25","acq_time":1017,"confidence":"n","satellite":"N","instrument":"VIIRS","version":"2.0NRT","bright_ti4":327.62,"frp":4.05,"daynight":"N"},"geometry":{"type":"Point","coordinates":[-117.25353,42.64238]}},{"type":"Feature","properties":{"acq_date":"2026-07-25","acq_time":1017,"confidence":"n","satellite":"N","instrument":"VIIRS","version":"2.0NRT","bright_ti4":325.62,"frp":3.24,"daynight":"N"},"geometry":{"type":"Point","coordinates":[-117.25169,42.64596]}},{"type":"Feature","properties":{"acq_date":"2026-07-25","acq_time":1017,"confidence":"n","satellite":"N","instrument":"VIIRS","version":"2.0NRT","bright_ti4":322.29,"frp":3.24,"daynight":"N"},"geometry":{"type":"Point","coordinates":[-117.25815,42.64731]}},{"type":"Feature","properties":{"acq_date":"2026-07-25","acq_time":1017,"confidence":"n","satellite":"N","instrument":"VIIRS","version":"2.0NRT","bright_ti4":314.39,"frp":2.21,"daynight":"N"},"geometry":{"type":"Point","coordinates":[-117.26465,42.64868]}},{"type":"Feature","properties":{"acq_date":"2026-07-25","acq_time":1017,"confidence":"n","satellite":"N","instrument":"VIIRS","version":"2.0NRT","bright_ti4":322.54,"frp":3.24,"daynight":"N"},"geometry":{"type":"Point","coordinates":[-117.25636,42.65089]}},{"type":"Feature","properties":{"acq_date":"2026-07-25","acq_time":1017,"confidence":"n","satellite":"N","instrument":"VIIRS","version":"2.0NRT","bright_ti4":309.58,"frp":2.21,"daynight":"N"},"geometry":{"type":"Point","coordinates":[-117.26266,42.65221]}},{"type":"Feature","properties":{"acq_date":"2026-07-25","acq_time":1017,"confidence":"n","satellite":"N","instrument":"VIIRS","version":"2.0NRT","bright_ti4":327.74,"frp":5.36,"daynight":"N"},"geometry":{"type":"Point","coordinates":[-117.27498,42.6706]}},{"type":"Feature","properties":{"acq_date":"2026-07-25","acq_time":1017,"confidence":"n","satellite":"N","instrument":"VIIRS","version":"2.0NRT","bright_ti4":347.01,"frp":8.46,"daynight":"N"},"geometry":{"type":"Point","coordinates":[-117.27328,42.67421]}},{"type":"Feature","properties":{"acq_date":"2026-07-25","acq_time":1017,"confidence":"n","satellite":"N","instrument":"VIIRS","version":"2.0NRT","bright_ti4":311.87,"frp":8.46,"daynight":"N"},"geometry":{"type":"Point","coordinates":[-117.2718,42.67785]}},{"type":"Feature","properties":{"acq_date":"2026-07-25","acq_time":1017,"confidence":"n","satellite":"N","instrument":"VIIRS","version":"2.0NRT","bright_ti4":300.74,"frp":1.32,"daynight":"N"},"geometry":{"type":"Point","coordinates":[-117.30921,42.7014]}},{"type":"Feature","properties":{"acq_date":"2026-07-25","acq_time":1017,"confidence":"n","satellite":"N","instrument":"VIIRS","version":"2.0NRT","bright_ti4":303.55,"frp":1.91,"daynight":"N"},"geometry":{"type":"Point","coordinates":[-117.30172,42.70379]}},{"type":"Feature","properties":{"acq_date":"2026-07-25","acq_time":1017,"confidence":"n","satellite":"N","instrument":"VIIRS","version":"2.0NRT","bright_ti4":334.99,"frp":9.23,"daynight":"N"},"geometry":{"type":"Point","coordinates":[-117.30771,42.70503]}},{"type":"Feature","properties":{"acq_date":"2026-07-25","acq_time":1017,"confidence":"n","satellite":"N","instrument":"VIIRS","version":"2.0NRT","bright_ti4":353.26,"frp":9.23,"daynight":"N"},"geometry":{"type":"Point","coordinates":[-117.31362,42.70625]}},{"type":"Feature","properties":{"acq_date":"2026-07-25","acq_time":1017,"confidence":"n","satellite":"N","instrument":"VIIRS","version":"2.0NRT","bright_ti4":331.04,"frp":32.17,"daynight":"N"},"geometry":{"type":"Point","coordinates":[-117.3196,42.70749]}},{"type":"Feature","properties":{"acq_date":"2026-07-25","acq_time":1017,"confidence":"n","satellite":"N","instrument":"VIIRS","version":"2.0NRT","bright_ti4":298.98,"frp":9.23,"daynight":"N"},"geometry":{"type":"Point","coordinates":[-117.30602,42.70861]}},{"type":"Feature","properties":{"acq_date":"2026-07-25","acq_time":1017,"confidence":"n","satellite":"N","instrument":"VIIRS","version":"2.0NRT","bright_ti4":350.29,"frp":9.23,"daynight":"N"},"geometry":{"type":"Point","coordinates":[-117.31194,42.70985]}},{"type":"Feature","properties":{"acq_date":"2026-07-25","acq_time":1017,"confidence":"n","satellite":"N","instrument":"VIIRS","version":"2.0NRT","bright_ti4":349.9,"frp":32.17,"daynight":"N"},"geometry":{"type":"Point","coordinates":[-117.31802,42.7111]}},{"type":"Feature","properties":{"acq_date":"2026-07-25","acq_time":1017,"confidence":"n","satellite":"N","instrument":"VIIRS","version":"2.0NRT","bright_ti4":300.34,"frp":32.17,"daynight":"N"},"geometry":{"type":"Point","coordinates":[-117.32402,42.71234]}},{"type":"Feature","properties":{"acq_date":"2026-07-25","acq_time":1017,"confidence":"n","satellite":"N","instrument":"VIIRS","version":"2.0NRT","bright_ti4":311.06,"frp":3.23,"daynight":"N"},"geometry":{"type":"Point","coordinates":[-117.31041,42.71347]}},{"type":"Feature","properties":{"acq_date":"2026-07-25","acq_time":1017,"confidence":"n","satellite":"N","instrument":"VIIRS","version":"2.0NRT","bright_ti4":312.56,"frp":3.22,"daynight":"N"},"geometry":{"type":"Point","coordinates":[-117.31646,42.71471]}},{"type":"Feature","properties":{"acq_date":"2026-07-25","acq_time":1017,"confidence":"n","satellite":"N","instrument":"VIIRS","version":"2.0NRT","bright_ti4":329.23,"frp":5.87,"daynight":"N"},"geometry":{"type":"Point","coordinates":[-117.53492,42.8894]}},{"type":"Feature","properties":{"acq_date":"2026-07-25","acq_time":1017,"confidence":"n","satellite":"N","instrument":"VIIRS","version":"2.0NRT","bright_ti4":300.04,"frp":1.53,"daynight":"N"},"geometry":{"type":"Point","coordinates":[-118.40929,42.97326]}},{"type":"Feature","properties":{"acq_date":"2026-07-25","acq_time":1017,"confidence":"n","satellite":"N","instrument":"VIIRS","version":"2.0NRT","bright_ti4":296.6,"frp":2.47,"daynight":"N"},"geometry":{"type":"Point","coordinates":[-118.40385,42.97446]}},{"type":"Feature","properties":{"acq_date":"2026-07-25","acq_time":1017,"confidence":"n","satellite":"N","instrument":"VIIRS","version":"2.0NRT","bright_ti4":302.91,"frp":1.74,"daynight":"N"},"geometry":{"type":"Point","coordinates":[-118.42006,42.97539]}},{"type":"Feature","properties":{"acq_date":"2026-07-25","acq_time":1017,"confidence":"n","satellite":"N","instrument":"VIIRS","version":"2.0NRT","bright_ti4":351.81,"frp":20.24,"daynight":"N"},"geometry":{"type":"Point","coordinates":[-118.40932,42.97552]}},{"type":"Feature","properties":{"acq_date":"2026-07-25","acq_time":1017,"confidence":"n","satellite":"N","instrument":"VIIRS","version":"2.0NRT","bright_ti4":304.69,"frp":1.05,"daynight":"N"},"geometry":{"type":"Point","coordinates":[-118.4254,42.97644]}},{"type":"Feature","properties":{"acq_date":"2026-07-25","acq_time":1017,"confidence":"n","satellite":"N","instrument":"VIIRS","version":"2.0NRT","bright_ti4":311.75,"frp":20.24,"daynight":"N"},"geometry":{"type":"Point","coordinates":[-118.41474,42.97658]}},{"type":"Feature","properties":{"acq_date":"2026-07-25","acq_time":1017,"confidence":"n","satellite":"N","instrument":"VIIRS","version":"2.0NRT","bright_ti4":345.08,"frp":30.56,"daynight":"N"},"geometry":{"type":"Point","coordinates":[-118.40791,42.97673]}},{"type":"Feature","properties":{"acq_date":"2026-07-25","acq_time":1017,"confidence":"n","satellite":"N","instrument":"VIIRS","version":"2.0NRT","bright_ti4":307.38,"frp":1.05,"daynight":"N"},"geometry":{"type":"Point","coordinates":[-118.43071,42.9775]}},{"type":"Feature","properties":{"acq_date":"2026-07-25","acq_time":1017,"confidence":"n","satellite":"N","instrument":"VIIRS","version":"2.0NRT","bright_ti4":306.94,"frp":1.34,"daynight":"N"},"geometry":{"type":"Point","coordinates":[-118.42017,42.97762]}},{"type":"Feature","properties":{"acq_date":"2026-07-25","acq_time":1017,"confidence":"n","satellite":"N","instrument":"VIIRS","version":"2.0NRT","bright_ti4":316.21,"frp":7.69,"daynight":"N"},"geometry":{"type":"Point","coordinates":[-118.41336,42.97781]}},{"type":"Feature","properties":{"acq_date":"2026-07-25","acq_time":1017,"confidence":"n","satellite":"N","instrument":"VIIRS","version":"2.0NRT","bright_ti4":310.86,"frp":2.18,"daynight":"N"},"geometry":{"type":"Point","coordinates":[-118.436,42.97854]}},{"type":"Feature","properties":{"acq_date":"2026-07-25","acq_time":1017,"confidence":"n","satellite":"N","instrument":"VIIRS","version":"2.0NRT","bright_ti4":310.42,"frp":1.34,"daynight":"N"},"geometry":{"type":"Point","coordinates":[-118.42552,42.97866]}},{"type":"Feature","properties":{"acq_date":"2026-07-25","acq_time":1017,"confidence":"n","satellite":"N","instrument":"VIIRS","version":"2.0NRT","bright_ti4":309.22,"frp":1.6,"daynight":"N"},"geometry":{"type":"Point","coordinates":[-118.43082,42.97969]}},{"type":"Feature","properties":{"acq_date":"2026-07-25","acq_time":1017,"confidence":"n","satellite":"N","instrument":"VIIRS","version":"2.0NRT","bright_ti4":299.54,"frp":30.56,"daynight":"N"},"geometry":{"type":"Point","coordinates":[-118.40655,42.98021]}},{"type":"Feature","properties":{"acq_date":"2026-07-25","acq_time":1017,"confidence":"n","satellite":"N","instrument":"VIIRS","version":"2.0NRT","bright_ti4":314.76,"frp":1.71,"daynight":"N"},"geometry":{"type":"Point","coordinates":[-118.44664,42.98064]}},{"type":"Feature","properties":{"acq_date":"2026-07-25","acq_time":1017,"confidence":"n","satellite":"N","instrument":"VIIRS","version":"2.0NRT","bright_ti4":308.24,"frp":1.6,"daynight":"N"},"geometry":{"type":"Point","coordinates":[-118.43611,42.98072]}},{"type":"Feature","properties":{"acq_date":"2026-07-25","acq_time":1017,"confidence":"n","satellite":"N","instrument":"VIIRS","version":"2.0NRT","bright_ti4":301.08,"frp":1,"daynight":"N"},"geometry":{"type":"Point","coordinates":[-118.42946,42.981]}},{"type":"Feature","properties":{"acq_date":"2026-07-25","acq_time":1017,"confidence":"n","satellite":"N","instrument":"VIIRS","version":"2.0NRT","bright_ti4":330.33,"frp":7.39,"daynight":"N"},"geometry":{"type":"Point","coordinates":[-118.44141,42.98175]}},{"type":"Feature","properties":{"acq_date":"2026-07-25","acq_time":1017,"confidence":"n","satellite":"N","instrument":"VIIRS","version":"2.0NRT","bright_ti4":301.81,"frp":1.55,"daynight":"N"},"geometry":{"type":"Point","coordinates":[-118.43475,42.98204]}},{"type":"Feature","properties":{"acq_date":"2026-07-25","acq_time":1017,"confidence":"n","satellite":"N","instrument":"VIIRS","version":"2.0NRT","bright_ti4":301.78,"frp":1.72,"daynight":"N"},"geometry":{"type":"Point","coordinates":[-118.46439,42.98246]}},{"type":"Feature","properties":{"acq_date":"2026-07-25","acq_time":1017,"confidence":"n","satellite":"N","instrument":"VIIRS","version":"2.0NRT","bright_ti4":348.67,"frp":7.39,"daynight":"N"},"geometry":{"type":"Point","coordinates":[-118.44676,42.98278]}},{"type":"Feature","properties":{"acq_date":"2026-07-25","acq_time":1017,"confidence":"n","satellite":"N","instrument":"VIIRS","version":"2.0NRT","bright_ti4":303.27,"frp":2.2,"daynight":"N"},"geometry":{"type":"Point","coordinates":[-118.45751,42.9828]}},{"type":"Feature","properties":{"acq_date":"2026-07-25","acq_time":1017,"confidence":"n","satellite":"N","instrument":"VIIRS","version":"2.0NRT","bright_ti4":322.85,"frp":1.55,"daynight":"N"},"geometry":{"type":"Point","coordinates":[-118.44003,42.98308]}},{"type":"Feature","properties":{"acq_date":"2026-07-25","acq_time":1017,"confidence":"n","satellite":"N","instrument":"VIIRS","version":"2.0NRT","bright_ti4":322.74,"frp":3.45,"daynight":"N"},"geometry":{"type":"Point","coordinates":[-118.4522,42.98384]}},{"type":"Feature","properties":{"acq_date":"2026-07-25","acq_time":1017,"confidence":"n","satellite":"N","instrument":"VIIRS","version":"2.0NRT","bright_ti4":331.08,"frp":2.2,"daynight":"N"},"geometry":{"type":"Point","coordinates":[-118.46288,42.98386]}},{"type":"Feature","properties":{"acq_date":"2026-07-25","acq_time":1017,"confidence":"n","satellite":"N","instrument":"VIIRS","version":"2.0NRT","bright_ti4":350.92,"frp":5.76,"daynight":"N"},"geometry":{"type":"Point","coordinates":[-118.44534,42.98413]}},{"type":"Feature","properties":{"acq_date":"2026-07-25","acq_time":1017,"confidence":"n","satellite":"N","instrument":"VIIRS","version":"2.0NRT","bright_ti4":301.88,"frp":1,"daynight":"N"},"geometry":{"type":"Point","coordinates":[-118.42817,42.98449]}},{"type":"Feature","properties":{"acq_date":"2026-07-25","acq_time":1017,"confidence":"n","satellite":"N","instrument":"VIIRS","version":"2.0NRT","bright_ti4":323.77,"frp":3.45,"daynight":"N"},"geometry":{"type":"Point","coordinates":[-118.45763,42.98489]}},{"type":"Feature","properties":{"acq_date":"2026-07-25","acq_time":1017,"confidence":"n","satellite":"N","instrument":"VIIRS","version":"2.0NRT","bright_ti4":334.14,"frp":5.76,"daynight":"N"},"geometry":{"type":"Point","coordinates":[-118.45074,42.9852]}},{"type":"Feature","properties":{"acq_date":"2026-07-25","acq_time":1017,"confidence":"n","satellite":"N","instrument":"VIIRS","version":"2.0NRT","bright_ti4":310.34,"frp":1.55,"daynight":"N"},"geometry":{"type":"Point","coordinates":[-118.43346,42.98553]}},{"type":"Feature","properties":{"acq_date":"2026-07-25","acq_time":1017,"confidence":"n","satellite":"N","instrument":"VIIRS","version":"2.0NRT","bright_ti4":326.12,"frp":1.72,"daynight":"N"},"geometry":{"type":"Point","coordinates":[-118.46298,42.98592]}},{"type":"Feature","properties":{"acq_date":"2026-07-25","acq_time":1017,"confidence":"n","satellite":"N","instrument":"VIIRS","version":"2.0NRT","bright_ti4":307.51,"frp":1.19,"daynight":"N"},"geometry":{"type":"Point","coordinates":[-118.45615,42.98627]}},{"type":"Feature","properties":{"acq_date":"2026-07-25","acq_time":1017,"confidence":"n","satellite":"N","instrument":"VIIRS","version":"2.0NRT","bright_ti4":310.74,"frp":1.55,"daynight":"N"},"geometry":{"type":"Point","coordinates":[-118.43877,42.98658]}},{"type":"Feature","properties":{"acq_date":"2026-07-25","acq_time":1017,"confidence":"n","satellite":"N","instrument":"VIIRS","version":"2.0NRT","bright_ti4":307.25,"frp":1.72,"daynight":"N"},"geometry":{"type":"Point","coordinates":[-118.46833,42.98696]}},{"type":"Feature","properties":{"acq_date":"2026-07-25","acq_time":1017,"confidence":"n","satellite":"N","instrument":"VIIRS","version":"2.0NRT","bright_ti4":321.4,"frp":1.19,"daynight":"N"},"geometry":{"type":"Point","coordinates":[-118.46153,42.98733]}},{"type":"Feature","properties":{"acq_date":"2026-07-25","acq_time":1017,"confidence":"n","satellite":"N","instrument":"VIIRS","version":"2.0NRT","bright_ti4":306.75,"frp":5.76,"daynight":"N"},"geometry":{"type":"Point","coordinates":[-118.44408,42.98763]}},{"type":"Feature","properties":{"acq_date":"2026-07-25","acq_time":1017,"confidence":"n","satellite":"N","instrument":"VIIRS","version":"2.0NRT","bright_ti4":300.71,"frp":0.97,"daynight":"N"},"geometry":{"type":"Point","coordinates":[-118.42692,42.98798]}},{"type":"Feature","properties":{"acq_date":"2026-07-25","acq_time":1017,"confidence":"n","satellite":"N","instrument":"VIIRS","version":"2.0NRT","bright_ti4":307.27,"frp":1.46,"daynight":"N"},"geometry":{"type":"Point","coordinates":[-118.4737,42.988]}},{"type":"Feature","properties":{"acq_date":"2026-07-25","acq_time":1017,"confidence":"n","satellite":"N","instrument":"VIIRS","version":"2.0NRT","bright_ti4":302.8,"frp":1.14,"daynight":"N"},"geometry":{"type":"Point","coordinates":[-118.46691,42.98839]}},{"type":"Feature","properties":{"acq_date":"2026-07-25","acq_time":1017,"confidence":"n","satellite":"N","instrument":"VIIRS","version":"2.0NRT","bright_ti4":322.17,"frp":5.76,"daynight":"N"},"geometry":{"type":"Point","coordinates":[-118.44949,42.98869]}},{"type":"Feature","properties":{"acq_date":"2026-07-25","acq_time":1017,"confidence":"n","satellite":"N","instrument":"VIIRS","version":"2.0NRT","bright_ti4":303.45,"frp":1.06,"daynight":"N"},"geometry":{"type":"Point","coordinates":[-118.43221,42.98903]}},{"type":"Feature","properties":{"acq_date":"2026-07-25","acq_time":1017,"confidence":"n","satellite":"N","instrument":"VIIRS","version":"2.0NRT","bright_ti4":311.26,"frp":1.14,"daynight":"N"},"geometry":{"type":"Point","coordinates":[-118.47227,42.98945]}},{"type":"Feature","properties":{"acq_date":"2026-07-25","acq_time":1017,"confidence":"n","satellite":"N","instrument":"VIIRS","version":"2.0NRT","bright_ti4":306.15,"frp":1.19,"daynight":"N"},"geometry":{"type":"Point","coordinates":[-118.45495,42.98977]}},{"type":"Feature","properties":{"acq_date":"2026-07-25","acq_time":1017,"confidence":"n","satellite":"N","instrument":"VIIRS","version":"2.0NRT","bright_ti4":319.48,"frp":1.06,"daynight":"N"},"geometry":{"type":"Point","coordinates":[-118.43752,42.99008]}},{"type":"Feature","properties":{"acq_date":"2026-07-25","acq_time":1017,"confidence":"n","satellite":"N","instrument":"VIIRS","version":"2.0NRT","bright_ti4":303.59,"frp":0.86,"daynight":"N"},"geometry":{"type":"Point","coordinates":[-118.47757,42.99049]}},{"type":"Feature","properties":{"acq_date":"2026-07-25","acq_time":1017,"confidence":"n","satellite":"N","instrument":"VIIRS","version":"2.0NRT","bright_ti4":300.3,"frp":1.19,"daynight":"N"},"geometry":{"type":"Point","coordinates":[-118.46038,42.99085]}},{"type":"Feature","properties":{"acq_date":"2026-07-25","acq_time":1017,"confidence":"n","satellite":"N","instrument":"VIIRS","version":"2.0NRT","bright_ti4":310.17,"frp":0.97,"daynight":"N"},"geometry":{"type":"Point","coordinates":[-118.44287,42.99113]}},{"type":"Feature","properties":{"acq_date":"2026-07-25","acq_time":1017,"confidence":"n","satellite":"N","instrument":"VIIRS","version":"2.0NRT","bright_ti4":308.84,"frp":0.97,"daynight":"N"},"geometry":{"type":"Point","coordinates":[-118.44832,42.99221]}},{"type":"Feature","properties":{"acq_date":"2026-07-25","acq_time":1017,"confidence":"n","satellite":"N","instrument":"VIIRS","version":"2.0NRT","bright_ti4":297.69,"frp":1.06,"daynight":"N"},"geometry":{"type":"Point","coordinates":[-118.431,42.99253]}},{"type":"Feature","properties":{"acq_date":"2026-07-25","acq_time":1017,"confidence":"n","satellite":"N","instrument":"VIIRS","version":"2.0NRT","bright_ti4":295.79,"frp":0.24,"daynight":"N"},"geometry":{"type":"Point","coordinates":[-118.45384,42.99329]}},{"type":"Feature","properties":{"acq_date":"2026-07-25","acq_time":1017,"confidence":"n","satellite":"N","instrument":"VIIRS","version":"2.0NRT","bright_ti4":311.15,"frp":1.06,"daynight":"N"},"geometry":{"type":"Point","coordinates":[-118.4363,42.99358]}},{"type":"Feature","properties":{"acq_date":"2026-07-25","acq_time":1017,"confidence":"n","satellite":"N","instrument":"VIIRS","version":"2.0NRT","bright_ti4":305.62,"frp":0.86,"daynight":"N"},"geometry":{"type":"Point","coordinates":[-118.4763,42.99398]}},{"type":"Feature","properties":{"acq_date":"2026-07-25","acq_time":1017,"confidence":"n","satellite":"N","instrument":"VIIRS","version":"2.0NRT","bright_ti4":297.95,"frp":0.97,"daynight":"N"},"geometry":{"type":"Point","coordinates":[-118.44167,42.99464]}},{"type":"Feature","properties":{"acq_date":"2026-07-25","acq_time":1017,"confidence":"n","satellite":"N","instrument":"VIIRS","version":"2.0NRT","bright_ti4":302.66,"frp":0.86,"daynight":"N"},"geometry":{"type":"Point","coordinates":[-118.4817,42.99505]}},{"type":"Feature","properties":{"acq_date":"2026-07-25","acq_time":1017,"confidence":"n","satellite":"N","instrument":"VIIRS","version":"2.0NRT","bright_ti4":309.29,"frp":0.73,"daynight":"N"},"geometry":{"type":"Point","coordinates":[-118.42981,42.99604]}},{"type":"Feature","properties":{"acq_date":"2026-07-25","acq_time":1017,"confidence":"n","satellite":"N","instrument":"VIIRS","version":"2.0NRT","bright_ti4":296.26,"frp":0.73,"daynight":"N"},"geometry":{"type":"Point","coordinates":[-118.43515,42.9971]}},{"type":"Feature","properties":{"acq_date":"2026-07-25","acq_time":1017,"confidence":"n","satellite":"N","instrument":"VIIRS","version":"2.0NRT","bright_ti4":313.1,"frp":1.38,"daynight":"N"},"geometry":{"type":"Point","coordinates":[-118.48037,42.99852]}},{"type":"Feature","properties":{"acq_date":"2026-07-25","acq_time":1017,"confidence":"n","satellite":"N","instrument":"VIIRS","version":"2.0NRT","bright_ti4":297.82,"frp":0.73,"daynight":"N"},"geometry":{"type":"Point","coordinates":[-118.43409,43.00063]}},{"type":"Feature","properties":{"acq_date":"2026-07-25","acq_time":1017,"confidence":"n","satellite":"N","instrument":"VIIRS","version":"2.0NRT","bright_ti4":307.66,"frp":1.38,"daynight":"N"},"geometry":{"type":"Point","coordinates":[-118.47909,43.00201]}},{"type":"Feature","properties":{"acq_date":"2026-07-25","acq_time":1017,"confidence":"n","satellite":"N","instrument":"VIIRS","version":"2.0NRT","bright_ti4":298.29,"frp":0.85,"daynight":"N"},"geometry":{"type":"Point","coordinates":[-118.40447,43.00229]}},{"type":"Feature","properties":{"acq_date":"2026-07-25","acq_time":1017,"confidence":"n","satellite":"N","instrument":"VIIRS","version":"2.0NRT","bright_ti4":327.27,"frp":3.66,"daynight":"N"},"geometry":{"type":"Point","coordinates":[-118.48444,43.00306]}},{"type":"Feature","properties":{"acq_date":"2026-07-25","acq_time":1017,"confidence":"n","satellite":"N","instrument":"VIIRS","version":"2.0NRT","bright_ti4":298.44,"frp":0.35,"daynight":"N"},"geometry":{"type":"Point","coordinates":[-118.43297,43.00415]}},{"type":"Feature","properties":{"acq_date":"2026-07-25","acq_time":1017,"confidence":"n","satellite":"N","instrument":"VIIRS","version":"2.0NRT","bright_ti4":298.24,"frp":0.55,"daynight":"N"},"geometry":{"type":"Point","coordinates":[-118.43839,43.00522]}},{"type":"Feature","properties":{"acq_date":"2026-07-25","acq_time":1017,"confidence":"n","satellite":"N","instrument":"VIIRS","version":"2.0NRT","bright_ti4":300.78,"frp":0.52,"daynight":"N"},"geometry":{"type":"Point","coordinates":[-118.46085,43.0059]}},{"type":"Feature","properties":{"acq_date":"2026-07-25","acq_time":1017,"confidence":"n","satellite":"N","instrument":"VIIRS","version":"2.0NRT","bright_ti4":324.05,"frp":2.62,"daynight":"N"},"geometry":{"type":"Point","coordinates":[-118.8943,43.00597]}},{"type":"Feature","properties":{"acq_date":"2026-07-25","acq_time":1017,"confidence":"n","satellite":"N","instrument":"VIIRS","version":"2.0NRT","bright_ti4":300.65,"frp":0.79,"daynight":"N"},"geometry":{"type":"Point","coordinates":[-118.48312,43.00654]}},{"type":"Feature","properties":{"acq_date":"2026-07-25","acq_time":1017,"confidence":"n","satellite":"N","instrument":"VIIRS","version":"2.0NRT","bright_ti4":307.24,"frp":2.12,"daynight":"N"},"geometry":{"type":"Point","coordinates":[-118.8998,43.00703]}},{"type":"Feature","properties":{"acq_date":"2026-07-25","acq_time":1017,"confidence":"n","satellite":"N","instrument":"VIIRS","version":"2.0NRT","bright_ti4":298.44,"frp":1.46,"daynight":"N"},"geometry":{"type":"Point","coordinates":[-118.45433,43.00835]}},{"type":"Feature","properties":{"acq_date":"2026-07-25","acq_time":1017,"confidence":"n","satellite":"N","instrument":"VIIRS","version":"2.0NRT","bright_ti4":330.82,"frp":2.62,"daynight":"N"},"geometry":{"type":"Point","coordinates":[-118.89287,43.00938]}},{"type":"Feature","properties":{"acq_date":"2026-07-25","acq_time":1017,"confidence":"n","satellite":"N","instrument":"VIIRS","version":"2.0NRT","bright_ti4":325.31,"frp":1.97,"daynight":"N"},"geometry":{"type":"Point","coordinates":[-118.45959,43.00939]}},{"type":"Feature","properties":{"acq_date":"2026-07-25","acq_time":1017,"confidence":"n","satellite":"N","instrument":"VIIRS","version":"2.0NRT","bright_ti4":299.53,"frp":1.97,"daynight":"N"},"geometry":{"type":"Point","coordinates":[-118.46487,43.01043]}},{"type":"Feature","properties":{"acq_date":"2026-07-25","acq_time":1017,"confidence":"n","satellite":"N","instrument":"VIIRS","version":"2.0NRT","bright_ti4":313.59,"frp":2.12,"daynight":"N"},"geometry":{"type":"Point","coordinates":[-118.8984,43.01044]}},{"type":"Feature","properties":{"acq_date":"2026-07-25","acq_time":1017,"confidence":"n","satellite":"N","instrument":"VIIRS","version":"2.0NRT","bright_ti4":321.55,"frp":1.46,"daynight":"N"},"geometry":{"type":"Point","coordinates":[-118.45312,43.01186]}},{"type":"Feature","properties":{"acq_date":"2026-07-25","acq_time":1017,"confidence":"n","satellite":"N","instrument":"VIIRS","version":"2.0NRT","bright_ti4":323.26,"frp":1.97,"daynight":"N"},"geometry":{"type":"Point","coordinates":[-118.45835,43.01288]}},{"type":"Feature","properties":{"acq_date":"2026-07-25","acq_time":1017,"confidence":"n","satellite":"N","instrument":"VIIRS","version":"2.0NRT","bright_ti4":297.66,"frp":0.95,"daynight":"N"},"geometry":{"type":"Point","coordinates":[-118.42381,43.01358]}},{"type":"Feature","properties":{"acq_date":"2026-07-25","acq_time":1017,"confidence":"n","satellite":"N","instrument":"VIIRS","version":"2.0NRT","bright_ti4":316.85,"frp":1.25,"daynight":"N"},"geometry":{"type":"Point","coordinates":[-118.89703,43.01386]}},{"type":"Feature","properties":{"acq_date":"2026-07-25","acq_time":1017,"confidence":"n","satellite":"N","instrument":"VIIRS","version":"2.0NRT","bright_ti4":304.3,"frp":2.43,"daynight":"N"},"geometry":{"type":"Point","coordinates":[-118.44671,43.01435]}},{"type":"Feature","properties":{"acq_date":"2026-07-25","acq_time":1017,"confidence":"n","satellite":"N","instrument":"VIIRS","version":"2.0NRT","bright_ti4":315.77,"frp":0.95,"daynight":"N"},"geometry":{"type":"Point","coordinates":[-118.42927,43.01465]}},{"type":"Feature","properties":{"acq_date":"2026-07-25","acq_time":1017,"confidence":"n","satellite":"N","instrument":"VIIRS","version":"2.0NRT","bright_ti4":306.66,"frp":1.25,"daynight":"N"},"geometry":{"type":"Point","coordinates":[-118.90251,43.0149]}},{"type":"Feature","properties":{"acq_date":"2026-07-25","acq_time":1017,"confidence":"n","satellite":"N","instrument":"VIIRS","version":"2.0NRT","bright_ti4":297.8,"frp":1.11,"daynight":"N"},"geometry":{"type":"Point","coordinates":[-118.41149,43.0149]}},{"type":"Feature","properties":{"acq_date":"2026-07-25","acq_time":1017,"confidence":"n","satellite":"N","instrument":"VIIRS","version":"2.0NRT","bright_ti4":330.24,"frp":2.43,"daynight":"N"},"geometry":{"type":"Point","coordinates":[-118.45194,43.01537]}},{"type":"Feature","properties":{"acq_date":"2026-07-25","acq_time":1017,"confidence":"n","satellite":"N","instrument":"VIIRS","version":"2.0NRT","bright_ti4":303.93,"frp":0.75,"daynight":"N"},"geometry":{"type":"Point","coordinates":[-118.43472,43.01572]}},{"type":"Feature","properties":{"acq_date":"2026-07-25","acq_time":1017,"confidence":"n","satellite":"N","instrument":"VIIRS","version":"2.0NRT","bright_ti4":299.28,"frp":1.13,"daynight":"N"},"geometry":{"type":"Point","coordinates":[-118.90792,43.01594]}},{"type":"Feature","properties":{"acq_date":"2026-07-25","acq_time":1017,"confidence":"n","satellite":"N","instrument":"VIIRS","version":"2.0NRT","bright_ti4":329.26,"frp":4.07,"daynight":"N"},"geometry":{"type":"Point","coordinates":[-118.45718,43.0164]}},{"type":"Feature","properties":{"acq_date":"2026-07-25","acq_time":1017,"confidence":"n","satellite":"N","instrument":"VIIRS","version":"2.0NRT","bright_ti4":303.5,"frp":0.75,"daynight":"N"},"geometry":{"type":"Point","coordinates":[-118.44016,43.0168]}},{"type":"Feature","properties":{"acq_date":"2026-07-25","acq_time":1017,"confidence":"n","satellite":"N","instrument":"VIIRS","version":"2.0NRT","bright_ti4":314.24,"frp":1.25,"daynight":"N"},"geometry":{"type":"Point","coordinates":[-118.89574,43.01729]}},{"type":"Feature","properties":{"acq_date":"2026-07-25","acq_time":1017,"confidence":"n","satellite":"N","instrument":"VIIRS","version":"2.0NRT","bright_ti4":297.97,"frp":2.43,"daynight":"N"},"geometry":{"type":"Point","coordinates":[-118.44552,43.01785]}},{"type":"Feature","properties":{"acq_date":"2026-07-25","acq_time":1017,"confidence":"n","satellite":"N","instrument":"VIIRS","version":"2.0NRT","bright_ti4":302.25,"frp":1.25,"daynight":"N"},"geometry":{"type":"Point","coordinates":[-118.90112,43.01832]}},{"type":"Feature","properties":{"acq_date":"2026-07-25","acq_time":1017,"confidence":"n","satellite":"N","instrument":"VIIRS","version":"2.0NRT","bright_ti4":316.92,"frp":1.11,"daynight":"N"},"geometry":{"type":"Point","coordinates":[-118.41016,43.01839]}},{"type":"Feature","properties":{"acq_date":"2026-07-25","acq_time":1017,"confidence":"n","satellite":"N","instrument":"VIIRS","version":"2.0NRT","bright_ti4":331.48,"frp":2.43,"daynight":"N"},"geometry":{"type":"Point","coordinates":[-118.45081,43.01888]}},{"type":"Feature","properties":{"acq_date":"2026-07-25","acq_time":1017,"confidence":"n","satellite":"N","instrument":"VIIRS","version":"2.0NRT","bright_ti4":305.97,"frp":1.13,"daynight":"N"},"geometry":{"type":"Point","coordinates":[-118.90652,43.01935]}},{"type":"Feature","properties":{"acq_date":"2026-07-25","acq_time":1017,"confidence":"n","satellite":"N","instrument":"VIIRS","version":"2.0NRT","bright_ti4":303.92,"frp":1.11,"daynight":"N"},"geometry":{"type":"Point","coordinates":[-118.41567,43.01947]}},{"type":"Feature","properties":{"acq_date":"2026-07-25","acq_time":1017,"confidence":"n","satellite":"N","instrument":"VIIRS","version":"2.0NRT","bright_ti4":317.01,"frp":1.85,"daynight":"N"},"geometry":{"type":"Point","coordinates":[-118.88914,43.01971]}},{"type":"Feature","properties":{"acq_date":"2026-07-25","acq_time":1017,"confidence":"n","satellite":"N","instrument":"VIIRS","version":"2.0NRT","bright_ti4":327.18,"frp":4.07,"daynight":"N"},"geometry":{"type":"Point","coordinates":[-118.45602,43.01991]}},{"type":"Feature","properties":{"acq_date":"2026-07-25","acq_time":1017,"confidence":"n","satellite":"N","instrument":"VIIRS","version":"2.0NRT","bright_ti4":304.1,"frp":1.83,"daynight":"N"},"geometry":{"type":"Point","coordinates":[-118.43892,43.02029]}},{"type":"Feature","properties":{"acq_date":"2026-07-25","acq_time":1017,"confidence":"n","satellite":"N","instrument":"VIIRS","version":"2.0NRT","bright_ti4":316.36,"frp":1.13,"daynight":"N"},"geometry":{"type":"Point","coordinates":[-118.91193,43.02039]}},{"type":"Feature","properties":{"acq_date":"2026-07-25","acq_time":1017,"confidence":"n","satellite":"N","instrument":"VIIRS","version":"2.0NRT","bright_ti4":304.48,"frp":1.56,"daynight":"N"},"geometry":{"type":"Point","coordinates":[-118.42117,43.02055]}},{"type":"Feature","properties":{"acq_date":"2026-07-25","acq_time":1017,"confidence":"n","satellite":"N","instrument":"VIIRS","version":"2.0NRT","bright_ti4":327.05,"frp":3.36,"daynight":"N"},"geometry":{"type":"Point","coordinates":[-118.89451,43.02074]}},{"type":"Feature","properties":{"acq_date":"2026-07-25","acq_time":1017,"confidence":"n","satellite":"N","instrument":"VIIRS","version":"2.0NRT","bright_ti4":329.01,"frp":7.67,"daynight":"N"},"geometry":{"type":"Point","coordinates":[-118.44427,43.02134]}},{"type":"Feature","properties":{"acq_date":"2026-07-25","acq_time":1017,"confidence":"n","satellite":"N","instrument":"VIIRS","version":"2.0NRT","bright_ti4":318.98,"frp":3.36,"daynight":"N"},"geometry":{"type":"Point","coordinates":[-118.89983,43.02175]}},{"type":"Feature","properties":{"acq_date":"2026-07-25","acq_time":1017,"confidence":"n","satellite":"N","instrument":"VIIRS","version":"2.0NRT","bright_ti4":305.87,"frp":0.88,"daynight":"N"},"geometry":{"type":"Point","coordinates":[-118.40883,43.02187]}},{"type":"Feature","properties":{"acq_date":"2026-07-25","acq_time":1017,"confidence":"n","satellite":"N","instrument":"VIIRS","version":"2.0NRT","bright_ti4":320.05,"frp":1.85,"daynight":"N"},"geometry":{"type":"Point","coordinates":[-118.88248,43.02212]}},{"type":"Feature","properties":{"acq_date":"2026-07-25","acq_time":1017,"confidence":"n","satellite":"N","instrument":"VIIRS","version":"2.0NRT","bright_ti4":298.24,"frp":1.83,"daynight":"N"},"geometry":{"type":"Point","coordinates":[-118.43214,43.02271]}},{"type":"Feature","properties":{"acq_date":"2026-07-25","acq_time":1017,"confidence":"n","satellite":"N","instrument":"VIIRS","version":"2.0NRT","bright_ti4":318.86,"frp":2.4,"daynight":"N"},"geometry":{"type":"Point","coordinates":[-118.90515,43.02276]}},{"type":"Feature","properties":{"acq_date":"2026-07-25","acq_time":1017,"confidence":"n","satellite":"N","instrument":"VIIRS","version":"2.0NRT","bright_ti4":300.85,"frp":0.88,"daynight":"N"},"geometry":{"type":"Point","coordinates":[-118.41428,43.02294]}},{"type":"Feature","properties":{"acq_date":"2026-07-25","acq_time":1017,"confidence":"n","satellite":"N","instrument":"VIIRS","version":"2.0NRT","bright_ti4":307.53,"frp":1.85,"daynight":"N"},"geometry":{"type":"Point","coordinates":[-118.88797,43.02317]}},{"type":"Feature","properties":{"acq_date":"2026-07-25","acq_time":1017,"confidence":"n","satellite":"N","instrument":"VIIRS","version":"2.0NRT","bright_ti4":311.49,"frp":1.83,"daynight":"N"},"geometry":{"type":"Point","coordinates":[-118.4376,43.02377]}},{"type":"Feature","properties":{"acq_date":"2026-07-25","acq_time":1017,"confidence":"n","satellite":"N","instrument":"VIIRS","version":"2.0NRT","bright_ti4":313.98,"frp":2.4,"daynight":"N"},"geometry":{"type":"Point","coordinates":[-118.91058,43.0238]}},{"type":"Feature","properties":{"acq_date":"2026-07-25","acq_time":1017,"confidence":"n","satellite":"N","instrument":"VIIRS","version":"2.0NRT","bright_ti4":327.61,"frp":3.36,"daynight":"N"},"geometry":{"type":"Point","coordinates":[-118.89332,43.02419]}},{"type":"Feature","properties":{"acq_date":"2026-07-25","acq_time":1017,"confidence":"n","satellite":"N","instrument":"VIIRS","version":"2.0NRT","bright_ti4":309.92,"frp":1.53,"daynight":"N"},"geometry":{"type":"Point","coordinates":[-118.91595,43.02483]}},{"type":"Feature","properties":{"acq_date":"2026-07-25","acq_time":1017,"confidence":"n","satellite":"N","instrument":"VIIRS","version":"2.0NRT","bright_ti4":344.54,"frp":7.67,"daynight":"N"},"geometry":{"type":"Point","coordinates":[-118.44298,43.02483]}},{"type":"Feature","properties":{"acq_date":"2026-07-25","acq_time":1017,"confidence":"n","satellite":"N","instrument":"VIIRS","version":"2.0NRT","bright_ti4":339.74,"frp":3.36,"daynight":"N"},"geometry":{"type":"Point","coordinates":[-118.89862,43.0252]}},{"type":"Feature","properties":{"acq_date":"2026-07-25","acq_time":1017,"confidence":"n","satellite":"N","instrument":"VIIRS","version":"2.0NRT","bright_ti4":335.68,"frp":2.53,"daynight":"N"},"geometry":{"type":"Point","coordinates":[-118.88129,43.02557]}},{"type":"Feature","properties":{"acq_date":"2026-07-25","acq_time":1017,"confidence":"n","satellite":"N","instrument":"VIIRS","version":"2.0NRT","bright_ti4":302.72,"frp":5.63,"daynight":"N"},"geometry":{"type":"Point","coordinates":[-118.43077,43.02618]}},{"type":"Feature","properties":{"acq_date":"2026-07-25","acq_time":1017,"confidence":"n","satellite":"N","instrument":"VIIRS","version":"2.0NRT","bright_ti4":329.47,"frp":2.4,"daynight":"N"},"geometry":{"type":"Point","coordinates":[-118.90392,43.02621]}},{"type":"Feature","properties":{"acq_date":"2026-07-25","acq_time":1017,"confidence":"n","satellite":"N","instrument":"VIIRS","version":"2.0NRT","bright_ti4":323.28,"frp":2.53,"daynight":"N"},"geometry":{"type":"Point","coordinates":[-118.88676,43.02662]}},{"type":"Feature","properties":{"acq_date":"2026-07-25","acq_time":1017,"confidence":"n","satellite":"N","instrument":"VIIRS","version":"2.0NRT","bright_ti4":318.57,"frp":2.4,"daynight":"N"},"geometry":{"type":"Point","coordinates":[-118.90921,43.02722]}},{"type":"Feature","properties":{"acq_date":"2026-07-25","acq_time":1017,"confidence":"n","satellite":"N","instrument":"VIIRS","version":"2.0NRT","bright_ti4":354.33,"frp":5.63,"daynight":"N"},"geometry":{"type":"Point","coordinates":[-118.43623,43.02725]}},{"type":"Feature","properties":{"acq_date":"2026-07-25","acq_time":1017,"confidence":"n","satellite":"N","instrument":"VIIRS","version":"2.0NRT","bright_ti4":319.61,"frp":4.15,"daynight":"N"},"geometry":{"type":"Point","coordinates":[-118.89214,43.02764]}},{"type":"Feature","properties":{"acq_date":"2026-07-25","acq_time":1017,"confidence":"n","satellite":"N","instrument":"VIIRS","version":"2.0NRT","bright_ti4":311.88,"frp":1.53,"daynight":"N"},"geometry":{"type":"Point","coordinates":[-118.9146,43.02825]}},{"type":"Feature","properties":{"acq_date":"2026-07-25","acq_time":1017,"confidence":"n","satellite":"N","instrument":"VIIRS","version":"2.0NRT","bright_ti4":326.54,"frp":4.15,"daynight":"N"},"geometry":{"type":"Point","coordinates":[-118.89743,43.02865]}},{"type":"Feature","properties":{"acq_date":"2026-07-25","acq_time":1017,"confidence":"n","satellite":"N","instrument":"VIIRS","version":"2.0NRT","bright_ti4":300.12,"frp":1.51,"daynight":"N"},"geometry":{"type":"Point","coordinates":[-118.93716,43.02888]}},{"type":"Feature","properties":{"acq_date":"2026-07-25","acq_time":1017,"confidence":"n","satellite":"N","instrument":"VIIRS","version":"2.0NRT","bright_ti4":305.31,"frp":2.53,"daynight":"N"},"geometry":{"type":"Point","coordinates":[-118.88011,43.02903]}},{"type":"Feature","properties":{"acq_date":"2026-07-25","acq_time":1017,"confidence":"n","satellite":"N","instrument":"VIIRS","version":"2.0NRT","bright_ti4":309.69,"frp":1.53,"daynight":"N"},"geometry":{"type":"Point","coordinates":[-118.92001,43.02928]}},{"type":"Feature","properties":{"acq_date":"2026-07-25","acq_time":1017,"confidence":"n","satellite":"N","instrument":"VIIRS","version":"2.0NRT","bright_ti4":328.79,"frp":3.8,"daynight":"N"},"geometry":{"type":"Point","coordinates":[-118.90269,43.02965]}},{"type":"Feature","properties":{"acq_date":"2026-07-25","acq_time":1017,"confidence":"n","satellite":"N","instrument":"VIIRS","version":"2.0NRT","bright_ti4":317.45,"frp":1.51,"daynight":"N"},"geometry":{"type":"Point","coordinates":[-118.94244,43.02988]}},{"type":"Feature","properties":{"acq_date":"2026-07-25","acq_time":1017,"confidence":"n","satellite":"N","instrument":"VIIRS","version":"2.0NRT","bright_ti4":330.02,"frp":2.53,"daynight":"N"},"geometry":{"type":"Point","coordinates":[-118.88555,43.03006]}},{"type":"Feature","properties":{"acq_date":"2026-07-25","acq_time":1017,"confidence":"n","satellite":"N","instrument":"VIIRS","version":"2.0NRT","bright_ti4":314.5,"frp":3.8,"daynight":"N"},"geometry":{"type":"Point","coordinates":[-118.90795,43.03065]}},{"type":"Feature","properties":{"acq_date":"2026-07-25","acq_time":1017,"confidence":"n","satellite":"N","instrument":"VIIRS","version":"2.0NRT","bright_ti4":334.55,"frp":5.63,"daynight":"N"},"geometry":{"type":"Point","coordinates":[-118.43485,43.03072]}},{"type":"Feature","properties":{"acq_date":"2026-07-25","acq_time":1017,"confidence":"n","satellite":"N","instrument":"VIIRS","version":"2.0NRT","bright_ti4":310.25,"frp":2.5,"daynight":"N"},"geometry":{"type":"Point","coordinates":[-118.94773,43.03089]}},{"type":"Feature","properties":{"acq_date":"2026-07-25","acq_time":1017,"confidence":"n","satellite":"N","instrument":"VIIRS","version":"2.0NRT","bright_ti4":342.3,"frp":4.15,"daynight":"N"},"geometry":{"type":"Point","coordinates":[-118.89091,43.03108]}},{"type":"Feature","properties":{"acq_date":"2026-07-25","acq_time":1017,"confidence":"n","satellite":"N","instrument":"VIIRS","version":"2.0NRT","bright_ti4":307.18,"frp":2.14,"daynight":"N"},"geometry":{"type":"Point","coordinates":[-118.91325,43.03167]}},{"type":"Feature","properties":{"acq_date":"2026-07-25","acq_time":1017,"confidence":"n","satellite":"N","instrument":"VIIRS","version":"2.0NRT","bright_ti4":319.62,"frp":1.51,"daynight":"N"},"geometry":{"type":"Point","coordinates":[-118.94124,43.03333]}},{"type":"Feature","properties":{"acq_date":"2026-07-25","acq_time":1017,"confidence":"n","satellite":"N","instrument":"VIIRS","version":"2.0NRT","bright_ti4":303.94,"frp":1.22,"daynight":"N"},"geometry":{"type":"Point","coordinates":[-118.88432,43.03351]}},{"type":"Feature","properties":{"acq_date":"2026-07-25","acq_time":1017,"confidence":"n","satellite":"N","instrument":"VIIRS","version":"2.0NRT","bright_ti4":304.26,"frp":1.6,"daynight":"N"},"geometry":{"type":"Point","coordinates":[-118.92397,43.03371]}},{"type":"Feature","properties":{"acq_date":"2026-07-25","acq_time":1017,"confidence":"n","satellite":"N","instrument":"VIIRS","version":"2.0NRT","bright_ti4":332.02,"frp":2.5,"daynight":"N"},"geometry":{"type":"Point","coordinates":[-118.94656,43.03434]}},{"type":"Feature","properties":{"acq_date":"2026-07-25","acq_time":1017,"confidence":"n","satellite":"N","instrument":"VIIRS","version":"2.0NRT","bright_ti4":352.46,"frp":16.69,"daynight":"N"},"geometry":{"type":"Point","coordinates":[-118.88965,43.03452]}},{"type":"Feature","properties":{"acq_date":"2026-07-25","acq_time":1017,"confidence":"n","satellite":"N","instrument":"VIIRS","version":"2.0NRT","bright_ti4":320.16,"frp":2.5,"daynight":"N"},"geometry":{"type":"Point","coordinates":[-118.95179,43.03534]}},{"type":"Feature","properties":{"acq_date":"2026-07-25","acq_time":1017,"confidence":"n","satellite":"N","instrument":"VIIRS","version":"2.0NRT","bright_ti4":308.72,"frp":1.22,"daynight":"N"},"geometry":{"type":"Point","coordinates":[-118.87775,43.03593]}},{"type":"Feature","properties":{"acq_date":"2026-07-25","acq_time":1017,"confidence":"n","satellite":"N","instrument":"VIIRS","version":"2.0NRT","bright_ti4":318.26,"frp":2.14,"daynight":"N"},"geometry":{"type":"Point","coordinates":[-118.91731,43.03612]}},{"type":"Feature","properties":{"acq_date":"2026-07-25","acq_time":1017,"confidence":"n","satellite":"N","instrument":"VIIRS","version":"2.0NRT","bright_ti4":307.43,"frp":1.96,"daynight":"N"},"geometry":{"type":"Point","coordinates":[-118.94,43.03676]}},{"type":"Feature","properties":{"acq_date":"2026-07-25","acq_time":1017,"confidence":"n","satellite":"N","instrument":"VIIRS","version":"2.0NRT","bright_ti4":304.92,"frp":1.22,"daynight":"N"},"geometry":{"type":"Point","coordinates":[-118.8831,43.03695]}},{"type":"Feature","properties":{"acq_date":"2026-07-25","acq_time":1017,"confidence":"n","satellite":"N","instrument":"VIIRS","version":"2.0NRT","bright_ti4":307.75,"frp":1.92,"daynight":"N"},"geometry":{"type":"Point","coordinates":[-118.94534,43.03778]}},{"type":"Feature","properties":{"acq_date":"2026-07-25","acq_time":1017,"confidence":"n","satellite":"N","instrument":"VIIRS","version":"2.0NRT","bright_ti4":348.32,"frp":16.69,"daynight":"N"},"geometry":{"type":"Point","coordinates":[-118.8884,43.03796]}},{"type":"Feature","properties":{"acq_date":"2026-07-25","acq_time":1017,"confidence":"n","satellite":"N","instrument":"VIIRS","version":"2.0NRT","bright_ti4":326.68,"frp":1.92,"daynight":"N"},"geometry":{"type":"Point","coordinates":[-118.95056,43.03877]}},{"type":"Feature","properties":{"acq_date":"2026-07-25","acq_time":1017,"confidence":"n","satellite":"N","instrument":"VIIRS","version":"2.0NRT","bright_ti4":306.95,"frp":3.53,"daynight":"N"},"geometry":{"type":"Point","coordinates":[-118.87646,43.03937]}},{"type":"Feature","properties":{"acq_date":"2026-07-25","acq_time":1017,"confidence":"n","satellite":"N","instrument":"VIIRS","version":"2.0NRT","bright_ti4":310.15,"frp":1.82,"daynight":"N"},"geometry":{"type":"Point","coordinates":[-118.91604,43.03955]}},{"type":"Feature","properties":{"acq_date":"2026-07-25","acq_time":1017,"confidence":"n","satellite":"N","instrument":"VIIRS","version":"2.0NRT","bright_ti4":318.66,"frp":3.53,"daynight":"N"},"geometry":{"type":"Point","coordinates":[-118.88181,43.04039]}},{"type":"Feature","properties":{"acq_date":"2026-07-25","acq_time":1017,"confidence":"n","satellite":"N","instrument":"VIIRS","version":"2.0NRT","bright_ti4":313.31,"frp":1.12,"daynight":"N"},"geometry":{"type":"Point","coordinates":[-118.92136,43.04056]}},{"type":"Feature","properties":{"acq_date":"2026-07-25","acq_time":1017,"confidence":"n","satellite":"N","instrument":"VIIRS","version":"2.0NRT","bright_ti4":344.82,"frp":5.49,"daynight":"N"},"geometry":{"type":"Point","coordinates":[-118.88716,43.0414]}},{"type":"Feature","properties":{"acq_date":"2026-07-25","acq_time":1017,"confidence":"n","satellite":"N","instrument":"VIIRS","version":"2.0NRT","bright_ti4":299.49,"frp":1.12,"daynight":"N"},"geometry":{"type":"Point","coordinates":[-118.92665,43.04157]}},{"type":"Feature","properties":{"acq_date":"2026-07-25","acq_time":1017,"confidence":"n","satellite":"N","instrument":"VIIRS","version":"2.0NRT","bright_ti4":306.77,"frp":1.76,"daynight":"N"},"geometry":{"type":"Point","coordinates":[-118.93195,43.04258]}},{"type":"Feature","properties":{"acq_date":"2026-07-25","acq_time":1017,"confidence":"n","satellite":"N","instrument":"VIIRS","version":"2.0NRT","bright_ti4":332.02,"frp":3.53,"daynight":"N"},"geometry":{"type":"Point","coordinates":[-118.87503,43.04278]}},{"type":"Feature","properties":{"acq_date":"2026-07-25","acq_time":1017,"confidence":"n","satellite":"N","instrument":"VIIRS","version":"2.0NRT","bright_ti4":330.25,"frp":3.53,"daynight":"N"},"geometry":{"type":"Point","coordinates":[-118.88046,43.04381]}},{"type":"Feature","properties":{"acq_date":"2026-07-25","acq_time":1017,"confidence":"n","satellite":"N","instrument":"VIIRS","version":"2.0NRT","bright_ti4":306.48,"frp":1.12,"daynight":"N"},"geometry":{"type":"Point","coordinates":[-118.9201,43.04399]}},{"type":"Feature","properties":{"acq_date":"2026-07-25","acq_time":1017,"confidence":"n","satellite":"N","instrument":"VIIRS","version":"2.0NRT","bright_ti4":323.26,"frp":5.49,"daynight":"N"},"geometry":{"type":"Point","coordinates":[-118.88586,43.04484]}},{"type":"Feature","properties":{"acq_date":"2026-07-25","acq_time":1017,"confidence":"n","satellite":"N","instrument":"VIIRS","version":"2.0NRT","bright_ti4":311.12,"frp":1.12,"daynight":"N"},"geometry":{"type":"Point","coordinates":[-118.92537,43.045]}},{"type":"Feature","properties":{"acq_date":"2026-07-25","acq_time":1017,"confidence":"n","satellite":"N","instrument":"VIIRS","version":"2.0NRT","bright_ti4":334.74,"frp":3.06,"daynight":"N"},"geometry":{"type":"Point","coordinates":[-118.87361,43.0462]}},{"type":"Feature","properties":{"acq_date":"2026-07-25","acq_time":1017,"confidence":"n","satellite":"N","instrument":"VIIRS","version":"2.0NRT","bright_ti4":334.47,"frp":3.06,"daynight":"N"},"geometry":{"type":"Point","coordinates":[-118.87225,43.04962]}},{"type":"Feature","properties":{"acq_date":"2026-07-25","acq_time":1017,"confidence":"n","satellite":"N","instrument":"VIIRS","version":"2.0NRT","bright_ti4":325.92,"frp":1.5,"daynight":"N"},"geometry":{"type":"Point","coordinates":[-118.89511,43.05028]}},{"type":"Feature","properties":{"acq_date":"2026-07-25","acq_time":1017,"confidence":"n","satellite":"N","instrument":"VIIRS","version":"2.0NRT","bright_ti4":302.85,"frp":1.44,"daynight":"N"},"geometry":{"type":"Point","coordinates":[-118.9347,43.05045]}},{"type":"Feature","properties":{"acq_date":"2026-07-25","acq_time":1017,"confidence":"n","satellite":"N","instrument":"VIIRS","version":"2.0NRT","bright_ti4":302.98,"frp":3.06,"daynight":"N"},"geometry":{"type":"Point","coordinates":[-118.87764,43.05064]}},{"type":"Feature","properties":{"acq_date":"2026-07-25","acq_time":1017,"confidence":"n","satellite":"N","instrument":"VIIRS","version":"2.0NRT","bright_ti4":303.22,"frp":1.5,"daynight":"N"},"geometry":{"type":"Point","coordinates":[-118.90034,43.05127]}},{"type":"Feature","properties":{"acq_date":"2026-07-25","acq_time":1017,"confidence":"n","satellite":"N","instrument":"VIIRS","version":"2.0NRT","bright_ti4":306.37,"frp":2.75,"daynight":"N"},"geometry":{"type":"Point","coordinates":[-118.88837,43.05267]}},{"type":"Feature","properties":{"acq_date":"2026-07-25","acq_time":1017,"confidence":"n","satellite":"N","instrument":"VIIRS","version":"2.0NRT","bright_ti4":334.76,"frp":2.56,"daynight":"N"},"geometry":{"type":"Point","coordinates":[-118.87092,43.05304]}},{"type":"Feature","properties":{"acq_date":"2026-07-25","acq_time":1017,"confidence":"n","satellite":"N","instrument":"VIIRS","version":"2.0NRT","bright_ti4":302.3,"frp":1.5,"daynight":"N"},"geometry":{"type":"Point","coordinates":[-118.89368,43.05368]}},{"type":"Feature","properties":{"acq_date":"2026-07-25","acq_time":1017,"confidence":"n","satellite":"N","instrument":"VIIRS","version":"2.0NRT","bright_ti4":318.56,"frp":1.44,"daynight":"N"},"geometry":{"type":"Point","coordinates":[-118.93346,43.05389]}},{"type":"Feature","properties":{"acq_date":"2026-07-25","acq_time":1017,"confidence":"n","satellite":"N","instrument":"VIIRS","version":"2.0NRT","bright_ti4":309.02,"frp":2.56,"daynight":"N"},"geometry":{"type":"Point","coordinates":[-118.87627,43.05406]}},{"type":"Feature","properties":{"acq_date":"2026-07-25","acq_time":1017,"confidence":"n","satellite":"N","instrument":"VIIRS","version":"2.0NRT","bright_ti4":299.28,"frp":1.18,"daynight":"N"},"geometry":{"type":"Point","coordinates":[-118.86432,43.05547]}},{"type":"Feature","properties":{"acq_date":"2026-07-25","acq_time":1017,"confidence":"n","satellite":"N","instrument":"VIIRS","version":"2.0NRT","bright_ti4":317.23,"frp":2.56,"daynight":"N"},"geometry":{"type":"Point","coordinates":[-118.86964,43.05648]}},{"type":"Feature","properties":{"acq_date":"2026-07-25","acq_time":1017,"confidence":"n","satellite":"N","instrument":"VIIRS","version":"2.0NRT","bright_ti4":310.25,"frp":7.12,"daynight":"N"},"geometry":{"type":"Point","coordinates":[-118.89227,43.05709]}},{"type":"Feature","properties":{"acq_date":"2026-07-25","acq_time":1017,"confidence":"n","satellite":"N","instrument":"VIIRS","version":"2.0NRT","bright_ti4":327.27,"frp":2.83,"daynight":"N"},"geometry":{"type":"Point","coordinates":[-118.93213,43.0573]}},{"type":"Feature","properties":{"acq_date":"2026-07-25","acq_time":1017,"confidence":"n","satellite":"N","instrument":"VIIRS","version":"2.0NRT","bright_ti4":306.12,"frp":11.38,"daynight":"N"},"geometry":{"type":"Point","coordinates":[-118.86219,43.05825]}},{"type":"Feature","properties":{"acq_date":"2026-07-25","acq_time":1017,"confidence":"n","satellite":"N","instrument":"VIIRS","version":"2.0NRT","bright_ti4":300.28,"frp":0.95,"daynight":"N"},"geometry":{"type":"Point","coordinates":[-118.93745,43.05831]}},{"type":"Feature","properties":{"acq_date":"2026-07-25","acq_time":1017,"confidence":"n","satellite":"N","instrument":"VIIRS","version":"2.0NRT","bright_ti4":306.22,"frp":7.45,"daynight":"N"},"geometry":{"type":"Point","coordinates":[-118.86308,43.05892]}},{"type":"Feature","properties":{"acq_date":"2026-07-25","acq_time":1017,"confidence":"n","satellite":"N","instrument":"VIIRS","version":"2.0NRT","bright_ti4":338.73,"frp":11.38,"daynight":"N"},"geometry":{"type":"Point","coordinates":[-118.86749,43.05928]}},{"type":"Feature","properties":{"acq_date":"2026-07-25","acq_time":1017,"confidence":"n","satellite":"N","instrument":"VIIRS","version":"2.0NRT","bright_ti4":334.11,"frp":5.19,"daynight":"N"},"geometry":{"type":"Point","coordinates":[-118.86841,43.05993]}},{"type":"Feature","properties":{"acq_date":"2026-07-25","acq_time":1017,"confidence":"n","satellite":"N","instrument":"VIIRS","version":"2.0NRT","bright_ti4":309.56,"frp":1.85,"daynight":"N"},"geometry":{"type":"Point","coordinates":[-118.87279,43.0603]}},{"type":"Feature","properties":{"acq_date":"2026-07-25","acq_time":1017,"confidence":"n","satellite":"N","instrument":"VIIRS","version":"2.0NRT","bright_ti4":346,"frp":7.12,"daynight":"N"},"geometry":{"type":"Point","coordinates":[-118.89091,43.06052]}},{"type":"Feature","properties":{"acq_date":"2026-07-25","acq_time":1017,"confidence":"n","satellite":"N","instrument":"VIIRS","version":"2.0NRT","bright_ti4":311.04,"frp":5.19,"daynight":"N"},"geometry":{"type":"Point","coordinates":[-118.87369,43.06093]}},{"type":"Feature","properties":{"acq_date":"2026-07-25","acq_time":1017,"confidence":"n","satellite":"N","instrument":"VIIRS","version":"2.0NRT","bright_ti4":312.01,"frp":7.12,"daynight":"N"},"geometry":{"type":"Point","coordinates":[-118.89618,43.06152]}},{"type":"Feature","properties":{"acq_date":"2026-07-25","acq_time":1017,"confidence":"n","satellite":"N","instrument":"VIIRS","version":"2.0NRT","bright_ti4":300.23,"frp":7.45,"daynight":"N"},"geometry":{"type":"Point","coordinates":[-118.86185,43.06237]}},{"type":"Feature","properties":{"acq_date":"2026-07-25","acq_time":1017,"confidence":"n","satellite":"N","instrument":"VIIRS","version":"2.0NRT","bright_ti4":338.4,"frp":11.38,"daynight":"N"},"geometry":{"type":"Point","coordinates":[-118.86625,43.06272]}},{"type":"Feature","properties":{"acq_date":"2026-07-25","acq_time":1017,"confidence":"n","satellite":"N","instrument":"VIIRS","version":"2.0NRT","bright_ti4":333.09,"frp":3.21,"daynight":"N"},"geometry":{"type":"Point","coordinates":[-118.88865,43.06337]}},{"type":"Feature","properties":{"acq_date":"2026-07-25","acq_time":1017,"confidence":"n","satellite":"N","instrument":"VIIRS","version":"2.0NRT","bright_ti4":321.97,"frp":5.19,"daynight":"N"},"geometry":{"type":"Point","coordinates":[-118.86716,43.06337]}},{"type":"Feature","properties":{"acq_date":"2026-07-25","acq_time":1017,"confidence":"n","satellite":"N","instrument":"VIIRS","version":"2.0NRT","bright_ti4":320.26,"frp":23.02,"daynight":"N"},"geometry":{"type":"Point","coordinates":[-118.90674,43.06351]}},{"type":"Feature","properties":{"acq_date":"2026-07-25","acq_time":1017,"confidence":"n","satellite":"N","instrument":"VIIRS","version":"2.0NRT","bright_ti4":321.8,"frp":1.85,"daynight":"N"},"geometry":{"type":"Point","coordinates":[-118.87154,43.06374]}},{"type":"Feature","properties":{"acq_date":"2026-07-25","acq_time":1017,"confidence":"n","satellite":"N","instrument":"VIIRS","version":"2.0NRT","bright_ti4":314.1,"frp":2.35,"daynight":"N"},"geometry":{"type":"Point","coordinates":[-118.88958,43.06394]}},{"type":"Feature","properties":{"acq_date":"2026-07-25","acq_time":1017,"confidence":"n","satellite":"N","instrument":"VIIRS","version":"2.0NRT","bright_ti4":319.65,"frp":5.19,"daynight":"N"},"geometry":{"type":"Point","coordinates":[-118.87245,43.06437]}},{"type":"Feature","properties":{"acq_date":"2026-07-25","acq_time":1017,"confidence":"n","satellite":"N","instrument":"VIIRS","version":"2.0NRT","bright_ti4":330,"frp":24.19,"daynight":"N"},"geometry":{"type":"Point","coordinates":[-118.91203,43.06452]}},{"type":"Feature","properties":{"acq_date":"2026-07-25","acq_time":1017,"confidence":"n","satellite":"N","instrument":"VIIRS","version":"2.0NRT","bright_ti4":303.74,"frp":1.85,"daynight":"N"},"geometry":{"type":"Point","coordinates":[-118.87679,43.06476]}},{"type":"Feature","properties":{"acq_date":"2026-07-25","acq_time":1017,"confidence":"n","satellite":"N","instrument":"VIIRS","version":"2.0NRT","bright_ti4":304.22,"frp":2.42,"daynight":"N"},"geometry":{"type":"Point","coordinates":[-118.86501,43.06616]}},{"type":"Feature","properties":{"acq_date":"2026-07-25","acq_time":1017,"confidence":"n","satellite":"N","instrument":"VIIRS","version":"2.0NRT","bright_ti4":321.99,"frp":3.21,"daynight":"N"},"geometry":{"type":"Point","coordinates":[-118.88735,43.0668]}},{"type":"Feature","properties":{"acq_date":"2026-07-25","acq_time":1017,"confidence":"n","satellite":"N","instrument":"VIIRS","version":"2.0NRT","bright_ti4":318.63,"frp":1.65,"daynight":"N"},"geometry":{"type":"Point","coordinates":[-118.90546,43.06695]}},{"type":"Feature","properties":{"acq_date":"2026-07-25","acq_time":1017,"confidence":"n","satellite":"N","instrument":"VIIRS","version":"2.0NRT","bright_ti4":338.59,"frp":8.83,"daynight":"N"},"geometry":{"type":"Point","coordinates":[-118.87029,43.06718]}},{"type":"Feature","properties":{"acq_date":"2026-07-25","acq_time":1017,"confidence":"n","satellite":"N","instrument":"VIIRS","version":"2.0NRT","bright_ti4":329.53,"frp":2.35,"daynight":"N"},"geometry":{"type":"Point","coordinates":[-118.88828,43.06737]}},{"type":"Feature","properties":{"acq_date":"2026-07-25","acq_time":1017,"confidence":"n","satellite":"N","instrument":"VIIRS","version":"2.0NRT","bright_ti4":329.72,"frp":4.02,"daynight":"N"},"geometry":{"type":"Point","coordinates":[-118.90982,43.06746]}},{"type":"Feature","properties":{"acq_date":"2026-07-25","acq_time":1017,"confidence":"n","satellite":"N","instrument":"VIIRS","version":"2.0NRT","bright_ti4":300.54,"frp":8.83,"daynight":"N"},"geometry":{"type":"Point","coordinates":[-118.87555,43.0682]}},{"type":"Feature","properties":{"acq_date":"2026-07-25","acq_time":1017,"confidence":"n","satellite":"N","instrument":"VIIRS","version":"2.0NRT","bright_ti4":336.93,"frp":5.06,"daynight":"N"},"geometry":{"type":"Point","coordinates":[-118.88607,43.07023]}},{"type":"Feature","properties":{"acq_date":"2026-07-25","acq_time":1017,"confidence":"n","satellite":"N","instrument":"VIIRS","version":"2.0NRT","bright_ti4":329.88,"frp":8.83,"daynight":"N"},"geometry":{"type":"Point","coordinates":[-118.86905,43.07062]}},{"type":"Feature","properties":{"acq_date":"2026-07-25","acq_time":1017,"confidence":"n","satellite":"N","instrument":"VIIRS","version":"2.0NRT","bright_ti4":308.54,"frp":1.68,"daynight":"N"},"geometry":{"type":"Point","coordinates":[-118.90955,43.0714]}},{"type":"Feature","properties":{"acq_date":"2026-07-25","acq_time":1017,"confidence":"n","satellite":"N","instrument":"VIIRS","version":"2.0NRT","bright_ti4":343.52,"frp":8.83,"daynight":"N"},"geometry":{"type":"Point","coordinates":[-118.87431,43.07164]}},{"type":"Feature","properties":{"acq_date":"2026-07-25","acq_time":1017,"confidence":"n","satellite":"N","instrument":"VIIRS","version":"2.0NRT","bright_ti4":319.44,"frp":2.05,"daynight":"N"},"geometry":{"type":"Point","coordinates":[-118.91392,43.07193]}},{"type":"Feature","properties":{"acq_date":"2026-07-25","acq_time":1017,"confidence":"n","satellite":"N","instrument":"VIIRS","version":"2.0NRT","bright_ti4":318.3,"frp":1.68,"daynight":"N"},"geometry":{"type":"Point","coordinates":[-118.9149,43.07241]}},{"type":"Feature","properties":{"acq_date":"2026-07-25","acq_time":1017,"confidence":"n","satellite":"N","instrument":"VIIRS","version":"2.0NRT","bright_ti4":318.92,"frp":28.59,"daynight":"N"},"geometry":{"type":"Point","coordinates":[-118.86781,43.07407]}},{"type":"Feature","properties":{"acq_date":"2026-07-25","acq_time":1017,"confidence":"n","satellite":"N","instrument":"VIIRS","version":"2.0NRT","bright_ti4":332.62,"frp":2.31,"daynight":"N"},"geometry":{"type":"Point","coordinates":[-118.90733,43.07434]}},{"type":"Feature","properties":{"acq_date":"2026-07-25","acq_time":1017,"confidence":"n","satellite":"N","instrument":"VIIRS","version":"2.0NRT","bright_ti4":343.91,"frp":28.59,"daynight":"N"},"geometry":{"type":"Point","coordinates":[-118.87306,43.07509]}},{"type":"Feature","properties":{"acq_date":"2026-07-25","acq_time":1017,"confidence":"n","satellite":"N","instrument":"VIIRS","version":"2.0NRT","bright_ti4":315.33,"frp":2.31,"daynight":"N"},"geometry":{"type":"Point","coordinates":[-118.90611,43.07779]}},{"type":"Feature","properties":{"acq_date":"2026-07-25","acq_time":1017,"confidence":"n","satellite":"N","instrument":"VIIRS","version":"2.0NRT","bright_ti4":309.82,"frp":1.79,"daynight":"N"},"geometry":{"type":"Point","coordinates":[-118.90488,43.08122]}},{"type":"Feature","properties":{"acq_date":"2026-07-25","acq_time":1017,"confidence":"n","satellite":"N","instrument":"VIIRS","version":"2.0NRT","bright_ti4":318.48,"frp":2.16,"daynight":"N"},"geometry":{"type":"Point","coordinates":[-122.56611,43.10932]}},{"type":"Feature","properties":{"acq_date":"2026-07-25","acq_time":1017,"confidence":"n","satellite":"N","instrument":"VIIRS","version":"2.0NRT","bright_ti4":308.7,"frp":2.81,"daynight":"N"},"geometry":{"type":"Point","coordinates":[-122.54646,43.10965]}},{"type":"Feature","properties":{"acq_date":"2026-07-25","acq_time":1017,"confidence":"n","satellite":"N","instrument":"VIIRS","version":"2.0NRT","bright_ti4":324.18,"frp":2.16,"daynight":"N"},"geometry":{"type":"Point","coordinates":[-122.57078,43.11006]}},{"type":"Feature","properties":{"acq_date":"2026-07-25","acq_time":1017,"confidence":"n","satellite":"N","instrument":"VIIRS","version":"2.0NRT","bright_ti4":329.96,"frp":2.81,"daynight":"N"},"geometry":{"type":"Point","coordinates":[-122.55113,43.11039]}},{"type":"Feature","properties":{"acq_date":"2026-07-25","acq_time":1017,"confidence":"n","satellite":"N","instrument":"VIIRS","version":"2.0NRT","bright_ti4":337.77,"frp":4.46,"daynight":"N"},"geometry":{"type":"Point","coordinates":[-122.55581,43.11113]}},{"type":"Feature","properties":{"acq_date":"2026-07-25","acq_time":1017,"confidence":"n","satellite":"N","instrument":"VIIRS","version":"2.0NRT","bright_ti4":347.12,"frp":4.46,"daynight":"N"},"geometry":{"type":"Point","coordinates":[-122.56046,43.11186]}},{"type":"Feature","properties":{"acq_date":"2026-07-25","acq_time":1017,"confidence":"n","satellite":"N","instrument":"VIIRS","version":"2.0NRT","bright_ti4":322.53,"frp":3.39,"daynight":"N"},"geometry":{"type":"Point","coordinates":[-122.56512,43.1126]}},{"type":"Feature","properties":{"acq_date":"2026-07-25","acq_time":1017,"confidence":"n","satellite":"N","instrument":"VIIRS","version":"2.0NRT","bright_ti4":322.61,"frp":2.81,"daynight":"N"},"geometry":{"type":"Point","coordinates":[-122.54549,43.11293]}},{"type":"Feature","properties":{"acq_date":"2026-07-25","acq_time":1017,"confidence":"n","satellite":"N","instrument":"VIIRS","version":"2.0NRT","bright_ti4":337.06,"frp":3.39,"daynight":"N"},"geometry":{"type":"Point","coordinates":[-122.56979,43.11333]}},{"type":"Feature","properties":{"acq_date":"2026-07-25","acq_time":1017,"confidence":"n","satellite":"N","instrument":"VIIRS","version":"2.0NRT","bright_ti4":345.49,"frp":2.81,"daynight":"N"},"geometry":{"type":"Point","coordinates":[-122.55016,43.11366]}},{"type":"Feature","properties":{"acq_date":"2026-07-25","acq_time":1017,"confidence":"n","satellite":"N","instrument":"VIIRS","version":"2.0NRT","bright_ti4":300.31,"frp":4.46,"daynight":"N"},"geometry":{"type":"Point","coordinates":[-122.55482,43.1144]}},{"type":"Feature","properties":{"acq_date":"2026-07-25","acq_time":1017,"confidence":"n","satellite":"N","instrument":"VIIRS","version":"2.0NRT","bright_ti4":331.66,"frp":4.46,"daynight":"N"},"geometry":{"type":"Point","coordinates":[-122.55948,43.11514]}},{"type":"Feature","properties":{"acq_date":"2026-07-25","acq_time":1017,"confidence":"n","satellite":"N","instrument":"VIIRS","version":"2.0NRT","bright_ti4":316.93,"frp":3.39,"daynight":"N"},"geometry":{"type":"Point","coordinates":[-122.56416,43.11587]}},{"type":"Feature","properties":{"acq_date":"2026-07-25","acq_time":1017,"confidence":"n","satellite":"N","instrument":"VIIRS","version":"2.0NRT","bright_ti4":328.49,"frp":1.74,"daynight":"N"},"geometry":{"type":"Point","coordinates":[-122.54453,43.1162]}},{"type":"Feature","properties":{"acq_date":"2026-07-25","acq_time":1017,"confidence":"n","satellite":"N","instrument":"VIIRS","version":"2.0NRT","bright_ti4":347.2,"frp":3.39,"daynight":"N"},"geometry":{"type":"Point","coordinates":[-122.56884,43.11661]}},{"type":"Feature","properties":{"acq_date":"2026-07-25","acq_time":1017,"confidence":"n","satellite":"N","instrument":"VIIRS","version":"2.0NRT","bright_ti4":309.2,"frp":1.74,"daynight":"N"},"geometry":{"type":"Point","coordinates":[-122.54919,43.11694]}},{"type":"Feature","properties":{"acq_date":"2026-07-25","acq_time":1017,"confidence":"n","satellite":"N","instrument":"VIIRS","version":"2.0NRT","bright_ti4":301.35,"frp":1.08,"daynight":"N"},"geometry":{"type":"Point","coordinates":[-122.55385,43.11767]}},{"type":"Feature","properties":{"acq_date":"2026-07-25","acq_time":1017,"confidence":"n","satellite":"N","instrument":"VIIRS","version":"2.0NRT","bright_ti4":310.13,"frp":1.08,"daynight":"N"},"geometry":{"type":"Point","coordinates":[-122.55853,43.11841]}},{"type":"Feature","properties":{"acq_date":"2026-07-25","acq_time":1017,"confidence":"n","satellite":"N","instrument":"VIIRS","version":"2.0NRT","bright_ti4":327.75,"frp":2.28,"daynight":"N"},"geometry":{"type":"Point","coordinates":[-122.56318,43.11914]}},{"type":"Feature","properties":{"acq_date":"2026-07-25","acq_time":1017,"confidence":"n","satellite":"N","instrument":"VIIRS","version":"2.0NRT","bright_ti4":333.93,"frp":2.28,"daynight":"N"},"geometry":{"type":"Point","coordinates":[-122.56787,43.11988]}},{"type":"Feature","properties":{"acq_date":"2026-07-25","acq_time":1017,"confidence":"n","satellite":"N","instrument":"VIIRS","version":"2.0NRT","bright_ti4":333.51,"frp":2.28,"daynight":"N"},"geometry":{"type":"Point","coordinates":[-122.57254,43.12062]}},{"type":"Feature","properties":{"acq_date":"2026-07-25","acq_time":1017,"confidence":"n","satellite":"N","instrument":"VIIRS","version":"2.0NRT","bright_ti4":315.58,"frp":1.08,"daynight":"N"},"geometry":{"type":"Point","coordinates":[-122.55288,43.12094]}},{"type":"Feature","properties":{"acq_date":"2026-07-25","acq_time":1017,"confidence":"n","satellite":"N","instrument":"VIIRS","version":"2.0NRT","bright_ti4":308.97,"frp":1.08,"daynight":"N"},"geometry":{"type":"Point","coordinates":[-122.55756,43.12168]}},{"type":"Feature","properties":{"acq_date":"2026-07-25","acq_time":1017,"confidence":"n","satellite":"N","instrument":"VIIRS","version":"2.0NRT","bright_ti4":321.55,"frp":2.28,"daynight":"N"},"geometry":{"type":"Point","coordinates":[-122.56221,43.12242]}},{"type":"Feature","properties":{"acq_date":"2026-07-25","acq_time":1017,"confidence":"n","satellite":"N","instrument":"VIIRS","version":"2.0NRT","bright_ti4":304.43,"frp":2.28,"daynight":"N"},"geometry":{"type":"Point","coordinates":[-122.56691,43.12316]}},{"type":"Feature","properties":{"acq_date":"2026-07-25","acq_time":1017,"confidence":"n","satellite":"N","instrument":"VIIRS","version":"2.0NRT","bright_ti4":332.1,"frp":2.28,"daynight":"N"},"geometry":{"type":"Point","coordinates":[-122.57159,43.1239]}},{"type":"Feature","properties":{"acq_date":"2026-07-25","acq_time":1017,"confidence":"n","satellite":"N","instrument":"VIIRS","version":"2.0NRT","bright_ti4":307.63,"frp":1.18,"daynight":"N"},"geometry":{"type":"Point","coordinates":[-122.55191,43.12422]}},{"type":"Feature","properties":{"acq_date":"2026-07-25","acq_time":1017,"confidence":"n","satellite":"N","instrument":"VIIRS","version":"2.0NRT","bright_ti4":296.93,"frp":2.28,"daynight":"N"},"geometry":{"type":"Point","coordinates":[-122.57627,43.12464]}},{"type":"Feature","properties":{"acq_date":"2026-07-25","acq_time":1017,"confidence":"n","satellite":"N","instrument":"VIIRS","version":"2.0NRT","bright_ti4":309.91,"frp":1.18,"daynight":"N"},"geometry":{"type":"Point","coordinates":[-122.56127,43.12569]}},{"type":"Feature","properties":{"acq_date":"2026-07-25","acq_time":1017,"confidence":"n","satellite":"N","instrument":"VIIRS","version":"2.0NRT","bright_ti4":314.56,"frp":1.18,"daynight":"N"},"geometry":{"type":"Point","coordinates":[-122.56594,43.12643]}},{"type":"Feature","properties":{"acq_date":"2026-07-25","acq_time":1017,"confidence":"n","satellite":"N","instrument":"VIIRS","version":"2.0NRT","bright_ti4":308.92,"frp":1.95,"daynight":"N"},"geometry":{"type":"Point","coordinates":[-115.66696,43.14835]}},{"type":"Feature","properties":{"acq_date":"2026-07-25","acq_time":1017,"confidence":"n","satellite":"N","instrument":"VIIRS","version":"2.0NRT","bright_ti4":295.34,"frp":1.03,"daynight":"N"},"geometry":{"type":"Point","coordinates":[-118.90105,43.15399]}},{"type":"Feature","properties":{"acq_date":"2026-07-25","acq_time":1017,"confidence":"n","satellite":"N","instrument":"VIIRS","version":"2.0NRT","bright_ti4":296.27,"frp":1.2,"daynight":"N"},"geometry":{"type":"Point","coordinates":[-118.90384,43.16187]}},{"type":"Feature","properties":{"acq_date":"2026-07-25","acq_time":1017,"confidence":"n","satellite":"N","instrument":"VIIRS","version":"2.0NRT","bright_ti4":303.75,"frp":0.91,"daynight":"N"},"geometry":{"type":"Point","coordinates":[-115.73234,43.17952]}},{"type":"Feature","properties":{"acq_date":"2026-07-25","acq_time":1017,"confidence":"n","satellite":"N","instrument":"VIIRS","version":"2.0NRT","bright_ti4":327.44,"frp":1.85,"daynight":"N"},"geometry":{"type":"Point","coordinates":[-118.93694,43.19059]}},{"type":"Feature","properties":{"acq_date":"2026-07-25","acq_time":1017,"confidence":"n","satellite":"N","instrument":"VIIRS","version":"2.0NRT","bright_ti4":328.03,"frp":3.9,"daynight":"N"},"geometry":{"type":"Point","coordinates":[-118.06242,43.19337]}},{"type":"Feature","properties":{"acq_date":"2026-07-25","acq_time":1017,"confidence":"n","satellite":"N","instrument":"VIIRS","version":"2.0NRT","bright_ti4":298.24,"frp":1.16,"daynight":"N"},"geometry":{"type":"Point","coordinates":[-118.02612,43.19376]}},{"type":"Feature","properties":{"acq_date":"2026-07-25","acq_time":1017,"confidence":"n","satellite":"N","instrument":"VIIRS","version":"2.0NRT","bright_ti4":327.37,"frp":1.85,"daynight":"N"},"geometry":{"type":"Point","coordinates":[-118.93572,43.19402]}},{"type":"Feature","properties":{"acq_date":"2026-07-25","acq_time":1017,"confidence":"n","satellite":"N","instrument":"VIIRS","version":"2.0NRT","bright_ti4":354.49,"frp":19.64,"daynight":"N"},"geometry":{"type":"Point","coordinates":[-118.06844,43.19456]}},{"type":"Feature","properties":{"acq_date":"2026-07-25","acq_time":1017,"confidence":"n","satellite":"N","instrument":"VIIRS","version":"2.0NRT","bright_ti4":333.14,"frp":4.75,"daynight":"N"},"geometry":{"type":"Point","coordinates":[-118.03169,43.19486]}},{"type":"Feature","properties":{"acq_date":"2026-07-25","acq_time":1017,"confidence":"n","satellite":"N","instrument":"VIIRS","version":"2.0NRT","bright_ti4":334.77,"frp":8.22,"daynight":"N"},"geometry":{"type":"Point","coordinates":[-118.06119,43.19691]}},{"type":"Feature","properties":{"acq_date":"2026-07-25","acq_time":1017,"confidence":"n","satellite":"N","instrument":"VIIRS","version":"2.0NRT","bright_ti4":307.28,"frp":1.48,"daynight":"N"},"geometry":{"type":"Point","coordinates":[-118.0248,43.19729]}},{"type":"Feature","properties":{"acq_date":"2026-07-25","acq_time":1017,"confidence":"n","satellite":"N","instrument":"VIIRS","version":"2.0NRT","bright_ti4":355.01,"frp":20.84,"daynight":"N"},"geometry":{"type":"Point","coordinates":[-118.06713,43.19809]}},{"type":"Feature","properties":{"acq_date":"2026-07-25","acq_time":1017,"confidence":"n","satellite":"N","instrument":"VIIRS","version":"2.0NRT","bright_ti4":315.88,"frp":2.09,"daynight":"N"},"geometry":{"type":"Point","coordinates":[-118.04849,43.19819]}},{"type":"Feature","properties":{"acq_date":"2026-07-25","acq_time":1017,"confidence":"n","satellite":"N","instrument":"VIIRS","version":"2.0NRT","bright_ti4":334.01,"frp":3.71,"daynight":"N"},"geometry":{"type":"Point","coordinates":[-118.03038,43.19839]}},{"type":"Feature","properties":{"acq_date":"2026-07-25","acq_time":1017,"confidence":"n","satellite":"N","instrument":"VIIRS","version":"2.0NRT","bright_ti4":354.23,"frp":20.84,"daynight":"N"},"geometry":{"type":"Point","coordinates":[-118.07303,43.19926]}},{"type":"Feature","properties":{"acq_date":"2026-07-25","acq_time":1017,"confidence":"n","satellite":"N","instrument":"VIIRS","version":"2.0NRT","bright_ti4":305.37,"frp":8.22,"daynight":"N"},"geometry":{"type":"Point","coordinates":[-118.05421,43.19932]}},{"type":"Feature","properties":{"acq_date":"2026-07-25","acq_time":1017,"confidence":"n","satellite":"N","instrument":"VIIRS","version":"2.0NRT","bright_ti4":315.79,"frp":3.71,"daynight":"N"},"geometry":{"type":"Point","coordinates":[-118.03597,43.1995]}},{"type":"Feature","properties":{"acq_date":"2026-07-25","acq_time":1017,"confidence":"n","satellite":"N","instrument":"VIIRS","version":"2.0NRT","bright_ti4":319.31,"frp":6.08,"daynight":"N"},"geometry":{"type":"Point","coordinates":[-118.07885,43.20041]}},{"type":"Feature","properties":{"acq_date":"2026-07-25","acq_time":1017,"confidence":"n","satellite":"N","instrument":"VIIRS","version":"2.0NRT","bright_ti4":314.93,"frp":8.22,"daynight":"N"},"geometry":{"type":"Point","coordinates":[-118.06005,43.20047]}},{"type":"Feature","properties":{"acq_date":"2026-07-25","acq_time":1017,"confidence":"n","satellite":"N","instrument":"VIIRS","version":"2.0NRT","bright_ti4":355.09,"frp":20.84,"daynight":"N"},"geometry":{"type":"Point","coordinates":[-118.0659,43.20163]}},{"type":"Feature","properties":{"acq_date":"2026-07-25","acq_time":1017,"confidence":"n","satellite":"N","instrument":"VIIRS","version":"2.0NRT","bright_ti4":355.24,"frp":20.84,"daynight":"N"},"geometry":{"type":"Point","coordinates":[-118.07166,43.20277]}},{"type":"Feature","properties":{"acq_date":"2026-07-25","acq_time":1017,"confidence":"n","satellite":"N","instrument":"VIIRS","version":"2.0NRT","bright_ti4":333.95,"frp":3.71,"daynight":"N"},"geometry":{"type":"Point","coordinates":[-118.03468,43.20303]}},{"type":"Feature","properties":{"acq_date":"2026-07-25","acq_time":1017,"confidence":"n","satellite":"N","instrument":"VIIRS","version":"2.0NRT","bright_ti4":352.64,"frp":6.08,"daynight":"N"},"geometry":{"type":"Point","coordinates":[-118.07742,43.20391]}},{"type":"Feature","properties":{"acq_date":"2026-07-25","acq_time":1017,"confidence":"n","satellite":"N","instrument":"VIIRS","version":"2.0NRT","bright_ti4":308.1,"frp":2.92,"daynight":"N"},"geometry":{"type":"Point","coordinates":[-118.05889,43.20403]}},{"type":"Feature","properties":{"acq_date":"2026-07-25","acq_time":1017,"confidence":"n","satellite":"N","instrument":"VIIRS","version":"2.0NRT","bright_ti4":339.4,"frp":6.08,"daynight":"N"},"geometry":{"type":"Point","coordinates":[-118.08321,43.20505]}},{"type":"Feature","properties":{"acq_date":"2026-07-25","acq_time":1017,"confidence":"n","satellite":"N","instrument":"VIIRS","version":"2.0NRT","bright_ti4":308,"frp":1.78,"daynight":"N"},"geometry":{"type":"Point","coordinates":[-118.06474,43.20518]}},{"type":"Feature","properties":{"acq_date":"2026-07-25","acq_time":1017,"confidence":"n","satellite":"N","instrument":"VIIRS","version":"2.0NRT","bright_ti4":324.71,"frp":2.58,"daynight":"N"},"geometry":{"type":"Point","coordinates":[-118.08893,43.20618]}},{"type":"Feature","properties":{"acq_date":"2026-07-25","acq_time":1017,"confidence":"n","satellite":"N","instrument":"VIIRS","version":"2.0NRT","bright_ti4":337.01,"frp":1.78,"daynight":"N"},"geometry":{"type":"Point","coordinates":[-118.07046,43.20631]}},{"type":"Feature","properties":{"acq_date":"2026-07-25","acq_time":1017,"confidence":"n","satellite":"N","instrument":"VIIRS","version":"2.0NRT","bright_ti4":345.54,"frp":7.65,"daynight":"N"},"geometry":{"type":"Point","coordinates":[-118.03344,43.20658]}},{"type":"Feature","properties":{"acq_date":"2026-07-25","acq_time":1017,"confidence":"n","satellite":"N","instrument":"VIIRS","version":"2.0NRT","bright_ti4":321.37,"frp":2.58,"daynight":"N"},"geometry":{"type":"Point","coordinates":[-118.09459,43.20729]}},{"type":"Feature","properties":{"acq_date":"2026-07-25","acq_time":1017,"confidence":"n","satellite":"N","instrument":"VIIRS","version":"2.0NRT","bright_ti4":351,"frp":4.18,"daynight":"N"},"geometry":{"type":"Point","coordinates":[-118.07624,43.20745]}},{"type":"Feature","properties":{"acq_date":"2026-07-25","acq_time":1017,"confidence":"n","satellite":"N","instrument":"VIIRS","version":"2.0NRT","bright_ti4":315.64,"frp":2.16,"daynight":"N"},"geometry":{"type":"Point","coordinates":[-118.03912,43.2077]}},{"type":"Feature","properties":{"acq_date":"2026-07-25","acq_time":1017,"confidence":"n","satellite":"N","instrument":"VIIRS","version":"2.0NRT","bright_ti4":306.81,"frp":1.25,"daynight":"N"},"geometry":{"type":"Point","coordinates":[-118.1002,43.2084]}},{"type":"Feature","properties":{"acq_date":"2026-07-25","acq_time":1017,"confidence":"n","satellite":"N","instrument":"VIIRS","version":"2.0NRT","bright_ti4":341.14,"frp":4.18,"daynight":"N"},"geometry":{"type":"Point","coordinates":[-118.082,43.20859]}},{"type":"Feature","properties":{"acq_date":"2026-07-25","acq_time":1017,"confidence":"n","satellite":"N","instrument":"VIIRS","version":"2.0NRT","bright_ti4":300.62,"frp":1.78,"daynight":"N"},"geometry":{"type":"Point","coordinates":[-118.06358,43.20874]}},{"type":"Feature","properties":{"acq_date":"2026-07-25","acq_time":1017,"confidence":"n","satellite":"N","instrument":"VIIRS","version":"2.0NRT","bright_ti4":309.27,"frp":1.25,"daynight":"N"},"geometry":{"type":"Point","coordinates":[-118.1058,43.20951]}},{"type":"Feature","properties":{"acq_date":"2026-07-25","acq_time":1017,"confidence":"n","satellite":"N","instrument":"VIIRS","version":"2.0NRT","bright_ti4":325.52,"frp":1.63,"daynight":"N"},"geometry":{"type":"Point","coordinates":[-118.08766,43.20971]}},{"type":"Feature","properties":{"acq_date":"2026-07-25","acq_time":1017,"confidence":"n","satellite":"N","instrument":"VIIRS","version":"2.0NRT","bright_ti4":304.56,"frp":1.78,"daynight":"N"},"geometry":{"type":"Point","coordinates":[-118.06935,43.20988]}},{"type":"Feature","properties":{"acq_date":"2026-07-25","acq_time":1017,"confidence":"n","satellite":"N","instrument":"VIIRS","version":"2.0NRT","bright_ti4":312.13,"frp":1.52,"daynight":"N"},"geometry":{"type":"Point","coordinates":[-118.0507,43.20998]}},{"type":"Feature","properties":{"acq_date":"2026-07-25","acq_time":1017,"confidence":"n","satellite":"N","instrument":"VIIRS","version":"2.0NRT","bright_ti4":331.01,"frp":3.01,"daynight":"N"},"geometry":{"type":"Point","coordinates":[-118.11141,43.21061]}},{"type":"Feature","properties":{"acq_date":"2026-07-25","acq_time":1017,"confidence":"n","satellite":"N","instrument":"VIIRS","version":"2.0NRT","bright_ti4":304.78,"frp":1.63,"daynight":"N"},"geometry":{"type":"Point","coordinates":[-118.0933,43.21082]}},{"type":"Feature","properties":{"acq_date":"2026-07-25","acq_time":1017,"confidence":"n","satellite":"N","instrument":"VIIRS","version":"2.0NRT","bright_ti4":312.88,"frp":4.18,"daynight":"N"},"geometry":{"type":"Point","coordinates":[-118.07512,43.21101]}},{"type":"Feature","properties":{"acq_date":"2026-07-25","acq_time":1017,"confidence":"n","satellite":"N","instrument":"VIIRS","version":"2.0NRT","bright_ti4":320.31,"frp":2.16,"daynight":"N"},"geometry":{"type":"Point","coordinates":[-118.03793,43.21125]}},{"type":"Feature","properties":{"acq_date":"2026-07-25","acq_time":1017,"confidence":"n","satellite":"N","instrument":"VIIRS","version":"2.0NRT","bright_ti4":321.57,"frp":3.01,"daynight":"N"},"geometry":{"type":"Point","coordinates":[-118.11706,43.21173]}},{"type":"Feature","properties":{"acq_date":"2026-07-25","acq_time":1017,"confidence":"n","satellite":"N","instrument":"VIIRS","version":"2.0NRT","bright_ti4":316.51,"frp":1.04,"daynight":"N"},"geometry":{"type":"Point","coordinates":[-118.0989,43.21193]}},{"type":"Feature","properties":{"acq_date":"2026-07-25","acq_time":1017,"confidence":"n","satellite":"N","instrument":"VIIRS","version":"2.0NRT","bright_ti4":321.48,"frp":4.18,"daynight":"N"},"geometry":{"type":"Point","coordinates":[-118.08082,43.21214]}},{"type":"Feature","properties":{"acq_date":"2026-07-25","acq_time":1017,"confidence":"n","satellite":"N","instrument":"VIIRS","version":"2.0NRT","bright_ti4":307.03,"frp":2.16,"daynight":"N"},"geometry":{"type":"Point","coordinates":[-118.04373,43.21239]}},{"type":"Feature","properties":{"acq_date":"2026-07-25","acq_time":1017,"confidence":"n","satellite":"N","instrument":"VIIRS","version":"2.0NRT","bright_ti4":300.12,"frp":1.04,"daynight":"N"},"geometry":{"type":"Point","coordinates":[-118.10448,43.21302]}},{"type":"Feature","properties":{"acq_date":"2026-07-25","acq_time":1017,"confidence":"n","satellite":"N","instrument":"VIIRS","version":"2.0NRT","bright_ti4":312.94,"frp":1.63,"daynight":"N"},"geometry":{"type":"Point","coordinates":[-118.08642,43.21324]}},{"type":"Feature","properties":{"acq_date":"2026-07-25","acq_time":1017,"confidence":"n","satellite":"N","instrument":"VIIRS","version":"2.0NRT","bright_ti4":310.57,"frp":1.52,"daynight":"N"},"geometry":{"type":"Point","coordinates":[-118.04949,43.21354]}},{"type":"Feature","properties":{"acq_date":"2026-07-25","acq_time":1017,"confidence":"n","satellite":"N","instrument":"VIIRS","version":"2.0NRT","bright_ti4":299.89,"frp":1.63,"daynight":"N"},"geometry":{"type":"Point","coordinates":[-118.092,43.21434]}},{"type":"Feature","properties":{"acq_date":"2026-07-25","acq_time":1017,"confidence":"n","satellite":"N","instrument":"VIIRS","version":"2.0NRT","bright_ti4":302.47,"frp":1.48,"daynight":"N"},"geometry":{"type":"Point","coordinates":[-118.07379,43.21453]}},{"type":"Feature","properties":{"acq_date":"2026-07-25","acq_time":1017,"confidence":"n","satellite":"N","instrument":"VIIRS","version":"2.0NRT","bright_ti4":311.37,"frp":1.52,"daynight":"N"},"geometry":{"type":"Point","coordinates":[-118.05528,43.21467]}},{"type":"Feature","properties":{"acq_date":"2026-07-25","acq_time":1017,"confidence":"n","satellite":"N","instrument":"VIIRS","version":"2.0NRT","bright_ti4":311.27,"frp":1.87,"daynight":"N"},"geometry":{"type":"Point","coordinates":[-118.11568,43.21524]}},{"type":"Feature","properties":{"acq_date":"2026-07-25","acq_time":1017,"confidence":"n","satellite":"N","instrument":"VIIRS","version":"2.0NRT","bright_ti4":299.88,"frp":1.04,"daynight":"N"},"geometry":{"type":"Point","coordinates":[-118.09759,43.21544]}},{"type":"Feature","properties":{"acq_date":"2026-07-25","acq_time":1017,"confidence":"n","satellite":"N","instrument":"VIIRS","version":"2.0NRT","bright_ti4":319.83,"frp":1.48,"daynight":"N"},"geometry":{"type":"Point","coordinates":[-118.07945,43.21565]}},{"type":"Feature","properties":{"acq_date":"2026-07-25","acq_time":1017,"confidence":"n","satellite":"N","instrument":"VIIRS","version":"2.0NRT","bright_ti4":300.76,"frp":1.99,"daynight":"N"},"geometry":{"type":"Point","coordinates":[-118.06104,43.2158]}},{"type":"Feature","properties":{"acq_date":"2026-07-25","acq_time":1017,"confidence":"n","satellite":"N","instrument":"VIIRS","version":"2.0NRT","bright_ti4":330.18,"frp":5.15,"daynight":"N"},"geometry":{"type":"Point","coordinates":[-118.04246,43.21593]}},{"type":"Feature","properties":{"acq_date":"2026-07-25","acq_time":1017,"confidence":"n","satellite":"N","instrument":"VIIRS","version":"2.0NRT","bright_ti4":314.15,"frp":1.13,"daynight":"N"},"geometry":{"type":"Point","coordinates":[-118.12138,43.21636]}},{"type":"Feature","properties":{"acq_date":"2026-07-25","acq_time":1017,"confidence":"n","satellite":"N","instrument":"VIIRS","version":"2.0NRT","bright_ti4":313.16,"frp":0.99,"daynight":"N"},"geometry":{"type":"Point","coordinates":[-118.08509,43.21676]}},{"type":"Feature","properties":{"acq_date":"2026-07-25","acq_time":1017,"confidence":"n","satellite":"N","instrument":"VIIRS","version":"2.0NRT","bright_ti4":296.82,"frp":0.57,"daynight":"N"},"geometry":{"type":"Point","coordinates":[-118.88275,43.2169]}},{"type":"Feature","properties":{"acq_date":"2026-07-25","acq_time":1017,"confidence":"n","satellite":"N","instrument":"VIIRS","version":"2.0NRT","bright_ti4":333.84,"frp":3.06,"daynight":"N"},"geometry":{"type":"Point","coordinates":[-118.04818,43.21706]}},{"type":"Feature","properties":{"acq_date":"2026-07-25","acq_time":1017,"confidence":"n","satellite":"N","instrument":"VIIRS","version":"2.0NRT","bright_ti4":301.08,"frp":1.13,"daynight":"N"},"geometry":{"type":"Point","coordinates":[-118.12698,43.21746]}},{"type":"Feature","properties":{"acq_date":"2026-07-25","acq_time":1017,"confidence":"n","satellite":"N","instrument":"VIIRS","version":"2.0NRT","bright_ti4":301.04,"frp":0.99,"daynight":"N"},"geometry":{"type":"Point","coordinates":[-118.09071,43.21786]}},{"type":"Feature","properties":{"acq_date":"2026-07-25","acq_time":1017,"confidence":"n","satellite":"N","instrument":"VIIRS","version":"2.0NRT","bright_ti4":321.03,"frp":3.06,"daynight":"N"},"geometry":{"type":"Point","coordinates":[-118.05395,43.21819]}},{"type":"Feature","properties":{"acq_date":"2026-07-25","acq_time":1017,"confidence":"n","satellite":"N","instrument":"VIIRS","version":"2.0NRT","bright_ti4":313.54,"frp":1.6,"daynight":"N"},"geometry":{"type":"Point","coordinates":[-118.13252,43.21855]}},{"type":"Feature","properties":{"acq_date":"2026-07-25","acq_time":1017,"confidence":"n","satellite":"N","instrument":"VIIRS","version":"2.0NRT","bright_ti4":300.28,"frp":1.48,"daynight":"N"},"geometry":{"type":"Point","coordinates":[-118.09628,43.21896]}},{"type":"Feature","properties":{"acq_date":"2026-07-25","acq_time":1017,"confidence":"n","satellite":"N","instrument":"VIIRS","version":"2.0NRT","bright_ti4":318.85,"frp":1.4,"daynight":"N"},"geometry":{"type":"Point","coordinates":[-118.05967,43.21931]}},{"type":"Feature","properties":{"acq_date":"2026-07-25","acq_time":1017,"confidence":"n","satellite":"N","instrument":"VIIRS","version":"2.0NRT","bright_ti4":300.11,"frp":1.13,"daynight":"N"},"geometry":{"type":"Point","coordinates":[-118.12008,43.21987]}},{"type":"Feature","properties":{"acq_date":"2026-07-25","acq_time":1017,"confidence":"n","satellite":"N","instrument":"VIIRS","version":"2.0NRT","bright_ti4":307.8,"frp":0.99,"daynight":"N"},"geometry":{"type":"Point","coordinates":[-118.08371,43.22027]}},{"type":"Feature","properties":{"acq_date":"2026-07-25","acq_time":1017,"confidence":"n","satellite":"N","instrument":"VIIRS","version":"2.0NRT","bright_ti4":301.89,"frp":1.4,"daynight":"N"},"geometry":{"type":"Point","coordinates":[-118.06531,43.22043]}},{"type":"Feature","properties":{"acq_date":"2026-07-25","acq_time":1017,"confidence":"n","satellite":"N","instrument":"VIIRS","version":"2.0NRT","bright_ti4":301.98,"frp":0.99,"daynight":"N"},"geometry":{"type":"Point","coordinates":[-118.08942,43.22139]}},{"type":"Feature","properties":{"acq_date":"2026-07-25","acq_time":1017,"confidence":"n","satellite":"N","instrument":"VIIRS","version":"2.0NRT","bright_ti4":315.15,"frp":3.06,"daynight":"N"},"geometry":{"type":"Point","coordinates":[-118.05262,43.22172]}},{"type":"Feature","properties":{"acq_date":"2026-07-25","acq_time":1017,"confidence":"n","satellite":"N","instrument":"VIIRS","version":"2.0NRT","bright_ti4":310.39,"frp":1.4,"daynight":"N"},"geometry":{"type":"Point","coordinates":[-118.05832,43.22284]}},{"type":"Feature","properties":{"acq_date":"2026-07-25","acq_time":1017,"confidence":"n","satellite":"N","instrument":"VIIRS","version":"2.0NRT","bright_ti4":307.41,"frp":1.6,"daynight":"N"},"geometry":{"type":"Point","coordinates":[-118.13674,43.22316]}},{"type":"Feature","properties":{"acq_date":"2026-07-25","acq_time":1017,"confidence":"n","satellite":"N","instrument":"VIIRS","version":"2.0NRT","bright_ti4":301,"frp":1.06,"daynight":"N"},"geometry":{"type":"Point","coordinates":[-118.12446,43.22451]}},{"type":"Feature","properties":{"acq_date":"2026-07-25","acq_time":1017,"confidence":"n","satellite":"N","instrument":"VIIRS","version":"2.0NRT","bright_ti4":302.1,"frp":2.03,"daynight":"N"},"geometry":{"type":"Point","coordinates":[-118.09371,43.22602]}},{"type":"Feature","properties":{"acq_date":"2026-07-25","acq_time":1017,"confidence":"n","satellite":"N","instrument":"VIIRS","version":"2.0NRT","bright_ti4":326.61,"frp":2.18,"daynight":"N"},"geometry":{"type":"Point","coordinates":[-118.14092,43.22775]}},{"type":"Feature","properties":{"acq_date":"2026-07-25","acq_time":1017,"confidence":"n","satellite":"N","instrument":"VIIRS","version":"2.0NRT","bright_ti4":306.29,"frp":1.06,"daynight":"N"},"geometry":{"type":"Point","coordinates":[-118.12321,43.22804]}},{"type":"Feature","properties":{"acq_date":"2026-07-25","acq_time":1017,"confidence":"n","satellite":"N","instrument":"VIIRS","version":"2.0NRT","bright_ti4":300.85,"frp":1.79,"daynight":"N"},"geometry":{"type":"Point","coordinates":[-118.12888,43.22915]}},{"type":"Feature","properties":{"acq_date":"2026-07-25","acq_time":1017,"confidence":"n","satellite":"N","instrument":"VIIRS","version":"2.0NRT","bright_ti4":302.45,"frp":2.18,"daynight":"N"},"geometry":{"type":"Point","coordinates":[-118.14512,43.23234]}},{"type":"Feature","properties":{"acq_date":"2026-07-25","acq_time":1017,"confidence":"n","satellite":"N","instrument":"VIIRS","version":"2.0NRT","bright_ti4":300.67,"frp":1.08,"daynight":"N"},"geometry":{"type":"Point","coordinates":[-118.12753,43.23266]}},{"type":"Feature","properties":{"acq_date":"2026-07-25","acq_time":1017,"confidence":"n","satellite":"N","instrument":"VIIRS","version":"2.0NRT","bright_ti4":300.29,"frp":1.31,"daynight":"N"},"geometry":{"type":"Point","coordinates":[-118.09676,43.23417]}},{"type":"Feature","properties":{"acq_date":"2026-07-25","acq_time":1017,"confidence":"n","satellite":"N","instrument":"VIIRS","version":"2.0NRT","bright_ti4":308.09,"frp":1.15,"daynight":"N"},"geometry":{"type":"Point","coordinates":[-118.14932,43.23694]}},{"type":"Feature","properties":{"acq_date":"2026-07-25","acq_time":1017,"confidence":"n","satellite":"N","instrument":"VIIRS","version":"2.0NRT","bright_ti4":300.12,"frp":1.08,"daynight":"N"},"geometry":{"type":"Point","coordinates":[-118.1317,43.23724]}},{"type":"Feature","properties":{"acq_date":"2026-07-25","acq_time":1017,"confidence":"n","satellite":"N","instrument":"VIIRS","version":"2.0NRT","bright_ti4":298.92,"frp":1.15,"daynight":"N"},"geometry":{"type":"Point","coordinates":[-118.14799,43.24044]}},{"type":"Feature","properties":{"acq_date":"2026-07-25","acq_time":1017,"confidence":"n","satellite":"N","instrument":"VIIRS","version":"2.0NRT","bright_ti4":299.25,"frp":1.26,"daynight":"N"},"geometry":{"type":"Point","coordinates":[-118.13035,43.24075]}},{"type":"Feature","properties":{"acq_date":"2026-07-25","acq_time":1017,"confidence":"n","satellite":"N","instrument":"VIIRS","version":"2.0NRT","bright_ti4":308.63,"frp":1.15,"daynight":"N"},"geometry":{"type":"Point","coordinates":[-118.1534,43.24151]}},{"type":"Feature","properties":{"acq_date":"2026-07-25","acq_time":1017,"confidence":"n","satellite":"N","instrument":"VIIRS","version":"2.0NRT","bright_ti4":302.36,"frp":1.17,"daynight":"N"},"geometry":{"type":"Point","coordinates":[-118.11781,43.24207]}},{"type":"Feature","properties":{"acq_date":"2026-07-25","acq_time":1017,"confidence":"n","satellite":"N","instrument":"VIIRS","version":"2.0NRT","bright_ti4":309.93,"frp":1.57,"daynight":"N"},"geometry":{"type":"Point","coordinates":[-118.15881,43.24257]}},{"type":"Feature","properties":{"acq_date":"2026-07-25","acq_time":1017,"confidence":"n","satellite":"N","instrument":"VIIRS","version":"2.0NRT","bright_ti4":298.19,"frp":1.29,"daynight":"N"},"geometry":{"type":"Point","coordinates":[-118.15751,43.24608]}},{"type":"Feature","properties":{"acq_date":"2026-07-25","acq_time":1017,"confidence":"n","satellite":"N","instrument":"VIIRS","version":"2.0NRT","bright_ti4":300.14,"frp":1.18,"daynight":"N"},"geometry":{"type":"Point","coordinates":[-118.13294,43.24641]}},{"type":"Feature","properties":{"acq_date":"2026-07-25","acq_time":1017,"confidence":"n","satellite":"N","instrument":"VIIRS","version":"2.0NRT","bright_ti4":310.99,"frp":1.29,"daynight":"N"},"geometry":{"type":"Point","coordinates":[-118.16293,43.24714]}},{"type":"Feature","properties":{"acq_date":"2026-07-25","acq_time":1017,"confidence":"n","satellite":"N","instrument":"VIIRS","version":"2.0NRT","bright_ti4":308.84,"frp":1.29,"daynight":"N"},"geometry":{"type":"Point","coordinates":[-118.16161,43.25065]}},{"type":"Feature","properties":{"acq_date":"2026-07-25","acq_time":1017,"confidence":"n","satellite":"N","instrument":"VIIRS","version":"2.0NRT","bright_ti4":312,"frp":1.01,"daynight":"N"},"geometry":{"type":"Point","coordinates":[-118.16705,43.25172]}},{"type":"Feature","properties":{"acq_date":"2026-07-25","acq_time":1017,"confidence":"n","satellite":"N","instrument":"VIIRS","version":"2.0NRT","bright_ti4":317.19,"frp":2.04,"daynight":"N"},"geometry":{"type":"Point","coordinates":[-118.16551,43.25292]}},{"type":"Feature","properties":{"acq_date":"2026-07-25","acq_time":1017,"confidence":"n","satellite":"N","instrument":"VIIRS","version":"2.0NRT","bright_ti4":300.2,"frp":1.11,"daynight":"N"},"geometry":{"type":"Point","coordinates":[-118.13032,43.25344]}},{"type":"Feature","properties":{"acq_date":"2026-07-25","acq_time":1017,"confidence":"n","satellite":"N","instrument":"VIIRS","version":"2.0NRT","bright_ti4":297.71,"frp":0.72,"daynight":"N"},"geometry":{"type":"Point","coordinates":[-118.16708,43.26453]}},{"type":"Feature","properties":{"acq_date":"2026-07-25","acq_time":1017,"confidence":"n","satellite":"N","instrument":"VIIRS","version":"2.0NRT","bright_ti4":307.3,"frp":0.83,"daynight":"N"},"geometry":{"type":"Point","coordinates":[-118.15488,43.26588]}},{"type":"Feature","properties":{"acq_date":"2026-07-25","acq_time":1017,"confidence":"n","satellite":"N","instrument":"VIIRS","version":"2.0NRT","bright_ti4":299.87,"frp":1.36,"daynight":"N"},"geometry":{"type":"Point","coordinates":[-118.1371,43.26611]}},{"type":"Feature","properties":{"acq_date":"2026-07-25","acq_time":1017,"confidence":"n","satellite":"N","instrument":"VIIRS","version":"2.0NRT","bright_ti4":298.62,"frp":0.83,"daynight":"N"},"geometry":{"type":"Point","coordinates":[-118.16032,43.26696]}},{"type":"Feature","properties":{"acq_date":"2026-07-25","acq_time":1017,"confidence":"n","satellite":"N","instrument":"VIIRS","version":"2.0NRT","bright_ti4":296.35,"frp":0.79,"daynight":"N"},"geometry":{"type":"Point","coordinates":[-118.16577,43.26805]}},{"type":"Feature","properties":{"acq_date":"2026-07-25","acq_time":1017,"confidence":"n","satellite":"N","instrument":"VIIRS","version":"2.0NRT","bright_ti4":296.37,"frp":0.83,"daynight":"N"},"geometry":{"type":"Point","coordinates":[-118.159,43.27047]}},{"type":"Feature","properties":{"acq_date":"2026-07-25","acq_time":1017,"confidence":"n","satellite":"N","instrument":"VIIRS","version":"2.0NRT","bright_ti4":296.37,"frp":0.79,"daynight":"N"},"geometry":{"type":"Point","coordinates":[-118.16444,43.27155]}},{"type":"Feature","properties":{"acq_date":"2026-07-25","acq_time":1017,"confidence":"n","satellite":"N","instrument":"VIIRS","version":"2.0NRT","bright_ti4":300.95,"frp":0.79,"daynight":"N"},"geometry":{"type":"Point","coordinates":[-118.16989,43.27264]}},{"type":"Feature","properties":{"acq_date":"2026-07-25","acq_time":1017,"confidence":"n","satellite":"N","instrument":"VIIRS","version":"2.0NRT","bright_ti4":299.05,"frp":0.95,"daynight":"N"},"geometry":{"type":"Point","coordinates":[-118.16044,43.28205]}},{"type":"Feature","properties":{"acq_date":"2026-07-25","acq_time":1019,"confidence":"n","satellite":"N","instrument":"VIIRS","version":"2.0NRT","bright_ti4":308.14,"frp":0.81,"daynight":"N"},"geometry":{"type":"Point","coordinates":[-115.05873,32.37384]}},{"type":"Feature","properties":{"acq_date":"2026-07-25","acq_time":1019,"confidence":"n","satellite":"N","instrument":"VIIRS","version":"2.0NRT","bright_ti4":309.76,"frp":0.6,"daynight":"N"},"geometry":{"type":"Point","coordinates":[-115.35352,32.54136]}},{"type":"Feature","properties":{"acq_date":"2026-07-25","acq_time":1019,"confidence":"n","satellite":"N","instrument":"VIIRS","version":"2.0NRT","bright_ti4":305.25,"frp":1.02,"daynight":"N"},"geometry":{"type":"Point","coordinates":[-117.71069,33.71569]}},{"type":"Feature","properties":{"acq_date":"2026-07-25","acq_time":1019,"confidence":"n","satellite":"N","instrument":"VIIRS","version":"2.0NRT","bright_ti4":303.56,"frp":0.67,"daynight":"N"},"geometry":{"type":"Point","coordinates":[-117.47372,33.79123]}},{"type":"Feature","properties":{"acq_date":"2026-07-25","acq_time":1019,"confidence":"n","satellite":"N","instrument":"VIIRS","version":"2.0NRT","bright_ti4":303.69,"frp":0.27,"daynight":"N"},"geometry":{"type":"Point","coordinates":[-117.42924,34.14064]}},{"type":"Feature","properties":{"acq_date":"2026-07-25","acq_time":1019,"confidence":"n","satellite":"N","instrument":"VIIRS","version":"2.0NRT","bright_ti4":312.56,"frp":1.27,"daynight":"N"},"geometry":{"type":"Point","coordinates":[-118.19273,34.15328]}},{"type":"Feature","properties":{"acq_date":"2026-07-25","acq_time":1019,"confidence":"n","satellite":"N","instrument":"VIIRS","version":"2.0NRT","bright_ti4":313.36,"frp":2.03,"daynight":"N"},"geometry":{"type":"Point","coordinates":[-117.33784,34.60622]}},{"type":"Feature","properties":{"acq_date":"2026-07-25","acq_time":1019,"confidence":"n","satellite":"N","instrument":"VIIRS","version":"2.0NRT","bright_ti4":317.17,"frp":2.2,"daynight":"N"},"geometry":{"type":"Point","coordinates":[-117.10221,34.62078]}},{"type":"Feature","properties":{"acq_date":"2026-07-25","acq_time":1019,"confidence":"n","satellite":"N","instrument":"VIIRS","version":"2.0NRT","bright_ti4":315.18,"frp":2.9,"daynight":"N"},"geometry":{"type":"Point","coordinates":[-117.09898,34.62252]}},{"type":"Feature","properties":{"acq_date":"2026-07-25","acq_time":1019,"confidence":"n","satellite":"N","instrument":"VIIRS","version":"2.0NRT","bright_ti4":309.11,"frp":0.97,"daynight":"N"},"geometry":{"type":"Point","coordinates":[-113.31486,35.5185]}},{"type":"Feature","properties":{"acq_date":"2026-07-25","acq_time":1019,"confidence":"n","satellite":"N","instrument":"VIIRS","version":"2.0NRT","bright_ti4":300.92,"frp":0.38,"daynight":"N"},"geometry":{"type":"Point","coordinates":[-121.76579,36.71265]}},{"type":"Feature","properties":{"acq_date":"2026-07-25","acq_time":1019,"confidence":"n","satellite":"N","instrument":"VIIRS","version":"2.0NRT","bright_ti4":329.57,"frp":4.76,"daynight":"N"},"geometry":{"type":"Point","coordinates":[-120.69057,36.79275]}},{"type":"Feature","properties":{"acq_date":"2026-07-25","acq_time":1019,"confidence":"n","satellite":"N","instrument":"VIIRS","version":"2.0NRT","bright_ti4":350.98,"frp":8.65,"daynight":"N"},"geometry":{"type":"Point","coordinates":[-118.28009,36.99038]}},{"type":"Feature","properties":{"acq_date":"2026-07-25","acq_time":1019,"confidence":"h","satellite":"N","instrument":"VIIRS","version":"2.0NRT","bright_ti4":367,"frp":8.65,"daynight":"N"},"geometry":{"type":"Point","coordinates":[-118.28461,36.99136]}},{"type":"Feature","properties":{"acq_date":"2026-07-25","acq_time":1019,"confidence":"n","satellite":"N","instrument":"VIIRS","version":"2.0NRT","bright_ti4":319.66,"frp":6.92,"daynight":"N"},"geometry":{"type":"Point","coordinates":[-118.28914,36.99234]}},{"type":"Feature","properties":{"acq_date":"2026-07-25","acq_time":1019,"confidence":"n","satellite":"N","instrument":"VIIRS","version":"2.0NRT","bright_ti4":310.06,"frp":6.92,"daynight":"N"},"geometry":{"type":"Point","coordinates":[-118.29363,36.99331]}},{"type":"Feature","properties":{"acq_date":"2026-07-25","acq_time":1019,"confidence":"n","satellite":"N","instrument":"VIIRS","version":"2.0NRT","bright_ti4":307.05,"frp":3.86,"daynight":"N"},"geometry":{"type":"Point","coordinates":[-118.27428,36.99333]}},{"type":"Feature","properties":{"acq_date":"2026-07-25","acq_time":1019,"confidence":"n","satellite":"N","instrument":"VIIRS","version":"2.0NRT","bright_ti4":348.95,"frp":8.65,"daynight":"N"},"geometry":{"type":"Point","coordinates":[-118.27872,36.9943]}},{"type":"Feature","properties":{"acq_date":"2026-07-25","acq_time":1019,"confidence":"n","satellite":"N","instrument":"VIIRS","version":"2.0NRT","bright_ti4":316.82,"frp":8.65,"daynight":"N"},"geometry":{"type":"Point","coordinates":[-118.28322,36.99526]}},{"type":"Feature","properties":{"acq_date":"2026-07-25","acq_time":1019,"confidence":"n","satellite":"N","instrument":"VIIRS","version":"2.0NRT","bright_ti4":311.39,"frp":6.92,"daynight":"N"},"geometry":{"type":"Point","coordinates":[-118.28773,36.99624]}},{"type":"Feature","properties":{"acq_date":"2026-07-25","acq_time":1019,"confidence":"n","satellite":"N","instrument":"VIIRS","version":"2.0NRT","bright_ti4":357.56,"frp":6.92,"daynight":"N"},"geometry":{"type":"Point","coordinates":[-118.29222,36.99721]}},{"type":"Feature","properties":{"acq_date":"2026-07-25","acq_time":1019,"confidence":"n","satellite":"N","instrument":"VIIRS","version":"2.0NRT","bright_ti4":349.43,"frp":9.43,"daynight":"N"},"geometry":{"type":"Point","coordinates":[-118.27295,36.99725]}},{"type":"Feature","properties":{"acq_date":"2026-07-25","acq_time":1019,"confidence":"h","satellite":"N","instrument":"VIIRS","version":"2.0NRT","bright_ti4":367,"frp":13.2,"daynight":"N"},"geometry":{"type":"Point","coordinates":[-118.29673,36.99818]}},{"type":"Feature","properties":{"acq_date":"2026-07-25","acq_time":1019,"confidence":"n","satellite":"N","instrument":"VIIRS","version":"2.0NRT","bright_ti4":315.17,"frp":3.43,"daynight":"N"},"geometry":{"type":"Point","coordinates":[-118.2774,36.99821]}},{"type":"Feature","properties":{"acq_date":"2026-07-25","acq_time":1019,"confidence":"n","satellite":"N","instrument":"VIIRS","version":"2.0NRT","bright_ti4":318.01,"frp":13.2,"daynight":"N"},"geometry":{"type":"Point","coordinates":[-118.30131,36.99916]}},{"type":"Feature","properties":{"acq_date":"2026-07-25","acq_time":1019,"confidence":"n","satellite":"N","instrument":"VIIRS","version":"2.0NRT","bright_ti4":333.29,"frp":8.77,"daynight":"N"},"geometry":{"type":"Point","coordinates":[-118.29535,37.00208]}},{"type":"Feature","properties":{"acq_date":"2026-07-25","acq_time":1019,"confidence":"n","satellite":"N","instrument":"VIIRS","version":"2.0NRT","bright_ti4":307.49,"frp":3.43,"daynight":"N"},"geometry":{"type":"Point","coordinates":[-118.27606,37.00212]}},{"type":"Feature","properties":{"acq_date":"2026-07-25","acq_time":1019,"confidence":"n","satellite":"N","instrument":"VIIRS","version":"2.0NRT","bright_ti4":340.04,"frp":8.77,"daynight":"N"},"geometry":{"type":"Point","coordinates":[-118.29987,37.00306]}},{"type":"Feature","properties":{"acq_date":"2026-07-25","acq_time":1019,"confidence":"n","satellite":"N","instrument":"VIIRS","version":"2.0NRT","bright_ti4":342.21,"frp":6.71,"daynight":"N"},"geometry":{"type":"Point","coordinates":[-118.27474,37.00604]}},{"type":"Feature","properties":{"acq_date":"2026-07-25","acq_time":1019,"confidence":"n","satellite":"N","instrument":"VIIRS","version":"2.0NRT","bright_ti4":322.42,"frp":6.71,"daynight":"N"},"geometry":{"type":"Point","coordinates":[-118.27921,37.007]}},{"type":"Feature","properties":{"acq_date":"2026-07-25","acq_time":1019,"confidence":"n","satellite":"N","instrument":"VIIRS","version":"2.0NRT","bright_ti4":315.73,"frp":6.71,"daynight":"N"},"geometry":{"type":"Point","coordinates":[-118.27344,37.00996]}},{"type":"Feature","properties":{"acq_date":"2026-07-25","acq_time":1019,"confidence":"n","satellite":"N","instrument":"VIIRS","version":"2.0NRT","bright_ti4":309.93,"frp":0.91,"daynight":"N"},"geometry":{"type":"Point","coordinates":[-118.28314,37.02464]}},{"type":"Feature","properties":{"acq_date":"2026-07-25","acq_time":1019,"confidence":"n","satellite":"N","instrument":"VIIRS","version":"2.0NRT","bright_ti4":297.08,"frp":0.21,"daynight":"N"},"geometry":{"type":"Point","coordinates":[-121.67758,37.18493]}},{"type":"Feature","properties":{"acq_date":"2026-07-25","acq_time":1019,"confidence":"n","satellite":"N","instrument":"VIIRS","version":"2.0NRT","bright_ti4":298.37,"frp":0.4,"daynight":"N"},"geometry":{"type":"Point","coordinates":[-121.90072,37.21104]}},{"type":"Feature","properties":{"acq_date":"2026-07-25","acq_time":1019,"confidence":"n","satellite":"N","instrument":"VIIRS","version":"2.0NRT","bright_ti4":303.5,"frp":0.73,"daynight":"N"},"geometry":{"type":"Point","coordinates":[-120.30768,37.22238]}},{"type":"Feature","properties":{"acq_date":"2026-07-25","acq_time":1019,"confidence":"n","satellite":"N","instrument":"VIIRS","version":"2.0NRT","bright_ti4":305.36,"frp":0.88,"daynight":"N"},"geometry":{"type":"Point","coordinates":[-115.71148,37.41228]}},{"type":"Feature","properties":{"acq_date":"2026-07-25","acq_time":1019,"confidence":"n","satellite":"N","instrument":"VIIRS","version":"2.0NRT","bright_ti4":303.95,"frp":1.65,"daynight":"N"},"geometry":{"type":"Point","coordinates":[-115.70985,37.41282]}},{"type":"Feature","properties":{"acq_date":"2026-07-25","acq_time":1019,"confidence":"n","satellite":"N","instrument":"VIIRS","version":"2.0NRT","bright_ti4":314.79,"frp":1.31,"daynight":"N"},"geometry":{"type":"Point","coordinates":[-121.93419,37.45382]}},{"type":"Feature","properties":{"acq_date":"2026-07-25","acq_time":1019,"confidence":"n","satellite":"N","instrument":"VIIRS","version":"2.0NRT","bright_ti4":297.24,"frp":0.19,"daynight":"N"},"geometry":{"type":"Point","coordinates":[-121.99109,37.4924]}},{"type":"Feature","properties":{"acq_date":"2026-07-25","acq_time":1019,"confidence":"n","satellite":"N","instrument":"VIIRS","version":"2.0NRT","bright_ti4":300.86,"frp":1.05,"daynight":"N"},"geometry":{"type":"Point","coordinates":[-113.29012,37.66876]}},{"type":"Feature","properties":{"acq_date":"2026-07-25","acq_time":1019,"confidence":"n","satellite":"N","instrument":"VIIRS","version":"2.0NRT","bright_ti4":318.97,"frp":1.05,"daynight":"N"},"geometry":{"type":"Point","coordinates":[-113.29321,37.66955]}},{"type":"Feature","properties":{"acq_date":"2026-07-25","acq_time":1019,"confidence":"n","satellite":"N","instrument":"VIIRS","version":"2.0NRT","bright_ti4":302.97,"frp":0.94,"daynight":"N"},"geometry":{"type":"Point","coordinates":[-113.27087,37.67475]}},{"type":"Feature","properties":{"acq_date":"2026-07-25","acq_time":1019,"confidence":"n","satellite":"N","instrument":"VIIRS","version":"2.0NRT","bright_ti4":300.84,"frp":0.4,"daynight":"N"},"geometry":{"type":"Point","coordinates":[-121.66186,37.75439]}},{"type":"Feature","properties":{"acq_date":"2026-07-25","acq_time":1019,"confidence":"n","satellite":"N","instrument":"VIIRS","version":"2.0NRT","bright_ti4":308.95,"frp":0.82,"daynight":"N"},"geometry":{"type":"Point","coordinates":[-121.1844,37.88307]}},{"type":"Feature","properties":{"acq_date":"2026-07-25","acq_time":1019,"confidence":"n","satellite":"N","instrument":"VIIRS","version":"2.0NRT","bright_ti4":302.15,"frp":0.54,"daynight":"N"},"geometry":{"type":"Point","coordinates":[-121.93658,38.00465]}},{"type":"Feature","properties":{"acq_date":"2026-07-25","acq_time":1019,"confidence":"n","satellite":"N","instrument":"VIIRS","version":"2.0NRT","bright_ti4":306.8,"frp":2.04,"daynight":"N"},"geometry":{"type":"Point","coordinates":[-122.11146,38.01444]}},{"type":"Feature","properties":{"acq_date":"2026-07-25","acq_time":1019,"confidence":"n","satellite":"N","instrument":"VIIRS","version":"2.0NRT","bright_ti4":300.8,"frp":0.51,"daynight":"N"},"geometry":{"type":"Point","coordinates":[-122.74806,38.30182]}},{"type":"Feature","properties":{"acq_date":"2026-07-25","acq_time":1019,"confidence":"n","satellite":"N","instrument":"VIIRS","version":"2.0NRT","bright_ti4":300.91,"frp":0.39,"daynight":"N"},"geometry":{"type":"Point","coordinates":[-121.83544,38.31518]}},{"type":"Feature","properties":{"acq_date":"2026-07-25","acq_time":1019,"confidence":"n","satellite":"N","instrument":"VIIRS","version":"2.0NRT","bright_ti4":304.81,"frp":0.82,"daynight":"N"},"geometry":{"type":"Point","coordinates":[-121.19235,38.5131]}},{"type":"Feature","properties":{"acq_date":"2026-07-25","acq_time":1019,"confidence":"n","satellite":"N","instrument":"VIIRS","version":"2.0NRT","bright_ti4":328.68,"frp":1.95,"daynight":"N"},"geometry":{"type":"Point","coordinates":[-121.60216,39.2858]}},{"type":"Feature","properties":{"acq_date":"2026-07-25","acq_time":1019,"confidence":"n","satellite":"N","instrument":"VIIRS","version":"2.0NRT","bright_ti4":310.97,"frp":1.83,"daynight":"N"},"geometry":{"type":"Point","coordinates":[-119.26169,39.61892]}},{"type":"Feature","properties":{"acq_date":"2026-07-25","acq_time":1019,"confidence":"n","satellite":"N","instrument":"VIIRS","version":"2.0NRT","bright_ti4":298.85,"frp":0.62,"daynight":"N"},"geometry":{"type":"Point","coordinates":[-120.15461,39.72068]}},{"type":"Feature","properties":{"acq_date":"2026-07-25","acq_time":1019,"confidence":"n","satellite":"N","instrument":"VIIRS","version":"2.0NRT","bright_ti4":300.18,"frp":0.57,"daynight":"N"},"geometry":{"type":"Point","coordinates":[-120.14352,39.72224]}},{"type":"Feature","properties":{"acq_date":"2026-07-25","acq_time":1019,"confidence":"n","satellite":"N","instrument":"VIIRS","version":"2.0NRT","bright_ti4":297.56,"frp":0.57,"daynight":"N"},"geometry":{"type":"Point","coordinates":[-120.14215,39.72566]}},{"type":"Feature","properties":{"acq_date":"2026-07-25","acq_time":1019,"confidence":"n","satellite":"N","instrument":"VIIRS","version":"2.0NRT","bright_ti4":321.11,"frp":1.98,"daynight":"N"},"geometry":{"type":"Point","coordinates":[-124.3091,40.6481]}}]}