{"type":"FeatureCollection","name":"FIRMS VIIRS CA (last 1 day)","crs":{"type":"name","properties":{"name":"EPSG:4326"}},"fetched_at_utc":"2026-08-27T23:40:27.665Z","source":{"url":"https://firms.modaps.eosdis.nasa.gov/api/area/csv/8c4af552cf654445dd280dfb3ad9337c/VIIRS_SNPP_NRT/-125,32,-113,43.5/1","dataset":"VIIRS_SNPP_NRT","bbox":"-125,32,-113,43.5","day_range":"1"},"features":[{"type":"Feature","properties":{"acq_date":"2026-08-27","acq_time":1000,"confidence":"n","satellite":"N","instrument":"VIIRS","version":"2.0NRT","bright_ti4":304.87,"frp":1.88,"daynight":"N"},"geometry":{"type":"Point","coordinates":[-116.52326,40.13086]}},{"type":"Feature","properties":{"acq_date":"2026-08-27","acq_time":1000,"confidence":"n","satellite":"N","instrument":"VIIRS","version":"2.0NRT","bright_ti4":332.23,"frp":1.88,"daynight":"N"},"geometry":{"type":"Point","coordinates":[-116.52237,40.13422]}},{"type":"Feature","properties":{"acq_date":"2026-08-27","acq_time":1000,"confidence":"n","satellite":"N","instrument":"VIIRS","version":"2.0NRT","bright_ti4":320.08,"frp":3,"daynight":"N"},"geometry":{"type":"Point","coordinates":[-114.25839,40.82137]}},{"type":"Feature","properties":{"acq_date":"2026-08-27","acq_time":1000,"confidence":"n","satellite":"N","instrument":"VIIRS","version":"2.0NRT","bright_ti4":302.72,"frp":0.85,"daynight":"N"},"geometry":{"type":"Point","coordinates":[-117.86146,40.94032]}},{"type":"Feature","properties":{"acq_date":"2026-08-27","acq_time":1000,"confidence":"n","satellite":"N","instrument":"VIIRS","version":"2.0NRT","bright_ti4":308.26,"frp":4.89,"daynight":"N"},"geometry":{"type":"Point","coordinates":[-117.6953,41.54038]}},{"type":"Feature","properties":{"acq_date":"2026-08-27","acq_time":1000,"confidence":"n","satellite":"N","instrument":"VIIRS","version":"2.0NRT","bright_ti4":347.63,"frp":93.37,"daynight":"N"},"geometry":{"type":"Point","coordinates":[-117.69981,41.54111]}},{"type":"Feature","properties":{"acq_date":"2026-08-27","acq_time":1000,"confidence":"n","satellite":"N","instrument":"VIIRS","version":"2.0NRT","bright_ti4":320.18,"frp":93.37,"daynight":"N"},"geometry":{"type":"Point","coordinates":[-117.70434,41.54185]}},{"type":"Feature","properties":{"acq_date":"2026-08-27","acq_time":1000,"confidence":"n","satellite":"N","instrument":"VIIRS","version":"2.0NRT","bright_ti4":336.99,"frp":9.28,"daynight":"N"},"geometry":{"type":"Point","coordinates":[-117.70885,41.54259]}},{"type":"Feature","properties":{"acq_date":"2026-08-27","acq_time":1000,"confidence":"n","satellite":"N","instrument":"VIIRS","version":"2.0NRT","bright_ti4":338.44,"frp":9.28,"daynight":"N"},"geometry":{"type":"Point","coordinates":[-117.71339,41.54332]}},{"type":"Feature","properties":{"acq_date":"2026-08-27","acq_time":1000,"confidence":"n","satellite":"N","instrument":"VIIRS","version":"2.0NRT","bright_ti4":314.59,"frp":4.89,"daynight":"N"},"geometry":{"type":"Point","coordinates":[-117.69432,41.54364]}},{"type":"Feature","properties":{"acq_date":"2026-08-27","acq_time":1000,"confidence":"n","satellite":"N","instrument":"VIIRS","version":"2.0NRT","bright_ti4":330.69,"frp":3.29,"daynight":"N"},"geometry":{"type":"Point","coordinates":[-117.71793,41.54406]}},{"type":"Feature","properties":{"acq_date":"2026-08-27","acq_time":1000,"confidence":"n","satellite":"N","instrument":"VIIRS","version":"2.0NRT","bright_ti4":334.42,"frp":93.37,"daynight":"N"},"geometry":{"type":"Point","coordinates":[-117.70337,41.54512]}},{"type":"Feature","properties":{"acq_date":"2026-08-27","acq_time":1000,"confidence":"n","satellite":"N","instrument":"VIIRS","version":"2.0NRT","bright_ti4":333.04,"frp":9.28,"daynight":"N"},"geometry":{"type":"Point","coordinates":[-117.7079,41.54586]}},{"type":"Feature","properties":{"acq_date":"2026-08-27","acq_time":1000,"confidence":"n","satellite":"N","instrument":"VIIRS","version":"2.0NRT","bright_ti4":310.52,"frp":1.34,"daynight":"N"},"geometry":{"type":"Point","coordinates":[-117.69338,41.54691]}},{"type":"Feature","properties":{"acq_date":"2026-08-27","acq_time":1000,"confidence":"n","satellite":"N","instrument":"VIIRS","version":"2.0NRT","bright_ti4":350.64,"frp":3.48,"daynight":"N"},"geometry":{"type":"Point","coordinates":[-117.6979,41.54765]}},{"type":"Feature","properties":{"acq_date":"2026-08-27","acq_time":1000,"confidence":"n","satellite":"N","instrument":"VIIRS","version":"2.0NRT","bright_ti4":317.62,"frp":3.48,"daynight":"N"},"geometry":{"type":"Point","coordinates":[-117.70245,41.54839]}},{"type":"Feature","properties":{"acq_date":"2026-08-27","acq_time":1000,"confidence":"n","satellite":"N","instrument":"VIIRS","version":"2.0NRT","bright_ti4":302.92,"frp":1.34,"daynight":"N"},"geometry":{"type":"Point","coordinates":[-117.68793,41.54945]}},{"type":"Feature","properties":{"acq_date":"2026-08-27","acq_time":1000,"confidence":"n","satellite":"N","instrument":"VIIRS","version":"2.0NRT","bright_ti4":312.37,"frp":1.34,"daynight":"N"},"geometry":{"type":"Point","coordinates":[-117.69245,41.55019]}},{"type":"Feature","properties":{"acq_date":"2026-08-27","acq_time":1000,"confidence":"n","satellite":"N","instrument":"VIIRS","version":"2.0NRT","bright_ti4":306.5,"frp":3.48,"daynight":"N"},"geometry":{"type":"Point","coordinates":[-117.697,41.55093]}},{"type":"Feature","properties":{"acq_date":"2026-08-27","acq_time":1000,"confidence":"n","satellite":"N","instrument":"VIIRS","version":"2.0NRT","bright_ti4":339.89,"frp":22.22,"daynight":"N"},"geometry":{"type":"Point","coordinates":[-117.68699,41.55272]}},{"type":"Feature","properties":{"acq_date":"2026-08-27","acq_time":1000,"confidence":"n","satellite":"N","instrument":"VIIRS","version":"2.0NRT","bright_ti4":343.05,"frp":22.22,"daynight":"N"},"geometry":{"type":"Point","coordinates":[-117.69154,41.55346]}},{"type":"Feature","properties":{"acq_date":"2026-08-27","acq_time":1000,"confidence":"n","satellite":"N","instrument":"VIIRS","version":"2.0NRT","bright_ti4":346.55,"frp":22.22,"daynight":"N"},"geometry":{"type":"Point","coordinates":[-117.6861,41.556]}},{"type":"Feature","properties":{"acq_date":"2026-08-27","acq_time":1000,"confidence":"n","satellite":"N","instrument":"VIIRS","version":"2.0NRT","bright_ti4":334.07,"frp":22.22,"daynight":"N"},"geometry":{"type":"Point","coordinates":[-117.69065,41.55674]}},{"type":"Feature","properties":{"acq_date":"2026-08-27","acq_time":1000,"confidence":"n","satellite":"N","instrument":"VIIRS","version":"2.0NRT","bright_ti4":344.06,"frp":19.85,"daynight":"N"},"geometry":{"type":"Point","coordinates":[-117.73324,41.55682]}},{"type":"Feature","properties":{"acq_date":"2026-08-27","acq_time":1000,"confidence":"n","satellite":"N","instrument":"VIIRS","version":"2.0NRT","bright_ti4":352.69,"frp":19.85,"daynight":"N"},"geometry":{"type":"Point","coordinates":[-117.73778,41.55756]}},{"type":"Feature","properties":{"acq_date":"2026-08-27","acq_time":1000,"confidence":"n","satellite":"N","instrument":"VIIRS","version":"2.0NRT","bright_ti4":299.34,"frp":1.04,"daynight":"N"},"geometry":{"type":"Point","coordinates":[-117.74231,41.55829]}},{"type":"Feature","properties":{"acq_date":"2026-08-27","acq_time":1000,"confidence":"n","satellite":"N","instrument":"VIIRS","version":"2.0NRT","bright_ti4":332.55,"frp":15.4,"daynight":"N"},"geometry":{"type":"Point","coordinates":[-117.6807,41.55854]}},{"type":"Feature","properties":{"acq_date":"2026-08-27","acq_time":1000,"confidence":"n","satellite":"N","instrument":"VIIRS","version":"2.0NRT","bright_ti4":346.65,"frp":13.25,"daynight":"N"},"geometry":{"type":"Point","coordinates":[-117.68524,41.55928]}},{"type":"Feature","properties":{"acq_date":"2026-08-27","acq_time":1000,"confidence":"n","satellite":"N","instrument":"VIIRS","version":"2.0NRT","bright_ti4":314.6,"frp":1.95,"daynight":"N"},"geometry":{"type":"Point","coordinates":[-117.73685,41.56083]}},{"type":"Feature","properties":{"acq_date":"2026-08-27","acq_time":1000,"confidence":"n","satellite":"N","instrument":"VIIRS","version":"2.0NRT","bright_ti4":328.74,"frp":3.54,"daynight":"N"},"geometry":{"type":"Point","coordinates":[-117.74141,41.56157]}},{"type":"Feature","properties":{"acq_date":"2026-08-27","acq_time":1000,"confidence":"n","satellite":"N","instrument":"VIIRS","version":"2.0NRT","bright_ti4":340.25,"frp":15.4,"daynight":"N"},"geometry":{"type":"Point","coordinates":[-117.67983,41.56181]}},{"type":"Feature","properties":{"acq_date":"2026-08-27","acq_time":1000,"confidence":"n","satellite":"N","instrument":"VIIRS","version":"2.0NRT","bright_ti4":322.43,"frp":4.18,"daynight":"N"},"geometry":{"type":"Point","coordinates":[-117.70341,41.56223]}},{"type":"Feature","properties":{"acq_date":"2026-08-27","acq_time":1000,"confidence":"n","satellite":"N","instrument":"VIIRS","version":"2.0NRT","bright_ti4":349.4,"frp":13.25,"daynight":"N"},"geometry":{"type":"Point","coordinates":[-117.68436,41.56255]}},{"type":"Feature","properties":{"acq_date":"2026-08-27","acq_time":1000,"confidence":"n","satellite":"N","instrument":"VIIRS","version":"2.0NRT","bright_ti4":319.39,"frp":4.18,"daynight":"N"},"geometry":{"type":"Point","coordinates":[-117.70793,41.56297]}},{"type":"Feature","properties":{"acq_date":"2026-08-27","acq_time":1000,"confidence":"n","satellite":"N","instrument":"VIIRS","version":"2.0NRT","bright_ti4":338.32,"frp":3.54,"daynight":"N"},"geometry":{"type":"Point","coordinates":[-117.74051,41.56485]}},{"type":"Feature","properties":{"acq_date":"2026-08-27","acq_time":1000,"confidence":"n","satellite":"N","instrument":"VIIRS","version":"2.0NRT","bright_ti4":346.74,"frp":8.45,"daynight":"N"},"geometry":{"type":"Point","coordinates":[-117.67894,41.56509]}},{"type":"Feature","properties":{"acq_date":"2026-08-27","acq_time":1000,"confidence":"n","satellite":"N","instrument":"VIIRS","version":"2.0NRT","bright_ti4":338.32,"frp":4.18,"daynight":"N"},"geometry":{"type":"Point","coordinates":[-117.70246,41.5655]}},{"type":"Feature","properties":{"acq_date":"2026-08-27","acq_time":1000,"confidence":"n","satellite":"N","instrument":"VIIRS","version":"2.0NRT","bright_ti4":327.92,"frp":3.54,"daynight":"N"},"geometry":{"type":"Point","coordinates":[-117.74509,41.56559]}},{"type":"Feature","properties":{"acq_date":"2026-08-27","acq_time":1000,"confidence":"n","satellite":"N","instrument":"VIIRS","version":"2.0NRT","bright_ti4":341.35,"frp":7.43,"daynight":"N"},"geometry":{"type":"Point","coordinates":[-117.68346,41.56582]}},{"type":"Feature","properties":{"acq_date":"2026-08-27","acq_time":1000,"confidence":"n","satellite":"N","instrument":"VIIRS","version":"2.0NRT","bright_ti4":351.95,"frp":4.18,"daynight":"N"},"geometry":{"type":"Point","coordinates":[-117.70697,41.56623]}},{"type":"Feature","properties":{"acq_date":"2026-08-27","acq_time":1000,"confidence":"n","satellite":"N","instrument":"VIIRS","version":"2.0NRT","bright_ti4":314.8,"frp":2.07,"daynight":"N"},"geometry":{"type":"Point","coordinates":[-117.71149,41.56697]}},{"type":"Feature","properties":{"acq_date":"2026-08-27","acq_time":1000,"confidence":"n","satellite":"N","instrument":"VIIRS","version":"2.0NRT","bright_ti4":297.22,"frp":0.36,"daynight":"N"},"geometry":{"type":"Point","coordinates":[-117.73505,41.56738]}},{"type":"Feature","properties":{"acq_date":"2026-08-27","acq_time":1000,"confidence":"n","satellite":"N","instrument":"VIIRS","version":"2.0NRT","bright_ti4":330.98,"frp":2.26,"daynight":"N"},"geometry":{"type":"Point","coordinates":[-117.706,41.5695]}},{"type":"Feature","properties":{"acq_date":"2026-08-27","acq_time":1000,"confidence":"h","satellite":"N","instrument":"VIIRS","version":"2.0NRT","bright_ti4":367,"frp":5.59,"daynight":"N"},"geometry":{"type":"Point","coordinates":[-117.71054,41.57024]}},{"type":"Feature","properties":{"acq_date":"2026-08-27","acq_time":1000,"confidence":"n","satellite":"N","instrument":"VIIRS","version":"2.0NRT","bright_ti4":298.5,"frp":0.36,"daynight":"N"},"geometry":{"type":"Point","coordinates":[-117.73415,41.57065]}},{"type":"Feature","properties":{"acq_date":"2026-08-27","acq_time":1000,"confidence":"n","satellite":"N","instrument":"VIIRS","version":"2.0NRT","bright_ti4":323.79,"frp":5.59,"daynight":"N"},"geometry":{"type":"Point","coordinates":[-117.71504,41.57097]}},{"type":"Feature","properties":{"acq_date":"2026-08-27","acq_time":1000,"confidence":"n","satellite":"N","instrument":"VIIRS","version":"2.0NRT","bright_ti4":340.61,"frp":6.28,"daynight":"N"},"geometry":{"type":"Point","coordinates":[-117.69603,41.5713]}},{"type":"Feature","properties":{"acq_date":"2026-08-27","acq_time":1000,"confidence":"n","satellite":"N","instrument":"VIIRS","version":"2.0NRT","bright_ti4":312.02,"frp":0.89,"daynight":"N"},"geometry":{"type":"Point","coordinates":[-117.71957,41.57171]}},{"type":"Feature","properties":{"acq_date":"2026-08-27","acq_time":1000,"confidence":"n","satellite":"N","instrument":"VIIRS","version":"2.0NRT","bright_ti4":316.76,"frp":2.26,"daynight":"N"},"geometry":{"type":"Point","coordinates":[-117.70057,41.57204]}},{"type":"Feature","properties":{"acq_date":"2026-08-27","acq_time":1000,"confidence":"n","satellite":"N","instrument":"VIIRS","version":"2.0NRT","bright_ti4":302.44,"frp":0.89,"daynight":"N"},"geometry":{"type":"Point","coordinates":[-117.72411,41.57244]}},{"type":"Feature","properties":{"acq_date":"2026-08-27","acq_time":1000,"confidence":"n","satellite":"N","instrument":"VIIRS","version":"2.0NRT","bright_ti4":309.6,"frp":2.26,"daynight":"N"},"geometry":{"type":"Point","coordinates":[-117.70509,41.57277]}},{"type":"Feature","properties":{"acq_date":"2026-08-27","acq_time":1000,"confidence":"n","satellite":"N","instrument":"VIIRS","version":"2.0NRT","bright_ti4":340.56,"frp":8.58,"daynight":"N"},"geometry":{"type":"Point","coordinates":[-117.69065,41.57383]}},{"type":"Feature","properties":{"acq_date":"2026-08-27","acq_time":1000,"confidence":"n","satellite":"N","instrument":"VIIRS","version":"2.0NRT","bright_ti4":302.26,"frp":0.65,"daynight":"N"},"geometry":{"type":"Point","coordinates":[-117.73323,41.57393]}},{"type":"Feature","properties":{"acq_date":"2026-08-27","acq_time":1000,"confidence":"n","satellite":"N","instrument":"VIIRS","version":"2.0NRT","bright_ti4":301.03,"frp":5.59,"daynight":"N"},"geometry":{"type":"Point","coordinates":[-117.71413,41.57424]}},{"type":"Feature","properties":{"acq_date":"2026-08-27","acq_time":1000,"confidence":"n","satellite":"N","instrument":"VIIRS","version":"2.0NRT","bright_ti4":332.3,"frp":8.58,"daynight":"N"},"geometry":{"type":"Point","coordinates":[-117.69515,41.57457]}},{"type":"Feature","properties":{"acq_date":"2026-08-27","acq_time":1000,"confidence":"n","satellite":"N","instrument":"VIIRS","version":"2.0NRT","bright_ti4":301.12,"frp":0.57,"daynight":"N"},"geometry":{"type":"Point","coordinates":[-117.73782,41.57467]}},{"type":"Feature","properties":{"acq_date":"2026-08-27","acq_time":1000,"confidence":"n","satellite":"N","instrument":"VIIRS","version":"2.0NRT","bright_ti4":310.9,"frp":1.06,"daynight":"N"},"geometry":{"type":"Point","coordinates":[-117.69966,41.57531]}},{"type":"Feature","properties":{"acq_date":"2026-08-27","acq_time":1000,"confidence":"n","satellite":"N","instrument":"VIIRS","version":"2.0NRT","bright_ti4":304.92,"frp":0.65,"daynight":"N"},"geometry":{"type":"Point","coordinates":[-117.72775,41.57646]}},{"type":"Feature","properties":{"acq_date":"2026-08-27","acq_time":1000,"confidence":"n","satellite":"N","instrument":"VIIRS","version":"2.0NRT","bright_ti4":301.71,"frp":0.5,"daynight":"N"},"geometry":{"type":"Point","coordinates":[-117.70871,41.57678]}},{"type":"Feature","properties":{"acq_date":"2026-08-27","acq_time":1000,"confidence":"n","satellite":"N","instrument":"VIIRS","version":"2.0NRT","bright_ti4":351.95,"frp":8.58,"daynight":"N"},"geometry":{"type":"Point","coordinates":[-117.68976,41.57711]}},{"type":"Feature","properties":{"acq_date":"2026-08-27","acq_time":1000,"confidence":"n","satellite":"N","instrument":"VIIRS","version":"2.0NRT","bright_ti4":304.58,"frp":0.65,"daynight":"N"},"geometry":{"type":"Point","coordinates":[-117.73232,41.5772]}},{"type":"Feature","properties":{"acq_date":"2026-08-27","acq_time":1000,"confidence":"n","satellite":"N","instrument":"VIIRS","version":"2.0NRT","bright_ti4":299.43,"frp":0.5,"daynight":"N"},"geometry":{"type":"Point","coordinates":[-117.71323,41.57751]}},{"type":"Feature","properties":{"acq_date":"2026-08-27","acq_time":1000,"confidence":"n","satellite":"N","instrument":"VIIRS","version":"2.0NRT","bright_ti4":311.02,"frp":8.58,"daynight":"N"},"geometry":{"type":"Point","coordinates":[-117.69427,41.57784]}},{"type":"Feature","properties":{"acq_date":"2026-08-27","acq_time":1000,"confidence":"n","satellite":"N","instrument":"VIIRS","version":"2.0NRT","bright_ti4":298.21,"frp":1.06,"daynight":"N"},"geometry":{"type":"Point","coordinates":[-117.69879,41.57858]}},{"type":"Feature","properties":{"acq_date":"2026-08-27","acq_time":1000,"confidence":"n","satellite":"N","instrument":"VIIRS","version":"2.0NRT","bright_ti4":297.89,"frp":0.57,"daynight":"N"},"geometry":{"type":"Point","coordinates":[-117.74141,41.57867]}},{"type":"Feature","properties":{"acq_date":"2026-08-27","acq_time":1000,"confidence":"n","satellite":"N","instrument":"VIIRS","version":"2.0NRT","bright_ti4":325.71,"frp":3.22,"daynight":"N"},"geometry":{"type":"Point","coordinates":[-117.68428,41.57964]}},{"type":"Feature","properties":{"acq_date":"2026-08-27","acq_time":1000,"confidence":"n","satellite":"N","instrument":"VIIRS","version":"2.0NRT","bright_ti4":302.67,"frp":0.14,"daynight":"N"},"geometry":{"type":"Point","coordinates":[-117.72684,41.57973]}},{"type":"Feature","properties":{"acq_date":"2026-08-27","acq_time":1000,"confidence":"n","satellite":"N","instrument":"VIIRS","version":"2.0NRT","bright_ti4":298.85,"frp":0.5,"daynight":"N"},"geometry":{"type":"Point","coordinates":[-117.70779,41.58005]}},{"type":"Feature","properties":{"acq_date":"2026-08-27","acq_time":1000,"confidence":"n","satellite":"N","instrument":"VIIRS","version":"2.0NRT","bright_ti4":331.7,"frp":6.03,"daynight":"N"},"geometry":{"type":"Point","coordinates":[-117.68883,41.58038]}},{"type":"Feature","properties":{"acq_date":"2026-08-27","acq_time":1000,"confidence":"n","satellite":"N","instrument":"VIIRS","version":"2.0NRT","bright_ti4":304.51,"frp":0.14,"daynight":"N"},"geometry":{"type":"Point","coordinates":[-117.73138,41.58047]}},{"type":"Feature","properties":{"acq_date":"2026-08-27","acq_time":1000,"confidence":"n","satellite":"N","instrument":"VIIRS","version":"2.0NRT","bright_ti4":308.47,"frp":0.5,"daynight":"N"},"geometry":{"type":"Point","coordinates":[-117.7123,41.58078]}},{"type":"Feature","properties":{"acq_date":"2026-08-27","acq_time":1000,"confidence":"n","satellite":"N","instrument":"VIIRS","version":"2.0NRT","bright_ti4":308.56,"frp":8.43,"daynight":"N"},"geometry":{"type":"Point","coordinates":[-117.73592,41.5812]}},{"type":"Feature","properties":{"acq_date":"2026-08-27","acq_time":1000,"confidence":"n","satellite":"N","instrument":"VIIRS","version":"2.0NRT","bright_ti4":308.55,"frp":0.47,"daynight":"N"},"geometry":{"type":"Point","coordinates":[-117.71682,41.58152]}},{"type":"Feature","properties":{"acq_date":"2026-08-27","acq_time":1000,"confidence":"n","satellite":"N","instrument":"VIIRS","version":"2.0NRT","bright_ti4":318.13,"frp":8.43,"daynight":"N"},"geometry":{"type":"Point","coordinates":[-117.74043,41.58194]}},{"type":"Feature","properties":{"acq_date":"2026-08-27","acq_time":1000,"confidence":"n","satellite":"N","instrument":"VIIRS","version":"2.0NRT","bright_ti4":304.43,"frp":0.47,"daynight":"N"},"geometry":{"type":"Point","coordinates":[-117.72133,41.58226]}},{"type":"Feature","properties":{"acq_date":"2026-08-27","acq_time":1000,"confidence":"n","satellite":"N","instrument":"VIIRS","version":"2.0NRT","bright_ti4":298.69,"frp":9.17,"daynight":"N"},"geometry":{"type":"Point","coordinates":[-117.70683,41.58332]}},{"type":"Feature","properties":{"acq_date":"2026-08-27","acq_time":1000,"confidence":"n","satellite":"N","instrument":"VIIRS","version":"2.0NRT","bright_ti4":316.49,"frp":9.17,"daynight":"N"},"geometry":{"type":"Point","coordinates":[-117.71136,41.58406]}},{"type":"Feature","properties":{"acq_date":"2026-08-27","acq_time":1000,"confidence":"n","satellite":"N","instrument":"VIIRS","version":"2.0NRT","bright_ti4":312.64,"frp":8.43,"daynight":"N"},"geometry":{"type":"Point","coordinates":[-117.73493,41.58447]}},{"type":"Feature","properties":{"acq_date":"2026-08-27","acq_time":1000,"confidence":"n","satellite":"N","instrument":"VIIRS","version":"2.0NRT","bright_ti4":318.21,"frp":1.59,"daynight":"N"},"geometry":{"type":"Point","coordinates":[-117.71588,41.58479]}},{"type":"Feature","properties":{"acq_date":"2026-08-27","acq_time":1000,"confidence":"n","satellite":"N","instrument":"VIIRS","version":"2.0NRT","bright_ti4":335.17,"frp":8.43,"daynight":"N"},"geometry":{"type":"Point","coordinates":[-117.73944,41.58521]}},{"type":"Feature","properties":{"acq_date":"2026-08-27","acq_time":1000,"confidence":"n","satellite":"N","instrument":"VIIRS","version":"2.0NRT","bright_ti4":328.87,"frp":1.59,"daynight":"N"},"geometry":{"type":"Point","coordinates":[-117.72039,41.58553]}},{"type":"Feature","properties":{"acq_date":"2026-08-27","acq_time":1000,"confidence":"n","satellite":"N","instrument":"VIIRS","version":"2.0NRT","bright_ti4":329.84,"frp":9.17,"daynight":"N"},"geometry":{"type":"Point","coordinates":[-117.70589,41.58658]}},{"type":"Feature","properties":{"acq_date":"2026-08-27","acq_time":1000,"confidence":"n","satellite":"N","instrument":"VIIRS","version":"2.0NRT","bright_ti4":341.11,"frp":9.17,"daynight":"N"},"geometry":{"type":"Point","coordinates":[-117.71041,41.58732]}},{"type":"Feature","properties":{"acq_date":"2026-08-27","acq_time":1000,"confidence":"n","satellite":"N","instrument":"VIIRS","version":"2.0NRT","bright_ti4":309.05,"frp":1.59,"daynight":"N"},"geometry":{"type":"Point","coordinates":[-117.71492,41.58806]}},{"type":"Feature","properties":{"acq_date":"2026-08-27","acq_time":1000,"confidence":"n","satellite":"N","instrument":"VIIRS","version":"2.0NRT","bright_ti4":299.21,"frp":0.09,"daynight":"N"},"geometry":{"type":"Point","coordinates":[-117.73846,41.58847]}},{"type":"Feature","properties":{"acq_date":"2026-08-27","acq_time":1000,"confidence":"n","satellite":"N","instrument":"VIIRS","version":"2.0NRT","bright_ti4":319.69,"frp":1.59,"daynight":"N"},"geometry":{"type":"Point","coordinates":[-117.71943,41.58879]}},{"type":"Feature","properties":{"acq_date":"2026-08-27","acq_time":1000,"confidence":"n","satellite":"N","instrument":"VIIRS","version":"2.0NRT","bright_ti4":314.69,"frp":0.2,"daynight":"N"},"geometry":{"type":"Point","coordinates":[-117.72394,41.58953]}},{"type":"Feature","properties":{"acq_date":"2026-08-27","acq_time":1000,"confidence":"n","satellite":"N","instrument":"VIIRS","version":"2.0NRT","bright_ti4":324.32,"frp":14.41,"daynight":"N"},"geometry":{"type":"Point","coordinates":[-117.7049,41.58985]}},{"type":"Feature","properties":{"acq_date":"2026-08-27","acq_time":1000,"confidence":"n","satellite":"N","instrument":"VIIRS","version":"2.0NRT","bright_ti4":346.84,"frp":14.41,"daynight":"N"},"geometry":{"type":"Point","coordinates":[-117.70942,41.59059]}},{"type":"Feature","properties":{"acq_date":"2026-08-27","acq_time":1000,"confidence":"n","satellite":"N","instrument":"VIIRS","version":"2.0NRT","bright_ti4":302.41,"frp":0.09,"daynight":"N"},"geometry":{"type":"Point","coordinates":[-117.73299,41.59101]}},{"type":"Feature","properties":{"acq_date":"2026-08-27","acq_time":1000,"confidence":"n","satellite":"N","instrument":"VIIRS","version":"2.0NRT","bright_ti4":352.9,"frp":15.91,"daynight":"N"},"geometry":{"type":"Point","coordinates":[-117.71394,41.59132]}},{"type":"Feature","properties":{"acq_date":"2026-08-27","acq_time":1000,"confidence":"n","satellite":"N","instrument":"VIIRS","version":"2.0NRT","bright_ti4":351.3,"frp":15.91,"daynight":"N"},"geometry":{"type":"Point","coordinates":[-117.71846,41.59206]}},{"type":"Feature","properties":{"acq_date":"2026-08-27","acq_time":1000,"confidence":"n","satellite":"N","instrument":"VIIRS","version":"2.0NRT","bright_ti4":341.55,"frp":26.97,"daynight":"N"},"geometry":{"type":"Point","coordinates":[-117.72297,41.5928]}},{"type":"Feature","properties":{"acq_date":"2026-08-27","acq_time":1000,"confidence":"n","satellite":"N","instrument":"VIIRS","version":"2.0NRT","bright_ti4":305.1,"frp":14.41,"daynight":"N"},"geometry":{"type":"Point","coordinates":[-117.70389,41.59311]}},{"type":"Feature","properties":{"acq_date":"2026-08-27","acq_time":1000,"confidence":"n","satellite":"N","instrument":"VIIRS","version":"2.0NRT","bright_ti4":334.34,"frp":14.41,"daynight":"N"},"geometry":{"type":"Point","coordinates":[-117.70842,41.59385]}},{"type":"Feature","properties":{"acq_date":"2026-08-27","acq_time":1000,"confidence":"n","satellite":"N","instrument":"VIIRS","version":"2.0NRT","bright_ti4":315.97,"frp":15.91,"daynight":"N"},"geometry":{"type":"Point","coordinates":[-117.71294,41.59459]}},{"type":"Feature","properties":{"acq_date":"2026-08-27","acq_time":1000,"confidence":"n","satellite":"N","instrument":"VIIRS","version":"2.0NRT","bright_ti4":332.11,"frp":15.91,"daynight":"N"},"geometry":{"type":"Point","coordinates":[-117.71746,41.59533]}},{"type":"Feature","properties":{"acq_date":"2026-08-27","acq_time":1000,"confidence":"n","satellite":"N","instrument":"VIIRS","version":"2.0NRT","bright_ti4":298.1,"frp":0.54,"daynight":"N"},"geometry":{"type":"Point","coordinates":[-117.72742,41.60319]}},{"type":"Feature","properties":{"acq_date":"2026-08-27","acq_time":1000,"confidence":"n","satellite":"N","instrument":"VIIRS","version":"2.0NRT","bright_ti4":296.31,"frp":0.29,"daynight":"N"},"geometry":{"type":"Point","coordinates":[-117.73196,41.60393]}},{"type":"Feature","properties":{"acq_date":"2026-08-27","acq_time":1000,"confidence":"n","satellite":"N","instrument":"VIIRS","version":"2.0NRT","bright_ti4":295.86,"frp":0.29,"daynight":"N"},"geometry":{"type":"Point","coordinates":[-117.7365,41.60466]}},{"type":"Feature","properties":{"acq_date":"2026-08-27","acq_time":1000,"confidence":"n","satellite":"N","instrument":"VIIRS","version":"2.0NRT","bright_ti4":295.12,"frp":1.22,"daynight":"N"},"geometry":{"type":"Point","coordinates":[-119.88886,41.74902]}},{"type":"Feature","properties":{"acq_date":"2026-08-27","acq_time":1000,"confidence":"n","satellite":"N","instrument":"VIIRS","version":"2.0NRT","bright_ti4":297.06,"frp":0.64,"daynight":"N"},"geometry":{"type":"Point","coordinates":[-119.88161,41.75836]}},{"type":"Feature","properties":{"acq_date":"2026-08-27","acq_time":1000,"confidence":"n","satellite":"N","instrument":"VIIRS","version":"2.0NRT","bright_ti4":306.18,"frp":2.17,"daynight":"N"},"geometry":{"type":"Point","coordinates":[-117.35938,41.86406]}},{"type":"Feature","properties":{"acq_date":"2026-08-27","acq_time":1000,"confidence":"n","satellite":"N","instrument":"VIIRS","version":"2.0NRT","bright_ti4":306.82,"frp":3.11,"daynight":"N"},"geometry":{"type":"Point","coordinates":[-117.36398,41.86482]}},{"type":"Feature","properties":{"acq_date":"2026-08-27","acq_time":1000,"confidence":"n","satellite":"N","instrument":"VIIRS","version":"2.0NRT","bright_ti4":300.43,"frp":14.7,"daynight":"N"},"geometry":{"type":"Point","coordinates":[-117.35638,41.8666]}},{"type":"Feature","properties":{"acq_date":"2026-08-27","acq_time":1000,"confidence":"n","satellite":"N","instrument":"VIIRS","version":"2.0NRT","bright_ti4":349.12,"frp":14.7,"daynight":"N"},"geometry":{"type":"Point","coordinates":[-117.36097,41.86736]}},{"type":"Feature","properties":{"acq_date":"2026-08-27","acq_time":1000,"confidence":"n","satellite":"N","instrument":"VIIRS","version":"2.0NRT","bright_ti4":343.32,"frp":9.72,"daynight":"N"},"geometry":{"type":"Point","coordinates":[-117.36557,41.86812]}},{"type":"Feature","properties":{"acq_date":"2026-08-27","acq_time":1000,"confidence":"n","satellite":"N","instrument":"VIIRS","version":"2.0NRT","bright_ti4":296.81,"frp":1.9,"daynight":"N"},"geometry":{"type":"Point","coordinates":[-117.34626,41.86835]}},{"type":"Feature","properties":{"acq_date":"2026-08-27","acq_time":1000,"confidence":"n","satellite":"N","instrument":"VIIRS","version":"2.0NRT","bright_ti4":336.08,"frp":9.72,"daynight":"N"},"geometry":{"type":"Point","coordinates":[-117.37016,41.86888]}},{"type":"Feature","properties":{"acq_date":"2026-08-27","acq_time":1000,"confidence":"n","satellite":"N","instrument":"VIIRS","version":"2.0NRT","bright_ti4":340.86,"frp":14.7,"daynight":"N"},"geometry":{"type":"Point","coordinates":[-117.35538,41.86986]}},{"type":"Feature","properties":{"acq_date":"2026-08-27","acq_time":1000,"confidence":"n","satellite":"N","instrument":"VIIRS","version":"2.0NRT","bright_ti4":309.7,"frp":14.7,"daynight":"N"},"geometry":{"type":"Point","coordinates":[-117.35997,41.87062]}},{"type":"Feature","properties":{"acq_date":"2026-08-27","acq_time":1000,"confidence":"n","satellite":"N","instrument":"VIIRS","version":"2.0NRT","bright_ti4":303.16,"frp":9.72,"daynight":"N"},"geometry":{"type":"Point","coordinates":[-117.36458,41.87138]}},{"type":"Feature","properties":{"acq_date":"2026-08-27","acq_time":1000,"confidence":"n","satellite":"N","instrument":"VIIRS","version":"2.0NRT","bright_ti4":298.33,"frp":1.31,"daynight":"N"},"geometry":{"type":"Point","coordinates":[-117.32617,41.87191]}},{"type":"Feature","properties":{"acq_date":"2026-08-27","acq_time":1000,"confidence":"n","satellite":"N","instrument":"VIIRS","version":"2.0NRT","bright_ti4":312.81,"frp":9.72,"daynight":"N"},"geometry":{"type":"Point","coordinates":[-117.36915,41.87214]}},{"type":"Feature","properties":{"acq_date":"2026-08-27","acq_time":1000,"confidence":"n","satellite":"N","instrument":"VIIRS","version":"2.0NRT","bright_ti4":319.01,"frp":2.86,"daynight":"N"},"geometry":{"type":"Point","coordinates":[-117.35441,41.87313]}},{"type":"Feature","properties":{"acq_date":"2026-08-27","acq_time":1000,"confidence":"n","satellite":"N","instrument":"VIIRS","version":"2.0NRT","bright_ti4":330.96,"frp":3.12,"daynight":"N"},"geometry":{"type":"Point","coordinates":[-117.39762,41.87341]}},{"type":"Feature","properties":{"acq_date":"2026-08-27","acq_time":1000,"confidence":"n","satellite":"N","instrument":"VIIRS","version":"2.0NRT","bright_ti4":321.83,"frp":4.25,"daynight":"N"},"geometry":{"type":"Point","coordinates":[-117.34433,41.8749]}},{"type":"Feature","properties":{"acq_date":"2026-08-27","acq_time":1000,"confidence":"n","satellite":"N","instrument":"VIIRS","version":"2.0NRT","bright_ti4":303.69,"frp":0.61,"daynight":"N"},"geometry":{"type":"Point","coordinates":[-117.3252,41.87518]}},{"type":"Feature","properties":{"acq_date":"2026-08-27","acq_time":1000,"confidence":"n","satellite":"N","instrument":"VIIRS","version":"2.0NRT","bright_ti4":297.86,"frp":0.61,"daynight":"N"},"geometry":{"type":"Point","coordinates":[-117.32973,41.87593]}},{"type":"Feature","properties":{"acq_date":"2026-08-27","acq_time":1000,"confidence":"n","satellite":"N","instrument":"VIIRS","version":"2.0NRT","bright_ti4":303.73,"frp":0.71,"daynight":"N"},"geometry":{"type":"Point","coordinates":[-117.33426,41.87667]}},{"type":"Feature","properties":{"acq_date":"2026-08-27","acq_time":1000,"confidence":"n","satellite":"N","instrument":"VIIRS","version":"2.0NRT","bright_ti4":303.27,"frp":0.71,"daynight":"N"},"geometry":{"type":"Point","coordinates":[-117.3388,41.87742]}},{"type":"Feature","properties":{"acq_date":"2026-08-27","acq_time":1000,"confidence":"n","satellite":"N","instrument":"VIIRS","version":"2.0NRT","bright_ti4":309.4,"frp":1.89,"daynight":"N"},"geometry":{"type":"Point","coordinates":[-117.34336,41.87817]}},{"type":"Feature","properties":{"acq_date":"2026-08-27","acq_time":1000,"confidence":"n","satellite":"N","instrument":"VIIRS","version":"2.0NRT","bright_ti4":302.97,"frp":0.61,"daynight":"N"},"geometry":{"type":"Point","coordinates":[-117.32421,41.87845]}},{"type":"Feature","properties":{"acq_date":"2026-08-27","acq_time":1000,"confidence":"n","satellite":"N","instrument":"VIIRS","version":"2.0NRT","bright_ti4":309.84,"frp":0.61,"daynight":"N"},"geometry":{"type":"Point","coordinates":[-117.32876,41.8792]}},{"type":"Feature","properties":{"acq_date":"2026-08-27","acq_time":1000,"confidence":"n","satellite":"N","instrument":"VIIRS","version":"2.0NRT","bright_ti4":301.11,"frp":0.71,"daynight":"N"},"geometry":{"type":"Point","coordinates":[-117.33329,41.87994]}},{"type":"Feature","properties":{"acq_date":"2026-08-27","acq_time":1000,"confidence":"n","satellite":"N","instrument":"VIIRS","version":"2.0NRT","bright_ti4":320.12,"frp":0.96,"daynight":"N"},"geometry":{"type":"Point","coordinates":[-117.3187,41.88097]}},{"type":"Feature","properties":{"acq_date":"2026-08-27","acq_time":1000,"confidence":"n","satellite":"N","instrument":"VIIRS","version":"2.0NRT","bright_ti4":335.8,"frp":1.37,"daynight":"N"},"geometry":{"type":"Point","coordinates":[-117.32325,41.88172]}},{"type":"Feature","properties":{"acq_date":"2026-08-27","acq_time":1000,"confidence":"n","satellite":"N","instrument":"VIIRS","version":"2.0NRT","bright_ti4":301.26,"frp":1.37,"daynight":"N"},"geometry":{"type":"Point","coordinates":[-117.32779,41.88247]}},{"type":"Feature","properties":{"acq_date":"2026-08-27","acq_time":1000,"confidence":"n","satellite":"N","instrument":"VIIRS","version":"2.0NRT","bright_ti4":303.24,"frp":0.96,"daynight":"N"},"geometry":{"type":"Point","coordinates":[-117.31772,41.88424]}},{"type":"Feature","properties":{"acq_date":"2026-08-27","acq_time":1000,"confidence":"n","satellite":"N","instrument":"VIIRS","version":"2.0NRT","bright_ti4":300.29,"frp":1.37,"daynight":"N"},"geometry":{"type":"Point","coordinates":[-117.3223,41.88499]}},{"type":"Feature","properties":{"acq_date":"2026-08-27","acq_time":1000,"confidence":"n","satellite":"N","instrument":"VIIRS","version":"2.0NRT","bright_ti4":300.53,"frp":1.37,"daynight":"N"},"geometry":{"type":"Point","coordinates":[-117.32683,41.88574]}},{"type":"Feature","properties":{"acq_date":"2026-08-27","acq_time":1000,"confidence":"n","satellite":"N","instrument":"VIIRS","version":"2.0NRT","bright_ti4":324.5,"frp":2.22,"daynight":"N"},"geometry":{"type":"Point","coordinates":[-117.38814,41.88899]}},{"type":"Feature","properties":{"acq_date":"2026-08-27","acq_time":1000,"confidence":"n","satellite":"N","instrument":"VIIRS","version":"2.0NRT","bright_ti4":341.12,"frp":13.07,"daynight":"N"},"geometry":{"type":"Point","coordinates":[-117.3111,41.89]}},{"type":"Feature","properties":{"acq_date":"2026-08-27","acq_time":1000,"confidence":"n","satellite":"N","instrument":"VIIRS","version":"2.0NRT","bright_ti4":308.93,"frp":1.09,"daynight":"N"},"geometry":{"type":"Point","coordinates":[-117.32033,41.89153]}},{"type":"Feature","properties":{"acq_date":"2026-08-27","acq_time":1000,"confidence":"n","satellite":"N","instrument":"VIIRS","version":"2.0NRT","bright_ti4":333.35,"frp":5.53,"daynight":"N"},"geometry":{"type":"Point","coordinates":[-117.3872,41.89227]}},{"type":"Feature","properties":{"acq_date":"2026-08-27","acq_time":1000,"confidence":"n","satellite":"N","instrument":"VIIRS","version":"2.0NRT","bright_ti4":329.42,"frp":5.53,"daynight":"N"},"geometry":{"type":"Point","coordinates":[-117.3918,41.89302]}},{"type":"Feature","properties":{"acq_date":"2026-08-27","acq_time":1000,"confidence":"n","satellite":"N","instrument":"VIIRS","version":"2.0NRT","bright_ti4":330.94,"frp":5.53,"daynight":"N"},"geometry":{"type":"Point","coordinates":[-117.38628,41.89554]}},{"type":"Feature","properties":{"acq_date":"2026-08-27","acq_time":1000,"confidence":"n","satellite":"N","instrument":"VIIRS","version":"2.0NRT","bright_ti4":314.37,"frp":5.53,"daynight":"N"},"geometry":{"type":"Point","coordinates":[-117.39087,41.8963]}},{"type":"Feature","properties":{"acq_date":"2026-08-27","acq_time":1000,"confidence":"n","satellite":"N","instrument":"VIIRS","version":"2.0NRT","bright_ti4":325.16,"frp":2.22,"daynight":"N"},"geometry":{"type":"Point","coordinates":[-117.38534,41.89882]}},{"type":"Feature","properties":{"acq_date":"2026-08-27","acq_time":1000,"confidence":"n","satellite":"N","instrument":"VIIRS","version":"2.0NRT","bright_ti4":303.4,"frp":2.22,"daynight":"N"},"geometry":{"type":"Point","coordinates":[-117.38992,41.89958]}},{"type":"Feature","properties":{"acq_date":"2026-08-27","acq_time":1000,"confidence":"n","satellite":"N","instrument":"VIIRS","version":"2.0NRT","bright_ti4":335.77,"frp":2.22,"daynight":"N"},"geometry":{"type":"Point","coordinates":[-117.38438,41.90209]}},{"type":"Feature","properties":{"acq_date":"2026-08-27","acq_time":1000,"confidence":"n","satellite":"N","instrument":"VIIRS","version":"2.0NRT","bright_ti4":328.48,"frp":3.13,"daynight":"N"},"geometry":{"type":"Point","coordinates":[-117.37782,41.90786]}},{"type":"Feature","properties":{"acq_date":"2026-08-27","acq_time":1000,"confidence":"n","satellite":"N","instrument":"VIIRS","version":"2.0NRT","bright_ti4":308.22,"frp":1.57,"daynight":"N"},"geometry":{"type":"Point","coordinates":[-117.37679,41.91113]}},{"type":"Feature","properties":{"acq_date":"2026-08-27","acq_time":1000,"confidence":"n","satellite":"N","instrument":"VIIRS","version":"2.0NRT","bright_ti4":306.16,"frp":2.63,"daynight":"N"},"geometry":{"type":"Point","coordinates":[-117.3702,41.9169]}},{"type":"Feature","properties":{"acq_date":"2026-08-27","acq_time":1000,"confidence":"n","satellite":"N","instrument":"VIIRS","version":"2.0NRT","bright_ti4":303.33,"frp":2.63,"daynight":"N"},"geometry":{"type":"Point","coordinates":[-117.37478,41.91766]}},{"type":"Feature","properties":{"acq_date":"2026-08-27","acq_time":1000,"confidence":"n","satellite":"N","instrument":"VIIRS","version":"2.0NRT","bright_ti4":333.52,"frp":2.63,"daynight":"N"},"geometry":{"type":"Point","coordinates":[-117.37381,41.92093]}},{"type":"Feature","properties":{"acq_date":"2026-08-27","acq_time":1000,"confidence":"n","satellite":"N","instrument":"VIIRS","version":"2.0NRT","bright_ti4":314.17,"frp":5.78,"daynight":"N"},"geometry":{"type":"Point","coordinates":[-117.36825,41.92345]}},{"type":"Feature","properties":{"acq_date":"2026-08-27","acq_time":1000,"confidence":"n","satellite":"N","instrument":"VIIRS","version":"2.0NRT","bright_ti4":337.46,"frp":5.78,"daynight":"N"},"geometry":{"type":"Point","coordinates":[-117.37283,41.9242]}},{"type":"Feature","properties":{"acq_date":"2026-08-27","acq_time":1000,"confidence":"n","satellite":"N","instrument":"VIIRS","version":"2.0NRT","bright_ti4":346.12,"frp":5.78,"daynight":"N"},"geometry":{"type":"Point","coordinates":[-117.36728,41.92672]}},{"type":"Feature","properties":{"acq_date":"2026-08-27","acq_time":1000,"confidence":"n","satellite":"N","instrument":"VIIRS","version":"2.0NRT","bright_ti4":341.94,"frp":5.78,"daynight":"N"},"geometry":{"type":"Point","coordinates":[-117.37186,41.92747]}},{"type":"Feature","properties":{"acq_date":"2026-08-27","acq_time":1000,"confidence":"n","satellite":"N","instrument":"VIIRS","version":"2.0NRT","bright_ti4":296.97,"frp":1.63,"daynight":"N"},"geometry":{"type":"Point","coordinates":[-117.36176,41.92924]}},{"type":"Feature","properties":{"acq_date":"2026-08-27","acq_time":1000,"confidence":"n","satellite":"N","instrument":"VIIRS","version":"2.0NRT","bright_ti4":339.14,"frp":6.15,"daynight":"N"},"geometry":{"type":"Point","coordinates":[-117.36633,41.92999]}},{"type":"Feature","properties":{"acq_date":"2026-08-27","acq_time":1000,"confidence":"n","satellite":"N","instrument":"VIIRS","version":"2.0NRT","bright_ti4":312.06,"frp":6.15,"daynight":"N"},"geometry":{"type":"Point","coordinates":[-117.3709,41.93074]}},{"type":"Feature","properties":{"acq_date":"2026-08-27","acq_time":1000,"confidence":"n","satellite":"N","instrument":"VIIRS","version":"2.0NRT","bright_ti4":309.19,"frp":1.63,"daynight":"N"},"geometry":{"type":"Point","coordinates":[-117.36082,41.93251]}},{"type":"Feature","properties":{"acq_date":"2026-08-27","acq_time":1000,"confidence":"n","satellite":"N","instrument":"VIIRS","version":"2.0NRT","bright_ti4":347.69,"frp":6.15,"daynight":"N"},"geometry":{"type":"Point","coordinates":[-117.36539,41.93326]}},{"type":"Feature","properties":{"acq_date":"2026-08-27","acq_time":1000,"confidence":"n","satellite":"N","instrument":"VIIRS","version":"2.0NRT","bright_ti4":296.99,"frp":2.26,"daynight":"N"},"geometry":{"type":"Point","coordinates":[-117.35986,41.93579]}},{"type":"Feature","properties":{"acq_date":"2026-08-27","acq_time":1000,"confidence":"n","satellite":"N","instrument":"VIIRS","version":"2.0NRT","bright_ti4":338.5,"frp":8.71,"daynight":"N"},"geometry":{"type":"Point","coordinates":[-117.36444,41.93654]}},{"type":"Feature","properties":{"acq_date":"2026-08-27","acq_time":1000,"confidence":"n","satellite":"N","instrument":"VIIRS","version":"2.0NRT","bright_ti4":298.64,"frp":0.61,"daynight":"N"},"geometry":{"type":"Point","coordinates":[-122.77626,42.38368]}},{"type":"Feature","properties":{"acq_date":"2026-08-27","acq_time":1000,"confidence":"n","satellite":"N","instrument":"VIIRS","version":"2.0NRT","bright_ti4":297.76,"frp":1.51,"daynight":"N"},"geometry":{"type":"Point","coordinates":[-121.67274,42.41826]}},{"type":"Feature","properties":{"acq_date":"2026-08-27","acq_time":1000,"confidence":"n","satellite":"N","instrument":"VIIRS","version":"2.0NRT","bright_ti4":298.57,"frp":1.75,"daynight":"N"},"geometry":{"type":"Point","coordinates":[-121.67229,42.42184]}},{"type":"Feature","properties":{"acq_date":"2026-08-27","acq_time":1000,"confidence":"n","satellite":"N","instrument":"VIIRS","version":"2.0NRT","bright_ti4":295.54,"frp":0.33,"daynight":"N"},"geometry":{"type":"Point","coordinates":[-114.02536,43.06935]}},{"type":"Feature","properties":{"acq_date":"2026-08-27","acq_time":1000,"confidence":"n","satellite":"N","instrument":"VIIRS","version":"2.0NRT","bright_ti4":295.07,"frp":0.33,"daynight":"N"},"geometry":{"type":"Point","coordinates":[-114.01888,43.07178]}},{"type":"Feature","properties":{"acq_date":"2026-08-27","acq_time":1000,"confidence":"n","satellite":"N","instrument":"VIIRS","version":"2.0NRT","bright_ti4":297.19,"frp":0.33,"daynight":"N"},"geometry":{"type":"Point","coordinates":[-114.02413,43.07279]}},{"type":"Feature","properties":{"acq_date":"2026-08-27","acq_time":1000,"confidence":"n","satellite":"N","instrument":"VIIRS","version":"2.0NRT","bright_ti4":298.21,"frp":0.68,"daynight":"N"},"geometry":{"type":"Point","coordinates":[-114.03465,43.07481]}},{"type":"Feature","properties":{"acq_date":"2026-08-27","acq_time":1000,"confidence":"n","satellite":"N","instrument":"VIIRS","version":"2.0NRT","bright_ti4":313.03,"frp":1.67,"daynight":"N"},"geometry":{"type":"Point","coordinates":[-114.04514,43.07682]}},{"type":"Feature","properties":{"acq_date":"2026-08-27","acq_time":1000,"confidence":"n","satellite":"N","instrument":"VIIRS","version":"2.0NRT","bright_ti4":299.35,"frp":0.51,"daynight":"N"},"geometry":{"type":"Point","coordinates":[-114.02818,43.07724]}},{"type":"Feature","properties":{"acq_date":"2026-08-27","acq_time":1000,"confidence":"n","satellite":"N","instrument":"VIIRS","version":"2.0NRT","bright_ti4":300.68,"frp":1.23,"daynight":"N"},"geometry":{"type":"Point","coordinates":[-114.05037,43.07782]}},{"type":"Feature","properties":{"acq_date":"2026-08-27","acq_time":1000,"confidence":"n","satellite":"N","instrument":"VIIRS","version":"2.0NRT","bright_ti4":296.26,"frp":0.51,"daynight":"N"},"geometry":{"type":"Point","coordinates":[-114.03343,43.07825]}},{"type":"Feature","properties":{"acq_date":"2026-08-27","acq_time":1000,"confidence":"n","satellite":"N","instrument":"VIIRS","version":"2.0NRT","bright_ti4":296.92,"frp":0.83,"daynight":"N"},"geometry":{"type":"Point","coordinates":[-114.03867,43.07925]}},{"type":"Feature","properties":{"acq_date":"2026-08-27","acq_time":1000,"confidence":"n","satellite":"N","instrument":"VIIRS","version":"2.0NRT","bright_ti4":302.66,"frp":0.83,"daynight":"N"},"geometry":{"type":"Point","coordinates":[-114.04391,43.08026]}},{"type":"Feature","properties":{"acq_date":"2026-08-27","acq_time":1000,"confidence":"n","satellite":"N","instrument":"VIIRS","version":"2.0NRT","bright_ti4":295.09,"frp":0.51,"daynight":"N"},"geometry":{"type":"Point","coordinates":[-114.02695,43.08068]}},{"type":"Feature","properties":{"acq_date":"2026-08-27","acq_time":1000,"confidence":"n","satellite":"N","instrument":"VIIRS","version":"2.0NRT","bright_ti4":297.32,"frp":0.51,"daynight":"N"},"geometry":{"type":"Point","coordinates":[-114.03221,43.08169]}},{"type":"Feature","properties":{"acq_date":"2026-08-27","acq_time":1000,"confidence":"n","satellite":"N","instrument":"VIIRS","version":"2.0NRT","bright_ti4":300.46,"frp":1.24,"daynight":"N"},"geometry":{"type":"Point","coordinates":[-114.05439,43.08226]}},{"type":"Feature","properties":{"acq_date":"2026-08-27","acq_time":1000,"confidence":"n","satellite":"N","instrument":"VIIRS","version":"2.0NRT","bright_ti4":316.86,"frp":1.48,"daynight":"N"},"geometry":{"type":"Point","coordinates":[-114.06487,43.08427]}},{"type":"Feature","properties":{"acq_date":"2026-08-27","acq_time":1000,"confidence":"n","satellite":"N","instrument":"VIIRS","version":"2.0NRT","bright_ti4":305.84,"frp":1.24,"daynight":"N"},"geometry":{"type":"Point","coordinates":[-114.04793,43.0847]}},{"type":"Feature","properties":{"acq_date":"2026-08-27","acq_time":1000,"confidence":"n","satellite":"N","instrument":"VIIRS","version":"2.0NRT","bright_ti4":318.41,"frp":1.24,"daynight":"N"},"geometry":{"type":"Point","coordinates":[-114.05317,43.0857]}},{"type":"Feature","properties":{"acq_date":"2026-08-27","acq_time":1000,"confidence":"n","satellite":"N","instrument":"VIIRS","version":"2.0NRT","bright_ti4":303.53,"frp":1.48,"daynight":"N"},"geometry":{"type":"Point","coordinates":[-114.05842,43.08671]}},{"type":"Feature","properties":{"acq_date":"2026-08-27","acq_time":1000,"confidence":"n","satellite":"N","instrument":"VIIRS","version":"2.0NRT","bright_ti4":296.98,"frp":0.8,"daynight":"N"},"geometry":{"type":"Point","coordinates":[-114.04147,43.08714]}},{"type":"Feature","properties":{"acq_date":"2026-08-27","acq_time":1000,"confidence":"n","satellite":"N","instrument":"VIIRS","version":"2.0NRT","bright_ti4":309.01,"frp":1.48,"daynight":"N"},"geometry":{"type":"Point","coordinates":[-114.06364,43.0877]}},{"type":"Feature","properties":{"acq_date":"2026-08-27","acq_time":1000,"confidence":"n","satellite":"N","instrument":"VIIRS","version":"2.0NRT","bright_ti4":301.04,"frp":0.61,"daynight":"N"},"geometry":{"type":"Point","coordinates":[-114.04671,43.08814]}},{"type":"Feature","properties":{"acq_date":"2026-08-27","acq_time":1000,"confidence":"n","satellite":"N","instrument":"VIIRS","version":"2.0NRT","bright_ti4":298.23,"frp":0.61,"daynight":"N"},"geometry":{"type":"Point","coordinates":[-114.05196,43.08914]}},{"type":"Feature","properties":{"acq_date":"2026-08-27","acq_time":1000,"confidence":"n","satellite":"N","instrument":"VIIRS","version":"2.0NRT","bright_ti4":307.25,"frp":1.51,"daynight":"N"},"geometry":{"type":"Point","coordinates":[-114.05719,43.09015]}},{"type":"Feature","properties":{"acq_date":"2026-08-27","acq_time":1000,"confidence":"n","satellite":"N","instrument":"VIIRS","version":"2.0NRT","bright_ti4":300.82,"frp":0.51,"daynight":"N"},"geometry":{"type":"Point","coordinates":[-114.06767,43.09214]}},{"type":"Feature","properties":{"acq_date":"2026-08-27","acq_time":1000,"confidence":"n","satellite":"N","instrument":"VIIRS","version":"2.0NRT","bright_ti4":298.92,"frp":0.51,"daynight":"N"},"geometry":{"type":"Point","coordinates":[-114.06645,43.09558]}},{"type":"Feature","properties":{"acq_date":"2026-08-27","acq_time":1000,"confidence":"n","satellite":"N","instrument":"VIIRS","version":"2.0NRT","bright_ti4":320.44,"frp":1.55,"daynight":"N"},"geometry":{"type":"Point","coordinates":[-113.85688,43.12484]}},{"type":"Feature","properties":{"acq_date":"2026-08-27","acq_time":1000,"confidence":"n","satellite":"N","instrument":"VIIRS","version":"2.0NRT","bright_ti4":306.23,"frp":1.55,"daynight":"N"},"geometry":{"type":"Point","coordinates":[-113.85566,43.1283]}},{"type":"Feature","properties":{"acq_date":"2026-08-27","acq_time":1000,"confidence":"n","satellite":"N","instrument":"VIIRS","version":"2.0NRT","bright_ti4":304.49,"frp":0.77,"daynight":"N"},"geometry":{"type":"Point","coordinates":[-113.85443,43.13176]}},{"type":"Feature","properties":{"acq_date":"2026-08-27","acq_time":1000,"confidence":"n","satellite":"N","instrument":"VIIRS","version":"2.0NRT","bright_ti4":304.58,"frp":0.77,"daynight":"N"},"geometry":{"type":"Point","coordinates":[-113.85321,43.13522]}},{"type":"Feature","properties":{"acq_date":"2026-08-27","acq_time":1000,"confidence":"n","satellite":"N","instrument":"VIIRS","version":"2.0NRT","bright_ti4":317.75,"frp":1.25,"daynight":"N"},"geometry":{"type":"Point","coordinates":[-113.85729,43.1397]}},{"type":"Feature","properties":{"acq_date":"2026-08-27","acq_time":1000,"confidence":"n","satellite":"N","instrument":"VIIRS","version":"2.0NRT","bright_ti4":304.56,"frp":1.25,"daynight":"N"},"geometry":{"type":"Point","coordinates":[-113.85608,43.14317]}},{"type":"Feature","properties":{"acq_date":"2026-08-27","acq_time":1000,"confidence":"n","satellite":"N","instrument":"VIIRS","version":"2.0NRT","bright_ti4":302.52,"frp":0.71,"daynight":"N"},"geometry":{"type":"Point","coordinates":[-114.00714,43.14655]}},{"type":"Feature","properties":{"acq_date":"2026-08-27","acq_time":1000,"confidence":"n","satellite":"N","instrument":"VIIRS","version":"2.0NRT","bright_ti4":309.2,"frp":1.25,"daynight":"N"},"geometry":{"type":"Point","coordinates":[-113.86016,43.14765]}},{"type":"Feature","properties":{"acq_date":"2026-08-27","acq_time":1000,"confidence":"n","satellite":"N","instrument":"VIIRS","version":"2.0NRT","bright_ti4":309.57,"frp":1.25,"daynight":"N"},"geometry":{"type":"Point","coordinates":[-113.85896,43.15111]}},{"type":"Feature","properties":{"acq_date":"2026-08-27","acq_time":1000,"confidence":"n","satellite":"N","instrument":"VIIRS","version":"2.0NRT","bright_ti4":309.13,"frp":0.67,"daynight":"N"},"geometry":{"type":"Point","coordinates":[-113.86301,43.15559]}},{"type":"Feature","properties":{"acq_date":"2026-08-27","acq_time":1000,"confidence":"n","satellite":"N","instrument":"VIIRS","version":"2.0NRT","bright_ti4":300.59,"frp":0.67,"daynight":"N"},"geometry":{"type":"Point","coordinates":[-113.86177,43.15905]}},{"type":"Feature","properties":{"acq_date":"2026-08-27","acq_time":1000,"confidence":"n","satellite":"N","instrument":"VIIRS","version":"2.0NRT","bright_ti4":315.45,"frp":1.74,"daynight":"N"},"geometry":{"type":"Point","coordinates":[-113.86581,43.16351]}},{"type":"Feature","properties":{"acq_date":"2026-08-27","acq_time":1000,"confidence":"n","satellite":"N","instrument":"VIIRS","version":"2.0NRT","bright_ti4":316.35,"frp":1.74,"daynight":"N"},"geometry":{"type":"Point","coordinates":[-113.86983,43.16798]}},{"type":"Feature","properties":{"acq_date":"2026-08-27","acq_time":1000,"confidence":"n","satellite":"N","instrument":"VIIRS","version":"2.0NRT","bright_ti4":313.99,"frp":0.98,"daynight":"N"},"geometry":{"type":"Point","coordinates":[-113.86859,43.17143]}},{"type":"Feature","properties":{"acq_date":"2026-08-27","acq_time":1000,"confidence":"n","satellite":"N","instrument":"VIIRS","version":"2.0NRT","bright_ti4":310.28,"frp":1.5,"daynight":"N"},"geometry":{"type":"Point","coordinates":[-113.87387,43.17245]}},{"type":"Feature","properties":{"acq_date":"2026-08-27","acq_time":1000,"confidence":"n","satellite":"N","instrument":"VIIRS","version":"2.0NRT","bright_ti4":322.83,"frp":1.5,"daynight":"N"},"geometry":{"type":"Point","coordinates":[-113.87263,43.1759]}},{"type":"Feature","properties":{"acq_date":"2026-08-27","acq_time":1000,"confidence":"n","satellite":"N","instrument":"VIIRS","version":"2.0NRT","bright_ti4":302.28,"frp":1.5,"daynight":"N"},"geometry":{"type":"Point","coordinates":[-113.87792,43.17691]}},{"type":"Feature","properties":{"acq_date":"2026-08-27","acq_time":1000,"confidence":"n","satellite":"N","instrument":"VIIRS","version":"2.0NRT","bright_ti4":304.39,"frp":2.18,"daynight":"N"},"geometry":{"type":"Point","coordinates":[-113.9844,43.17894]}},{"type":"Feature","properties":{"acq_date":"2026-08-27","acq_time":1000,"confidence":"n","satellite":"N","instrument":"VIIRS","version":"2.0NRT","bright_ti4":337.16,"frp":4.43,"daynight":"N"},"geometry":{"type":"Point","coordinates":[-113.87668,43.18037]}},{"type":"Feature","properties":{"acq_date":"2026-08-27","acq_time":1000,"confidence":"n","satellite":"N","instrument":"VIIRS","version":"2.0NRT","bright_ti4":328.73,"frp":2.18,"daynight":"N"},"geometry":{"type":"Point","coordinates":[-113.98317,43.18238]}},{"type":"Feature","properties":{"acq_date":"2026-08-27","acq_time":1000,"confidence":"n","satellite":"N","instrument":"VIIRS","version":"2.0NRT","bright_ti4":336.59,"frp":4.43,"daynight":"N"},"geometry":{"type":"Point","coordinates":[-113.87543,43.18382]}},{"type":"Feature","properties":{"acq_date":"2026-08-27","acq_time":1000,"confidence":"n","satellite":"N","instrument":"VIIRS","version":"2.0NRT","bright_ti4":310.16,"frp":2.01,"daynight":"N"},"geometry":{"type":"Point","coordinates":[-113.88071,43.18483]}},{"type":"Feature","properties":{"acq_date":"2026-08-27","acq_time":1000,"confidence":"n","satellite":"N","instrument":"VIIRS","version":"2.0NRT","bright_ti4":307.08,"frp":0.76,"daynight":"N"},"geometry":{"type":"Point","coordinates":[-113.98193,43.18582]}},{"type":"Feature","properties":{"acq_date":"2026-08-27","acq_time":1000,"confidence":"n","satellite":"N","instrument":"VIIRS","version":"2.0NRT","bright_ti4":300.41,"frp":0.76,"daynight":"N"},"geometry":{"type":"Point","coordinates":[-113.9872,43.18683]}},{"type":"Feature","properties":{"acq_date":"2026-08-27","acq_time":1000,"confidence":"n","satellite":"N","instrument":"VIIRS","version":"2.0NRT","bright_ti4":337.71,"frp":4.84,"daynight":"N"},"geometry":{"type":"Point","coordinates":[-113.87947,43.18828]}},{"type":"Feature","properties":{"acq_date":"2026-08-27","acq_time":1000,"confidence":"n","satellite":"N","instrument":"VIIRS","version":"2.0NRT","bright_ti4":343.93,"frp":4.84,"daynight":"N"},"geometry":{"type":"Point","coordinates":[-113.87823,43.19173]}},{"type":"Feature","properties":{"acq_date":"2026-08-27","acq_time":1000,"confidence":"n","satellite":"N","instrument":"VIIRS","version":"2.0NRT","bright_ti4":329.45,"frp":4.84,"daynight":"N"},"geometry":{"type":"Point","coordinates":[-113.88351,43.19275]}},{"type":"Feature","properties":{"acq_date":"2026-08-27","acq_time":1000,"confidence":"n","satellite":"N","instrument":"VIIRS","version":"2.0NRT","bright_ti4":307.55,"frp":0.73,"daynight":"N"},"geometry":{"type":"Point","coordinates":[-113.88226,43.1962]}},{"type":"Feature","properties":{"acq_date":"2026-08-27","acq_time":1002,"confidence":"n","satellite":"N","instrument":"VIIRS","version":"2.0NRT","bright_ti4":320.61,"frp":2.12,"daynight":"N"},"geometry":{"type":"Point","coordinates":[-118.52032,34.33552]}},{"type":"Feature","properties":{"acq_date":"2026-08-27","acq_time":1002,"confidence":"n","satellite":"N","instrument":"VIIRS","version":"2.0NRT","bright_ti4":311.86,"frp":1.38,"daynight":"N"},"geometry":{"type":"Point","coordinates":[-118.645,34.43073]}},{"type":"Feature","properties":{"acq_date":"2026-08-27","acq_time":1002,"confidence":"n","satellite":"N","instrument":"VIIRS","version":"2.0NRT","bright_ti4":301.83,"frp":0.36,"daynight":"N"},"geometry":{"type":"Point","coordinates":[-118.15439,34.56697]}},{"type":"Feature","properties":{"acq_date":"2026-08-27","acq_time":1002,"confidence":"n","satellite":"N","instrument":"VIIRS","version":"2.0NRT","bright_ti4":299.9,"frp":0.68,"daynight":"N"},"geometry":{"type":"Point","coordinates":[-118.36646,35.12211]}},{"type":"Feature","properties":{"acq_date":"2026-08-27","acq_time":1002,"confidence":"n","satellite":"N","instrument":"VIIRS","version":"2.0NRT","bright_ti4":304.68,"frp":0.55,"daynight":"N"},"geometry":{"type":"Point","coordinates":[-119.30399,35.81209]}},{"type":"Feature","properties":{"acq_date":"2026-08-27","acq_time":1002,"confidence":"n","satellite":"N","instrument":"VIIRS","version":"2.0NRT","bright_ti4":313.18,"frp":2.7,"daynight":"N"},"geometry":{"type":"Point","coordinates":[-121.409,35.90174]}},{"type":"Feature","properties":{"acq_date":"2026-08-27","acq_time":1002,"confidence":"n","satellite":"N","instrument":"VIIRS","version":"2.0NRT","bright_ti4":326.16,"frp":4.18,"daynight":"N"},"geometry":{"type":"Point","coordinates":[-121.41344,35.90239]}},{"type":"Feature","properties":{"acq_date":"2026-08-27","acq_time":1002,"confidence":"n","satellite":"N","instrument":"VIIRS","version":"2.0NRT","bright_ti4":332.69,"frp":4.18,"daynight":"N"},"geometry":{"type":"Point","coordinates":[-121.41788,35.90304]}},{"type":"Feature","properties":{"acq_date":"2026-08-27","acq_time":1002,"confidence":"n","satellite":"N","instrument":"VIIRS","version":"2.0NRT","bright_ti4":307.77,"frp":4.89,"daynight":"N"},"geometry":{"type":"Point","coordinates":[-121.39948,35.9038]}},{"type":"Feature","properties":{"acq_date":"2026-08-27","acq_time":1002,"confidence":"n","satellite":"N","instrument":"VIIRS","version":"2.0NRT","bright_ti4":346.88,"frp":13.56,"daynight":"N"},"geometry":{"type":"Point","coordinates":[-121.40391,35.90444]}},{"type":"Feature","properties":{"acq_date":"2026-08-27","acq_time":1002,"confidence":"n","satellite":"N","instrument":"VIIRS","version":"2.0NRT","bright_ti4":334.92,"frp":13.56,"daynight":"N"},"geometry":{"type":"Point","coordinates":[-121.40833,35.90509]}},{"type":"Feature","properties":{"acq_date":"2026-08-27","acq_time":1002,"confidence":"n","satellite":"N","instrument":"VIIRS","version":"2.0NRT","bright_ti4":322.29,"frp":9.45,"daynight":"N"},"geometry":{"type":"Point","coordinates":[-121.41273,35.90574]}},{"type":"Feature","properties":{"acq_date":"2026-08-27","acq_time":1002,"confidence":"n","satellite":"N","instrument":"VIIRS","version":"2.0NRT","bright_ti4":349.46,"frp":9.45,"daynight":"N"},"geometry":{"type":"Point","coordinates":[-121.41714,35.90637]}},{"type":"Feature","properties":{"acq_date":"2026-08-27","acq_time":1002,"confidence":"n","satellite":"N","instrument":"VIIRS","version":"2.0NRT","bright_ti4":310.42,"frp":3.05,"daynight":"N"},"geometry":{"type":"Point","coordinates":[-121.42148,35.90701]}},{"type":"Feature","properties":{"acq_date":"2026-08-27","acq_time":1002,"confidence":"n","satellite":"N","instrument":"VIIRS","version":"2.0NRT","bright_ti4":346.97,"frp":4.89,"daynight":"N"},"geometry":{"type":"Point","coordinates":[-121.39874,35.90713]}},{"type":"Feature","properties":{"acq_date":"2026-08-27","acq_time":1002,"confidence":"h","satellite":"N","instrument":"VIIRS","version":"2.0NRT","bright_ti4":367,"frp":13.56,"daynight":"N"},"geometry":{"type":"Point","coordinates":[-121.40317,35.90778]}},{"type":"Feature","properties":{"acq_date":"2026-08-27","acq_time":1002,"confidence":"n","satellite":"N","instrument":"VIIRS","version":"2.0NRT","bright_ti4":353.53,"frp":13.56,"daynight":"N"},"geometry":{"type":"Point","coordinates":[-121.40759,35.90842]}},{"type":"Feature","properties":{"acq_date":"2026-08-27","acq_time":1002,"confidence":"n","satellite":"N","instrument":"VIIRS","version":"2.0NRT","bright_ti4":346.72,"frp":9.45,"daynight":"N"},"geometry":{"type":"Point","coordinates":[-121.41196,35.90906]}},{"type":"Feature","properties":{"acq_date":"2026-08-27","acq_time":1002,"confidence":"n","satellite":"N","instrument":"VIIRS","version":"2.0NRT","bright_ti4":346.53,"frp":9.45,"daynight":"N"},"geometry":{"type":"Point","coordinates":[-121.41633,35.9097]}},{"type":"Feature","properties":{"acq_date":"2026-08-27","acq_time":1002,"confidence":"n","satellite":"N","instrument":"VIIRS","version":"2.0NRT","bright_ti4":346.27,"frp":6.87,"daynight":"N"},"geometry":{"type":"Point","coordinates":[-121.39798,35.91046]}},{"type":"Feature","properties":{"acq_date":"2026-08-27","acq_time":1002,"confidence":"n","satellite":"N","instrument":"VIIRS","version":"2.0NRT","bright_ti4":356.01,"frp":8.82,"daynight":"N"},"geometry":{"type":"Point","coordinates":[-121.40242,35.91111]}},{"type":"Feature","properties":{"acq_date":"2026-08-27","acq_time":1002,"confidence":"n","satellite":"N","instrument":"VIIRS","version":"2.0NRT","bright_ti4":351.71,"frp":8.82,"daynight":"N"},"geometry":{"type":"Point","coordinates":[-121.40681,35.91175]}},{"type":"Feature","properties":{"acq_date":"2026-08-27","acq_time":1002,"confidence":"n","satellite":"N","instrument":"VIIRS","version":"2.0NRT","bright_ti4":320.56,"frp":3.4,"daynight":"N"},"geometry":{"type":"Point","coordinates":[-121.41115,35.91239]}},{"type":"Feature","properties":{"acq_date":"2026-08-27","acq_time":1002,"confidence":"n","satellite":"N","instrument":"VIIRS","version":"2.0NRT","bright_ti4":341.13,"frp":6,"daynight":"N"},"geometry":{"type":"Point","coordinates":[-121.6877,36.21052]}},{"type":"Feature","properties":{"acq_date":"2026-08-27","acq_time":1002,"confidence":"n","satellite":"N","instrument":"VIIRS","version":"2.0NRT","bright_ti4":345.05,"frp":5.67,"daynight":"N"},"geometry":{"type":"Point","coordinates":[-121.64252,36.21093]}},{"type":"Feature","properties":{"acq_date":"2026-08-27","acq_time":1002,"confidence":"n","satellite":"N","instrument":"VIIRS","version":"2.0NRT","bright_ti4":348.21,"frp":9.39,"daynight":"N"},"geometry":{"type":"Point","coordinates":[-121.6922,36.21117]}},{"type":"Feature","properties":{"acq_date":"2026-08-27","acq_time":1002,"confidence":"n","satellite":"N","instrument":"VIIRS","version":"2.0NRT","bright_ti4":324,"frp":3.25,"daynight":"N"},"geometry":{"type":"Point","coordinates":[-121.64677,36.21154]}},{"type":"Feature","properties":{"acq_date":"2026-08-27","acq_time":1002,"confidence":"n","satellite":"N","instrument":"VIIRS","version":"2.0NRT","bright_ti4":306.11,"frp":6,"daynight":"N"},"geometry":{"type":"Point","coordinates":[-121.68692,36.21387]}},{"type":"Feature","properties":{"acq_date":"2026-08-27","acq_time":1002,"confidence":"n","satellite":"N","instrument":"VIIRS","version":"2.0NRT","bright_ti4":346.16,"frp":5.67,"daynight":"N"},"geometry":{"type":"Point","coordinates":[-121.64186,36.2143]}},{"type":"Feature","properties":{"acq_date":"2026-08-27","acq_time":1002,"confidence":"n","satellite":"N","instrument":"VIIRS","version":"2.0NRT","bright_ti4":355.86,"frp":9.39,"daynight":"N"},"geometry":{"type":"Point","coordinates":[-121.69142,36.21452]}},{"type":"Feature","properties":{"acq_date":"2026-08-27","acq_time":1002,"confidence":"n","satellite":"N","instrument":"VIIRS","version":"2.0NRT","bright_ti4":317.81,"frp":3.25,"daynight":"N"},"geometry":{"type":"Point","coordinates":[-121.64615,36.21492]}},{"type":"Feature","properties":{"acq_date":"2026-08-27","acq_time":1002,"confidence":"n","satellite":"N","instrument":"VIIRS","version":"2.0NRT","bright_ti4":305.5,"frp":9.39,"daynight":"N"},"geometry":{"type":"Point","coordinates":[-121.69594,36.21518]}},{"type":"Feature","properties":{"acq_date":"2026-08-27","acq_time":1002,"confidence":"n","satellite":"N","instrument":"VIIRS","version":"2.0NRT","bright_ti4":331.47,"frp":4.13,"daynight":"N"},"geometry":{"type":"Point","coordinates":[-121.63213,36.21634]}},{"type":"Feature","properties":{"acq_date":"2026-08-27","acq_time":1002,"confidence":"n","satellite":"N","instrument":"VIIRS","version":"2.0NRT","bright_ti4":327.67,"frp":2.38,"daynight":"N"},"geometry":{"type":"Point","coordinates":[-121.63664,36.217]}},{"type":"Feature","properties":{"acq_date":"2026-08-27","acq_time":1002,"confidence":"n","satellite":"N","instrument":"VIIRS","version":"2.0NRT","bright_ti4":323.51,"frp":2.38,"daynight":"N"},"geometry":{"type":"Point","coordinates":[-121.64109,36.21764]}},{"type":"Feature","properties":{"acq_date":"2026-08-27","acq_time":1002,"confidence":"n","satellite":"N","instrument":"VIIRS","version":"2.0NRT","bright_ti4":312.03,"frp":1.83,"daynight":"N"},"geometry":{"type":"Point","coordinates":[-121.64558,36.2183]}},{"type":"Feature","properties":{"acq_date":"2026-08-27","acq_time":1002,"confidence":"n","satellite":"N","instrument":"VIIRS","version":"2.0NRT","bright_ti4":306.37,"frp":1.51,"daynight":"N"},"geometry":{"type":"Point","coordinates":[-121.63212,36.22094]}},{"type":"Feature","properties":{"acq_date":"2026-08-27","acq_time":1002,"confidence":"n","satellite":"N","instrument":"VIIRS","version":"2.0NRT","bright_ti4":307.94,"frp":0.94,"daynight":"N"},"geometry":{"type":"Point","coordinates":[-121.62946,36.23438]}},{"type":"Feature","properties":{"acq_date":"2026-08-27","acq_time":1002,"confidence":"n","satellite":"N","instrument":"VIIRS","version":"2.0NRT","bright_ti4":307.96,"frp":0.83,"daynight":"N"},"geometry":{"type":"Point","coordinates":[-121.63391,36.23502]}},{"type":"Feature","properties":{"acq_date":"2026-08-27","acq_time":1002,"confidence":"n","satellite":"N","instrument":"VIIRS","version":"2.0NRT","bright_ti4":308.91,"frp":0.83,"daynight":"N"},"geometry":{"type":"Point","coordinates":[-121.63836,36.23565]}},{"type":"Feature","properties":{"acq_date":"2026-08-27","acq_time":1002,"confidence":"n","satellite":"N","instrument":"VIIRS","version":"2.0NRT","bright_ti4":306.86,"frp":0.83,"daynight":"N"},"geometry":{"type":"Point","coordinates":[-121.63768,36.23901]}},{"type":"Feature","properties":{"acq_date":"2026-08-27","acq_time":1002,"confidence":"n","satellite":"N","instrument":"VIIRS","version":"2.0NRT","bright_ti4":311.61,"frp":1.15,"daynight":"N"},"geometry":{"type":"Point","coordinates":[-121.6368,36.24235]}},{"type":"Feature","properties":{"acq_date":"2026-08-27","acq_time":1002,"confidence":"n","satellite":"N","instrument":"VIIRS","version":"2.0NRT","bright_ti4":324.79,"frp":2.32,"daynight":"N"},"geometry":{"type":"Point","coordinates":[-121.75115,36.24473]}},{"type":"Feature","properties":{"acq_date":"2026-08-27","acq_time":1002,"confidence":"n","satellite":"N","instrument":"VIIRS","version":"2.0NRT","bright_ti4":317.84,"frp":1.15,"daynight":"N"},"geometry":{"type":"Point","coordinates":[-121.63136,36.24504]}},{"type":"Feature","properties":{"acq_date":"2026-08-27","acq_time":1002,"confidence":"n","satellite":"N","instrument":"VIIRS","version":"2.0NRT","bright_ti4":332.23,"frp":2.32,"daynight":"N"},"geometry":{"type":"Point","coordinates":[-121.75583,36.24539]}},{"type":"Feature","properties":{"acq_date":"2026-08-27","acq_time":1002,"confidence":"n","satellite":"N","instrument":"VIIRS","version":"2.0NRT","bright_ti4":306.14,"frp":1.15,"daynight":"N"},"geometry":{"type":"Point","coordinates":[-121.6359,36.24568]}},{"type":"Feature","properties":{"acq_date":"2026-08-27","acq_time":1002,"confidence":"n","satellite":"N","instrument":"VIIRS","version":"2.0NRT","bright_ti4":312.93,"frp":2.32,"daynight":"N"},"geometry":{"type":"Point","coordinates":[-121.75049,36.24811]}},{"type":"Feature","properties":{"acq_date":"2026-08-27","acq_time":1002,"confidence":"n","satellite":"N","instrument":"VIIRS","version":"2.0NRT","bright_ti4":305.64,"frp":1.05,"daynight":"N"},"geometry":{"type":"Point","coordinates":[-121.63039,36.24836]}},{"type":"Feature","properties":{"acq_date":"2026-08-27","acq_time":1002,"confidence":"n","satellite":"N","instrument":"VIIRS","version":"2.0NRT","bright_ti4":317.48,"frp":2.32,"daynight":"N"},"geometry":{"type":"Point","coordinates":[-121.75509,36.24875]}},{"type":"Feature","properties":{"acq_date":"2026-08-27","acq_time":1002,"confidence":"n","satellite":"N","instrument":"VIIRS","version":"2.0NRT","bright_ti4":309.02,"frp":1.05,"daynight":"N"},"geometry":{"type":"Point","coordinates":[-121.62941,36.25169]}},{"type":"Feature","properties":{"acq_date":"2026-08-27","acq_time":1002,"confidence":"n","satellite":"N","instrument":"VIIRS","version":"2.0NRT","bright_ti4":312.23,"frp":0.69,"daynight":"N"},"geometry":{"type":"Point","coordinates":[-121.62847,36.25501]}},{"type":"Feature","properties":{"acq_date":"2026-08-27","acq_time":1002,"confidence":"n","satellite":"N","instrument":"VIIRS","version":"2.0NRT","bright_ti4":315.54,"frp":3,"daynight":"N"},"geometry":{"type":"Point","coordinates":[-121.66934,36.26084]}},{"type":"Feature","properties":{"acq_date":"2026-08-27","acq_time":1002,"confidence":"n","satellite":"N","instrument":"VIIRS","version":"2.0NRT","bright_ti4":310.11,"frp":1.28,"daynight":"N"},"geometry":{"type":"Point","coordinates":[-121.65933,36.26288]}},{"type":"Feature","properties":{"acq_date":"2026-08-27","acq_time":1002,"confidence":"n","satellite":"N","instrument":"VIIRS","version":"2.0NRT","bright_ti4":335.98,"frp":3,"daynight":"N"},"geometry":{"type":"Point","coordinates":[-121.66843,36.26417]}},{"type":"Feature","properties":{"acq_date":"2026-08-27","acq_time":1002,"confidence":"n","satellite":"N","instrument":"VIIRS","version":"2.0NRT","bright_ti4":323.63,"frp":3.23,"daynight":"N"},"geometry":{"type":"Point","coordinates":[-121.67285,36.26481]}},{"type":"Feature","properties":{"acq_date":"2026-08-27","acq_time":1002,"confidence":"n","satellite":"N","instrument":"VIIRS","version":"2.0NRT","bright_ti4":330.81,"frp":3.32,"daynight":"N"},"geometry":{"type":"Point","coordinates":[-121.65842,36.26621]}},{"type":"Feature","properties":{"acq_date":"2026-08-27","acq_time":1002,"confidence":"n","satellite":"N","instrument":"VIIRS","version":"2.0NRT","bright_ti4":308.79,"frp":2.04,"daynight":"N"},"geometry":{"type":"Point","coordinates":[-121.663,36.26686]}},{"type":"Feature","properties":{"acq_date":"2026-08-27","acq_time":1002,"confidence":"n","satellite":"N","instrument":"VIIRS","version":"2.0NRT","bright_ti4":333.64,"frp":4.89,"daynight":"N"},"geometry":{"type":"Point","coordinates":[-121.74614,36.2683]}},{"type":"Feature","properties":{"acq_date":"2026-08-27","acq_time":1002,"confidence":"n","satellite":"N","instrument":"VIIRS","version":"2.0NRT","bright_ti4":321.87,"frp":4.89,"daynight":"N"},"geometry":{"type":"Point","coordinates":[-121.75044,36.26892]}},{"type":"Feature","properties":{"acq_date":"2026-08-27","acq_time":1002,"confidence":"n","satellite":"N","instrument":"VIIRS","version":"2.0NRT","bright_ti4":346.73,"frp":21.82,"daynight":"N"},"geometry":{"type":"Point","coordinates":[-121.75473,36.26953]}},{"type":"Feature","properties":{"acq_date":"2026-08-27","acq_time":1002,"confidence":"n","satellite":"N","instrument":"VIIRS","version":"2.0NRT","bright_ti4":312.32,"frp":5.51,"daynight":"N"},"geometry":{"type":"Point","coordinates":[-121.74525,36.27165]}},{"type":"Feature","properties":{"acq_date":"2026-08-27","acq_time":1002,"confidence":"n","satellite":"N","instrument":"VIIRS","version":"2.0NRT","bright_ti4":350,"frp":5.51,"daynight":"N"},"geometry":{"type":"Point","coordinates":[-121.74964,36.27227]}},{"type":"Feature","properties":{"acq_date":"2026-08-27","acq_time":1002,"confidence":"n","satellite":"N","instrument":"VIIRS","version":"2.0NRT","bright_ti4":344.49,"frp":14.99,"daynight":"N"},"geometry":{"type":"Point","coordinates":[-121.75401,36.2729]}},{"type":"Feature","properties":{"acq_date":"2026-08-27","acq_time":1002,"confidence":"n","satellite":"N","instrument":"VIIRS","version":"2.0NRT","bright_ti4":308.06,"frp":5.51,"daynight":"N"},"geometry":{"type":"Point","coordinates":[-121.74431,36.27499]}},{"type":"Feature","properties":{"acq_date":"2026-08-27","acq_time":1002,"confidence":"n","satellite":"N","instrument":"VIIRS","version":"2.0NRT","bright_ti4":326.94,"frp":5.51,"daynight":"N"},"geometry":{"type":"Point","coordinates":[-121.74873,36.27561]}},{"type":"Feature","properties":{"acq_date":"2026-08-27","acq_time":1002,"confidence":"h","satellite":"N","instrument":"VIIRS","version":"2.0NRT","bright_ti4":367,"frp":14.99,"daynight":"N"},"geometry":{"type":"Point","coordinates":[-121.75317,36.27625]}},{"type":"Feature","properties":{"acq_date":"2026-08-27","acq_time":1002,"confidence":"n","satellite":"N","instrument":"VIIRS","version":"2.0NRT","bright_ti4":315.19,"frp":14.99,"daynight":"N"},"geometry":{"type":"Point","coordinates":[-121.75755,36.27687]}},{"type":"Feature","properties":{"acq_date":"2026-08-27","acq_time":1002,"confidence":"n","satellite":"N","instrument":"VIIRS","version":"2.0NRT","bright_ti4":334.71,"frp":2.62,"daynight":"N"},"geometry":{"type":"Point","coordinates":[-121.74776,36.27895]}},{"type":"Feature","properties":{"acq_date":"2026-08-27","acq_time":1002,"confidence":"n","satellite":"N","instrument":"VIIRS","version":"2.0NRT","bright_ti4":351.63,"frp":9.68,"daynight":"N"},"geometry":{"type":"Point","coordinates":[-121.75229,36.27959]}},{"type":"Feature","properties":{"acq_date":"2026-08-27","acq_time":1002,"confidence":"n","satellite":"N","instrument":"VIIRS","version":"2.0NRT","bright_ti4":332.83,"frp":9.68,"daynight":"N"},"geometry":{"type":"Point","coordinates":[-121.75674,36.28022]}},{"type":"Feature","properties":{"acq_date":"2026-08-27","acq_time":1002,"confidence":"n","satellite":"N","instrument":"VIIRS","version":"2.0NRT","bright_ti4":309.05,"frp":2.62,"daynight":"N"},"geometry":{"type":"Point","coordinates":[-121.74678,36.28228]}},{"type":"Feature","properties":{"acq_date":"2026-08-27","acq_time":1002,"confidence":"n","satellite":"N","instrument":"VIIRS","version":"2.0NRT","bright_ti4":336.71,"frp":9.68,"daynight":"N"},"geometry":{"type":"Point","coordinates":[-121.75132,36.28292]}},{"type":"Feature","properties":{"acq_date":"2026-08-27","acq_time":1002,"confidence":"n","satellite":"N","instrument":"VIIRS","version":"2.0NRT","bright_ti4":332.92,"frp":9.68,"daynight":"N"},"geometry":{"type":"Point","coordinates":[-121.75581,36.28356]}},{"type":"Feature","properties":{"acq_date":"2026-08-27","acq_time":1002,"confidence":"n","satellite":"N","instrument":"VIIRS","version":"2.0NRT","bright_ti4":352.21,"frp":6.33,"daynight":"N"},"geometry":{"type":"Point","coordinates":[-121.75034,36.28625]}},{"type":"Feature","properties":{"acq_date":"2026-08-27","acq_time":1002,"confidence":"n","satellite":"N","instrument":"VIIRS","version":"2.0NRT","bright_ti4":330.29,"frp":6.33,"daynight":"N"},"geometry":{"type":"Point","coordinates":[-121.7549,36.2869]}},{"type":"Feature","properties":{"acq_date":"2026-08-27","acq_time":1002,"confidence":"n","satellite":"N","instrument":"VIIRS","version":"2.0NRT","bright_ti4":307.1,"frp":1.14,"daynight":"N"},"geometry":{"type":"Point","coordinates":[-121.68937,36.29142]}},{"type":"Feature","properties":{"acq_date":"2026-08-27","acq_time":1002,"confidence":"n","satellite":"N","instrument":"VIIRS","version":"2.0NRT","bright_ti4":316.33,"frp":3.58,"daynight":"N"},"geometry":{"type":"Point","coordinates":[-121.69378,36.29205]}},{"type":"Feature","properties":{"acq_date":"2026-08-27","acq_time":1002,"confidence":"n","satellite":"N","instrument":"VIIRS","version":"2.0NRT","bright_ti4":319.22,"frp":2.06,"daynight":"N"},"geometry":{"type":"Point","coordinates":[-121.72127,36.29251]}},{"type":"Feature","properties":{"acq_date":"2026-08-27","acq_time":1002,"confidence":"n","satellite":"N","instrument":"VIIRS","version":"2.0NRT","bright_ti4":312.38,"frp":2.06,"daynight":"N"},"geometry":{"type":"Point","coordinates":[-121.72566,36.29314]}},{"type":"Feature","properties":{"acq_date":"2026-08-27","acq_time":1002,"confidence":"n","satellite":"N","instrument":"VIIRS","version":"2.0NRT","bright_ti4":306,"frp":1.72,"daynight":"N"},"geometry":{"type":"Point","coordinates":[-121.72998,36.29375]}},{"type":"Feature","properties":{"acq_date":"2026-08-27","acq_time":1002,"confidence":"n","satellite":"N","instrument":"VIIRS","version":"2.0NRT","bright_ti4":316.51,"frp":3.13,"daynight":"N"},"geometry":{"type":"Point","coordinates":[-121.71562,36.29517]}},{"type":"Feature","properties":{"acq_date":"2026-08-27","acq_time":1002,"confidence":"n","satellite":"N","instrument":"VIIRS","version":"2.0NRT","bright_ti4":338.73,"frp":3.58,"daynight":"N"},"geometry":{"type":"Point","coordinates":[-121.69317,36.29542]}},{"type":"Feature","properties":{"acq_date":"2026-08-27","acq_time":1002,"confidence":"n","satellite":"N","instrument":"VIIRS","version":"2.0NRT","bright_ti4":328.74,"frp":3.26,"daynight":"N"},"geometry":{"type":"Point","coordinates":[-121.72471,36.29647]}},{"type":"Feature","properties":{"acq_date":"2026-08-27","acq_time":1002,"confidence":"n","satellite":"N","instrument":"VIIRS","version":"2.0NRT","bright_ti4":349.02,"frp":3.13,"daynight":"N"},"geometry":{"type":"Point","coordinates":[-121.71026,36.29787]}},{"type":"Feature","properties":{"acq_date":"2026-08-27","acq_time":1002,"confidence":"n","satellite":"N","instrument":"VIIRS","version":"2.0NRT","bright_ti4":307.23,"frp":3.13,"daynight":"N"},"geometry":{"type":"Point","coordinates":[-121.71475,36.29851]}},{"type":"Feature","properties":{"acq_date":"2026-08-27","acq_time":1002,"confidence":"n","satellite":"N","instrument":"VIIRS","version":"2.0NRT","bright_ti4":299.86,"frp":0.42,"daynight":"N"},"geometry":{"type":"Point","coordinates":[-121.40754,36.53385]}},{"type":"Feature","properties":{"acq_date":"2026-08-27","acq_time":1002,"confidence":"n","satellite":"N","instrument":"VIIRS","version":"2.0NRT","bright_ti4":301.12,"frp":0.31,"daynight":"N"},"geometry":{"type":"Point","coordinates":[-121.76913,36.71452]}},{"type":"Feature","properties":{"acq_date":"2026-08-27","acq_time":1002,"confidence":"n","satellite":"N","instrument":"VIIRS","version":"2.0NRT","bright_ti4":303.29,"frp":1.06,"daynight":"N"},"geometry":{"type":"Point","coordinates":[-119.8493,36.77388]}},{"type":"Feature","properties":{"acq_date":"2026-08-27","acq_time":1002,"confidence":"n","satellite":"N","instrument":"VIIRS","version":"2.0NRT","bright_ti4":318.63,"frp":1.06,"daynight":"N"},"geometry":{"type":"Point","coordinates":[-119.84851,36.77717]}},{"type":"Feature","properties":{"acq_date":"2026-08-27","acq_time":1002,"confidence":"n","satellite":"N","instrument":"VIIRS","version":"2.0NRT","bright_ti4":306.31,"frp":0.61,"daynight":"N"},"geometry":{"type":"Point","coordinates":[-120.1961,37.02467]}},{"type":"Feature","properties":{"acq_date":"2026-08-27","acq_time":1002,"confidence":"n","satellite":"N","instrument":"VIIRS","version":"2.0NRT","bright_ti4":315.43,"frp":0.55,"daynight":"N"},"geometry":{"type":"Point","coordinates":[-120.13278,37.02857]}},{"type":"Feature","properties":{"acq_date":"2026-08-27","acq_time":1002,"confidence":"n","satellite":"N","instrument":"VIIRS","version":"2.0NRT","bright_ti4":308.82,"frp":0.58,"daynight":"N"},"geometry":{"type":"Point","coordinates":[-120.1304,37.03845]}},{"type":"Feature","properties":{"acq_date":"2026-08-27","acq_time":1002,"confidence":"n","satellite":"N","instrument":"VIIRS","version":"2.0NRT","bright_ti4":303.64,"frp":0.52,"daynight":"N"},"geometry":{"type":"Point","coordinates":[-121.68012,37.18351]}},{"type":"Feature","properties":{"acq_date":"2026-08-27","acq_time":1002,"confidence":"n","satellite":"N","instrument":"VIIRS","version":"2.0NRT","bright_ti4":315.05,"frp":0.87,"daynight":"N"},"geometry":{"type":"Point","coordinates":[-121.93224,37.45504]}},{"type":"Feature","properties":{"acq_date":"2026-08-27","acq_time":1002,"confidence":"n","satellite":"N","instrument":"VIIRS","version":"2.0NRT","bright_ti4":315.53,"frp":0.95,"daynight":"N"},"geometry":{"type":"Point","coordinates":[-121.18537,37.88411]}},{"type":"Feature","properties":{"acq_date":"2026-08-27","acq_time":1002,"confidence":"n","satellite":"N","instrument":"VIIRS","version":"2.0NRT","bright_ti4":300.16,"frp":0.82,"daynight":"N"},"geometry":{"type":"Point","coordinates":[-122.39274,37.94394]}},{"type":"Feature","properties":{"acq_date":"2026-08-27","acq_time":1002,"confidence":"n","satellite":"N","instrument":"VIIRS","version":"2.0NRT","bright_ti4":298.83,"frp":1.32,"daynight":"N"},"geometry":{"type":"Point","coordinates":[-122.39752,37.94457]}},{"type":"Feature","properties":{"acq_date":"2026-08-27","acq_time":1002,"confidence":"n","satellite":"N","instrument":"VIIRS","version":"2.0NRT","bright_ti4":301.5,"frp":1.1,"daynight":"N"},"geometry":{"type":"Point","coordinates":[-122.39584,37.94474]}},{"type":"Feature","properties":{"acq_date":"2026-08-27","acq_time":1002,"confidence":"n","satellite":"N","instrument":"VIIRS","version":"2.0NRT","bright_ti4":304.64,"frp":0.57,"daynight":"N"},"geometry":{"type":"Point","coordinates":[-122.60188,37.95015]}},{"type":"Feature","properties":{"acq_date":"2026-08-27","acq_time":1002,"confidence":"n","satellite":"N","instrument":"VIIRS","version":"2.0NRT","bright_ti4":301.51,"frp":0.42,"daynight":"N"},"geometry":{"type":"Point","coordinates":[-121.93697,38.00285]}},{"type":"Feature","properties":{"acq_date":"2026-08-27","acq_time":1002,"confidence":"n","satellite":"N","instrument":"VIIRS","version":"2.0NRT","bright_ti4":308.73,"frp":1.8,"daynight":"N"},"geometry":{"type":"Point","coordinates":[-122.11327,38.01397]}},{"type":"Feature","properties":{"acq_date":"2026-08-27","acq_time":1002,"confidence":"n","satellite":"N","instrument":"VIIRS","version":"2.0NRT","bright_ti4":305.21,"frp":1.04,"daynight":"N"},"geometry":{"type":"Point","coordinates":[-122.11085,38.01545]}},{"type":"Feature","properties":{"acq_date":"2026-08-27","acq_time":1002,"confidence":"n","satellite":"N","instrument":"VIIRS","version":"2.0NRT","bright_ti4":304.57,"frp":1.04,"daynight":"N"},"geometry":{"type":"Point","coordinates":[-122.11562,38.01608]}},{"type":"Feature","properties":{"acq_date":"2026-08-27","acq_time":1002,"confidence":"n","satellite":"N","instrument":"VIIRS","version":"2.0NRT","bright_ti4":305.21,"frp":0.66,"daynight":"N"},"geometry":{"type":"Point","coordinates":[-122.09761,38.03142]}},{"type":"Feature","properties":{"acq_date":"2026-08-27","acq_time":1002,"confidence":"n","satellite":"N","instrument":"VIIRS","version":"2.0NRT","bright_ti4":315.8,"frp":1.5,"daynight":"N"},"geometry":{"type":"Point","coordinates":[-122.22681,38.07347]}},{"type":"Feature","properties":{"acq_date":"2026-08-27","acq_time":1002,"confidence":"n","satellite":"N","instrument":"VIIRS","version":"2.0NRT","bright_ti4":318.23,"frp":1.5,"daynight":"N"},"geometry":{"type":"Point","coordinates":[-122.23167,38.07412]}},{"type":"Feature","properties":{"acq_date":"2026-08-27","acq_time":1002,"confidence":"n","satellite":"N","instrument":"VIIRS","version":"2.0NRT","bright_ti4":299.08,"frp":0.71,"daynight":"N"},"geometry":{"type":"Point","coordinates":[-122.74998,38.30004]}},{"type":"Feature","properties":{"acq_date":"2026-08-27","acq_time":1002,"confidence":"n","satellite":"N","instrument":"VIIRS","version":"2.0NRT","bright_ti4":328.56,"frp":4.2,"daynight":"N"},"geometry":{"type":"Point","coordinates":[-113.97803,38.52454]}},{"type":"Feature","properties":{"acq_date":"2026-08-27","acq_time":1002,"confidence":"n","satellite":"N","instrument":"VIIRS","version":"2.0NRT","bright_ti4":299.34,"frp":0.32,"daynight":"N"},"geometry":{"type":"Point","coordinates":[-119.6203,39.49279]}},{"type":"Feature","properties":{"acq_date":"2026-08-27","acq_time":1002,"confidence":"n","satellite":"N","instrument":"VIIRS","version":"2.0NRT","bright_ti4":306.03,"frp":1.41,"daynight":"N"},"geometry":{"type":"Point","coordinates":[-119.26442,39.62145]}},{"type":"Feature","properties":{"acq_date":"2026-08-27","acq_time":1002,"confidence":"n","satellite":"N","instrument":"VIIRS","version":"2.0NRT","bright_ti4":297.74,"frp":0.42,"daynight":"N"},"geometry":{"type":"Point","coordinates":[-117.72945,39.72471]}},{"type":"Feature","properties":{"acq_date":"2026-08-27","acq_time":1002,"confidence":"n","satellite":"N","instrument":"VIIRS","version":"2.0NRT","bright_ti4":331.45,"frp":2.23,"daynight":"N"},"geometry":{"type":"Point","coordinates":[-117.6473,39.75485]}},{"type":"Feature","properties":{"acq_date":"2026-08-27","acq_time":1002,"confidence":"n","satellite":"N","instrument":"VIIRS","version":"2.0NRT","bright_ti4":314.68,"frp":2.14,"daynight":"N"},"geometry":{"type":"Point","coordinates":[-117.65181,39.75562]}},{"type":"Feature","properties":{"acq_date":"2026-08-27","acq_time":1002,"confidence":"n","satellite":"N","instrument":"VIIRS","version":"2.0NRT","bright_ti4":298.84,"frp":0.8,"daynight":"N"},"geometry":{"type":"Point","coordinates":[-117.65984,39.76042]}},{"type":"Feature","properties":{"acq_date":"2026-08-27","acq_time":1943,"confidence":"n","satellite":"N","instrument":"VIIRS","version":"2.0URT","bright_ti4":334.22,"frp":15.26,"daynight":"D"},"geometry":{"type":"Point","coordinates":[-117.39465,41.88798]}},{"type":"Feature","properties":{"acq_date":"2026-08-27","acq_time":1945,"confidence":"n","satellite":"N","instrument":"VIIRS","version":"2.0NRT","bright_ti4":333.48,"frp":13.7,"daynight":"D"},"geometry":{"type":"Point","coordinates":[-117.7216,39.72134]}},{"type":"Feature","properties":{"acq_date":"2026-08-27","acq_time":1945,"confidence":"n","satellite":"N","instrument":"VIIRS","version":"2.0NRT","bright_ti4":342.8,"frp":16.46,"daynight":"D"},"geometry":{"type":"Point","coordinates":[-117.7744,41.53117]}},{"type":"Feature","properties":{"acq_date":"2026-08-27","acq_time":1945,"confidence":"n","satellite":"N","instrument":"VIIRS","version":"2.0NRT","bright_ti4":343.89,"frp":12.82,"daynight":"D"},"geometry":{"type":"Point","coordinates":[-117.7735,41.53187]}},{"type":"Feature","properties":{"acq_date":"2026-08-27","acq_time":1945,"confidence":"h","satellite":"N","instrument":"VIIRS","version":"2.0NRT","bright_ti4":367,"frp":105.41,"daynight":"D"},"geometry":{"type":"Point","coordinates":[-117.69383,41.54333]}},{"type":"Feature","properties":{"acq_date":"2026-08-27","acq_time":1945,"confidence":"h","satellite":"N","instrument":"VIIRS","version":"2.0NRT","bright_ti4":367,"frp":62.49,"daynight":"D"},"geometry":{"type":"Point","coordinates":[-117.69209,41.54384]}},{"type":"Feature","properties":{"acq_date":"2026-08-27","acq_time":1945,"confidence":"n","satellite":"N","instrument":"VIIRS","version":"2.0NRT","bright_ti4":346.85,"frp":35.98,"daynight":"D"},"geometry":{"type":"Point","coordinates":[-117.68457,41.54649]}},{"type":"Feature","properties":{"acq_date":"2026-08-27","acq_time":1945,"confidence":"n","satellite":"N","instrument":"VIIRS","version":"2.0NRT","bright_ti4":347.64,"frp":62.49,"daynight":"D"},"geometry":{"type":"Point","coordinates":[-117.6834,41.54676]}},{"type":"Feature","properties":{"acq_date":"2026-08-27","acq_time":1945,"confidence":"n","satellite":"N","instrument":"VIIRS","version":"2.0NRT","bright_ti4":352.01,"frp":105.41,"daynight":"D"},"geometry":{"type":"Point","coordinates":[-117.69867,41.54934]}},{"type":"Feature","properties":{"acq_date":"2026-08-27","acq_time":1945,"confidence":"n","satellite":"N","instrument":"VIIRS","version":"2.0NRT","bright_ti4":352.66,"frp":20.48,"daynight":"D"},"geometry":{"type":"Point","coordinates":[-117.69707,41.54981]}},{"type":"Feature","properties":{"acq_date":"2026-08-27","acq_time":1945,"confidence":"n","satellite":"N","instrument":"VIIRS","version":"2.0NRT","bright_ti4":344.06,"frp":15.29,"daynight":"D"},"geometry":{"type":"Point","coordinates":[-117.67278,41.55032]}},{"type":"Feature","properties":{"acq_date":"2026-08-27","acq_time":1945,"confidence":"n","satellite":"N","instrument":"VIIRS","version":"2.0NRT","bright_ti4":344.14,"frp":35.98,"daynight":"D"},"geometry":{"type":"Point","coordinates":[-117.68831,41.55287]}},{"type":"Feature","properties":{"acq_date":"2026-08-27","acq_time":1945,"confidence":"n","satellite":"N","instrument":"VIIRS","version":"2.0NRT","bright_ti4":346.75,"frp":20.48,"daynight":"D"},"geometry":{"type":"Point","coordinates":[-117.68681,41.55324]}},{"type":"Feature","properties":{"acq_date":"2026-08-27","acq_time":1945,"confidence":"n","satellite":"N","instrument":"VIIRS","version":"2.0NRT","bright_ti4":354.87,"frp":33.64,"daynight":"D"},"geometry":{"type":"Point","coordinates":[-117.71248,41.58289]}},{"type":"Feature","properties":{"acq_date":"2026-08-27","acq_time":1945,"confidence":"n","satellite":"N","instrument":"VIIRS","version":"2.0NRT","bright_ti4":356.25,"frp":52.49,"daynight":"D"},"geometry":{"type":"Point","coordinates":[-117.71106,41.58327]}},{"type":"Feature","properties":{"acq_date":"2026-08-27","acq_time":1945,"confidence":"n","satellite":"N","instrument":"VIIRS","version":"2.0NRT","bright_ti4":346.33,"frp":33.64,"daynight":"D"},"geometry":{"type":"Point","coordinates":[-117.72966,41.58471]}},{"type":"Feature","properties":{"acq_date":"2026-08-27","acq_time":1945,"confidence":"h","satellite":"N","instrument":"VIIRS","version":"2.0NRT","bright_ti4":367,"frp":87.44,"daynight":"D"},"geometry":{"type":"Point","coordinates":[-117.70304,41.58609]}},{"type":"Feature","properties":{"acq_date":"2026-08-27","acq_time":1945,"confidence":"h","satellite":"N","instrument":"VIIRS","version":"2.0NRT","bright_ti4":367,"frp":52.49,"daynight":"D"},"geometry":{"type":"Point","coordinates":[-117.70187,41.58633]}},{"type":"Feature","properties":{"acq_date":"2026-08-27","acq_time":1945,"confidence":"l","satellite":"N","instrument":"VIIRS","version":"2.0NRT","bright_ti4":356.78,"frp":33.64,"daynight":"D"},"geometry":{"type":"Point","coordinates":[-117.72073,41.58774]}},{"type":"Feature","properties":{"acq_date":"2026-08-27","acq_time":1945,"confidence":"h","satellite":"N","instrument":"VIIRS","version":"2.0NRT","bright_ti4":367,"frp":87.44,"daynight":"D"},"geometry":{"type":"Point","coordinates":[-117.69511,41.58877]}},{"type":"Feature","properties":{"acq_date":"2026-08-27","acq_time":1945,"confidence":"h","satellite":"N","instrument":"VIIRS","version":"2.0NRT","bright_ti4":367,"frp":97.82,"daynight":"D"},"geometry":{"type":"Point","coordinates":[-117.6938,41.58902]}},{"type":"Feature","properties":{"acq_date":"2026-08-27","acq_time":1945,"confidence":"l","satellite":"N","instrument":"VIIRS","version":"2.0NRT","bright_ti4":356.8,"frp":87.44,"daynight":"D"},"geometry":{"type":"Point","coordinates":[-117.71107,41.59101]}},{"type":"Feature","properties":{"acq_date":"2026-08-27","acq_time":1945,"confidence":"n","satellite":"N","instrument":"VIIRS","version":"2.0NRT","bright_ti4":351.99,"frp":327.6,"daynight":"D"},"geometry":{"type":"Point","coordinates":[-117.68736,41.5914]}},{"type":"Feature","properties":{"acq_date":"2026-08-27","acq_time":1945,"confidence":"n","satellite":"N","instrument":"VIIRS","version":"2.0NRT","bright_ti4":352.74,"frp":97.82,"daynight":"D"},"geometry":{"type":"Point","coordinates":[-117.6863,41.59151]}},{"type":"Feature","properties":{"acq_date":"2026-08-27","acq_time":1945,"confidence":"n","satellite":"N","instrument":"VIIRS","version":"2.0NRT","bright_ti4":356.27,"frp":28.14,"daynight":"D"},"geometry":{"type":"Point","coordinates":[-117.72802,41.59292]}},{"type":"Feature","properties":{"acq_date":"2026-08-27","acq_time":1945,"confidence":"n","satellite":"N","instrument":"VIIRS","version":"2.0NRT","bright_ti4":351.72,"frp":87.44,"daynight":"D"},"geometry":{"type":"Point","coordinates":[-117.70441,41.59326]}},{"type":"Feature","properties":{"acq_date":"2026-08-27","acq_time":1945,"confidence":"h","satellite":"N","instrument":"VIIRS","version":"2.0NRT","bright_ti4":367,"frp":327.6,"daynight":"D"},"geometry":{"type":"Point","coordinates":[-117.68085,41.59361]}},{"type":"Feature","properties":{"acq_date":"2026-08-27","acq_time":1945,"confidence":"h","satellite":"N","instrument":"VIIRS","version":"2.0NRT","bright_ti4":367,"frp":42.52,"daynight":"D"},"geometry":{"type":"Point","coordinates":[-117.67972,41.5937]}},{"type":"Feature","properties":{"acq_date":"2026-08-27","acq_time":1945,"confidence":"l","satellite":"N","instrument":"VIIRS","version":"2.0NRT","bright_ti4":356.83,"frp":60.99,"daynight":"D"},"geometry":{"type":"Point","coordinates":[-117.72018,41.59558]}},{"type":"Feature","properties":{"acq_date":"2026-08-27","acq_time":1945,"confidence":"n","satellite":"N","instrument":"VIIRS","version":"2.0NRT","bright_ti4":348.86,"frp":507.55,"daynight":"D"},"geometry":{"type":"Point","coordinates":[-117.67149,41.59678]}},{"type":"Feature","properties":{"acq_date":"2026-08-27","acq_time":1945,"confidence":"n","satellite":"N","instrument":"VIIRS","version":"2.0NRT","bright_ti4":349.61,"frp":42.52,"daynight":"D"},"geometry":{"type":"Point","coordinates":[-117.66979,41.597]}},{"type":"Feature","properties":{"acq_date":"2026-08-27","acq_time":1945,"confidence":"l","satellite":"N","instrument":"VIIRS","version":"2.0NRT","bright_ti4":356.72,"frp":28.14,"daynight":"D"},"geometry":{"type":"Point","coordinates":[-117.73436,41.59842]}},{"type":"Feature","properties":{"acq_date":"2026-08-27","acq_time":1945,"confidence":"l","satellite":"N","instrument":"VIIRS","version":"2.0NRT","bright_ti4":208,"frp":327.6,"daynight":"D"},"geometry":{"type":"Point","coordinates":[-117.68858,41.59862]}},{"type":"Feature","properties":{"acq_date":"2026-08-27","acq_time":1945,"confidence":"l","satellite":"N","instrument":"VIIRS","version":"2.0NRT","bright_ti4":367,"frp":507.55,"daynight":"D"},"geometry":{"type":"Point","coordinates":[-117.67918,41.6018]}},{"type":"Feature","properties":{"acq_date":"2026-08-27","acq_time":1945,"confidence":"h","satellite":"N","instrument":"VIIRS","version":"2.0NRT","bright_ti4":367,"frp":507.55,"daynight":"D"},"geometry":{"type":"Point","coordinates":[-117.66674,41.60601]}},{"type":"Feature","properties":{"acq_date":"2026-08-27","acq_time":1945,"confidence":"n","satellite":"N","instrument":"VIIRS","version":"2.0NRT","bright_ti4":332.41,"frp":25.73,"daynight":"D"},"geometry":{"type":"Point","coordinates":[-117.37142,41.85835]}},{"type":"Feature","properties":{"acq_date":"2026-08-27","acq_time":1945,"confidence":"l","satellite":"N","instrument":"VIIRS","version":"2.0NRT","bright_ti4":278.7,"frp":129.77,"daynight":"D"},"geometry":{"type":"Point","coordinates":[-117.36429,41.86072]}},{"type":"Feature","properties":{"acq_date":"2026-08-27","acq_time":1945,"confidence":"h","satellite":"N","instrument":"VIIRS","version":"2.0NRT","bright_ti4":367,"frp":129.77,"daynight":"D"},"geometry":{"type":"Point","coordinates":[-117.35772,41.8629]}},{"type":"Feature","properties":{"acq_date":"2026-08-27","acq_time":1945,"confidence":"n","satellite":"N","instrument":"VIIRS","version":"2.0NRT","bright_ti4":330.5,"frp":14.46,"daynight":"D"},"geometry":{"type":"Point","coordinates":[-117.38474,41.86399]}},{"type":"Feature","properties":{"acq_date":"2026-08-27","acq_time":1945,"confidence":"n","satellite":"N","instrument":"VIIRS","version":"2.0NRT","bright_ti4":355.85,"frp":25.73,"daynight":"D"},"geometry":{"type":"Point","coordinates":[-117.37462,41.86475]}},{"type":"Feature","properties":{"acq_date":"2026-08-27","acq_time":1945,"confidence":"n","satellite":"N","instrument":"VIIRS","version":"2.0NRT","bright_ti4":347.44,"frp":9.64,"daynight":"D"},"geometry":{"type":"Point","coordinates":[-117.39404,41.86578]}},{"type":"Feature","properties":{"acq_date":"2026-08-27","acq_time":1945,"confidence":"n","satellite":"N","instrument":"VIIRS","version":"2.0NRT","bright_ti4":336.55,"frp":12.25,"daynight":"D"},"geometry":{"type":"Point","coordinates":[-117.37688,41.86665]}},{"type":"Feature","properties":{"acq_date":"2026-08-27","acq_time":1945,"confidence":"h","satellite":"N","instrument":"VIIRS","version":"2.0NRT","bright_ti4":367,"frp":129.77,"daynight":"D"},"geometry":{"type":"Point","coordinates":[-117.36829,41.86685]}},{"type":"Feature","properties":{"acq_date":"2026-08-27","acq_time":1945,"confidence":"h","satellite":"N","instrument":"VIIRS","version":"2.0NRT","bright_ti4":367,"frp":14.46,"daynight":"D"},"geometry":{"type":"Point","coordinates":[-117.39628,41.86758]}},{"type":"Feature","properties":{"acq_date":"2026-08-27","acq_time":1945,"confidence":"n","satellite":"N","instrument":"VIIRS","version":"2.0NRT","bright_ti4":347.62,"frp":12.25,"daynight":"D"},"geometry":{"type":"Point","coordinates":[-117.3706,41.86877]}},{"type":"Feature","properties":{"acq_date":"2026-08-27","acq_time":1945,"confidence":"n","satellite":"N","instrument":"VIIRS","version":"2.0NRT","bright_ti4":352.64,"frp":9.64,"daynight":"D"},"geometry":{"type":"Point","coordinates":[-117.39906,41.87159]}},{"type":"Feature","properties":{"acq_date":"2026-08-27","acq_time":1945,"confidence":"n","satellite":"N","instrument":"VIIRS","version":"2.0NRT","bright_ti4":349.04,"frp":30.67,"daynight":"D"},"geometry":{"type":"Point","coordinates":[-117.39079,41.88179]}},{"type":"Feature","properties":{"acq_date":"2026-08-27","acq_time":1945,"confidence":"n","satellite":"N","instrument":"VIIRS","version":"2.0NRT","bright_ti4":355.83,"frp":25.66,"daynight":"D"},"geometry":{"type":"Point","coordinates":[-117.39285,41.88372]}},{"type":"Feature","properties":{"acq_date":"2026-08-27","acq_time":1945,"confidence":"h","satellite":"N","instrument":"VIIRS","version":"2.0NRT","bright_ti4":367,"frp":53.26,"daynight":"D"},"geometry":{"type":"Point","coordinates":[-117.3837,41.88414]}},{"type":"Feature","properties":{"acq_date":"2026-08-27","acq_time":1945,"confidence":"h","satellite":"N","instrument":"VIIRS","version":"2.0NRT","bright_ti4":367,"frp":25.66,"daynight":"D"},"geometry":{"type":"Point","coordinates":[-117.3857,41.88612]}},{"type":"Feature","properties":{"acq_date":"2026-08-27","acq_time":1945,"confidence":"n","satellite":"N","instrument":"VIIRS","version":"2.0NRT","bright_ti4":341.74,"frp":19.63,"daynight":"D"},"geometry":{"type":"Point","coordinates":[-117.38808,41.8976]}},{"type":"Feature","properties":{"acq_date":"2026-08-27","acq_time":1945,"confidence":"n","satellite":"N","instrument":"VIIRS","version":"2.0NRT","bright_ti4":354.71,"frp":37.12,"daynight":"D"},"geometry":{"type":"Point","coordinates":[-117.38956,41.89978]}},{"type":"Feature","properties":{"acq_date":"2026-08-27","acq_time":1945,"confidence":"h","satellite":"N","instrument":"VIIRS","version":"2.0NRT","bright_ti4":367,"frp":19.63,"daynight":"D"},"geometry":{"type":"Point","coordinates":[-117.3802,41.9002]}},{"type":"Feature","properties":{"acq_date":"2026-08-27","acq_time":1945,"confidence":"h","satellite":"N","instrument":"VIIRS","version":"2.0NRT","bright_ti4":367,"frp":70.63,"daynight":"D"},"geometry":{"type":"Point","coordinates":[-117.38195,41.90233]}},{"type":"Feature","properties":{"acq_date":"2026-08-27","acq_time":1945,"confidence":"n","satellite":"N","instrument":"VIIRS","version":"2.0NRT","bright_ti4":341.61,"frp":19.63,"daynight":"D"},"geometry":{"type":"Point","coordinates":[-117.39062,41.90422]}},{"type":"Feature","properties":{"acq_date":"2026-08-27","acq_time":1945,"confidence":"h","satellite":"N","instrument":"VIIRS","version":"2.0NRT","bright_ti4":367,"frp":19.63,"daynight":"D"},"geometry":{"type":"Point","coordinates":[-117.38432,41.9063]}},{"type":"Feature","properties":{"acq_date":"2026-08-27","acq_time":1945,"confidence":"n","satellite":"N","instrument":"VIIRS","version":"2.0NRT","bright_ti4":343.24,"frp":39.18,"daynight":"D"},"geometry":{"type":"Point","coordinates":[-117.37833,41.90827]}},{"type":"Feature","properties":{"acq_date":"2026-08-27","acq_time":1945,"confidence":"n","satellite":"N","instrument":"VIIRS","version":"2.0NRT","bright_ti4":338.79,"frp":11.6,"daynight":"D"},"geometry":{"type":"Point","coordinates":[-117.38086,41.91018]}},{"type":"Feature","properties":{"acq_date":"2026-08-27","acq_time":1945,"confidence":"n","satellite":"N","instrument":"VIIRS","version":"2.0NRT","bright_ti4":346.84,"frp":9.46,"daynight":"D"},"geometry":{"type":"Point","coordinates":[-117.37751,41.916]}},{"type":"Feature","properties":{"acq_date":"2026-08-27","acq_time":1945,"confidence":"n","satellite":"N","instrument":"VIIRS","version":"2.0NRT","bright_ti4":355.21,"frp":24.92,"daynight":"D"},"geometry":{"type":"Point","coordinates":[-117.37971,41.91802]}},{"type":"Feature","properties":{"acq_date":"2026-08-27","acq_time":1945,"confidence":"n","satellite":"N","instrument":"VIIRS","version":"2.0NRT","bright_ti4":338.53,"frp":9.46,"daynight":"D"},"geometry":{"type":"Point","coordinates":[-117.38221,41.9219]}},{"type":"Feature","properties":{"acq_date":"2026-08-27","acq_time":1945,"confidence":"n","satellite":"N","instrument":"VIIRS","version":"2.0NRT","bright_ti4":336.02,"frp":20.85,"daynight":"D"},"geometry":{"type":"Point","coordinates":[-117.37534,41.92416]}},{"type":"Feature","properties":{"acq_date":"2026-08-27","acq_time":1945,"confidence":"n","satellite":"N","instrument":"VIIRS","version":"2.0NRT","bright_ti4":332.66,"frp":7.89,"daynight":"D"},"geometry":{"type":"Point","coordinates":[-117.3774,41.92626]}},{"type":"Feature","properties":{"acq_date":"2026-08-27","acq_time":1945,"confidence":"n","satellite":"N","instrument":"VIIRS","version":"2.0NRT","bright_ti4":345.13,"frp":4.04,"daynight":"D"},"geometry":{"type":"Point","coordinates":[-113.76351,42.60606]}},{"type":"Feature","properties":{"acq_date":"2026-08-27","acq_time":1945,"confidence":"h","satellite":"N","instrument":"VIIRS","version":"2.0NRT","bright_ti4":367,"frp":16.74,"daynight":"D"},"geometry":{"type":"Point","coordinates":[-113.84389,43.03833]}},{"type":"Feature","properties":{"acq_date":"2026-08-27","acq_time":1945,"confidence":"n","satellite":"N","instrument":"VIIRS","version":"2.0NRT","bright_ti4":347.75,"frp":12.66,"daynight":"D"},"geometry":{"type":"Point","coordinates":[-113.82933,43.04258]}},{"type":"Feature","properties":{"acq_date":"2026-08-27","acq_time":1945,"confidence":"h","satellite":"N","instrument":"VIIRS","version":"2.0NRT","bright_ti4":367,"frp":16.21,"daynight":"D"},"geometry":{"type":"Point","coordinates":[-113.80685,43.04303]}},{"type":"Feature","properties":{"acq_date":"2026-08-27","acq_time":1945,"confidence":"h","satellite":"N","instrument":"VIIRS","version":"2.0NRT","bright_ti4":367,"frp":16.21,"daynight":"D"},"geometry":{"type":"Point","coordinates":[-113.80954,43.04834]}},{"type":"Feature","properties":{"acq_date":"2026-08-27","acq_time":1945,"confidence":"n","satellite":"N","instrument":"VIIRS","version":"2.0NRT","bright_ti4":348.68,"frp":16.29,"daynight":"D"},"geometry":{"type":"Point","coordinates":[-113.82713,43.04931]}},{"type":"Feature","properties":{"acq_date":"2026-08-27","acq_time":1945,"confidence":"n","satellite":"N","instrument":"VIIRS","version":"2.0NRT","bright_ti4":349.39,"frp":19.64,"daynight":"D"},"geometry":{"type":"Point","coordinates":[-113.80458,43.04979]}},{"type":"Feature","properties":{"acq_date":"2026-08-27","acq_time":1945,"confidence":"n","satellite":"N","instrument":"VIIRS","version":"2.0NRT","bright_ti4":346.12,"frp":19.63,"daynight":"D"},"geometry":{"type":"Point","coordinates":[-113.81717,43.05222]}},{"type":"Feature","properties":{"acq_date":"2026-08-27","acq_time":1945,"confidence":"n","satellite":"N","instrument":"VIIRS","version":"2.0NRT","bright_ti4":354.44,"frp":18.66,"daynight":"D"},"geometry":{"type":"Point","coordinates":[-113.80733,43.05508]}},{"type":"Feature","properties":{"acq_date":"2026-08-27","acq_time":1945,"confidence":"h","satellite":"N","instrument":"VIIRS","version":"2.0NRT","bright_ti4":367,"frp":18.66,"daynight":"D"},"geometry":{"type":"Point","coordinates":[-113.80239,43.05651]}},{"type":"Feature","properties":{"acq_date":"2026-08-27","acq_time":1945,"confidence":"n","satellite":"N","instrument":"VIIRS","version":"2.0NRT","bright_ti4":353.59,"frp":7.98,"daynight":"D"},"geometry":{"type":"Point","coordinates":[-113.80341,43.06841]}},{"type":"Feature","properties":{"acq_date":"2026-08-27","acq_time":1945,"confidence":"n","satellite":"N","instrument":"VIIRS","version":"2.0NRT","bright_ti4":346.07,"frp":7.98,"daynight":"D"},"geometry":{"type":"Point","coordinates":[-113.7986,43.0698]}},{"type":"Feature","properties":{"acq_date":"2026-08-27","acq_time":1945,"confidence":"n","satellite":"N","instrument":"VIIRS","version":"2.0NRT","bright_ti4":347.72,"frp":5.17,"daynight":"D"},"geometry":{"type":"Point","coordinates":[-113.81895,43.07608]}},{"type":"Feature","properties":{"acq_date":"2026-08-27","acq_time":2123,"confidence":"n","satellite":"N","instrument":"VIIRS","version":"2.0NRT","bright_ti4":351.29,"frp":18.33,"daynight":"D"},"geometry":{"type":"Point","coordinates":[-113.08938,34.6372]}},{"type":"Feature","properties":{"acq_date":"2026-08-27","acq_time":2123,"confidence":"n","satellite":"N","instrument":"VIIRS","version":"2.0NRT","bright_ti4":345.78,"frp":11.75,"daynight":"D"},"geometry":{"type":"Point","coordinates":[-113.09132,34.6384]}},{"type":"Feature","properties":{"acq_date":"2026-08-27","acq_time":2123,"confidence":"l","satellite":"N","instrument":"VIIRS","version":"2.0NRT","bright_ti4":345.5,"frp":16.97,"daynight":"D"},"geometry":{"type":"Point","coordinates":[-122.06775,38.79607]}},{"type":"Feature","properties":{"acq_date":"2026-08-27","acq_time":2123,"confidence":"n","satellite":"N","instrument":"VIIRS","version":"2.0NRT","bright_ti4":349.36,"frp":16.97,"daynight":"D"},"geometry":{"type":"Point","coordinates":[-122.06314,38.7967]}},{"type":"Feature","properties":{"acq_date":"2026-08-27","acq_time":2123,"confidence":"l","satellite":"N","instrument":"VIIRS","version":"2.0NRT","bright_ti4":342.37,"frp":22.18,"daynight":"D"},"geometry":{"type":"Point","coordinates":[-122.02573,38.81918]}},{"type":"Feature","properties":{"acq_date":"2026-08-27","acq_time":2123,"confidence":"l","satellite":"N","instrument":"VIIRS","version":"2.0NRT","bright_ti4":338.77,"frp":10.47,"daynight":"D"},"geometry":{"type":"Point","coordinates":[-122.03108,38.82191]}},{"type":"Feature","properties":{"acq_date":"2026-08-27","acq_time":2123,"confidence":"n","satellite":"N","instrument":"VIIRS","version":"2.0URT","bright_ti4":349.95,"frp":13.94,"daynight":"D"},"geometry":{"type":"Point","coordinates":[-117.72041,41.5827]}},{"type":"Feature","properties":{"acq_date":"2026-08-27","acq_time":2124,"confidence":"n","satellite":"N","instrument":"VIIRS","version":"2.0URT","bright_ti4":334.03,"frp":5.75,"daynight":"D"},"geometry":{"type":"Point","coordinates":[-117.30975,41.84128]}},{"type":"Feature","properties":{"acq_date":"2026-08-27","acq_time":2124,"confidence":"n","satellite":"N","instrument":"VIIRS","version":"2.0URT","bright_ti4":335.31,"frp":3.44,"daynight":"D"},"geometry":{"type":"Point","coordinates":[-117.33393,41.84768]}},{"type":"Feature","properties":{"acq_date":"2026-08-27","acq_time":2124,"confidence":"n","satellite":"N","instrument":"VIIRS","version":"2.0URT","bright_ti4":354.23,"frp":9.04,"daynight":"D"},"geometry":{"type":"Point","coordinates":[-117.3449,41.85524]}},{"type":"Feature","properties":{"acq_date":"2026-08-27","acq_time":2124,"confidence":"n","satellite":"N","instrument":"VIIRS","version":"2.0URT","bright_ti4":347.88,"frp":26.24,"daynight":"D"},"geometry":{"type":"Point","coordinates":[-117.33999,41.85567]}},{"type":"Feature","properties":{"acq_date":"2026-08-27","acq_time":2124,"confidence":"n","satellite":"N","instrument":"VIIRS","version":"2.0URT","bright_ti4":357.88,"frp":26.24,"daynight":"D"},"geometry":{"type":"Point","coordinates":[-117.33517,41.85611]}},{"type":"Feature","properties":{"acq_date":"2026-08-27","acq_time":2124,"confidence":"n","satellite":"N","instrument":"VIIRS","version":"2.0URT","bright_ti4":342.88,"frp":37.13,"daynight":"D"},"geometry":{"type":"Point","coordinates":[-117.3608,41.85808]}},{"type":"Feature","properties":{"acq_date":"2026-08-27","acq_time":2124,"confidence":"n","satellite":"N","instrument":"VIIRS","version":"2.0URT","bright_ti4":354.5,"frp":43.25,"daynight":"D"},"geometry":{"type":"Point","coordinates":[-117.35038,41.85901]}},{"type":"Feature","properties":{"acq_date":"2026-08-27","acq_time":2124,"confidence":"l","satellite":"N","instrument":"VIIRS","version":"2.0URT","bright_ti4":367,"frp":43.25,"daynight":"D"},"geometry":{"type":"Point","coordinates":[-117.34533,41.85946]}},{"type":"Feature","properties":{"acq_date":"2026-08-27","acq_time":2124,"confidence":"h","satellite":"N","instrument":"VIIRS","version":"2.0URT","bright_ti4":367,"frp":24.55,"daynight":"D"},"geometry":{"type":"Point","coordinates":[-117.34042,41.85991]}},{"type":"Feature","properties":{"acq_date":"2026-08-27","acq_time":2124,"confidence":"n","satellite":"N","instrument":"VIIRS","version":"2.0URT","bright_ti4":357.08,"frp":24.55,"daynight":"D"},"geometry":{"type":"Point","coordinates":[-117.33562,41.86033]}},{"type":"Feature","properties":{"acq_date":"2026-08-27","acq_time":2124,"confidence":"n","satellite":"N","instrument":"VIIRS","version":"2.0URT","bright_ti4":344.68,"frp":5.44,"daynight":"D"},"geometry":{"type":"Point","coordinates":[-117.36691,41.86179]}},{"type":"Feature","properties":{"acq_date":"2026-08-27","acq_time":2124,"confidence":"h","satellite":"N","instrument":"VIIRS","version":"2.0URT","bright_ti4":367,"frp":37.13,"daynight":"D"},"geometry":{"type":"Point","coordinates":[-117.36145,41.86228]}},{"type":"Feature","properties":{"acq_date":"2026-08-27","acq_time":2124,"confidence":"n","satellite":"N","instrument":"VIIRS","version":"2.0URT","bright_ti4":356.06,"frp":37.13,"daynight":"D"},"geometry":{"type":"Point","coordinates":[-117.35605,41.86277]}},{"type":"Feature","properties":{"acq_date":"2026-08-27","acq_time":2124,"confidence":"n","satellite":"N","instrument":"VIIRS","version":"2.0URT","bright_ti4":332.57,"frp":3.72,"daynight":"D"},"geometry":{"type":"Point","coordinates":[-117.30604,41.86298]}},{"type":"Feature","properties":{"acq_date":"2026-08-27","acq_time":2124,"confidence":"n","satellite":"N","instrument":"VIIRS","version":"2.0URT","bright_ti4":354.46,"frp":43.25,"daynight":"D"},"geometry":{"type":"Point","coordinates":[-117.35082,41.86324]}},{"type":"Feature","properties":{"acq_date":"2026-08-27","acq_time":2124,"confidence":"n","satellite":"N","instrument":"VIIRS","version":"2.0URT","bright_ti4":349,"frp":43.25,"daynight":"D"},"geometry":{"type":"Point","coordinates":[-117.34578,41.86369]}},{"type":"Feature","properties":{"acq_date":"2026-08-27","acq_time":2124,"confidence":"n","satellite":"N","instrument":"VIIRS","version":"2.0URT","bright_ti4":348.51,"frp":24.55,"daynight":"D"},"geometry":{"type":"Point","coordinates":[-117.34093,41.86413]}},{"type":"Feature","properties":{"acq_date":"2026-08-27","acq_time":2124,"confidence":"h","satellite":"N","instrument":"VIIRS","version":"2.0URT","bright_ti4":367,"frp":10.59,"daynight":"D"},"geometry":{"type":"Point","coordinates":[-117.388,41.86414]}},{"type":"Feature","properties":{"acq_date":"2026-08-27","acq_time":2124,"confidence":"h","satellite":"N","instrument":"VIIRS","version":"2.0URT","bright_ti4":367,"frp":14.1,"daynight":"D"},"geometry":{"type":"Point","coordinates":[-117.38303,41.86459]}},{"type":"Feature","properties":{"acq_date":"2026-08-27","acq_time":2124,"confidence":"n","satellite":"N","instrument":"VIIRS","version":"2.0URT","bright_ti4":355.99,"frp":14.1,"daynight":"D"},"geometry":{"type":"Point","coordinates":[-117.37806,41.86504]}},{"type":"Feature","properties":{"acq_date":"2026-08-27","acq_time":2124,"confidence":"n","satellite":"N","instrument":"VIIRS","version":"2.0URT","bright_ti4":342.41,"frp":8.9,"daynight":"D"},"geometry":{"type":"Point","coordinates":[-117.37277,41.86552]}},{"type":"Feature","properties":{"acq_date":"2026-08-27","acq_time":2124,"confidence":"n","satellite":"N","instrument":"VIIRS","version":"2.0URT","bright_ti4":351.79,"frp":8.9,"daynight":"D"},"geometry":{"type":"Point","coordinates":[-117.36732,41.86601]}},{"type":"Feature","properties":{"acq_date":"2026-08-27","acq_time":2124,"confidence":"n","satellite":"N","instrument":"VIIRS","version":"2.0URT","bright_ti4":330.83,"frp":3.4,"daynight":"D"},"geometry":{"type":"Point","coordinates":[-117.36182,41.86651]}},{"type":"Feature","properties":{"acq_date":"2026-08-27","acq_time":2124,"confidence":"n","satellite":"N","instrument":"VIIRS","version":"2.0URT","bright_ti4":330.84,"frp":3.4,"daynight":"D"},"geometry":{"type":"Point","coordinates":[-117.35638,41.867]}},{"type":"Feature","properties":{"acq_date":"2026-08-27","acq_time":2124,"confidence":"n","satellite":"N","instrument":"VIIRS","version":"2.0URT","bright_ti4":336.6,"frp":10.59,"daynight":"D"},"geometry":{"type":"Point","coordinates":[-117.39362,41.86789]}},{"type":"Feature","properties":{"acq_date":"2026-08-27","acq_time":2124,"confidence":"n","satellite":"N","instrument":"VIIRS","version":"2.0URT","bright_ti4":333.86,"frp":7.85,"daynight":"D"},"geometry":{"type":"Point","coordinates":[-117.34153,41.86834]}},{"type":"Feature","properties":{"acq_date":"2026-08-27","acq_time":2124,"confidence":"n","satellite":"N","instrument":"VIIRS","version":"2.0URT","bright_ti4":333.5,"frp":14.1,"daynight":"D"},"geometry":{"type":"Point","coordinates":[-117.3834,41.86882]}},{"type":"Feature","properties":{"acq_date":"2026-08-27","acq_time":2124,"confidence":"n","satellite":"N","instrument":"VIIRS","version":"2.0URT","bright_ti4":330.98,"frp":14.1,"daynight":"D"},"geometry":{"type":"Point","coordinates":[-117.37849,41.86926]}},{"type":"Feature","properties":{"acq_date":"2026-08-27","acq_time":2124,"confidence":"n","satellite":"N","instrument":"VIIRS","version":"2.0URT","bright_ti4":335.37,"frp":8.9,"daynight":"D"},"geometry":{"type":"Point","coordinates":[-117.37305,41.86975]}},{"type":"Feature","properties":{"acq_date":"2026-08-27","acq_time":2124,"confidence":"n","satellite":"N","instrument":"VIIRS","version":"2.0URT","bright_ti4":345.74,"frp":3.4,"daynight":"D"},"geometry":{"type":"Point","coordinates":[-117.35674,41.87124]}},{"type":"Feature","properties":{"acq_date":"2026-08-27","acq_time":2124,"confidence":"n","satellite":"N","instrument":"VIIRS","version":"2.0URT","bright_ti4":331.98,"frp":6.39,"daynight":"D"},"geometry":{"type":"Point","coordinates":[-117.30667,41.87148]}},{"type":"Feature","properties":{"acq_date":"2026-08-27","acq_time":2124,"confidence":"n","satellite":"N","instrument":"VIIRS","version":"2.0URT","bright_ti4":339.2,"frp":6.39,"daynight":"D"},"geometry":{"type":"Point","coordinates":[-117.30733,41.87569]}},{"type":"Feature","properties":{"acq_date":"2026-08-27","acq_time":2124,"confidence":"n","satellite":"N","instrument":"VIIRS","version":"2.0URT","bright_ti4":343.48,"frp":26.67,"daynight":"D"},"geometry":{"type":"Point","coordinates":[-117.31364,41.8794]}},{"type":"Feature","properties":{"acq_date":"2026-08-27","acq_time":2124,"confidence":"n","satellite":"N","instrument":"VIIRS","version":"2.0URT","bright_ti4":330.24,"frp":6.33,"daynight":"D"},"geometry":{"type":"Point","coordinates":[-117.39427,41.88061]}},{"type":"Feature","properties":{"acq_date":"2026-08-27","acq_time":2124,"confidence":"n","satellite":"N","instrument":"VIIRS","version":"2.0URT","bright_ti4":334.42,"frp":17.48,"daynight":"D"},"geometry":{"type":"Point","coordinates":[-117.31939,41.88315]}},{"type":"Feature","properties":{"acq_date":"2026-08-27","acq_time":2124,"confidence":"n","satellite":"N","instrument":"VIIRS","version":"2.0URT","bright_ti4":353.84,"frp":26.67,"daynight":"D"},"geometry":{"type":"Point","coordinates":[-117.31396,41.88364]}},{"type":"Feature","properties":{"acq_date":"2026-08-27","acq_time":2124,"confidence":"n","satellite":"N","instrument":"VIIRS","version":"2.0URT","bright_ti4":356.19,"frp":26.67,"daynight":"D"},"geometry":{"type":"Point","coordinates":[-117.30831,41.88416]}},{"type":"Feature","properties":{"acq_date":"2026-08-27","acq_time":2124,"confidence":"n","satellite":"N","instrument":"VIIRS","version":"2.0URT","bright_ti4":342.88,"frp":6.33,"daynight":"D"},"geometry":{"type":"Point","coordinates":[-117.39471,41.88483]}},{"type":"Feature","properties":{"acq_date":"2026-08-27","acq_time":2124,"confidence":"n","satellite":"N","instrument":"VIIRS","version":"2.0URT","bright_ti4":346.99,"frp":6.33,"daynight":"D"},"geometry":{"type":"Point","coordinates":[-117.38948,41.88531]}},{"type":"Feature","properties":{"acq_date":"2026-08-27","acq_time":2124,"confidence":"n","satellite":"N","instrument":"VIIRS","version":"2.0URT","bright_ti4":348.1,"frp":6.69,"daynight":"D"},"geometry":{"type":"Point","coordinates":[-117.39581,41.89715]}},{"type":"Feature","properties":{"acq_date":"2026-08-27","acq_time":2124,"confidence":"n","satellite":"N","instrument":"VIIRS","version":"2.0URT","bright_ti4":340.66,"frp":7.75,"daynight":"D"},"geometry":{"type":"Point","coordinates":[-117.3978,41.89732]}},{"type":"Feature","properties":{"acq_date":"2026-08-27","acq_time":2124,"confidence":"n","satellite":"N","instrument":"VIIRS","version":"2.0URT","bright_ti4":340.98,"frp":21.49,"daynight":"D"},"geometry":{"type":"Point","coordinates":[-117.38646,41.90222]}},{"type":"Feature","properties":{"acq_date":"2026-08-27","acq_time":2124,"confidence":"l","satellite":"N","instrument":"VIIRS","version":"2.0URT","bright_ti4":357.04,"frp":21.49,"daynight":"D"},"geometry":{"type":"Point","coordinates":[-117.38123,41.90268]}},{"type":"Feature","properties":{"acq_date":"2026-08-27","acq_time":2124,"confidence":"n","satellite":"N","instrument":"VIIRS","version":"2.0URT","bright_ti4":333.73,"frp":1.72,"daynight":"D"},"geometry":{"type":"Point","coordinates":[-117.29294,41.90268]}},{"type":"Feature","properties":{"acq_date":"2026-08-27","acq_time":2124,"confidence":"n","satellite":"N","instrument":"VIIRS","version":"2.0URT","bright_ti4":356.82,"frp":17.96,"daynight":"D"},"geometry":{"type":"Point","coordinates":[-117.38328,41.90292]}},{"type":"Feature","properties":{"acq_date":"2026-08-27","acq_time":2124,"confidence":"n","satellite":"N","instrument":"VIIRS","version":"2.0URT","bright_ti4":334.94,"frp":3.11,"daynight":"D"},"geometry":{"type":"Point","coordinates":[-113.76331,42.60891]}},{"type":"Feature","properties":{"acq_date":"2026-08-27","acq_time":2124,"confidence":"n","satellite":"N","instrument":"VIIRS","version":"2.0URT","bright_ti4":348.13,"frp":18.81,"daynight":"D"},"geometry":{"type":"Point","coordinates":[-113.8108,43.17292]}},{"type":"Feature","properties":{"acq_date":"2026-08-27","acq_time":2124,"confidence":"l","satellite":"N","instrument":"VIIRS","version":"2.0URT","bright_ti4":357.29,"frp":71.45,"daynight":"D"},"geometry":{"type":"Point","coordinates":[-113.80658,43.17315]}},{"type":"Feature","properties":{"acq_date":"2026-08-27","acq_time":2124,"confidence":"h","satellite":"N","instrument":"VIIRS","version":"2.0URT","bright_ti4":367,"frp":71.45,"daynight":"D"},"geometry":{"type":"Point","coordinates":[-113.80237,43.17339]}},{"type":"Feature","properties":{"acq_date":"2026-08-27","acq_time":2124,"confidence":"l","satellite":"N","instrument":"VIIRS","version":"2.0URT","bright_ti4":357.29,"frp":111.23,"daynight":"D"},"geometry":{"type":"Point","coordinates":[-113.79817,43.17362]}},{"type":"Feature","properties":{"acq_date":"2026-08-27","acq_time":2124,"confidence":"l","satellite":"N","instrument":"VIIRS","version":"2.0URT","bright_ti4":208,"frp":71.45,"daynight":"D"},"geometry":{"type":"Point","coordinates":[-113.80283,43.17853]}},{"type":"Feature","properties":{"acq_date":"2026-08-27","acq_time":2124,"confidence":"h","satellite":"N","instrument":"VIIRS","version":"2.0URT","bright_ti4":367,"frp":111.23,"daynight":"D"},"geometry":{"type":"Point","coordinates":[-113.79441,43.179]}},{"type":"Feature","properties":{"acq_date":"2026-08-27","acq_time":2124,"confidence":"n","satellite":"N","instrument":"VIIRS","version":"2.0URT","bright_ti4":353.67,"frp":21.56,"daynight":"D"},"geometry":{"type":"Point","coordinates":[-113.79021,43.17923]}},{"type":"Feature","properties":{"acq_date":"2026-08-27","acq_time":2124,"confidence":"n","satellite":"N","instrument":"VIIRS","version":"2.0URT","bright_ti4":351.23,"frp":15.91,"daynight":"D"},"geometry":{"type":"Point","coordinates":[-113.77769,43.17993]}},{"type":"Feature","properties":{"acq_date":"2026-08-27","acq_time":2124,"confidence":"n","satellite":"N","instrument":"VIIRS","version":"2.0URT","bright_ti4":351.3,"frp":5.78,"daynight":"D"},"geometry":{"type":"Point","coordinates":[-113.82429,43.18251]}},{"type":"Feature","properties":{"acq_date":"2026-08-27","acq_time":2124,"confidence":"n","satellite":"N","instrument":"VIIRS","version":"2.0URT","bright_ti4":348.6,"frp":5.78,"daynight":"D"},"geometry":{"type":"Point","coordinates":[-113.82011,43.18274]}},{"type":"Feature","properties":{"acq_date":"2026-08-27","acq_time":2124,"confidence":"n","satellite":"N","instrument":"VIIRS","version":"2.0URT","bright_ti4":355.02,"frp":130.99,"daynight":"D"},"geometry":{"type":"Point","coordinates":[-113.80754,43.18344]}},{"type":"Feature","properties":{"acq_date":"2026-08-27","acq_time":2124,"confidence":"h","satellite":"N","instrument":"VIIRS","version":"2.0URT","bright_ti4":367,"frp":133,"daynight":"D"},"geometry":{"type":"Point","coordinates":[-113.79492,43.18415]}},{"type":"Feature","properties":{"acq_date":"2026-08-27","acq_time":2124,"confidence":"n","satellite":"N","instrument":"VIIRS","version":"2.0URT","bright_ti4":356.16,"frp":16.72,"daynight":"D"},"geometry":{"type":"Point","coordinates":[-113.78234,43.18485]}},{"type":"Feature","properties":{"acq_date":"2026-08-27","acq_time":2124,"confidence":"n","satellite":"N","instrument":"VIIRS","version":"2.0URT","bright_ti4":351.01,"frp":16.72,"daynight":"D"},"geometry":{"type":"Point","coordinates":[-113.77814,43.18508]}},{"type":"Feature","properties":{"acq_date":"2026-08-27","acq_time":2124,"confidence":"n","satellite":"N","instrument":"VIIRS","version":"2.0URT","bright_ti4":350.51,"frp":11.73,"daynight":"D"},"geometry":{"type":"Point","coordinates":[-113.77393,43.18532]}},{"type":"Feature","properties":{"acq_date":"2026-08-27","acq_time":2124,"confidence":"n","satellite":"N","instrument":"VIIRS","version":"2.0URT","bright_ti4":347.64,"frp":5.78,"daynight":"D"},"geometry":{"type":"Point","coordinates":[-113.82055,43.18789]}},{"type":"Feature","properties":{"acq_date":"2026-08-27","acq_time":2124,"confidence":"l","satellite":"N","instrument":"VIIRS","version":"2.0URT","bright_ti4":313.17,"frp":133,"daynight":"D"},"geometry":{"type":"Point","coordinates":[-113.79964,43.18906]}},{"type":"Feature","properties":{"acq_date":"2026-08-27","acq_time":2124,"confidence":"h","satellite":"N","instrument":"VIIRS","version":"2.0URT","bright_ti4":367,"frp":16.72,"daynight":"D"},"geometry":{"type":"Point","coordinates":[-113.78284,43.19001]}},{"type":"Feature","properties":{"acq_date":"2026-08-27","acq_time":2124,"confidence":"n","satellite":"N","instrument":"VIIRS","version":"2.0URT","bright_ti4":349.4,"frp":8.76,"daynight":"D"},"geometry":{"type":"Point","coordinates":[-113.82932,43.19256]}},{"type":"Feature","properties":{"acq_date":"2026-08-27","acq_time":2124,"confidence":"n","satellite":"N","instrument":"VIIRS","version":"2.0URT","bright_ti4":356.11,"frp":15.15,"daynight":"D"},"geometry":{"type":"Point","coordinates":[-113.82516,43.19279]}},{"type":"Feature","properties":{"acq_date":"2026-08-27","acq_time":2124,"confidence":"h","satellite":"N","instrument":"VIIRS","version":"2.0URT","bright_ti4":367,"frp":15.15,"daynight":"D"},"geometry":{"type":"Point","coordinates":[-113.82099,43.19303]}},{"type":"Feature","properties":{"acq_date":"2026-08-27","acq_time":2124,"confidence":"h","satellite":"N","instrument":"VIIRS","version":"2.0URT","bright_ti4":367,"frp":31.39,"daynight":"D"},"geometry":{"type":"Point","coordinates":[-113.81683,43.19327]}},{"type":"Feature","properties":{"acq_date":"2026-08-27","acq_time":2124,"confidence":"l","satellite":"N","instrument":"VIIRS","version":"2.0URT","bright_ti4":357.09,"frp":31.39,"daynight":"D"},"geometry":{"type":"Point","coordinates":[-113.81264,43.1935]}},{"type":"Feature","properties":{"acq_date":"2026-08-27","acq_time":2124,"confidence":"n","satellite":"N","instrument":"VIIRS","version":"2.0URT","bright_ti4":356.7,"frp":87.26,"daynight":"D"},"geometry":{"type":"Point","coordinates":[-113.80847,43.19374]}},{"type":"Feature","properties":{"acq_date":"2026-08-27","acq_time":2124,"confidence":"h","satellite":"N","instrument":"VIIRS","version":"2.0URT","bright_ti4":367,"frp":87.26,"daynight":"D"},"geometry":{"type":"Point","coordinates":[-113.8043,43.19397]}},{"type":"Feature","properties":{"acq_date":"2026-08-27","acq_time":2124,"confidence":"l","satellite":"N","instrument":"VIIRS","version":"2.0URT","bright_ti4":356.41,"frp":100.36,"daynight":"D"},"geometry":{"type":"Point","coordinates":[-113.80013,43.19421]}},{"type":"Feature","properties":{"acq_date":"2026-08-27","acq_time":2124,"confidence":"l","satellite":"N","instrument":"VIIRS","version":"2.0URT","bright_ti4":356.56,"frp":71.46,"daynight":"D"},"geometry":{"type":"Point","coordinates":[-113.79176,43.19468]}},{"type":"Feature","properties":{"acq_date":"2026-08-27","acq_time":2124,"confidence":"h","satellite":"N","instrument":"VIIRS","version":"2.0URT","bright_ti4":367,"frp":39.79,"daynight":"D"},"geometry":{"type":"Point","coordinates":[-113.78334,43.19516]}},{"type":"Feature","properties":{"acq_date":"2026-08-27","acq_time":2124,"confidence":"n","satellite":"N","instrument":"VIIRS","version":"2.0URT","bright_ti4":349.55,"frp":13.53,"daynight":"D"},"geometry":{"type":"Point","coordinates":[-113.83804,43.19723]}},{"type":"Feature","properties":{"acq_date":"2026-08-27","acq_time":2124,"confidence":"h","satellite":"N","instrument":"VIIRS","version":"2.0URT","bright_ti4":367,"frp":8.76,"daynight":"D"},"geometry":{"type":"Point","coordinates":[-113.8339,43.19747]}},{"type":"Feature","properties":{"acq_date":"2026-08-27","acq_time":2124,"confidence":"h","satellite":"N","instrument":"VIIRS","version":"2.0URT","bright_ti4":367,"frp":8.76,"daynight":"D"},"geometry":{"type":"Point","coordinates":[-113.82974,43.1977]}},{"type":"Feature","properties":{"acq_date":"2026-08-27","acq_time":2124,"confidence":"h","satellite":"N","instrument":"VIIRS","version":"2.0URT","bright_ti4":367,"frp":15.15,"daynight":"D"},"geometry":{"type":"Point","coordinates":[-113.82558,43.19794]}},{"type":"Feature","properties":{"acq_date":"2026-08-27","acq_time":2124,"confidence":"h","satellite":"N","instrument":"VIIRS","version":"2.0URT","bright_ti4":367,"frp":15.15,"daynight":"D"},"geometry":{"type":"Point","coordinates":[-113.82144,43.19817]}},{"type":"Feature","properties":{"acq_date":"2026-08-27","acq_time":2124,"confidence":"h","satellite":"N","instrument":"VIIRS","version":"2.0URT","bright_ti4":367,"frp":31.39,"daynight":"D"},"geometry":{"type":"Point","coordinates":[-113.81729,43.19841]}},{"type":"Feature","properties":{"acq_date":"2026-08-27","acq_time":2124,"confidence":"l","satellite":"N","instrument":"VIIRS","version":"2.0URT","bright_ti4":367,"frp":100.36,"daynight":"D"},"geometry":{"type":"Point","coordinates":[-113.80064,43.19936]}},{"type":"Feature","properties":{"acq_date":"2026-08-27","acq_time":2124,"confidence":"n","satellite":"N","instrument":"VIIRS","version":"2.0URT","bright_ti4":353.65,"frp":3.11,"daynight":"D"},"geometry":{"type":"Point","coordinates":[-113.88771,43.19955]}},{"type":"Feature","properties":{"acq_date":"2026-08-27","acq_time":2124,"confidence":"h","satellite":"N","instrument":"VIIRS","version":"2.0URT","bright_ti4":367,"frp":71.46,"daynight":"D"},"geometry":{"type":"Point","coordinates":[-113.79226,43.19983]}},{"type":"Feature","properties":{"acq_date":"2026-08-27","acq_time":2124,"confidence":"n","satellite":"N","instrument":"VIIRS","version":"2.0URT","bright_ti4":346.93,"frp":4.34,"daynight":"D"},"geometry":{"type":"Point","coordinates":[-113.88831,43.20122]}},{"type":"Feature","properties":{"acq_date":"2026-08-27","acq_time":2124,"confidence":"n","satellite":"N","instrument":"VIIRS","version":"2.0URT","bright_ti4":355.4,"frp":10.26,"daynight":"D"},"geometry":{"type":"Point","coordinates":[-113.83845,43.20237]}},{"type":"Feature","properties":{"acq_date":"2026-08-27","acq_time":2124,"confidence":"h","satellite":"N","instrument":"VIIRS","version":"2.0URT","bright_ti4":367,"frp":16.18,"daynight":"D"},"geometry":{"type":"Point","coordinates":[-113.8343,43.20261]}},{"type":"Feature","properties":{"acq_date":"2026-08-27","acq_time":2124,"confidence":"h","satellite":"N","instrument":"VIIRS","version":"2.0URT","bright_ti4":367,"frp":16.18,"daynight":"D"},"geometry":{"type":"Point","coordinates":[-113.83015,43.20285]}},{"type":"Feature","properties":{"acq_date":"2026-08-27","acq_time":2124,"confidence":"l","satellite":"N","instrument":"VIIRS","version":"2.0URT","bright_ti4":356.01,"frp":36.92,"daynight":"D"},"geometry":{"type":"Point","coordinates":[-113.82601,43.20308]}},{"type":"Feature","properties":{"acq_date":"2026-08-27","acq_time":2124,"confidence":"n","satellite":"N","instrument":"VIIRS","version":"2.0URT","bright_ti4":355.85,"frp":9.86,"daynight":"D"},"geometry":{"type":"Point","coordinates":[-113.83892,43.20378]}},{"type":"Feature","properties":{"acq_date":"2026-08-27","acq_time":2124,"confidence":"h","satellite":"N","instrument":"VIIRS","version":"2.0URT","bright_ti4":367,"frp":19.7,"daynight":"D"},"geometry":{"type":"Point","coordinates":[-113.83477,43.204]}},{"type":"Feature","properties":{"acq_date":"2026-08-27","acq_time":2124,"confidence":"h","satellite":"N","instrument":"VIIRS","version":"2.0URT","bright_ti4":367,"frp":19.7,"daynight":"D"},"geometry":{"type":"Point","coordinates":[-113.83061,43.20422]}},{"type":"Feature","properties":{"acq_date":"2026-08-27","acq_time":2124,"confidence":"n","satellite":"N","instrument":"VIIRS","version":"2.0URT","bright_ti4":356.04,"frp":37.33,"daynight":"D"},"geometry":{"type":"Point","coordinates":[-113.82647,43.20443]}},{"type":"Feature","properties":{"acq_date":"2026-08-27","acq_time":2124,"confidence":"l","satellite":"N","instrument":"VIIRS","version":"2.0URT","bright_ti4":367,"frp":235.11,"daynight":"D"},"geometry":{"type":"Point","coordinates":[-113.79699,43.20474]}},{"type":"Feature","properties":{"acq_date":"2026-08-27","acq_time":2124,"confidence":"l","satellite":"N","instrument":"VIIRS","version":"2.0URT","bright_ti4":367,"frp":206.38,"daynight":"D"},"geometry":{"type":"Point","coordinates":[-113.79279,43.20498]}},{"type":"Feature","properties":{"acq_date":"2026-08-27","acq_time":2124,"confidence":"l","satellite":"N","instrument":"VIIRS","version":"2.0URT","bright_ti4":367,"frp":63.06,"daynight":"D"},"geometry":{"type":"Point","coordinates":[-113.81412,43.20506]}},{"type":"Feature","properties":{"acq_date":"2026-08-27","acq_time":2124,"confidence":"h","satellite":"N","instrument":"VIIRS","version":"2.0URT","bright_ti4":367,"frp":206.38,"daynight":"D"},"geometry":{"type":"Point","coordinates":[-113.78858,43.20522]}},{"type":"Feature","properties":{"acq_date":"2026-08-27","acq_time":2124,"confidence":"l","satellite":"N","instrument":"VIIRS","version":"2.0URT","bright_ti4":367,"frp":138.83,"daynight":"D"},"geometry":{"type":"Point","coordinates":[-113.81,43.20528]}},{"type":"Feature","properties":{"acq_date":"2026-08-27","acq_time":2124,"confidence":"l","satellite":"N","instrument":"VIIRS","version":"2.0URT","bright_ti4":367,"frp":138.83,"daynight":"D"},"geometry":{"type":"Point","coordinates":[-113.80583,43.20549]}},{"type":"Feature","properties":{"acq_date":"2026-08-27","acq_time":2124,"confidence":"l","satellite":"N","instrument":"VIIRS","version":"2.0URT","bright_ti4":367,"frp":147.69,"daynight":"D"},"geometry":{"type":"Point","coordinates":[-113.79748,43.20592]}},{"type":"Feature","properties":{"acq_date":"2026-08-27","acq_time":2124,"confidence":"l","satellite":"N","instrument":"VIIRS","version":"2.0URT","bright_ti4":367,"frp":129.03,"daynight":"D"},"geometry":{"type":"Point","coordinates":[-113.79327,43.20613]}},{"type":"Feature","properties":{"acq_date":"2026-08-27","acq_time":2124,"confidence":"h","satellite":"N","instrument":"VIIRS","version":"2.0URT","bright_ti4":367,"frp":129.03,"daynight":"D"},"geometry":{"type":"Point","coordinates":[-113.78905,43.20634]}},{"type":"Feature","properties":{"acq_date":"2026-08-27","acq_time":2124,"confidence":"n","satellite":"N","instrument":"VIIRS","version":"2.0URT","bright_ti4":350.17,"frp":8.83,"daynight":"D"},"geometry":{"type":"Point","coordinates":[-113.78483,43.20656]}},{"type":"Feature","properties":{"acq_date":"2026-08-27","acq_time":2124,"confidence":"n","satellite":"N","instrument":"VIIRS","version":"2.0URT","bright_ti4":339.47,"frp":8.83,"daynight":"D"},"geometry":{"type":"Point","coordinates":[-113.78059,43.20678]}},{"type":"Feature","properties":{"acq_date":"2026-08-27","acq_time":2124,"confidence":"n","satellite":"N","instrument":"VIIRS","version":"2.0URT","bright_ti4":356.47,"frp":10.26,"daynight":"D"},"geometry":{"type":"Point","coordinates":[-113.83888,43.20752]}},{"type":"Feature","properties":{"acq_date":"2026-08-27","acq_time":2124,"confidence":"h","satellite":"N","instrument":"VIIRS","version":"2.0URT","bright_ti4":367,"frp":16.18,"daynight":"D"},"geometry":{"type":"Point","coordinates":[-113.83473,43.20775]}},{"type":"Feature","properties":{"acq_date":"2026-08-27","acq_time":2124,"confidence":"h","satellite":"N","instrument":"VIIRS","version":"2.0URT","bright_ti4":367,"frp":16.18,"daynight":"D"},"geometry":{"type":"Point","coordinates":[-113.8306,43.208]}},{"type":"Feature","properties":{"acq_date":"2026-08-27","acq_time":2124,"confidence":"h","satellite":"N","instrument":"VIIRS","version":"2.0URT","bright_ti4":367,"frp":36.92,"daynight":"D"},"geometry":{"type":"Point","coordinates":[-113.82649,43.20823]}},{"type":"Feature","properties":{"acq_date":"2026-08-27","acq_time":2124,"confidence":"h","satellite":"N","instrument":"VIIRS","version":"2.0URT","bright_ti4":367,"frp":36.92,"daynight":"D"},"geometry":{"type":"Point","coordinates":[-113.8224,43.20846]}},{"type":"Feature","properties":{"acq_date":"2026-08-27","acq_time":2124,"confidence":"n","satellite":"N","instrument":"VIIRS","version":"2.0URT","bright_ti4":353.04,"frp":9.86,"daynight":"D"},"geometry":{"type":"Point","coordinates":[-113.84352,43.20871]}},{"type":"Feature","properties":{"acq_date":"2026-08-27","acq_time":2124,"confidence":"h","satellite":"N","instrument":"VIIRS","version":"2.0URT","bright_ti4":367,"frp":9.86,"daynight":"D"},"geometry":{"type":"Point","coordinates":[-113.83937,43.20892]}},{"type":"Feature","properties":{"acq_date":"2026-08-27","acq_time":2124,"confidence":"h","satellite":"N","instrument":"VIIRS","version":"2.0URT","bright_ti4":367,"frp":19.7,"daynight":"D"},"geometry":{"type":"Point","coordinates":[-113.83522,43.20914]}},{"type":"Feature","properties":{"acq_date":"2026-08-27","acq_time":2124,"confidence":"h","satellite":"N","instrument":"VIIRS","version":"2.0URT","bright_ti4":367,"frp":19.7,"daynight":"D"},"geometry":{"type":"Point","coordinates":[-113.83108,43.20936]}},{"type":"Feature","properties":{"acq_date":"2026-08-27","acq_time":2124,"confidence":"h","satellite":"N","instrument":"VIIRS","version":"2.0URT","bright_ti4":367,"frp":37.33,"daynight":"D"},"geometry":{"type":"Point","coordinates":[-113.82697,43.20957]}},{"type":"Feature","properties":{"acq_date":"2026-08-27","acq_time":2124,"confidence":"h","satellite":"N","instrument":"VIIRS","version":"2.0URT","bright_ti4":367,"frp":37.33,"daynight":"D"},"geometry":{"type":"Point","coordinates":[-113.8229,43.20978]}},{"type":"Feature","properties":{"acq_date":"2026-08-27","acq_time":2124,"confidence":"l","satellite":"N","instrument":"VIIRS","version":"2.0URT","bright_ti4":208,"frp":235.11,"daynight":"D"},"geometry":{"type":"Point","coordinates":[-113.79765,43.20988]}},{"type":"Feature","properties":{"acq_date":"2026-08-27","acq_time":2124,"confidence":"h","satellite":"N","instrument":"VIIRS","version":"2.0URT","bright_ti4":367,"frp":63.06,"daynight":"D"},"geometry":{"type":"Point","coordinates":[-113.81883,43.20999]}},{"type":"Feature","properties":{"acq_date":"2026-08-27","acq_time":2124,"confidence":"h","satellite":"N","instrument":"VIIRS","version":"2.0URT","bright_ti4":367,"frp":63.06,"daynight":"D"},"geometry":{"type":"Point","coordinates":[-113.81476,43.2102]}},{"type":"Feature","properties":{"acq_date":"2026-08-27","acq_time":2124,"confidence":"l","satellite":"N","instrument":"VIIRS","version":"2.0URT","bright_ti4":356.75,"frp":206.38,"daynight":"D"},"geometry":{"type":"Point","coordinates":[-113.78918,43.21036]}},{"type":"Feature","properties":{"acq_date":"2026-08-27","acq_time":2124,"confidence":"n","satellite":"N","instrument":"VIIRS","version":"2.0URT","bright_ti4":351.5,"frp":31.08,"daynight":"D"},"geometry":{"type":"Point","coordinates":[-113.78496,43.21061]}},{"type":"Feature","properties":{"acq_date":"2026-08-27","acq_time":2124,"confidence":"n","satellite":"N","instrument":"VIIRS","version":"2.0URT","bright_ti4":352.55,"frp":5.98,"daynight":"D"},"geometry":{"type":"Point","coordinates":[-113.87225,43.21075]}},{"type":"Feature","properties":{"acq_date":"2026-08-27","acq_time":2124,"confidence":"h","satellite":"N","instrument":"VIIRS","version":"2.0URT","bright_ti4":367,"frp":147.69,"daynight":"D"},"geometry":{"type":"Point","coordinates":[-113.80237,43.21084]}},{"type":"Feature","properties":{"acq_date":"2026-08-27","acq_time":2124,"confidence":"n","satellite":"N","instrument":"VIIRS","version":"2.0URT","bright_ti4":349.34,"frp":147.69,"daynight":"D"},"geometry":{"type":"Point","coordinates":[-113.79816,43.21106]}},{"type":"Feature","properties":{"acq_date":"2026-08-27","acq_time":2124,"confidence":"n","satellite":"N","instrument":"VIIRS","version":"2.0URT","bright_ti4":352.56,"frp":129.03,"daynight":"D"},"geometry":{"type":"Point","coordinates":[-113.79392,43.21127]}},{"type":"Feature","properties":{"acq_date":"2026-08-27","acq_time":2124,"confidence":"h","satellite":"N","instrument":"VIIRS","version":"2.0URT","bright_ti4":367,"frp":129.03,"daynight":"D"},"geometry":{"type":"Point","coordinates":[-113.78967,43.21149]}},{"type":"Feature","properties":{"acq_date":"2026-08-27","acq_time":2124,"confidence":"l","satellite":"N","instrument":"VIIRS","version":"2.0URT","bright_ti4":356.42,"frp":8.83,"daynight":"D"},"geometry":{"type":"Point","coordinates":[-113.78543,43.21172]}},{"type":"Feature","properties":{"acq_date":"2026-08-27","acq_time":2124,"confidence":"n","satellite":"N","instrument":"VIIRS","version":"2.0URT","bright_ti4":340.92,"frp":8.83,"daynight":"D"},"geometry":{"type":"Point","coordinates":[-113.7812,43.21193]}},{"type":"Feature","properties":{"acq_date":"2026-08-27","acq_time":2124,"confidence":"h","satellite":"N","instrument":"VIIRS","version":"2.0URT","bright_ti4":367,"frp":13.83,"daynight":"D"},"geometry":{"type":"Point","coordinates":[-113.87285,43.21234]}},{"type":"Feature","properties":{"acq_date":"2026-08-27","acq_time":2124,"confidence":"l","satellite":"N","instrument":"VIIRS","version":"2.0URT","bright_ti4":357.56,"frp":15.57,"daynight":"D"},"geometry":{"type":"Point","coordinates":[-113.84351,43.21242]}},{"type":"Feature","properties":{"acq_date":"2026-08-27","acq_time":2124,"confidence":"h","satellite":"N","instrument":"VIIRS","version":"2.0URT","bright_ti4":367,"frp":15.57,"daynight":"D"},"geometry":{"type":"Point","coordinates":[-113.83935,43.21266]}},{"type":"Feature","properties":{"acq_date":"2026-08-27","acq_time":2124,"confidence":"h","satellite":"N","instrument":"VIIRS","version":"2.0URT","bright_ti4":367,"frp":38.09,"daynight":"D"},"geometry":{"type":"Point","coordinates":[-113.8352,43.2129]}},{"type":"Feature","properties":{"acq_date":"2026-08-27","acq_time":2124,"confidence":"n","satellite":"N","instrument":"VIIRS","version":"2.0URT","bright_ti4":343.91,"frp":10.06,"daynight":"D"},"geometry":{"type":"Point","coordinates":[-113.86052,43.21299]}},{"type":"Feature","properties":{"acq_date":"2026-08-27","acq_time":2124,"confidence":"n","satellite":"N","instrument":"VIIRS","version":"2.0URT","bright_ti4":357.28,"frp":38.09,"daynight":"D"},"geometry":{"type":"Point","coordinates":[-113.83108,43.21313]}},{"type":"Feature","properties":{"acq_date":"2026-08-27","acq_time":2124,"confidence":"h","satellite":"N","instrument":"VIIRS","version":"2.0URT","bright_ti4":367,"frp":39.13,"daynight":"D"},"geometry":{"type":"Point","coordinates":[-113.82698,43.21337]}},{"type":"Feature","properties":{"acq_date":"2026-08-27","acq_time":2124,"confidence":"h","satellite":"N","instrument":"VIIRS","version":"2.0URT","bright_ti4":367,"frp":39.13,"daynight":"D"},"geometry":{"type":"Point","coordinates":[-113.82293,43.2136]}},{"type":"Feature","properties":{"acq_date":"2026-08-27","acq_time":2124,"confidence":"h","satellite":"N","instrument":"VIIRS","version":"2.0URT","bright_ti4":367,"frp":27.34,"daynight":"D"},"geometry":{"type":"Point","coordinates":[-113.81889,43.21384]}},{"type":"Feature","properties":{"acq_date":"2026-08-27","acq_time":2124,"confidence":"n","satellite":"N","instrument":"VIIRS","version":"2.0URT","bright_ti4":357,"frp":12.18,"daynight":"D"},"geometry":{"type":"Point","coordinates":[-113.84403,43.21385]}},{"type":"Feature","properties":{"acq_date":"2026-08-27","acq_time":2124,"confidence":"l","satellite":"N","instrument":"VIIRS","version":"2.0URT","bright_ti4":357.33,"frp":12.18,"daynight":"D"},"geometry":{"type":"Point","coordinates":[-113.83988,43.21407]}},{"type":"Feature","properties":{"acq_date":"2026-08-27","acq_time":2124,"confidence":"h","satellite":"N","instrument":"VIIRS","version":"2.0URT","bright_ti4":367,"frp":27.34,"daynight":"D"},"geometry":{"type":"Point","coordinates":[-113.81485,43.21407]}},{"type":"Feature","properties":{"acq_date":"2026-08-27","acq_time":2124,"confidence":"h","satellite":"N","instrument":"VIIRS","version":"2.0URT","bright_ti4":367,"frp":33.9,"daynight":"D"},"geometry":{"type":"Point","coordinates":[-113.83572,43.21428]}},{"type":"Feature","properties":{"acq_date":"2026-08-27","acq_time":2124,"confidence":"h","satellite":"N","instrument":"VIIRS","version":"2.0URT","bright_ti4":367,"frp":23.93,"daynight":"D"},"geometry":{"type":"Point","coordinates":[-113.81078,43.2143]}},{"type":"Feature","properties":{"acq_date":"2026-08-27","acq_time":2124,"confidence":"h","satellite":"N","instrument":"VIIRS","version":"2.0URT","bright_ti4":367,"frp":33.9,"daynight":"D"},"geometry":{"type":"Point","coordinates":[-113.83159,43.2145]}},{"type":"Feature","properties":{"acq_date":"2026-08-27","acq_time":2124,"confidence":"l","satellite":"N","instrument":"VIIRS","version":"2.0URT","bright_ti4":356.36,"frp":23.93,"daynight":"D"},"geometry":{"type":"Point","coordinates":[-113.80667,43.21454]}},{"type":"Feature","properties":{"acq_date":"2026-08-27","acq_time":2124,"confidence":"h","satellite":"N","instrument":"VIIRS","version":"2.0URT","bright_ti4":367,"frp":36.87,"daynight":"D"},"geometry":{"type":"Point","coordinates":[-113.82748,43.21471]}},{"type":"Feature","properties":{"acq_date":"2026-08-27","acq_time":2124,"confidence":"l","satellite":"N","instrument":"VIIRS","version":"2.0URT","bright_ti4":357.51,"frp":27.7,"daynight":"D"},"geometry":{"type":"Point","coordinates":[-113.80251,43.21478]}},{"type":"Feature","properties":{"acq_date":"2026-08-27","acq_time":2124,"confidence":"h","satellite":"N","instrument":"VIIRS","version":"2.0URT","bright_ti4":367,"frp":36.87,"daynight":"D"},"geometry":{"type":"Point","coordinates":[-113.82343,43.21492]}},{"type":"Feature","properties":{"acq_date":"2026-08-27","acq_time":2124,"confidence":"h","satellite":"N","instrument":"VIIRS","version":"2.0URT","bright_ti4":367,"frp":27.7,"daynight":"D"},"geometry":{"type":"Point","coordinates":[-113.7983,43.21502]}},{"type":"Feature","properties":{"acq_date":"2026-08-27","acq_time":2124,"confidence":"h","satellite":"N","instrument":"VIIRS","version":"2.0URT","bright_ti4":367,"frp":38.91,"daynight":"D"},"geometry":{"type":"Point","coordinates":[-113.81939,43.21513]}},{"type":"Feature","properties":{"acq_date":"2026-08-27","acq_time":2124,"confidence":"h","satellite":"N","instrument":"VIIRS","version":"2.0URT","bright_ti4":367,"frp":38.91,"daynight":"D"},"geometry":{"type":"Point","coordinates":[-113.81535,43.21534]}},{"type":"Feature","properties":{"acq_date":"2026-08-27","acq_time":2124,"confidence":"h","satellite":"N","instrument":"VIIRS","version":"2.0URT","bright_ti4":367,"frp":54.27,"daynight":"D"},"geometry":{"type":"Point","coordinates":[-113.78976,43.21551]}},{"type":"Feature","properties":{"acq_date":"2026-08-27","acq_time":2124,"confidence":"h","satellite":"N","instrument":"VIIRS","version":"2.0URT","bright_ti4":367,"frp":42.41,"daynight":"D"},"geometry":{"type":"Point","coordinates":[-113.81129,43.21555]}},{"type":"Feature","properties":{"acq_date":"2026-08-27","acq_time":2124,"confidence":"h","satellite":"N","instrument":"VIIRS","version":"2.0URT","bright_ti4":367,"frp":24.36,"daynight":"D"},"geometry":{"type":"Point","coordinates":[-113.78551,43.21575]}},{"type":"Feature","properties":{"acq_date":"2026-08-27","acq_time":2124,"confidence":"n","satellite":"N","instrument":"VIIRS","version":"2.0URT","bright_ti4":355.44,"frp":42.41,"daynight":"D"},"geometry":{"type":"Point","coordinates":[-113.8072,43.21576]}},{"type":"Feature","properties":{"acq_date":"2026-08-27","acq_time":2124,"confidence":"n","satellite":"N","instrument":"VIIRS","version":"2.0URT","bright_ti4":347.02,"frp":5.98,"daynight":"D"},"geometry":{"type":"Point","coordinates":[-113.87273,43.21588]}},{"type":"Feature","properties":{"acq_date":"2026-08-27","acq_time":2124,"confidence":"n","satellite":"N","instrument":"VIIRS","version":"2.0URT","bright_ti4":353.47,"frp":33.72,"daynight":"D"},"geometry":{"type":"Point","coordinates":[-113.80304,43.21598]}},{"type":"Feature","properties":{"acq_date":"2026-08-27","acq_time":2124,"confidence":"n","satellite":"N","instrument":"VIIRS","version":"2.0URT","bright_ti4":354.02,"frp":13.47,"daynight":"D"},"geometry":{"type":"Point","coordinates":[-113.86862,43.21613]}},{"type":"Feature","properties":{"acq_date":"2026-08-27","acq_time":2124,"confidence":"h","satellite":"N","instrument":"VIIRS","version":"2.0URT","bright_ti4":367,"frp":33.72,"daynight":"D"},"geometry":{"type":"Point","coordinates":[-113.79882,43.2162]}},{"type":"Feature","properties":{"acq_date":"2026-08-27","acq_time":2124,"confidence":"h","satellite":"N","instrument":"VIIRS","version":"2.0URT","bright_ti4":367,"frp":13.47,"daynight":"D"},"geometry":{"type":"Point","coordinates":[-113.86452,43.21636]}},{"type":"Feature","properties":{"acq_date":"2026-08-27","acq_time":2124,"confidence":"n","satellite":"N","instrument":"VIIRS","version":"2.0URT","bright_ti4":345.71,"frp":12.96,"daynight":"D"},"geometry":{"type":"Point","coordinates":[-113.86044,43.2166]}},{"type":"Feature","properties":{"acq_date":"2026-08-27","acq_time":2124,"confidence":"h","satellite":"N","instrument":"VIIRS","version":"2.0URT","bright_ti4":367,"frp":47.15,"daynight":"D"},"geometry":{"type":"Point","coordinates":[-113.79026,43.21664]}},{"type":"Feature","properties":{"acq_date":"2026-08-27","acq_time":2124,"confidence":"l","satellite":"N","instrument":"VIIRS","version":"2.0URT","bright_ti4":357.27,"frp":19.95,"daynight":"D"},"geometry":{"type":"Point","coordinates":[-113.78599,43.21687]}},{"type":"Feature","properties":{"acq_date":"2026-08-27","acq_time":2124,"confidence":"n","satellite":"N","instrument":"VIIRS","version":"2.0URT","bright_ti4":357.01,"frp":16.75,"daynight":"D"},"geometry":{"type":"Point","coordinates":[-113.86922,43.21769]}},{"type":"Feature","properties":{"acq_date":"2026-08-27","acq_time":2124,"confidence":"h","satellite":"N","instrument":"VIIRS","version":"2.0URT","bright_ti4":367,"frp":16.75,"daynight":"D"},"geometry":{"type":"Point","coordinates":[-113.8651,43.21791]}},{"type":"Feature","properties":{"acq_date":"2026-08-27","acq_time":2124,"confidence":"n","satellite":"N","instrument":"VIIRS","version":"2.0URT","bright_ti4":341,"frp":10.06,"daynight":"D"},"geometry":{"type":"Point","coordinates":[-113.861,43.21812]}},{"type":"Feature","properties":{"acq_date":"2026-08-27","acq_time":2124,"confidence":"n","satellite":"N","instrument":"VIIRS","version":"2.0URT","bright_ti4":349.06,"frp":27.34,"daynight":"D"},"geometry":{"type":"Point","coordinates":[-113.81536,43.21921]}},{"type":"Feature","properties":{"acq_date":"2026-08-27","acq_time":2124,"confidence":"l","satellite":"N","instrument":"VIIRS","version":"2.0URT","bright_ti4":357.03,"frp":23.93,"daynight":"D"},"geometry":{"type":"Point","coordinates":[-113.81133,43.21944]}},{"type":"Feature","properties":{"acq_date":"2026-08-27","acq_time":2124,"confidence":"l","satellite":"N","instrument":"VIIRS","version":"2.0URT","bright_ti4":357.03,"frp":23.93,"daynight":"D"},"geometry":{"type":"Point","coordinates":[-113.80727,43.21968]}},{"type":"Feature","properties":{"acq_date":"2026-08-27","acq_time":2124,"confidence":"l","satellite":"N","instrument":"VIIRS","version":"2.0URT","bright_ti4":357.03,"frp":27.7,"daynight":"D"},"geometry":{"type":"Point","coordinates":[-113.80315,43.21991]}},{"type":"Feature","properties":{"acq_date":"2026-08-27","acq_time":2124,"confidence":"l","satellite":"N","instrument":"VIIRS","version":"2.0URT","bright_ti4":357.03,"frp":27.7,"daynight":"D"},"geometry":{"type":"Point","coordinates":[-113.79891,43.22016]}},{"type":"Feature","properties":{"acq_date":"2026-08-27","acq_time":2124,"confidence":"l","satellite":"N","instrument":"VIIRS","version":"2.0URT","bright_ti4":357.03,"frp":54.27,"daynight":"D"},"geometry":{"type":"Point","coordinates":[-113.79461,43.22041]}},{"type":"Feature","properties":{"acq_date":"2026-08-27","acq_time":2124,"confidence":"n","satellite":"N","instrument":"VIIRS","version":"2.0URT","bright_ti4":344.73,"frp":33.72,"daynight":"D"},"geometry":{"type":"Point","coordinates":[-113.79941,43.22135]}},{"type":"Feature","properties":{"acq_date":"2026-08-27","acq_time":2124,"confidence":"n","satellite":"N","instrument":"VIIRS","version":"2.0URT","bright_ti4":343.94,"frp":47.15,"daynight":"D"},"geometry":{"type":"Point","coordinates":[-113.7951,43.22157]}},{"type":"Feature","properties":{"acq_date":"2026-08-27","acq_time":2125,"confidence":"n","satellite":"N","instrument":"VIIRS","version":"2.0NRT","bright_ti4":344.89,"frp":4.96,"daynight":"D"},"geometry":{"type":"Point","coordinates":[-117.68278,39.70092]}},{"type":"Feature","properties":{"acq_date":"2026-08-27","acq_time":2125,"confidence":"n","satellite":"N","instrument":"VIIRS","version":"2.0NRT","bright_ti4":332.6,"frp":7.21,"daynight":"D"},"geometry":{"type":"Point","coordinates":[-117.71854,39.70959]}},{"type":"Feature","properties":{"acq_date":"2026-08-27","acq_time":2125,"confidence":"n","satellite":"N","instrument":"VIIRS","version":"2.0NRT","bright_ti4":355.61,"frp":7.23,"daynight":"D"},"geometry":{"type":"Point","coordinates":[-117.71374,39.71008]}},{"type":"Feature","properties":{"acq_date":"2026-08-27","acq_time":2125,"confidence":"n","satellite":"N","instrument":"VIIRS","version":"2.0NRT","bright_ti4":335.54,"frp":7.23,"daynight":"D"},"geometry":{"type":"Point","coordinates":[-117.70898,39.71056]}},{"type":"Feature","properties":{"acq_date":"2026-08-27","acq_time":2125,"confidence":"n","satellite":"N","instrument":"VIIRS","version":"2.0NRT","bright_ti4":348.57,"frp":7.23,"daynight":"D"},"geometry":{"type":"Point","coordinates":[-117.71473,39.71407]}},{"type":"Feature","properties":{"acq_date":"2026-08-27","acq_time":2125,"confidence":"n","satellite":"N","instrument":"VIIRS","version":"2.0NRT","bright_ti4":336.63,"frp":5.78,"daynight":"D"},"geometry":{"type":"Point","coordinates":[-117.72095,39.71751]}},{"type":"Feature","properties":{"acq_date":"2026-08-27","acq_time":2125,"confidence":"n","satellite":"N","instrument":"VIIRS","version":"2.0NRT","bright_ti4":356.6,"frp":16.88,"daynight":"D"},"geometry":{"type":"Point","coordinates":[-117.71607,39.71801]}},{"type":"Feature","properties":{"acq_date":"2026-08-27","acq_time":2125,"confidence":"n","satellite":"N","instrument":"VIIRS","version":"2.0NRT","bright_ti4":340.57,"frp":4.3,"daynight":"D"},"geometry":{"type":"Point","coordinates":[-117.70707,39.71892]}},{"type":"Feature","properties":{"acq_date":"2026-08-27","acq_time":2125,"confidence":"n","satellite":"N","instrument":"VIIRS","version":"2.0NRT","bright_ti4":332.69,"frp":2.89,"daynight":"D"},"geometry":{"type":"Point","coordinates":[-117.72263,39.72551]}},{"type":"Feature","properties":{"acq_date":"2026-08-27","acq_time":2125,"confidence":"n","satellite":"N","instrument":"VIIRS","version":"2.0NRT","bright_ti4":332.83,"frp":2.89,"daynight":"D"},"geometry":{"type":"Point","coordinates":[-117.72318,39.72955]}},{"type":"Feature","properties":{"acq_date":"2026-08-27","acq_time":2125,"confidence":"n","satellite":"N","instrument":"VIIRS","version":"2.0NRT","bright_ti4":348.42,"frp":5.34,"daynight":"D"},"geometry":{"type":"Point","coordinates":[-117.64766,39.76575]}},{"type":"Feature","properties":{"acq_date":"2026-08-27","acq_time":2125,"confidence":"n","satellite":"N","instrument":"VIIRS","version":"2.0NRT","bright_ti4":345.72,"frp":11.67,"daynight":"D"},"geometry":{"type":"Point","coordinates":[-124.26476,40.46815]}},{"type":"Feature","properties":{"acq_date":"2026-08-27","acq_time":2125,"confidence":"n","satellite":"N","instrument":"VIIRS","version":"2.0NRT","bright_ti4":347.09,"frp":5.55,"daynight":"D"},"geometry":{"type":"Point","coordinates":[-117.67377,41.55149]}},{"type":"Feature","properties":{"acq_date":"2026-08-27","acq_time":2125,"confidence":"n","satellite":"N","instrument":"VIIRS","version":"2.0NRT","bright_ti4":352.66,"frp":29.11,"daynight":"D"},"geometry":{"type":"Point","coordinates":[-117.66503,41.55231]}},{"type":"Feature","properties":{"acq_date":"2026-08-27","acq_time":2125,"confidence":"n","satellite":"N","instrument":"VIIRS","version":"2.0NRT","bright_ti4":355.93,"frp":16.06,"daynight":"D"},"geometry":{"type":"Point","coordinates":[-117.67229,41.55366]}},{"type":"Feature","properties":{"acq_date":"2026-08-27","acq_time":2125,"confidence":"n","satellite":"N","instrument":"VIIRS","version":"2.0NRT","bright_ti4":355.66,"frp":25.01,"daynight":"D"},"geometry":{"type":"Point","coordinates":[-117.66788,41.55406]}},{"type":"Feature","properties":{"acq_date":"2026-08-27","acq_time":2125,"confidence":"n","satellite":"N","instrument":"VIIRS","version":"2.0NRT","bright_ti4":353.62,"frp":25.01,"daynight":"D"},"geometry":{"type":"Point","coordinates":[-117.66344,41.55447]}},{"type":"Feature","properties":{"acq_date":"2026-08-27","acq_time":2125,"confidence":"n","satellite":"N","instrument":"VIIRS","version":"2.0NRT","bright_ti4":346.6,"frp":5.55,"daynight":"D"},"geometry":{"type":"Point","coordinates":[-117.6796,41.55511]}},{"type":"Feature","properties":{"acq_date":"2026-08-27","acq_time":2125,"confidence":"n","satellite":"N","instrument":"VIIRS","version":"2.0NRT","bright_ti4":353.6,"frp":5.55,"daynight":"D"},"geometry":{"type":"Point","coordinates":[-117.67513,41.55554]}},{"type":"Feature","properties":{"acq_date":"2026-08-27","acq_time":2125,"confidence":"n","satellite":"N","instrument":"VIIRS","version":"2.0NRT","bright_ti4":356.39,"frp":29.11,"daynight":"D"},"geometry":{"type":"Point","coordinates":[-117.67069,41.55597]}},{"type":"Feature","properties":{"acq_date":"2026-08-27","acq_time":2125,"confidence":"l","satellite":"N","instrument":"VIIRS","version":"2.0NRT","bright_ti4":351.47,"frp":29.11,"daynight":"D"},"geometry":{"type":"Point","coordinates":[-117.66617,41.55639]}},{"type":"Feature","properties":{"acq_date":"2026-08-27","acq_time":2125,"confidence":"h","satellite":"N","instrument":"VIIRS","version":"2.0NRT","bright_ti4":367,"frp":24.5,"daynight":"D"},"geometry":{"type":"Point","coordinates":[-117.6615,41.55684]}},{"type":"Feature","properties":{"acq_date":"2026-08-27","acq_time":2125,"confidence":"l","satellite":"N","instrument":"VIIRS","version":"2.0NRT","bright_ti4":355.93,"frp":108.4,"daynight":"D"},"geometry":{"type":"Point","coordinates":[-117.67419,41.55768]}},{"type":"Feature","properties":{"acq_date":"2026-08-27","acq_time":2125,"confidence":"l","satellite":"N","instrument":"VIIRS","version":"2.0NRT","bright_ti4":351.51,"frp":56.81,"daynight":"D"},"geometry":{"type":"Point","coordinates":[-117.66976,41.55808]}},{"type":"Feature","properties":{"acq_date":"2026-08-27","acq_time":2125,"confidence":"l","satellite":"N","instrument":"VIIRS","version":"2.0NRT","bright_ti4":356.39,"frp":56.81,"daynight":"D"},"geometry":{"type":"Point","coordinates":[-117.66518,41.55849]}},{"type":"Feature","properties":{"acq_date":"2026-08-27","acq_time":2125,"confidence":"n","satellite":"N","instrument":"VIIRS","version":"2.0NRT","bright_ti4":352.23,"frp":25.84,"daynight":"D"},"geometry":{"type":"Point","coordinates":[-117.66001,41.55896]}},{"type":"Feature","properties":{"acq_date":"2026-08-27","acq_time":2125,"confidence":"h","satellite":"N","instrument":"VIIRS","version":"2.0NRT","bright_ti4":367,"frp":56.81,"daynight":"D"},"geometry":{"type":"Point","coordinates":[-117.67196,41.56207]}},{"type":"Feature","properties":{"acq_date":"2026-08-27","acq_time":2125,"confidence":"l","satellite":"N","instrument":"VIIRS","version":"2.0NRT","bright_ti4":355.46,"frp":85.14,"daynight":"D"},"geometry":{"type":"Point","coordinates":[-117.6891,41.57722]}},{"type":"Feature","properties":{"acq_date":"2026-08-27","acq_time":2125,"confidence":"h","satellite":"N","instrument":"VIIRS","version":"2.0NRT","bright_ti4":367,"frp":25.34,"daynight":"D"},"geometry":{"type":"Point","coordinates":[-117.73937,41.58094]}},{"type":"Feature","properties":{"acq_date":"2026-08-27","acq_time":2125,"confidence":"n","satellite":"N","instrument":"VIIRS","version":"2.0NRT","bright_ti4":353.18,"frp":25.34,"daynight":"D"},"geometry":{"type":"Point","coordinates":[-117.73472,41.58138]}},{"type":"Feature","properties":{"acq_date":"2026-08-27","acq_time":2125,"confidence":"h","satellite":"N","instrument":"VIIRS","version":"2.0NRT","bright_ti4":367,"frp":162.88,"daynight":"D"},"geometry":{"type":"Point","coordinates":[-117.68472,41.58181]}},{"type":"Feature","properties":{"acq_date":"2026-08-27","acq_time":2125,"confidence":"h","satellite":"N","instrument":"VIIRS","version":"2.0NRT","bright_ti4":367,"frp":39.14,"daynight":"D"},"geometry":{"type":"Point","coordinates":[-117.75146,41.584]}},{"type":"Feature","properties":{"acq_date":"2026-08-27","acq_time":2125,"confidence":"h","satellite":"N","instrument":"VIIRS","version":"2.0NRT","bright_ti4":367,"frp":28.1,"daynight":"D"},"geometry":{"type":"Point","coordinates":[-117.74738,41.58437]}},{"type":"Feature","properties":{"acq_date":"2026-08-27","acq_time":2125,"confidence":"n","satellite":"N","instrument":"VIIRS","version":"2.0NRT","bright_ti4":354.74,"frp":23.11,"daynight":"D"},"geometry":{"type":"Point","coordinates":[-117.69814,41.58475]}},{"type":"Feature","properties":{"acq_date":"2026-08-27","acq_time":2125,"confidence":"l","satellite":"N","instrument":"VIIRS","version":"2.0NRT","bright_ti4":367,"frp":162.88,"daynight":"D"},"geometry":{"type":"Point","coordinates":[-117.68438,41.58602]}},{"type":"Feature","properties":{"acq_date":"2026-08-27","acq_time":2125,"confidence":"l","satellite":"N","instrument":"VIIRS","version":"2.0NRT","bright_ti4":367,"frp":39.14,"daynight":"D"},"geometry":{"type":"Point","coordinates":[-117.75153,41.58816]}},{"type":"Feature","properties":{"acq_date":"2026-08-27","acq_time":2125,"confidence":"l","satellite":"N","instrument":"VIIRS","version":"2.0NRT","bright_ti4":367,"frp":208.69,"daynight":"D"},"geometry":{"type":"Point","coordinates":[-117.69333,41.58937]}},{"type":"Feature","properties":{"acq_date":"2026-08-27","acq_time":2125,"confidence":"h","satellite":"N","instrument":"VIIRS","version":"2.0NRT","bright_ti4":367,"frp":208.69,"daynight":"D"},"geometry":{"type":"Point","coordinates":[-117.68872,41.5898]}},{"type":"Feature","properties":{"acq_date":"2026-08-27","acq_time":2125,"confidence":"l","satellite":"N","instrument":"VIIRS","version":"2.0NRT","bright_ti4":367,"frp":454.03,"daynight":"D"},"geometry":{"type":"Point","coordinates":[-117.68379,41.59026]}},{"type":"Feature","properties":{"acq_date":"2026-08-27","acq_time":2125,"confidence":"l","satellite":"N","instrument":"VIIRS","version":"2.0NRT","bright_ti4":356.38,"frp":134.36,"daynight":"D"},"geometry":{"type":"Point","coordinates":[-117.66912,41.5916]}},{"type":"Feature","properties":{"acq_date":"2026-08-27","acq_time":2125,"confidence":"l","satellite":"N","instrument":"VIIRS","version":"2.0NRT","bright_ti4":367,"frp":127.94,"daynight":"D"},"geometry":{"type":"Point","coordinates":[-117.70213,41.59274]}},{"type":"Feature","properties":{"acq_date":"2026-08-27","acq_time":2125,"confidence":"h","satellite":"N","instrument":"VIIRS","version":"2.0NRT","bright_ti4":367,"frp":127.94,"daynight":"D"},"geometry":{"type":"Point","coordinates":[-117.69765,41.59315]}},{"type":"Feature","properties":{"acq_date":"2026-08-27","acq_time":2125,"confidence":"h","satellite":"N","instrument":"VIIRS","version":"2.0NRT","bright_ti4":367,"frp":208.69,"daynight":"D"},"geometry":{"type":"Point","coordinates":[-117.69297,41.59359]}},{"type":"Feature","properties":{"acq_date":"2026-08-27","acq_time":2125,"confidence":"l","satellite":"N","instrument":"VIIRS","version":"2.0NRT","bright_ti4":355.83,"frp":454.03,"daynight":"D"},"geometry":{"type":"Point","coordinates":[-117.68324,41.59449]}},{"type":"Feature","properties":{"acq_date":"2026-08-27","acq_time":2125,"confidence":"h","satellite":"N","instrument":"VIIRS","version":"2.0NRT","bright_ti4":367,"frp":134.36,"daynight":"D"},"geometry":{"type":"Point","coordinates":[-117.6741,41.59533]}},{"type":"Feature","properties":{"acq_date":"2026-08-27","acq_time":2125,"confidence":"l","satellite":"N","instrument":"VIIRS","version":"2.0NRT","bright_ti4":367,"frp":70.04,"daynight":"D"},"geometry":{"type":"Point","coordinates":[-117.7524,41.59642]}},{"type":"Feature","properties":{"acq_date":"2026-08-27","acq_time":2125,"confidence":"n","satellite":"N","instrument":"VIIRS","version":"2.0NRT","bright_ti4":354.05,"frp":23.99,"daynight":"D"},"geometry":{"type":"Point","coordinates":[-117.70184,41.59695]}},{"type":"Feature","properties":{"acq_date":"2026-08-27","acq_time":2125,"confidence":"l","satellite":"N","instrument":"VIIRS","version":"2.0NRT","bright_ti4":356.74,"frp":56.41,"daynight":"D"},"geometry":{"type":"Point","coordinates":[-117.65647,41.59696]}},{"type":"Feature","properties":{"acq_date":"2026-08-27","acq_time":2125,"confidence":"n","satellite":"N","instrument":"VIIRS","version":"2.0NRT","bright_ti4":355.3,"frp":39.07,"daynight":"D"},"geometry":{"type":"Point","coordinates":[-117.73507,41.59803]}},{"type":"Feature","properties":{"acq_date":"2026-08-27","acq_time":2125,"confidence":"l","satellite":"N","instrument":"VIIRS","version":"2.0NRT","bright_ti4":354.21,"frp":52.5,"daynight":"D"},"geometry":{"type":"Point","coordinates":[-117.73032,41.59848]}},{"type":"Feature","properties":{"acq_date":"2026-08-27","acq_time":2125,"confidence":"h","satellite":"N","instrument":"VIIRS","version":"2.0NRT","bright_ti4":367,"frp":61.62,"daynight":"D"},"geometry":{"type":"Point","coordinates":[-117.68322,41.59867]}},{"type":"Feature","properties":{"acq_date":"2026-08-27","acq_time":2125,"confidence":"h","satellite":"N","instrument":"VIIRS","version":"2.0NRT","bright_ti4":367,"frp":152.6,"daynight":"D"},"geometry":{"type":"Point","coordinates":[-117.67007,41.59989]}},{"type":"Feature","properties":{"acq_date":"2026-08-27","acq_time":2125,"confidence":"n","satellite":"N","instrument":"VIIRS","version":"2.0NRT","bright_ti4":356.33,"frp":50.59,"daynight":"D"},"geometry":{"type":"Point","coordinates":[-117.66142,41.60069]}},{"type":"Feature","properties":{"acq_date":"2026-08-27","acq_time":2125,"confidence":"h","satellite":"N","instrument":"VIIRS","version":"2.0NRT","bright_ti4":367,"frp":56.03,"daynight":"D"},"geometry":{"type":"Point","coordinates":[-117.74851,41.60096]}},{"type":"Feature","properties":{"acq_date":"2026-08-27","acq_time":2125,"confidence":"l","satellite":"N","instrument":"VIIRS","version":"2.0NRT","bright_ti4":353.62,"frp":56.03,"daynight":"D"},"geometry":{"type":"Point","coordinates":[-117.74417,41.60136]}},{"type":"Feature","properties":{"acq_date":"2026-08-27","acq_time":2125,"confidence":"n","satellite":"N","instrument":"VIIRS","version":"2.0NRT","bright_ti4":356.45,"frp":40.85,"daynight":"D"},"geometry":{"type":"Point","coordinates":[-117.65269,41.60149]}},{"type":"Feature","properties":{"acq_date":"2026-08-27","acq_time":2125,"confidence":"n","satellite":"N","instrument":"VIIRS","version":"2.0NRT","bright_ti4":354.66,"frp":11.99,"daynight":"D"},"geometry":{"type":"Point","coordinates":[-117.64728,41.60199]}},{"type":"Feature","properties":{"acq_date":"2026-08-27","acq_time":2125,"confidence":"n","satellite":"N","instrument":"VIIRS","version":"2.0NRT","bright_ti4":349.39,"frp":11.99,"daynight":"D"},"geometry":{"type":"Point","coordinates":[-117.64111,41.60256]}},{"type":"Feature","properties":{"acq_date":"2026-08-27","acq_time":2125,"confidence":"n","satellite":"N","instrument":"VIIRS","version":"2.0NRT","bright_ti4":354.21,"frp":31.33,"daynight":"D"},"geometry":{"type":"Point","coordinates":[-117.73042,41.60265]}},{"type":"Feature","properties":{"acq_date":"2026-08-27","acq_time":2125,"confidence":"n","satellite":"N","instrument":"VIIRS","version":"2.0NRT","bright_ti4":351.82,"frp":31.33,"daynight":"D"},"geometry":{"type":"Point","coordinates":[-117.72572,41.60308]}},{"type":"Feature","properties":{"acq_date":"2026-08-27","acq_time":2125,"confidence":"h","satellite":"N","instrument":"VIIRS","version":"2.0NRT","bright_ti4":367,"frp":61.62,"daynight":"D"},"geometry":{"type":"Point","coordinates":[-117.67909,41.60324]}},{"type":"Feature","properties":{"acq_date":"2026-08-27","acq_time":2125,"confidence":"n","satellite":"N","instrument":"VIIRS","version":"2.0NRT","bright_ti4":355.88,"frp":152.6,"daynight":"D"},"geometry":{"type":"Point","coordinates":[-117.67044,41.60404]}},{"type":"Feature","properties":{"acq_date":"2026-08-27","acq_time":2125,"confidence":"h","satellite":"N","instrument":"VIIRS","version":"2.0NRT","bright_ti4":367,"frp":50.59,"daynight":"D"},"geometry":{"type":"Point","coordinates":[-117.66617,41.60443]}},{"type":"Feature","properties":{"acq_date":"2026-08-27","acq_time":2125,"confidence":"h","satellite":"N","instrument":"VIIRS","version":"2.0NRT","bright_ti4":367,"frp":50.59,"daynight":"D"},"geometry":{"type":"Point","coordinates":[-117.66195,41.60483]}},{"type":"Feature","properties":{"acq_date":"2026-08-27","acq_time":2125,"confidence":"l","satellite":"N","instrument":"VIIRS","version":"2.0NRT","bright_ti4":367,"frp":56.03,"daynight":"D"},"geometry":{"type":"Point","coordinates":[-117.74888,41.60509]}},{"type":"Feature","properties":{"acq_date":"2026-08-27","acq_time":2125,"confidence":"h","satellite":"N","instrument":"VIIRS","version":"2.0NRT","bright_ti4":367,"frp":40.85,"daynight":"D"},"geometry":{"type":"Point","coordinates":[-117.65786,41.6052]}},{"type":"Feature","properties":{"acq_date":"2026-08-27","acq_time":2125,"confidence":"n","satellite":"N","instrument":"VIIRS","version":"2.0NRT","bright_ti4":353.77,"frp":56.03,"daynight":"D"},"geometry":{"type":"Point","coordinates":[-117.7445,41.6055]}},{"type":"Feature","properties":{"acq_date":"2026-08-27","acq_time":2125,"confidence":"h","satellite":"N","instrument":"VIIRS","version":"2.0NRT","bright_ti4":367,"frp":40.85,"daynight":"D"},"geometry":{"type":"Point","coordinates":[-117.65348,41.60561]}},{"type":"Feature","properties":{"acq_date":"2026-08-27","acq_time":2125,"confidence":"l","satellite":"N","instrument":"VIIRS","version":"2.0NRT","bright_ti4":356.72,"frp":11.99,"daynight":"D"},"geometry":{"type":"Point","coordinates":[-117.64243,41.60663]}},{"type":"Feature","properties":{"acq_date":"2026-08-27","acq_time":2125,"confidence":"l","satellite":"N","instrument":"VIIRS","version":"2.0NRT","bright_ti4":353.9,"frp":31.33,"daynight":"D"},"geometry":{"type":"Point","coordinates":[-117.72677,41.60716]}},{"type":"Feature","properties":{"acq_date":"2026-08-27","acq_time":2125,"confidence":"l","satellite":"N","instrument":"VIIRS","version":"2.0NRT","bright_ti4":356.72,"frp":18.25,"daynight":"D"},"geometry":{"type":"Point","coordinates":[-117.63672,41.60716]}},{"type":"Feature","properties":{"acq_date":"2026-08-27","acq_time":2125,"confidence":"n","satellite":"N","instrument":"VIIRS","version":"2.0NRT","bright_ti4":355.17,"frp":12.45,"daynight":"D"},"geometry":{"type":"Point","coordinates":[-117.66244,41.60897]}},{"type":"Feature","properties":{"acq_date":"2026-08-27","acq_time":2125,"confidence":"n","satellite":"N","instrument":"VIIRS","version":"2.0NRT","bright_ti4":352.58,"frp":36.77,"daynight":"D"},"geometry":{"type":"Point","coordinates":[-117.6583,41.60935]}},{"type":"Feature","properties":{"acq_date":"2026-08-27","acq_time":2125,"confidence":"n","satellite":"N","instrument":"VIIRS","version":"2.0NRT","bright_ti4":355.77,"frp":36.77,"daynight":"D"},"geometry":{"type":"Point","coordinates":[-117.65395,41.60976]}},{"type":"Feature","properties":{"acq_date":"2026-08-27","acq_time":2125,"confidence":"n","satellite":"N","instrument":"VIIRS","version":"2.0NRT","bright_ti4":344.78,"frp":18.87,"daynight":"D"},"geometry":{"type":"Point","coordinates":[-117.64906,41.61021]}},{"type":"Feature","properties":{"acq_date":"2026-08-27","acq_time":2125,"confidence":"l","satellite":"N","instrument":"VIIRS","version":"2.0NRT","bright_ti4":367,"frp":82.75,"daynight":"D"},"geometry":{"type":"Point","coordinates":[-117.72812,41.61121]}},{"type":"Feature","properties":{"acq_date":"2026-08-27","acq_time":2125,"confidence":"l","satellite":"N","instrument":"VIIRS","version":"2.0NRT","bright_ti4":351.78,"frp":44.53,"daynight":"D"},"geometry":{"type":"Point","coordinates":[-117.72375,41.61162]}},{"type":"Feature","properties":{"acq_date":"2026-08-27","acq_time":2125,"confidence":"n","satellite":"N","instrument":"VIIRS","version":"2.0NRT","bright_ti4":355.44,"frp":12.45,"daynight":"D"},"geometry":{"type":"Point","coordinates":[-117.66283,41.61312]}},{"type":"Feature","properties":{"acq_date":"2026-08-27","acq_time":2125,"confidence":"n","satellite":"N","instrument":"VIIRS","version":"2.0NRT","bright_ti4":346.98,"frp":44.53,"daynight":"D"},"geometry":{"type":"Point","coordinates":[-117.72439,41.61573]}},{"type":"Feature","properties":{"acq_date":"2026-08-27","acq_time":2125,"confidence":"n","satellite":"N","instrument":"VIIRS","version":"2.0NRT","bright_ti4":350.96,"frp":44.53,"daynight":"D"},"geometry":{"type":"Point","coordinates":[-117.7198,41.61617]}},{"type":"Feature","properties":{"acq_date":"2026-08-27","acq_time":2125,"confidence":"n","satellite":"N","instrument":"VIIRS","version":"2.0NRT","bright_ti4":351.88,"frp":8.09,"daynight":"D"},"geometry":{"type":"Point","coordinates":[-117.67208,41.61644]}},{"type":"Feature","properties":{"acq_date":"2026-08-27","acq_time":2125,"confidence":"n","satellite":"N","instrument":"VIIRS","version":"2.0NRT","bright_ti4":350.07,"frp":9.43,"daynight":"D"},"geometry":{"type":"Point","coordinates":[-117.66745,41.61688]}},{"type":"Feature","properties":{"acq_date":"2026-08-27","acq_time":2125,"confidence":"n","satellite":"N","instrument":"VIIRS","version":"2.0NRT","bright_ti4":353.74,"frp":8.09,"daynight":"D"},"geometry":{"type":"Point","coordinates":[-117.67741,41.62013]}},{"type":"Feature","properties":{"acq_date":"2026-08-27","acq_time":2125,"confidence":"n","satellite":"N","instrument":"VIIRS","version":"2.0NRT","bright_ti4":355.99,"frp":8.09,"daynight":"D"},"geometry":{"type":"Point","coordinates":[-117.67259,41.62058]}},{"type":"Feature","properties":{"acq_date":"2026-08-27","acq_time":2125,"confidence":"h","satellite":"N","instrument":"VIIRS","version":"2.0NRT","bright_ti4":367,"frp":22.86,"daynight":"D"},"geometry":{"type":"Point","coordinates":[-117.7158,41.62072]}},{"type":"Feature","properties":{"acq_date":"2026-08-27","acq_time":2125,"confidence":"n","satellite":"N","instrument":"VIIRS","version":"2.0NRT","bright_ti4":352.03,"frp":9.43,"daynight":"D"},"geometry":{"type":"Point","coordinates":[-117.66755,41.62106]}},{"type":"Feature","properties":{"acq_date":"2026-08-27","acq_time":2125,"confidence":"n","satellite":"N","instrument":"VIIRS","version":"2.0NRT","bright_ti4":355.83,"frp":22.86,"daynight":"D"},"geometry":{"type":"Point","coordinates":[-117.71125,41.62114]}},{"type":"Feature","properties":{"acq_date":"2026-08-27","acq_time":2125,"confidence":"n","satellite":"N","instrument":"VIIRS","version":"2.0NRT","bright_ti4":352.69,"frp":16.69,"daynight":"D"},"geometry":{"type":"Point","coordinates":[-117.70688,41.62156]}},{"type":"Feature","properties":{"acq_date":"2026-08-27","acq_time":2125,"confidence":"n","satellite":"N","instrument":"VIIRS","version":"2.0NRT","bright_ti4":348.55,"frp":52.53,"daynight":"D"},"geometry":{"type":"Point","coordinates":[-117.69765,41.62242]}},{"type":"Feature","properties":{"acq_date":"2026-08-27","acq_time":2125,"confidence":"n","satellite":"N","instrument":"VIIRS","version":"2.0NRT","bright_ti4":356.17,"frp":30.21,"daynight":"D"},"geometry":{"type":"Point","coordinates":[-117.67272,41.62476]}},{"type":"Feature","properties":{"acq_date":"2026-08-27","acq_time":2125,"confidence":"n","satellite":"N","instrument":"VIIRS","version":"2.0NRT","bright_ti4":350.47,"frp":15,"daynight":"D"},"geometry":{"type":"Point","coordinates":[-117.66738,41.62526]}},{"type":"Feature","properties":{"acq_date":"2026-08-27","acq_time":2125,"confidence":"h","satellite":"N","instrument":"VIIRS","version":"2.0NRT","bright_ti4":367,"frp":16.69,"daynight":"D"},"geometry":{"type":"Point","coordinates":[-117.70728,41.6257]}},{"type":"Feature","properties":{"acq_date":"2026-08-27","acq_time":2125,"confidence":"n","satellite":"N","instrument":"VIIRS","version":"2.0NRT","bright_ti4":355.25,"frp":16.69,"daynight":"D"},"geometry":{"type":"Point","coordinates":[-117.70279,41.62612]}},{"type":"Feature","properties":{"acq_date":"2026-08-27","acq_time":2125,"confidence":"n","satellite":"N","instrument":"VIIRS","version":"2.0NRT","bright_ti4":347.13,"frp":10.69,"daynight":"D"},"geometry":{"type":"Point","coordinates":[-117.65762,41.62618]}},{"type":"Feature","properties":{"acq_date":"2026-08-27","acq_time":2125,"confidence":"n","satellite":"N","instrument":"VIIRS","version":"2.0NRT","bright_ti4":353.06,"frp":52.53,"daynight":"D"},"geometry":{"type":"Point","coordinates":[-117.6936,41.62698]}},{"type":"Feature","properties":{"acq_date":"2026-08-27","acq_time":2125,"confidence":"n","satellite":"N","instrument":"VIIRS","version":"2.0NRT","bright_ti4":353.75,"frp":55.54,"daynight":"D"},"geometry":{"type":"Point","coordinates":[-117.68875,41.62744]}},{"type":"Feature","properties":{"acq_date":"2026-08-27","acq_time":2125,"confidence":"n","satellite":"N","instrument":"VIIRS","version":"2.0NRT","bright_ti4":351.51,"frp":30.21,"daynight":"D"},"geometry":{"type":"Point","coordinates":[-117.67837,41.62842]}},{"type":"Feature","properties":{"acq_date":"2026-08-27","acq_time":2125,"confidence":"h","satellite":"N","instrument":"VIIRS","version":"2.0NRT","bright_ti4":367,"frp":30.21,"daynight":"D"},"geometry":{"type":"Point","coordinates":[-117.67271,41.62895]}},{"type":"Feature","properties":{"acq_date":"2026-08-27","acq_time":2125,"confidence":"n","satellite":"N","instrument":"VIIRS","version":"2.0NRT","bright_ti4":356.62,"frp":15,"daynight":"D"},"geometry":{"type":"Point","coordinates":[-117.66724,41.62947]}},{"type":"Feature","properties":{"acq_date":"2026-08-27","acq_time":2125,"confidence":"h","satellite":"N","instrument":"VIIRS","version":"2.0NRT","bright_ti4":367,"frp":15.15,"daynight":"D"},"geometry":{"type":"Point","coordinates":[-117.69397,41.63113]}},{"type":"Feature","properties":{"acq_date":"2026-08-27","acq_time":2125,"confidence":"n","satellite":"N","instrument":"VIIRS","version":"2.0NRT","bright_ti4":354.65,"frp":51.8,"daynight":"D"},"geometry":{"type":"Point","coordinates":[-117.68398,41.63208]}},{"type":"Feature","properties":{"acq_date":"2026-08-27","acq_time":2125,"confidence":"h","satellite":"N","instrument":"VIIRS","version":"2.0NRT","bright_ti4":367,"frp":163.38,"daynight":"D"},"geometry":{"type":"Point","coordinates":[-117.67857,41.63259]}},{"type":"Feature","properties":{"acq_date":"2026-08-27","acq_time":2125,"confidence":"h","satellite":"N","instrument":"VIIRS","version":"2.0NRT","bright_ti4":367,"frp":163.38,"daynight":"D"},"geometry":{"type":"Point","coordinates":[-117.67271,41.63314]}},{"type":"Feature","properties":{"acq_date":"2026-08-27","acq_time":2125,"confidence":"h","satellite":"N","instrument":"VIIRS","version":"2.0NRT","bright_ti4":367,"frp":98.21,"daynight":"D"},"geometry":{"type":"Point","coordinates":[-117.66738,41.63365]}}]}