{"type":"FeatureCollection","name":"FIRMS VIIRS CA (last 1 day)","crs":{"type":"name","properties":{"name":"EPSG:4326"}},"fetched_at_utc":"2026-08-02T15:05:24.399Z","source":{"url":"https://firms.modaps.eosdis.nasa.gov/api/area/csv/8c4af552cf654445dd280dfb3ad9337c/VIIRS_SNPP_NRT/-125,32,-113,43.5/1","dataset":"VIIRS_SNPP_NRT","bbox":"-125,32,-113,43.5","day_range":"1"},"features":[{"type":"Feature","properties":{"acq_date":"2026-08-02","acq_time":928,"confidence":"n","satellite":"N","instrument":"VIIRS","version":"2.0NRT","bright_ti4":313.14,"frp":2.12,"daynight":"N"},"geometry":{"type":"Point","coordinates":[-114.88102,39.13659]}},{"type":"Feature","properties":{"acq_date":"2026-08-02","acq_time":928,"confidence":"n","satellite":"N","instrument":"VIIRS","version":"2.0NRT","bright_ti4":314.07,"frp":1.9,"daynight":"N"},"geometry":{"type":"Point","coordinates":[-114.88606,39.13723]}},{"type":"Feature","properties":{"acq_date":"2026-08-02","acq_time":928,"confidence":"n","satellite":"N","instrument":"VIIRS","version":"2.0NRT","bright_ti4":306.59,"frp":1.9,"daynight":"N"},"geometry":{"type":"Point","coordinates":[-114.89094,39.13784]}},{"type":"Feature","properties":{"acq_date":"2026-08-02","acq_time":928,"confidence":"n","satellite":"N","instrument":"VIIRS","version":"2.0NRT","bright_ti4":338.53,"frp":18.14,"daynight":"N"},"geometry":{"type":"Point","coordinates":[-114.89572,39.13845]}},{"type":"Feature","properties":{"acq_date":"2026-08-02","acq_time":928,"confidence":"h","satellite":"N","instrument":"VIIRS","version":"2.0NRT","bright_ti4":367,"frp":18.14,"daynight":"N"},"geometry":{"type":"Point","coordinates":[-114.9006,39.13906]}},{"type":"Feature","properties":{"acq_date":"2026-08-02","acq_time":928,"confidence":"n","satellite":"N","instrument":"VIIRS","version":"2.0NRT","bright_ti4":309.76,"frp":2.12,"daynight":"N"},"geometry":{"type":"Point","coordinates":[-114.87528,39.13952]}},{"type":"Feature","properties":{"acq_date":"2026-08-02","acq_time":928,"confidence":"n","satellite":"N","instrument":"VIIRS","version":"2.0NRT","bright_ti4":355.91,"frp":15.27,"daynight":"N"},"geometry":{"type":"Point","coordinates":[-114.90552,39.13968]}},{"type":"Feature","properties":{"acq_date":"2026-08-02","acq_time":928,"confidence":"n","satellite":"N","instrument":"VIIRS","version":"2.0NRT","bright_ti4":313.88,"frp":2.12,"daynight":"N"},"geometry":{"type":"Point","coordinates":[-114.88036,39.14016]}},{"type":"Feature","properties":{"acq_date":"2026-08-02","acq_time":928,"confidence":"n","satellite":"N","instrument":"VIIRS","version":"2.0NRT","bright_ti4":330.05,"frp":15.27,"daynight":"N"},"geometry":{"type":"Point","coordinates":[-114.9105,39.1403]}},{"type":"Feature","properties":{"acq_date":"2026-08-02","acq_time":928,"confidence":"n","satellite":"N","instrument":"VIIRS","version":"2.0NRT","bright_ti4":317.62,"frp":1.9,"daynight":"N"},"geometry":{"type":"Point","coordinates":[-114.88542,39.1408]}},{"type":"Feature","properties":{"acq_date":"2026-08-02","acq_time":928,"confidence":"n","satellite":"N","instrument":"VIIRS","version":"2.0NRT","bright_ti4":314.53,"frp":1.9,"daynight":"N"},"geometry":{"type":"Point","coordinates":[-114.89035,39.14142]}},{"type":"Feature","properties":{"acq_date":"2026-08-02","acq_time":928,"confidence":"n","satellite":"N","instrument":"VIIRS","version":"2.0NRT","bright_ti4":302.86,"frp":1.95,"daynight":"N"},"geometry":{"type":"Point","coordinates":[-114.8644,39.1418]}},{"type":"Feature","properties":{"acq_date":"2026-08-02","acq_time":928,"confidence":"n","satellite":"N","instrument":"VIIRS","version":"2.0NRT","bright_ti4":344.81,"frp":18.14,"daynight":"N"},"geometry":{"type":"Point","coordinates":[-114.89517,39.14202]}},{"type":"Feature","properties":{"acq_date":"2026-08-02","acq_time":928,"confidence":"n","satellite":"N","instrument":"VIIRS","version":"2.0NRT","bright_ti4":306.55,"frp":1.95,"daynight":"N"},"geometry":{"type":"Point","coordinates":[-114.86952,39.14244]}},{"type":"Feature","properties":{"acq_date":"2026-08-02","acq_time":928,"confidence":"n","satellite":"N","instrument":"VIIRS","version":"2.0NRT","bright_ti4":353.27,"frp":18.14,"daynight":"N"},"geometry":{"type":"Point","coordinates":[-114.90005,39.14264]}},{"type":"Feature","properties":{"acq_date":"2026-08-02","acq_time":928,"confidence":"n","satellite":"N","instrument":"VIIRS","version":"2.0NRT","bright_ti4":330.31,"frp":3.93,"daynight":"N"},"geometry":{"type":"Point","coordinates":[-114.87463,39.14309]}},{"type":"Feature","properties":{"acq_date":"2026-08-02","acq_time":928,"confidence":"n","satellite":"N","instrument":"VIIRS","version":"2.0NRT","bright_ti4":343.54,"frp":15.27,"daynight":"N"},"geometry":{"type":"Point","coordinates":[-114.90497,39.14326]}},{"type":"Feature","properties":{"acq_date":"2026-08-02","acq_time":928,"confidence":"n","satellite":"N","instrument":"VIIRS","version":"2.0NRT","bright_ti4":323.71,"frp":3.93,"daynight":"N"},"geometry":{"type":"Point","coordinates":[-114.87975,39.14373]}},{"type":"Feature","properties":{"acq_date":"2026-08-02","acq_time":928,"confidence":"n","satellite":"N","instrument":"VIIRS","version":"2.0NRT","bright_ti4":339.51,"frp":5.01,"daynight":"N"},"geometry":{"type":"Point","coordinates":[-114.8848,39.14437]}},{"type":"Feature","properties":{"acq_date":"2026-08-02","acq_time":928,"confidence":"n","satellite":"N","instrument":"VIIRS","version":"2.0NRT","bright_ti4":324.34,"frp":5.01,"daynight":"N"},"geometry":{"type":"Point","coordinates":[-114.88974,39.14499]}},{"type":"Feature","properties":{"acq_date":"2026-08-02","acq_time":928,"confidence":"h","satellite":"N","instrument":"VIIRS","version":"2.0NRT","bright_ti4":367,"frp":8.08,"daynight":"N"},"geometry":{"type":"Point","coordinates":[-114.8946,39.14561]}},{"type":"Feature","properties":{"acq_date":"2026-08-02","acq_time":928,"confidence":"n","satellite":"N","instrument":"VIIRS","version":"2.0NRT","bright_ti4":332.14,"frp":8.08,"daynight":"N"},"geometry":{"type":"Point","coordinates":[-114.89948,39.14622]}},{"type":"Feature","properties":{"acq_date":"2026-08-02","acq_time":928,"confidence":"n","satellite":"N","instrument":"VIIRS","version":"2.0NRT","bright_ti4":331.16,"frp":3.93,"daynight":"N"},"geometry":{"type":"Point","coordinates":[-114.87393,39.14665]}},{"type":"Feature","properties":{"acq_date":"2026-08-02","acq_time":928,"confidence":"n","satellite":"N","instrument":"VIIRS","version":"2.0NRT","bright_ti4":332.45,"frp":3.93,"daynight":"N"},"geometry":{"type":"Point","coordinates":[-114.87904,39.14729]}},{"type":"Feature","properties":{"acq_date":"2026-08-02","acq_time":928,"confidence":"n","satellite":"N","instrument":"VIIRS","version":"2.0NRT","bright_ti4":348.73,"frp":5.01,"daynight":"N"},"geometry":{"type":"Point","coordinates":[-114.88409,39.14793]}},{"type":"Feature","properties":{"acq_date":"2026-08-02","acq_time":928,"confidence":"n","satellite":"N","instrument":"VIIRS","version":"2.0NRT","bright_ti4":324.49,"frp":5.01,"daynight":"N"},"geometry":{"type":"Point","coordinates":[-114.88907,39.14856]}},{"type":"Feature","properties":{"acq_date":"2026-08-02","acq_time":928,"confidence":"n","satellite":"N","instrument":"VIIRS","version":"2.0NRT","bright_ti4":308.05,"frp":8.08,"daynight":"N"},"geometry":{"type":"Point","coordinates":[-114.89393,39.14917]}},{"type":"Feature","properties":{"acq_date":"2026-08-02","acq_time":928,"confidence":"n","satellite":"N","instrument":"VIIRS","version":"2.0NRT","bright_ti4":310.85,"frp":1.68,"daynight":"N"},"geometry":{"type":"Point","coordinates":[-114.88332,39.15149]}},{"type":"Feature","properties":{"acq_date":"2026-08-02","acq_time":928,"confidence":"n","satellite":"N","instrument":"VIIRS","version":"2.0NRT","bright_ti4":302.75,"frp":2.62,"daynight":"N"},"geometry":{"type":"Point","coordinates":[-117.47514,39.57995]}},{"type":"Feature","properties":{"acq_date":"2026-08-02","acq_time":928,"confidence":"n","satellite":"N","instrument":"VIIRS","version":"2.0NRT","bright_ti4":326.03,"frp":3.76,"daynight":"N"},"geometry":{"type":"Point","coordinates":[-117.4798,39.58041]}},{"type":"Feature","properties":{"acq_date":"2026-08-02","acq_time":928,"confidence":"n","satellite":"N","instrument":"VIIRS","version":"2.0NRT","bright_ti4":318.3,"frp":3.19,"daynight":"N"},"geometry":{"type":"Point","coordinates":[-117.47666,39.58052]}},{"type":"Feature","properties":{"acq_date":"2026-08-02","acq_time":928,"confidence":"n","satellite":"N","instrument":"VIIRS","version":"2.0NRT","bright_ti4":316.89,"frp":3.19,"daynight":"N"},"geometry":{"type":"Point","coordinates":[-117.48132,39.58101]}},{"type":"Feature","properties":{"acq_date":"2026-08-02","acq_time":928,"confidence":"n","satellite":"N","instrument":"VIIRS","version":"2.0NRT","bright_ti4":317.28,"frp":2.62,"daynight":"N"},"geometry":{"type":"Point","coordinates":[-117.46972,39.58353]}},{"type":"Feature","properties":{"acq_date":"2026-08-02","acq_time":928,"confidence":"n","satellite":"N","instrument":"VIIRS","version":"2.0NRT","bright_ti4":330.4,"frp":2.62,"daynight":"N"},"geometry":{"type":"Point","coordinates":[-117.47428,39.58398]}},{"type":"Feature","properties":{"acq_date":"2026-08-02","acq_time":928,"confidence":"n","satellite":"N","instrument":"VIIRS","version":"2.0NRT","bright_ti4":335.05,"frp":4.59,"daynight":"N"},"geometry":{"type":"Point","coordinates":[-117.47121,39.58407]}},{"type":"Feature","properties":{"acq_date":"2026-08-02","acq_time":928,"confidence":"n","satellite":"N","instrument":"VIIRS","version":"2.0NRT","bright_ti4":330.8,"frp":3.76,"daynight":"N"},"geometry":{"type":"Point","coordinates":[-117.47888,39.58443]}},{"type":"Feature","properties":{"acq_date":"2026-08-02","acq_time":928,"confidence":"n","satellite":"N","instrument":"VIIRS","version":"2.0NRT","bright_ti4":322.6,"frp":3.19,"daynight":"N"},"geometry":{"type":"Point","coordinates":[-117.4758,39.58454]}},{"type":"Feature","properties":{"acq_date":"2026-08-02","acq_time":928,"confidence":"n","satellite":"N","instrument":"VIIRS","version":"2.0NRT","bright_ti4":329.93,"frp":3.76,"daynight":"N"},"geometry":{"type":"Point","coordinates":[-117.48349,39.58488]}},{"type":"Feature","properties":{"acq_date":"2026-08-02","acq_time":928,"confidence":"n","satellite":"N","instrument":"VIIRS","version":"2.0NRT","bright_ti4":337.07,"frp":3.19,"daynight":"N"},"geometry":{"type":"Point","coordinates":[-117.48038,39.58502]}},{"type":"Feature","properties":{"acq_date":"2026-08-02","acq_time":928,"confidence":"n","satellite":"N","instrument":"VIIRS","version":"2.0NRT","bright_ti4":299.71,"frp":1.35,"daynight":"N"},"geometry":{"type":"Point","coordinates":[-117.48814,39.58534]}},{"type":"Feature","properties":{"acq_date":"2026-08-02","acq_time":928,"confidence":"n","satellite":"N","instrument":"VIIRS","version":"2.0NRT","bright_ti4":322.62,"frp":4.33,"daynight":"N"},"geometry":{"type":"Point","coordinates":[-117.48498,39.5855]}},{"type":"Feature","properties":{"acq_date":"2026-08-02","acq_time":928,"confidence":"n","satellite":"N","instrument":"VIIRS","version":"2.0NRT","bright_ti4":299.86,"frp":4.06,"daynight":"N"},"geometry":{"type":"Point","coordinates":[-117.46889,39.58755]}},{"type":"Feature","properties":{"acq_date":"2026-08-02","acq_time":928,"confidence":"n","satellite":"N","instrument":"VIIRS","version":"2.0NRT","bright_ti4":347.53,"frp":4.06,"daynight":"N"},"geometry":{"type":"Point","coordinates":[-117.4734,39.588]}},{"type":"Feature","properties":{"acq_date":"2026-08-02","acq_time":928,"confidence":"n","satellite":"N","instrument":"VIIRS","version":"2.0NRT","bright_ti4":324.16,"frp":4.27,"daynight":"N"},"geometry":{"type":"Point","coordinates":[-117.47798,39.58845]}},{"type":"Feature","properties":{"acq_date":"2026-08-02","acq_time":928,"confidence":"n","satellite":"N","instrument":"VIIRS","version":"2.0NRT","bright_ti4":326.68,"frp":4.27,"daynight":"N"},"geometry":{"type":"Point","coordinates":[-117.48254,39.5889]}},{"type":"Feature","properties":{"acq_date":"2026-08-02","acq_time":928,"confidence":"n","satellite":"N","instrument":"VIIRS","version":"2.0NRT","bright_ti4":310.63,"frp":2.01,"daynight":"N"},"geometry":{"type":"Point","coordinates":[-117.48716,39.58936]}},{"type":"Feature","properties":{"acq_date":"2026-08-02","acq_time":928,"confidence":"n","satellite":"N","instrument":"VIIRS","version":"2.0NRT","bright_ti4":348.02,"frp":4.27,"daynight":"N"},"geometry":{"type":"Point","coordinates":[-117.47707,39.59247]}},{"type":"Feature","properties":{"acq_date":"2026-08-02","acq_time":928,"confidence":"n","satellite":"N","instrument":"VIIRS","version":"2.0NRT","bright_ti4":322.25,"frp":4.27,"daynight":"N"},"geometry":{"type":"Point","coordinates":[-117.48164,39.59292]}},{"type":"Feature","properties":{"acq_date":"2026-08-02","acq_time":928,"confidence":"n","satellite":"N","instrument":"VIIRS","version":"2.0NRT","bright_ti4":312.44,"frp":2.01,"daynight":"N"},"geometry":{"type":"Point","coordinates":[-117.48627,39.59338]}},{"type":"Feature","properties":{"acq_date":"2026-08-02","acq_time":928,"confidence":"n","satellite":"N","instrument":"VIIRS","version":"2.0NRT","bright_ti4":343.16,"frp":7.34,"daynight":"N"},"geometry":{"type":"Point","coordinates":[-117.48073,39.59695]}},{"type":"Feature","properties":{"acq_date":"2026-08-02","acq_time":928,"confidence":"n","satellite":"N","instrument":"VIIRS","version":"2.0NRT","bright_ti4":304.02,"frp":2.5,"daynight":"N"},"geometry":{"type":"Point","coordinates":[-117.48539,39.59741]}},{"type":"Feature","properties":{"acq_date":"2026-08-02","acq_time":928,"confidence":"n","satellite":"N","instrument":"VIIRS","version":"2.0NRT","bright_ti4":325.44,"frp":2.5,"daynight":"N"},"geometry":{"type":"Point","coordinates":[-117.49002,39.59787]}},{"type":"Feature","properties":{"acq_date":"2026-08-02","acq_time":928,"confidence":"n","satellite":"N","instrument":"VIIRS","version":"2.0NRT","bright_ti4":342.43,"frp":8.84,"daynight":"N"},"geometry":{"type":"Point","coordinates":[-117.49471,39.59832]}},{"type":"Feature","properties":{"acq_date":"2026-08-02","acq_time":928,"confidence":"n","satellite":"N","instrument":"VIIRS","version":"2.0NRT","bright_ti4":306.04,"frp":2.5,"daynight":"N"},"geometry":{"type":"Point","coordinates":[-117.48925,39.6019]}},{"type":"Feature","properties":{"acq_date":"2026-08-02","acq_time":928,"confidence":"n","satellite":"N","instrument":"VIIRS","version":"2.0NRT","bright_ti4":346.28,"frp":8.84,"daynight":"N"},"geometry":{"type":"Point","coordinates":[-117.49405,39.60238]}},{"type":"Feature","properties":{"acq_date":"2026-08-02","acq_time":928,"confidence":"n","satellite":"N","instrument":"VIIRS","version":"2.0NRT","bright_ti4":313.94,"frp":1.31,"daynight":"N"},"geometry":{"type":"Point","coordinates":[-117.49319,39.6064]}},{"type":"Feature","properties":{"acq_date":"2026-08-02","acq_time":928,"confidence":"n","satellite":"N","instrument":"VIIRS","version":"2.0NRT","bright_ti4":314.95,"frp":1.31,"daynight":"N"},"geometry":{"type":"Point","coordinates":[-117.49802,39.60688]}},{"type":"Feature","properties":{"acq_date":"2026-08-02","acq_time":928,"confidence":"n","satellite":"N","instrument":"VIIRS","version":"2.0NRT","bright_ti4":304.71,"frp":1.31,"daynight":"N"},"geometry":{"type":"Point","coordinates":[-117.49212,39.61041]}},{"type":"Feature","properties":{"acq_date":"2026-08-02","acq_time":928,"confidence":"n","satellite":"N","instrument":"VIIRS","version":"2.0NRT","bright_ti4":306.84,"frp":1.31,"daynight":"N"},"geometry":{"type":"Point","coordinates":[-117.49701,39.6109]}},{"type":"Feature","properties":{"acq_date":"2026-08-02","acq_time":928,"confidence":"n","satellite":"N","instrument":"VIIRS","version":"2.0NRT","bright_ti4":301.04,"frp":1.06,"daynight":"N"},"geometry":{"type":"Point","coordinates":[-117.50093,39.61541]}},{"type":"Feature","properties":{"acq_date":"2026-08-02","acq_time":928,"confidence":"n","satellite":"N","instrument":"VIIRS","version":"2.0NRT","bright_ti4":308.49,"frp":1.17,"daynight":"N"},"geometry":{"type":"Point","coordinates":[-119.26295,39.61888]}},{"type":"Feature","properties":{"acq_date":"2026-08-02","acq_time":928,"confidence":"n","satellite":"N","instrument":"VIIRS","version":"2.0NRT","bright_ti4":301.91,"frp":1.47,"daynight":"N"},"geometry":{"type":"Point","coordinates":[-120.11804,39.70443]}},{"type":"Feature","properties":{"acq_date":"2026-08-02","acq_time":928,"confidence":"n","satellite":"N","instrument":"VIIRS","version":"2.0NRT","bright_ti4":297.31,"frp":1.19,"daynight":"N"},"geometry":{"type":"Point","coordinates":[-120.11819,39.70662]}},{"type":"Feature","properties":{"acq_date":"2026-08-02","acq_time":928,"confidence":"n","satellite":"N","instrument":"VIIRS","version":"2.0NRT","bright_ti4":299.85,"frp":0.94,"daynight":"N"},"geometry":{"type":"Point","coordinates":[-120.1366,39.71271]}},{"type":"Feature","properties":{"acq_date":"2026-08-02","acq_time":928,"confidence":"n","satellite":"N","instrument":"VIIRS","version":"2.0NRT","bright_ti4":302.32,"frp":1.35,"daynight":"N"},"geometry":{"type":"Point","coordinates":[-120.15442,39.71405]}},{"type":"Feature","properties":{"acq_date":"2026-08-02","acq_time":928,"confidence":"n","satellite":"N","instrument":"VIIRS","version":"2.0NRT","bright_ti4":299.23,"frp":1.61,"daynight":"N"},"geometry":{"type":"Point","coordinates":[-120.1366,39.71537]}},{"type":"Feature","properties":{"acq_date":"2026-08-02","acq_time":928,"confidence":"n","satellite":"N","instrument":"VIIRS","version":"2.0NRT","bright_ti4":305.6,"frp":1.39,"daynight":"N"},"geometry":{"type":"Point","coordinates":[-120.15462,39.71683]}},{"type":"Feature","properties":{"acq_date":"2026-08-02","acq_time":928,"confidence":"n","satellite":"N","instrument":"VIIRS","version":"2.0NRT","bright_ti4":297.42,"frp":1.57,"daynight":"N"},"geometry":{"type":"Point","coordinates":[-120.13121,39.71703]}},{"type":"Feature","properties":{"acq_date":"2026-08-02","acq_time":928,"confidence":"n","satellite":"N","instrument":"VIIRS","version":"2.0NRT","bright_ti4":313.24,"frp":1.61,"daynight":"N"},"geometry":{"type":"Point","coordinates":[-114.25394,40.82048]}},{"type":"Feature","properties":{"acq_date":"2026-08-02","acq_time":928,"confidence":"n","satellite":"N","instrument":"VIIRS","version":"2.0NRT","bright_ti4":303.88,"frp":1.62,"daynight":"N"},"geometry":{"type":"Point","coordinates":[-114.25896,40.82112]}},{"type":"Feature","properties":{"acq_date":"2026-08-02","acq_time":928,"confidence":"n","satellite":"N","instrument":"VIIRS","version":"2.0NRT","bright_ti4":314.79,"frp":1.96,"daynight":"N"},"geometry":{"type":"Point","coordinates":[-114.2571,40.82332]}},{"type":"Feature","properties":{"acq_date":"2026-08-02","acq_time":928,"confidence":"n","satellite":"N","instrument":"VIIRS","version":"2.0NRT","bright_ti4":309.41,"frp":1.13,"daynight":"N"},"geometry":{"type":"Point","coordinates":[-116.88433,42.39391]}},{"type":"Feature","properties":{"acq_date":"2026-08-02","acq_time":928,"confidence":"n","satellite":"N","instrument":"VIIRS","version":"2.0NRT","bright_ti4":312.76,"frp":1.13,"daynight":"N"},"geometry":{"type":"Point","coordinates":[-116.88338,42.39795]}},{"type":"Feature","properties":{"acq_date":"2026-08-02","acq_time":928,"confidence":"n","satellite":"N","instrument":"VIIRS","version":"2.0NRT","bright_ti4":313.5,"frp":2.05,"daynight":"N"},"geometry":{"type":"Point","coordinates":[-116.88796,42.3984]}},{"type":"Feature","properties":{"acq_date":"2026-08-02","acq_time":928,"confidence":"n","satellite":"N","instrument":"VIIRS","version":"2.0NRT","bright_ti4":323.26,"frp":2.05,"daynight":"N"},"geometry":{"type":"Point","coordinates":[-116.89262,42.39886]}},{"type":"Feature","properties":{"acq_date":"2026-08-02","acq_time":928,"confidence":"n","satellite":"N","instrument":"VIIRS","version":"2.0NRT","bright_ti4":303.76,"frp":0.7,"daynight":"N"},"geometry":{"type":"Point","coordinates":[-116.88548,42.40181]}},{"type":"Feature","properties":{"acq_date":"2026-08-02","acq_time":928,"confidence":"n","satellite":"N","instrument":"VIIRS","version":"2.0NRT","bright_ti4":313.28,"frp":2.22,"daynight":"N"},"geometry":{"type":"Point","coordinates":[-116.89497,42.4027]}},{"type":"Feature","properties":{"acq_date":"2026-08-02","acq_time":928,"confidence":"n","satellite":"N","instrument":"VIIRS","version":"2.0NRT","bright_ti4":303.42,"frp":0.83,"daynight":"N"},"geometry":{"type":"Point","coordinates":[-116.89178,42.40291]}},{"type":"Feature","properties":{"acq_date":"2026-08-02","acq_time":928,"confidence":"n","satellite":"N","instrument":"VIIRS","version":"2.0NRT","bright_ti4":319.35,"frp":2.04,"daynight":"N"},"geometry":{"type":"Point","coordinates":[-116.89992,42.40317]}},{"type":"Feature","properties":{"acq_date":"2026-08-02","acq_time":928,"confidence":"n","satellite":"N","instrument":"VIIRS","version":"2.0NRT","bright_ti4":311.67,"frp":2.02,"daynight":"N"},"geometry":{"type":"Point","coordinates":[-116.89661,42.40339]}},{"type":"Feature","properties":{"acq_date":"2026-08-02","acq_time":928,"confidence":"n","satellite":"N","instrument":"VIIRS","version":"2.0NRT","bright_ti4":318.05,"frp":2.04,"daynight":"N"},"geometry":{"type":"Point","coordinates":[-116.90496,42.40364]}},{"type":"Feature","properties":{"acq_date":"2026-08-02","acq_time":928,"confidence":"n","satellite":"N","instrument":"VIIRS","version":"2.0NRT","bright_ti4":321.99,"frp":2.02,"daynight":"N"},"geometry":{"type":"Point","coordinates":[-116.90161,42.40389]}},{"type":"Feature","properties":{"acq_date":"2026-08-02","acq_time":928,"confidence":"n","satellite":"N","instrument":"VIIRS","version":"2.0NRT","bright_ti4":335.81,"frp":3.2,"daynight":"N"},"geometry":{"type":"Point","coordinates":[-116.91001,42.40412]}},{"type":"Feature","properties":{"acq_date":"2026-08-02","acq_time":928,"confidence":"n","satellite":"N","instrument":"VIIRS","version":"2.0NRT","bright_ti4":333.61,"frp":3.31,"daynight":"N"},"geometry":{"type":"Point","coordinates":[-116.90666,42.40439]}},{"type":"Feature","properties":{"acq_date":"2026-08-02","acq_time":928,"confidence":"n","satellite":"N","instrument":"VIIRS","version":"2.0NRT","bright_ti4":311.13,"frp":3.2,"daynight":"N"},"geometry":{"type":"Point","coordinates":[-116.91505,42.40458]}},{"type":"Feature","properties":{"acq_date":"2026-08-02","acq_time":928,"confidence":"n","satellite":"N","instrument":"VIIRS","version":"2.0NRT","bright_ti4":331.36,"frp":3.31,"daynight":"N"},"geometry":{"type":"Point","coordinates":[-116.91171,42.4049]}},{"type":"Feature","properties":{"acq_date":"2026-08-02","acq_time":928,"confidence":"n","satellite":"N","instrument":"VIIRS","version":"2.0NRT","bright_ti4":305.82,"frp":1.69,"daynight":"N"},"geometry":{"type":"Point","coordinates":[-116.92005,42.40506]}},{"type":"Feature","properties":{"acq_date":"2026-08-02","acq_time":928,"confidence":"n","satellite":"N","instrument":"VIIRS","version":"2.0NRT","bright_ti4":318.38,"frp":2.01,"daynight":"N"},"geometry":{"type":"Point","coordinates":[-116.91672,42.40539]}},{"type":"Feature","properties":{"acq_date":"2026-08-02","acq_time":928,"confidence":"n","satellite":"N","instrument":"VIIRS","version":"2.0NRT","bright_ti4":306.31,"frp":1.69,"daynight":"N"},"geometry":{"type":"Point","coordinates":[-116.92505,42.40552]}},{"type":"Feature","properties":{"acq_date":"2026-08-02","acq_time":928,"confidence":"n","satellite":"N","instrument":"VIIRS","version":"2.0NRT","bright_ti4":309.99,"frp":2.01,"daynight":"N"},"geometry":{"type":"Point","coordinates":[-116.92172,42.40589]}},{"type":"Feature","properties":{"acq_date":"2026-08-02","acq_time":928,"confidence":"n","satellite":"N","instrument":"VIIRS","version":"2.0NRT","bright_ti4":300.79,"frp":1.56,"daynight":"N"},"geometry":{"type":"Point","coordinates":[-116.93005,42.40599]}},{"type":"Feature","properties":{"acq_date":"2026-08-02","acq_time":928,"confidence":"n","satellite":"N","instrument":"VIIRS","version":"2.0NRT","bright_ti4":312.14,"frp":1.54,"daynight":"N"},"geometry":{"type":"Point","coordinates":[-116.9267,42.40639]}},{"type":"Feature","properties":{"acq_date":"2026-08-02","acq_time":928,"confidence":"n","satellite":"N","instrument":"VIIRS","version":"2.0NRT","bright_ti4":300.52,"frp":1.54,"daynight":"N"},"geometry":{"type":"Point","coordinates":[-116.93172,42.40689]}},{"type":"Feature","properties":{"acq_date":"2026-08-02","acq_time":928,"confidence":"n","satellite":"N","instrument":"VIIRS","version":"2.0NRT","bright_ti4":316.5,"frp":2.04,"daynight":"N"},"geometry":{"type":"Point","coordinates":[-116.89931,42.40724]}},{"type":"Feature","properties":{"acq_date":"2026-08-02","acq_time":928,"confidence":"n","satellite":"N","instrument":"VIIRS","version":"2.0NRT","bright_ti4":312.37,"frp":2.04,"daynight":"N"},"geometry":{"type":"Point","coordinates":[-116.90445,42.40772]}},{"type":"Feature","properties":{"acq_date":"2026-08-02","acq_time":928,"confidence":"n","satellite":"N","instrument":"VIIRS","version":"2.0NRT","bright_ti4":315.04,"frp":2.02,"daynight":"N"},"geometry":{"type":"Point","coordinates":[-116.90106,42.40797]}},{"type":"Feature","properties":{"acq_date":"2026-08-02","acq_time":928,"confidence":"n","satellite":"N","instrument":"VIIRS","version":"2.0NRT","bright_ti4":337.39,"frp":3.2,"daynight":"N"},"geometry":{"type":"Point","coordinates":[-116.90953,42.4082]}},{"type":"Feature","properties":{"acq_date":"2026-08-02","acq_time":928,"confidence":"n","satellite":"N","instrument":"VIIRS","version":"2.0NRT","bright_ti4":320.03,"frp":3.31,"daynight":"N"},"geometry":{"type":"Point","coordinates":[-116.90617,42.40849]}},{"type":"Feature","properties":{"acq_date":"2026-08-02","acq_time":928,"confidence":"n","satellite":"N","instrument":"VIIRS","version":"2.0NRT","bright_ti4":322.22,"frp":3.2,"daynight":"N"},"geometry":{"type":"Point","coordinates":[-116.91457,42.40868]}},{"type":"Feature","properties":{"acq_date":"2026-08-02","acq_time":928,"confidence":"n","satellite":"N","instrument":"VIIRS","version":"2.0NRT","bright_ti4":325.87,"frp":3.31,"daynight":"N"},"geometry":{"type":"Point","coordinates":[-116.91125,42.40899]}},{"type":"Feature","properties":{"acq_date":"2026-08-02","acq_time":928,"confidence":"n","satellite":"N","instrument":"VIIRS","version":"2.0NRT","bright_ti4":318.84,"frp":1.69,"daynight":"N"},"geometry":{"type":"Point","coordinates":[-116.9196,42.40914]}},{"type":"Feature","properties":{"acq_date":"2026-08-02","acq_time":928,"confidence":"n","satellite":"N","instrument":"VIIRS","version":"2.0NRT","bright_ti4":321.39,"frp":2.01,"daynight":"N"},"geometry":{"type":"Point","coordinates":[-116.91627,42.40949]}},{"type":"Feature","properties":{"acq_date":"2026-08-02","acq_time":928,"confidence":"n","satellite":"N","instrument":"VIIRS","version":"2.0NRT","bright_ti4":319.04,"frp":1.69,"daynight":"N"},"geometry":{"type":"Point","coordinates":[-116.9246,42.40961]}},{"type":"Feature","properties":{"acq_date":"2026-08-02","acq_time":928,"confidence":"n","satellite":"N","instrument":"VIIRS","version":"2.0NRT","bright_ti4":313.13,"frp":2.01,"daynight":"N"},"geometry":{"type":"Point","coordinates":[-116.92126,42.40999]}},{"type":"Feature","properties":{"acq_date":"2026-08-02","acq_time":928,"confidence":"n","satellite":"N","instrument":"VIIRS","version":"2.0NRT","bright_ti4":317.09,"frp":1.56,"daynight":"N"},"geometry":{"type":"Point","coordinates":[-116.92963,42.41009]}},{"type":"Feature","properties":{"acq_date":"2026-08-02","acq_time":928,"confidence":"n","satellite":"N","instrument":"VIIRS","version":"2.0NRT","bright_ti4":316.86,"frp":1.54,"daynight":"N"},"geometry":{"type":"Point","coordinates":[-116.92627,42.41049]}},{"type":"Feature","properties":{"acq_date":"2026-08-02","acq_time":928,"confidence":"n","satellite":"N","instrument":"VIIRS","version":"2.0NRT","bright_ti4":309.9,"frp":1.56,"daynight":"N"},"geometry":{"type":"Point","coordinates":[-116.93464,42.41055]}},{"type":"Feature","properties":{"acq_date":"2026-08-02","acq_time":928,"confidence":"n","satellite":"N","instrument":"VIIRS","version":"2.0NRT","bright_ti4":316.49,"frp":1.54,"daynight":"N"},"geometry":{"type":"Point","coordinates":[-116.9313,42.41099]}},{"type":"Feature","properties":{"acq_date":"2026-08-02","acq_time":928,"confidence":"n","satellite":"N","instrument":"VIIRS","version":"2.0NRT","bright_ti4":304.62,"frp":1.19,"daynight":"N"},"geometry":{"type":"Point","coordinates":[-116.93965,42.41103]}},{"type":"Feature","properties":{"acq_date":"2026-08-02","acq_time":928,"confidence":"n","satellite":"N","instrument":"VIIRS","version":"2.0NRT","bright_ti4":307.45,"frp":2.27,"daynight":"N"},"geometry":{"type":"Point","coordinates":[-116.89874,42.41132]}},{"type":"Feature","properties":{"acq_date":"2026-08-02","acq_time":928,"confidence":"n","satellite":"N","instrument":"VIIRS","version":"2.0NRT","bright_ti4":312.54,"frp":1.36,"daynight":"N"},"geometry":{"type":"Point","coordinates":[-116.93629,42.41149]}},{"type":"Feature","properties":{"acq_date":"2026-08-02","acq_time":928,"confidence":"n","satellite":"N","instrument":"VIIRS","version":"2.0NRT","bright_ti4":334.79,"frp":2.27,"daynight":"N"},"geometry":{"type":"Point","coordinates":[-116.90398,42.41181]}},{"type":"Feature","properties":{"acq_date":"2026-08-02","acq_time":928,"confidence":"n","satellite":"N","instrument":"VIIRS","version":"2.0NRT","bright_ti4":302.19,"frp":1.36,"daynight":"N"},"geometry":{"type":"Point","coordinates":[-116.94127,42.41198]}},{"type":"Feature","properties":{"acq_date":"2026-08-02","acq_time":928,"confidence":"n","satellite":"N","instrument":"VIIRS","version":"2.0NRT","bright_ti4":333.08,"frp":3.63,"daynight":"N"},"geometry":{"type":"Point","coordinates":[-116.90901,42.41228]}},{"type":"Feature","properties":{"acq_date":"2026-08-02","acq_time":928,"confidence":"n","satellite":"N","instrument":"VIIRS","version":"2.0NRT","bright_ti4":323.74,"frp":3.63,"daynight":"N"},"geometry":{"type":"Point","coordinates":[-116.914,42.41275]}},{"type":"Feature","properties":{"acq_date":"2026-08-02","acq_time":928,"confidence":"n","satellite":"N","instrument":"VIIRS","version":"2.0NRT","bright_ti4":323.87,"frp":1.91,"daynight":"N"},"geometry":{"type":"Point","coordinates":[-116.91898,42.41322]}},{"type":"Feature","properties":{"acq_date":"2026-08-02","acq_time":928,"confidence":"n","satellite":"N","instrument":"VIIRS","version":"2.0NRT","bright_ti4":313.03,"frp":1.91,"daynight":"N"},"geometry":{"type":"Point","coordinates":[-116.92394,42.41369]}},{"type":"Feature","properties":{"acq_date":"2026-08-02","acq_time":928,"confidence":"n","satellite":"N","instrument":"VIIRS","version":"2.0NRT","bright_ti4":308.85,"frp":1.16,"daynight":"N"},"geometry":{"type":"Point","coordinates":[-116.92897,42.41416]}},{"type":"Feature","properties":{"acq_date":"2026-08-02","acq_time":928,"confidence":"n","satellite":"N","instrument":"VIIRS","version":"2.0NRT","bright_ti4":307.95,"frp":1.16,"daynight":"N"},"geometry":{"type":"Point","coordinates":[-116.934,42.41463]}},{"type":"Feature","properties":{"acq_date":"2026-08-02","acq_time":928,"confidence":"n","satellite":"N","instrument":"VIIRS","version":"2.0NRT","bright_ti4":310.09,"frp":1.84,"daynight":"N"},"geometry":{"type":"Point","coordinates":[-116.93901,42.41511]}},{"type":"Feature","properties":{"acq_date":"2026-08-02","acq_time":928,"confidence":"n","satellite":"N","instrument":"VIIRS","version":"2.0NRT","bright_ti4":318.85,"frp":2.27,"daynight":"N"},"geometry":{"type":"Point","coordinates":[-116.90302,42.41586]}},{"type":"Feature","properties":{"acq_date":"2026-08-02","acq_time":928,"confidence":"n","satellite":"N","instrument":"VIIRS","version":"2.0NRT","bright_ti4":337.91,"frp":3.63,"daynight":"N"},"geometry":{"type":"Point","coordinates":[-116.90802,42.41632]}},{"type":"Feature","properties":{"acq_date":"2026-08-02","acq_time":928,"confidence":"n","satellite":"N","instrument":"VIIRS","version":"2.0NRT","bright_ti4":319.4,"frp":3.63,"daynight":"N"},"geometry":{"type":"Point","coordinates":[-116.91296,42.41679]}},{"type":"Feature","properties":{"acq_date":"2026-08-02","acq_time":928,"confidence":"n","satellite":"N","instrument":"VIIRS","version":"2.0NRT","bright_ti4":321.73,"frp":1.91,"daynight":"N"},"geometry":{"type":"Point","coordinates":[-116.91792,42.41726]}},{"type":"Feature","properties":{"acq_date":"2026-08-02","acq_time":928,"confidence":"n","satellite":"N","instrument":"VIIRS","version":"2.0NRT","bright_ti4":305.71,"frp":1.91,"daynight":"N"},"geometry":{"type":"Point","coordinates":[-116.92294,42.41773]}},{"type":"Feature","properties":{"acq_date":"2026-08-02","acq_time":928,"confidence":"n","satellite":"N","instrument":"VIIRS","version":"2.0NRT","bright_ti4":299.84,"frp":1.16,"daynight":"N"},"geometry":{"type":"Point","coordinates":[-116.93311,42.41869]}},{"type":"Feature","properties":{"acq_date":"2026-08-02","acq_time":928,"confidence":"n","satellite":"N","instrument":"VIIRS","version":"2.0NRT","bright_ti4":308.06,"frp":1.67,"daynight":"N"},"geometry":{"type":"Point","coordinates":[-116.91188,42.42082]}},{"type":"Feature","properties":{"acq_date":"2026-08-02","acq_time":928,"confidence":"n","satellite":"N","instrument":"VIIRS","version":"2.0NRT","bright_ti4":316.53,"frp":1.3,"daynight":"N"},"geometry":{"type":"Point","coordinates":[-116.91691,42.4213]}},{"type":"Feature","properties":{"acq_date":"2026-08-02","acq_time":928,"confidence":"n","satellite":"N","instrument":"VIIRS","version":"2.0NRT","bright_ti4":306.23,"frp":1.3,"daynight":"N"},"geometry":{"type":"Point","coordinates":[-116.92202,42.42178]}},{"type":"Feature","properties":{"acq_date":"2026-08-02","acq_time":928,"confidence":"n","satellite":"N","instrument":"VIIRS","version":"2.0NRT","bright_ti4":303.35,"frp":1.3,"daynight":"N"},"geometry":{"type":"Point","coordinates":[-116.92142,42.42587]}},{"type":"Feature","properties":{"acq_date":"2026-08-02","acq_time":928,"confidence":"n","satellite":"N","instrument":"VIIRS","version":"2.0NRT","bright_ti4":322.03,"frp":1.93,"daynight":"N"},"geometry":{"type":"Point","coordinates":[-116.82491,42.44138]}},{"type":"Feature","properties":{"acq_date":"2026-08-02","acq_time":928,"confidence":"n","satellite":"N","instrument":"VIIRS","version":"2.0NRT","bright_ti4":317.92,"frp":1.93,"daynight":"N"},"geometry":{"type":"Point","coordinates":[-116.82965,42.44184]}},{"type":"Feature","properties":{"acq_date":"2026-08-02","acq_time":928,"confidence":"n","satellite":"N","instrument":"VIIRS","version":"2.0NRT","bright_ti4":326.29,"frp":7.44,"daynight":"N"},"geometry":{"type":"Point","coordinates":[-116.8197,42.44499]}},{"type":"Feature","properties":{"acq_date":"2026-08-02","acq_time":928,"confidence":"n","satellite":"N","instrument":"VIIRS","version":"2.0NRT","bright_ti4":340.76,"frp":3.88,"daynight":"N"},"geometry":{"type":"Point","coordinates":[-116.82446,42.44545]}},{"type":"Feature","properties":{"acq_date":"2026-08-02","acq_time":928,"confidence":"n","satellite":"N","instrument":"VIIRS","version":"2.0NRT","bright_ti4":301.9,"frp":1.07,"daynight":"N"},"geometry":{"type":"Point","coordinates":[-116.95743,42.44585]}},{"type":"Feature","properties":{"acq_date":"2026-08-02","acq_time":928,"confidence":"n","satellite":"N","instrument":"VIIRS","version":"2.0NRT","bright_ti4":315.54,"frp":3.88,"daynight":"N"},"geometry":{"type":"Point","coordinates":[-116.82913,42.44591]}},{"type":"Feature","properties":{"acq_date":"2026-08-02","acq_time":928,"confidence":"n","satellite":"N","instrument":"VIIRS","version":"2.0NRT","bright_ti4":299.98,"frp":1.02,"daynight":"N"},"geometry":{"type":"Point","coordinates":[-116.96263,42.44634]}},{"type":"Feature","properties":{"acq_date":"2026-08-02","acq_time":928,"confidence":"n","satellite":"N","instrument":"VIIRS","version":"2.0NRT","bright_ti4":354.85,"frp":7.44,"daynight":"N"},"geometry":{"type":"Point","coordinates":[-116.81924,42.44906]}},{"type":"Feature","properties":{"acq_date":"2026-08-02","acq_time":928,"confidence":"n","satellite":"N","instrument":"VIIRS","version":"2.0NRT","bright_ti4":329.7,"frp":3.88,"daynight":"N"},"geometry":{"type":"Point","coordinates":[-116.82395,42.44952]}},{"type":"Feature","properties":{"acq_date":"2026-08-02","acq_time":928,"confidence":"n","satellite":"N","instrument":"VIIRS","version":"2.0NRT","bright_ti4":304.64,"frp":0.97,"daynight":"N"},"geometry":{"type":"Point","coordinates":[-116.95665,42.44992]}},{"type":"Feature","properties":{"acq_date":"2026-08-02","acq_time":928,"confidence":"n","satellite":"N","instrument":"VIIRS","version":"2.0NRT","bright_ti4":320.62,"frp":3.88,"daynight":"N"},"geometry":{"type":"Point","coordinates":[-116.82858,42.44997]}},{"type":"Feature","properties":{"acq_date":"2026-08-02","acq_time":928,"confidence":"n","satellite":"N","instrument":"VIIRS","version":"2.0NRT","bright_ti4":307.01,"frp":0.94,"daynight":"N"},"geometry":{"type":"Point","coordinates":[-116.96194,42.45042]}},{"type":"Feature","properties":{"acq_date":"2026-08-02","acq_time":928,"confidence":"n","satellite":"N","instrument":"VIIRS","version":"2.0NRT","bright_ti4":326.42,"frp":2.51,"daynight":"N"},"geometry":{"type":"Point","coordinates":[-116.83318,42.45042]}},{"type":"Feature","properties":{"acq_date":"2026-08-02","acq_time":928,"confidence":"n","satellite":"N","instrument":"VIIRS","version":"2.0NRT","bright_ti4":311.19,"frp":2.51,"daynight":"N"},"geometry":{"type":"Point","coordinates":[-116.83778,42.45087]}},{"type":"Feature","properties":{"acq_date":"2026-08-02","acq_time":928,"confidence":"n","satellite":"N","instrument":"VIIRS","version":"2.0NRT","bright_ti4":319.46,"frp":20.67,"daynight":"N"},"geometry":{"type":"Point","coordinates":[-116.8141,42.45268]}},{"type":"Feature","properties":{"acq_date":"2026-08-02","acq_time":928,"confidence":"n","satellite":"N","instrument":"VIIRS","version":"2.0NRT","bright_ti4":353.97,"frp":20.67,"daynight":"N"},"geometry":{"type":"Point","coordinates":[-116.8188,42.45314]}},{"type":"Feature","properties":{"acq_date":"2026-08-02","acq_time":928,"confidence":"n","satellite":"N","instrument":"VIIRS","version":"2.0NRT","bright_ti4":334.7,"frp":5.49,"daynight":"N"},"geometry":{"type":"Point","coordinates":[-116.82343,42.45359]}},{"type":"Feature","properties":{"acq_date":"2026-08-02","acq_time":928,"confidence":"n","satellite":"N","instrument":"VIIRS","version":"2.0NRT","bright_ti4":300.56,"frp":1.01,"daynight":"N"},"geometry":{"type":"Point","coordinates":[-116.83261,42.45449]}},{"type":"Feature","properties":{"acq_date":"2026-08-02","acq_time":928,"confidence":"n","satellite":"N","instrument":"VIIRS","version":"2.0NRT","bright_ti4":311.99,"frp":1.01,"daynight":"N"},"geometry":{"type":"Point","coordinates":[-116.83724,42.45494]}},{"type":"Feature","properties":{"acq_date":"2026-08-02","acq_time":928,"confidence":"n","satellite":"N","instrument":"VIIRS","version":"2.0NRT","bright_ti4":323.55,"frp":1.43,"daynight":"N"},"geometry":{"type":"Point","coordinates":[-116.8419,42.45539]}},{"type":"Feature","properties":{"acq_date":"2026-08-02","acq_time":928,"confidence":"n","satellite":"N","instrument":"VIIRS","version":"2.0NRT","bright_ti4":309.92,"frp":5.59,"daynight":"N"},"geometry":{"type":"Point","coordinates":[-116.90049,42.45695]}},{"type":"Feature","properties":{"acq_date":"2026-08-02","acq_time":928,"confidence":"h","satellite":"N","instrument":"VIIRS","version":"2.0NRT","bright_ti4":367,"frp":20.67,"daynight":"N"},"geometry":{"type":"Point","coordinates":[-116.81832,42.45721]}},{"type":"Feature","properties":{"acq_date":"2026-08-02","acq_time":928,"confidence":"n","satellite":"N","instrument":"VIIRS","version":"2.0NRT","bright_ti4":350.6,"frp":5.59,"daynight":"N"},"geometry":{"type":"Point","coordinates":[-116.90536,42.45742]}},{"type":"Feature","properties":{"acq_date":"2026-08-02","acq_time":928,"confidence":"n","satellite":"N","instrument":"VIIRS","version":"2.0NRT","bright_ti4":341.27,"frp":5.49,"daynight":"N"},"geometry":{"type":"Point","coordinates":[-116.82294,42.45766]}},{"type":"Feature","properties":{"acq_date":"2026-08-02","acq_time":928,"confidence":"n","satellite":"N","instrument":"VIIRS","version":"2.0NRT","bright_ti4":322.79,"frp":3.16,"daynight":"N"},"geometry":{"type":"Point","coordinates":[-116.91016,42.45788]}},{"type":"Feature","properties":{"acq_date":"2026-08-02","acq_time":928,"confidence":"n","satellite":"N","instrument":"VIIRS","version":"2.0NRT","bright_ti4":305.69,"frp":5.49,"daynight":"N"},"geometry":{"type":"Point","coordinates":[-116.82748,42.45811]}},{"type":"Feature","properties":{"acq_date":"2026-08-02","acq_time":928,"confidence":"n","satellite":"N","instrument":"VIIRS","version":"2.0NRT","bright_ti4":310.19,"frp":1.38,"daynight":"N"},"geometry":{"type":"Point","coordinates":[-116.87418,42.45853]}},{"type":"Feature","properties":{"acq_date":"2026-08-02","acq_time":928,"confidence":"n","satellite":"N","instrument":"VIIRS","version":"2.0NRT","bright_ti4":312.07,"frp":1.01,"daynight":"N"},"geometry":{"type":"Point","coordinates":[-116.83209,42.45856]}},{"type":"Feature","properties":{"acq_date":"2026-08-02","acq_time":928,"confidence":"n","satellite":"N","instrument":"VIIRS","version":"2.0NRT","bright_ti4":302.91,"frp":1.01,"daynight":"N"},"geometry":{"type":"Point","coordinates":[-116.83675,42.45901]}},{"type":"Feature","properties":{"acq_date":"2026-08-02","acq_time":928,"confidence":"n","satellite":"N","instrument":"VIIRS","version":"2.0NRT","bright_ti4":317.5,"frp":3.09,"daynight":"N"},"geometry":{"type":"Point","coordinates":[-116.87932,42.45903]}},{"type":"Feature","properties":{"acq_date":"2026-08-02","acq_time":928,"confidence":"n","satellite":"N","instrument":"VIIRS","version":"2.0NRT","bright_ti4":310.73,"frp":1.43,"daynight":"N"},"geometry":{"type":"Point","coordinates":[-116.84145,42.45947]}},{"type":"Feature","properties":{"acq_date":"2026-08-02","acq_time":928,"confidence":"n","satellite":"N","instrument":"VIIRS","version":"2.0NRT","bright_ti4":299.38,"frp":1.43,"daynight":"N"},"geometry":{"type":"Point","coordinates":[-116.84615,42.45993]}},{"type":"Feature","properties":{"acq_date":"2026-08-02","acq_time":928,"confidence":"n","satellite":"N","instrument":"VIIRS","version":"2.0NRT","bright_ti4":316.38,"frp":1.81,"daynight":"N"},"geometry":{"type":"Point","coordinates":[-116.85078,42.46038]}},{"type":"Feature","properties":{"acq_date":"2026-08-02","acq_time":928,"confidence":"n","satellite":"N","instrument":"VIIRS","version":"2.0NRT","bright_ti4":313.56,"frp":1.81,"daynight":"N"},"geometry":{"type":"Point","coordinates":[-116.85533,42.46083]}},{"type":"Feature","properties":{"acq_date":"2026-08-02","acq_time":928,"confidence":"n","satellite":"N","instrument":"VIIRS","version":"2.0NRT","bright_ti4":326.94,"frp":5.73,"daynight":"N"},"geometry":{"type":"Point","coordinates":[-116.89992,42.46103]}},{"type":"Feature","properties":{"acq_date":"2026-08-02","acq_time":928,"confidence":"n","satellite":"N","instrument":"VIIRS","version":"2.0NRT","bright_ti4":311.67,"frp":1.3,"daynight":"N"},"geometry":{"type":"Point","coordinates":[-116.85979,42.46127]}},{"type":"Feature","properties":{"acq_date":"2026-08-02","acq_time":928,"confidence":"n","satellite":"N","instrument":"VIIRS","version":"2.0NRT","bright_ti4":301.19,"frp":0.69,"daynight":"N"},"geometry":{"type":"Point","coordinates":[-116.81779,42.46128]}},{"type":"Feature","properties":{"acq_date":"2026-08-02","acq_time":928,"confidence":"n","satellite":"N","instrument":"VIIRS","version":"2.0NRT","bright_ti4":345.61,"frp":5.73,"daynight":"N"},"geometry":{"type":"Point","coordinates":[-116.90478,42.4615]}},{"type":"Feature","properties":{"acq_date":"2026-08-02","acq_time":928,"confidence":"n","satellite":"N","instrument":"VIIRS","version":"2.0NRT","bright_ti4":299.94,"frp":1.3,"daynight":"N"},"geometry":{"type":"Point","coordinates":[-116.86427,42.4617]}},{"type":"Feature","properties":{"acq_date":"2026-08-02","acq_time":928,"confidence":"n","satellite":"N","instrument":"VIIRS","version":"2.0NRT","bright_ti4":306.1,"frp":1.44,"daynight":"N"},"geometry":{"type":"Point","coordinates":[-116.8224,42.46173]}},{"type":"Feature","properties":{"acq_date":"2026-08-02","acq_time":928,"confidence":"n","satellite":"N","instrument":"VIIRS","version":"2.0NRT","bright_ti4":334.32,"frp":4.47,"daynight":"N"},"geometry":{"type":"Point","coordinates":[-116.90961,42.46197]}},{"type":"Feature","properties":{"acq_date":"2026-08-02","acq_time":928,"confidence":"n","satellite":"N","instrument":"VIIRS","version":"2.0NRT","bright_ti4":306.25,"frp":1.38,"daynight":"N"},"geometry":{"type":"Point","coordinates":[-116.86881,42.46214]}},{"type":"Feature","properties":{"acq_date":"2026-08-02","acq_time":928,"confidence":"n","satellite":"N","instrument":"VIIRS","version":"2.0NRT","bright_ti4":313.29,"frp":1.44,"daynight":"N"},"geometry":{"type":"Point","coordinates":[-116.82693,42.46218]}},{"type":"Feature","properties":{"acq_date":"2026-08-02","acq_time":928,"confidence":"n","satellite":"N","instrument":"VIIRS","version":"2.0NRT","bright_ti4":310.51,"frp":1.38,"daynight":"N"},"geometry":{"type":"Point","coordinates":[-116.87355,42.4626]}},{"type":"Feature","properties":{"acq_date":"2026-08-02","acq_time":928,"confidence":"n","satellite":"N","instrument":"VIIRS","version":"2.0NRT","bright_ti4":311.32,"frp":1.52,"daynight":"N"},"geometry":{"type":"Point","coordinates":[-116.83152,42.46262]}},{"type":"Feature","properties":{"acq_date":"2026-08-02","acq_time":928,"confidence":"n","satellite":"N","instrument":"VIIRS","version":"2.0NRT","bright_ti4":334.33,"frp":3.09,"daynight":"N"},"geometry":{"type":"Point","coordinates":[-116.87852,42.46309]}},{"type":"Feature","properties":{"acq_date":"2026-08-02","acq_time":928,"confidence":"n","satellite":"N","instrument":"VIIRS","version":"2.0NRT","bright_ti4":311.5,"frp":1.52,"daynight":"N"},"geometry":{"type":"Point","coordinates":[-116.8362,42.46309]}},{"type":"Feature","properties":{"acq_date":"2026-08-02","acq_time":928,"confidence":"n","satellite":"N","instrument":"VIIRS","version":"2.0NRT","bright_ti4":320.29,"frp":1.57,"daynight":"N"},"geometry":{"type":"Point","coordinates":[-116.84093,42.46355]}},{"type":"Feature","properties":{"acq_date":"2026-08-02","acq_time":928,"confidence":"n","satellite":"N","instrument":"VIIRS","version":"2.0NRT","bright_ti4":325.58,"frp":3.09,"daynight":"N"},"geometry":{"type":"Point","coordinates":[-116.88378,42.4636]}},{"type":"Feature","properties":{"acq_date":"2026-08-02","acq_time":928,"confidence":"n","satellite":"N","instrument":"VIIRS","version":"2.0NRT","bright_ti4":311.72,"frp":1.57,"daynight":"N"},"geometry":{"type":"Point","coordinates":[-116.84564,42.46401]}},{"type":"Feature","properties":{"acq_date":"2026-08-02","acq_time":928,"confidence":"n","satellite":"N","instrument":"VIIRS","version":"2.0NRT","bright_ti4":311.18,"frp":3.07,"daynight":"N"},"geometry":{"type":"Point","coordinates":[-116.8891,42.46411]}},{"type":"Feature","properties":{"acq_date":"2026-08-02","acq_time":928,"confidence":"n","satellite":"N","instrument":"VIIRS","version":"2.0NRT","bright_ti4":310.14,"frp":1.39,"daynight":"N"},"geometry":{"type":"Point","coordinates":[-116.85029,42.46446]}},{"type":"Feature","properties":{"acq_date":"2026-08-02","acq_time":928,"confidence":"n","satellite":"N","instrument":"VIIRS","version":"2.0NRT","bright_ti4":327.04,"frp":3.07,"daynight":"N"},"geometry":{"type":"Point","coordinates":[-116.89432,42.46462]}},{"type":"Feature","properties":{"acq_date":"2026-08-02","acq_time":928,"confidence":"n","satellite":"N","instrument":"VIIRS","version":"2.0NRT","bright_ti4":313.2,"frp":1.39,"daynight":"N"},"geometry":{"type":"Point","coordinates":[-116.85485,42.4649]}},{"type":"Feature","properties":{"acq_date":"2026-08-02","acq_time":928,"confidence":"n","satellite":"N","instrument":"VIIRS","version":"2.0NRT","bright_ti4":350.62,"frp":5.73,"daynight":"N"},"geometry":{"type":"Point","coordinates":[-116.89928,42.4651]}},{"type":"Feature","properties":{"acq_date":"2026-08-02","acq_time":928,"confidence":"n","satellite":"N","instrument":"VIIRS","version":"2.0NRT","bright_ti4":325.22,"frp":2.33,"daynight":"N"},"geometry":{"type":"Point","coordinates":[-116.85936,42.46534]}},{"type":"Feature","properties":{"acq_date":"2026-08-02","acq_time":928,"confidence":"n","satellite":"N","instrument":"VIIRS","version":"2.0NRT","bright_ti4":343.13,"frp":5.73,"daynight":"N"},"geometry":{"type":"Point","coordinates":[-116.90417,42.46557]}},{"type":"Feature","properties":{"acq_date":"2026-08-02","acq_time":928,"confidence":"n","satellite":"N","instrument":"VIIRS","version":"2.0NRT","bright_ti4":322.45,"frp":2.33,"daynight":"N"},"geometry":{"type":"Point","coordinates":[-116.86382,42.46579]}},{"type":"Feature","properties":{"acq_date":"2026-08-02","acq_time":928,"confidence":"n","satellite":"N","instrument":"VIIRS","version":"2.0NRT","bright_ti4":341.51,"frp":4.47,"daynight":"N"},"geometry":{"type":"Point","coordinates":[-116.90907,42.46605]}},{"type":"Feature","properties":{"acq_date":"2026-08-02","acq_time":928,"confidence":"n","satellite":"N","instrument":"VIIRS","version":"2.0NRT","bright_ti4":318.93,"frp":2.08,"daynight":"N"},"geometry":{"type":"Point","coordinates":[-116.86833,42.46622]}},{"type":"Feature","properties":{"acq_date":"2026-08-02","acq_time":928,"confidence":"n","satellite":"N","instrument":"VIIRS","version":"2.0NRT","bright_ti4":314.01,"frp":1.44,"daynight":"N"},"geometry":{"type":"Point","coordinates":[-116.82632,42.46624]}},{"type":"Feature","properties":{"acq_date":"2026-08-02","acq_time":928,"confidence":"n","satellite":"N","instrument":"VIIRS","version":"2.0NRT","bright_ti4":316.2,"frp":4.47,"daynight":"N"},"geometry":{"type":"Point","coordinates":[-116.91389,42.46652]}},{"type":"Feature","properties":{"acq_date":"2026-08-02","acq_time":928,"confidence":"n","satellite":"N","instrument":"VIIRS","version":"2.0NRT","bright_ti4":314.61,"frp":2.08,"daynight":"N"},"geometry":{"type":"Point","coordinates":[-116.87295,42.46667]}},{"type":"Feature","properties":{"acq_date":"2026-08-02","acq_time":928,"confidence":"n","satellite":"N","instrument":"VIIRS","version":"2.0NRT","bright_ti4":313.59,"frp":1.52,"daynight":"N"},"geometry":{"type":"Point","coordinates":[-116.8309,42.46669]}},{"type":"Feature","properties":{"acq_date":"2026-08-02","acq_time":928,"confidence":"n","satellite":"N","instrument":"VIIRS","version":"2.0NRT","bright_ti4":304.01,"frp":1.79,"daynight":"N"},"geometry":{"type":"Point","coordinates":[-116.87775,42.46714]}},{"type":"Feature","properties":{"acq_date":"2026-08-02","acq_time":928,"confidence":"n","satellite":"N","instrument":"VIIRS","version":"2.0NRT","bright_ti4":318.26,"frp":1.52,"daynight":"N"},"geometry":{"type":"Point","coordinates":[-116.83558,42.46714]}},{"type":"Feature","properties":{"acq_date":"2026-08-02","acq_time":928,"confidence":"n","satellite":"N","instrument":"VIIRS","version":"2.0NRT","bright_ti4":315.07,"frp":1.57,"daynight":"N"},"geometry":{"type":"Point","coordinates":[-116.84029,42.46761]}},{"type":"Feature","properties":{"acq_date":"2026-08-02","acq_time":928,"confidence":"n","satellite":"N","instrument":"VIIRS","version":"2.0NRT","bright_ti4":306.58,"frp":1.79,"daynight":"N"},"geometry":{"type":"Point","coordinates":[-116.88283,42.46764]}},{"type":"Feature","properties":{"acq_date":"2026-08-02","acq_time":928,"confidence":"n","satellite":"N","instrument":"VIIRS","version":"2.0NRT","bright_ti4":309.38,"frp":1.57,"daynight":"N"},"geometry":{"type":"Point","coordinates":[-116.84502,42.46807]}},{"type":"Feature","properties":{"acq_date":"2026-08-02","acq_time":928,"confidence":"n","satellite":"N","instrument":"VIIRS","version":"2.0NRT","bright_ti4":324.81,"frp":2.68,"daynight":"N"},"geometry":{"type":"Point","coordinates":[-116.88815,42.46815]}},{"type":"Feature","properties":{"acq_date":"2026-08-02","acq_time":928,"confidence":"n","satellite":"N","instrument":"VIIRS","version":"2.0NRT","bright_ti4":307.83,"frp":1.39,"daynight":"N"},"geometry":{"type":"Point","coordinates":[-116.8497,42.46853]}},{"type":"Feature","properties":{"acq_date":"2026-08-02","acq_time":928,"confidence":"n","satellite":"N","instrument":"VIIRS","version":"2.0NRT","bright_ti4":334.34,"frp":2.68,"daynight":"N"},"geometry":{"type":"Point","coordinates":[-116.89347,42.46867]}},{"type":"Feature","properties":{"acq_date":"2026-08-02","acq_time":928,"confidence":"n","satellite":"N","instrument":"VIIRS","version":"2.0NRT","bright_ti4":316.27,"frp":1.39,"daynight":"N"},"geometry":{"type":"Point","coordinates":[-116.85432,42.46898]}},{"type":"Feature","properties":{"acq_date":"2026-08-02","acq_time":928,"confidence":"n","satellite":"N","instrument":"VIIRS","version":"2.0NRT","bright_ti4":332.13,"frp":3.3,"daynight":"N"},"geometry":{"type":"Point","coordinates":[-116.89857,42.46917]}},{"type":"Feature","properties":{"acq_date":"2026-08-02","acq_time":928,"confidence":"n","satellite":"N","instrument":"VIIRS","version":"2.0NRT","bright_ti4":312,"frp":2.33,"daynight":"N"},"geometry":{"type":"Point","coordinates":[-116.85886,42.46942]}},{"type":"Feature","properties":{"acq_date":"2026-08-02","acq_time":928,"confidence":"n","satellite":"N","instrument":"VIIRS","version":"2.0NRT","bright_ti4":332.61,"frp":3.3,"daynight":"N"},"geometry":{"type":"Point","coordinates":[-116.90353,42.46965]}},{"type":"Feature","properties":{"acq_date":"2026-08-02","acq_time":928,"confidence":"n","satellite":"N","instrument":"VIIRS","version":"2.0NRT","bright_ti4":312.86,"frp":1.49,"daynight":"N"},"geometry":{"type":"Point","coordinates":[-116.82112,42.46984]}},{"type":"Feature","properties":{"acq_date":"2026-08-02","acq_time":928,"confidence":"n","satellite":"N","instrument":"VIIRS","version":"2.0NRT","bright_ti4":323.27,"frp":2.33,"daynight":"N"},"geometry":{"type":"Point","coordinates":[-116.86337,42.46987]}},{"type":"Feature","properties":{"acq_date":"2026-08-02","acq_time":928,"confidence":"n","satellite":"N","instrument":"VIIRS","version":"2.0NRT","bright_ti4":332.22,"frp":3.07,"daynight":"N"},"geometry":{"type":"Point","coordinates":[-116.90849,42.47013]}},{"type":"Feature","properties":{"acq_date":"2026-08-02","acq_time":928,"confidence":"n","satellite":"N","instrument":"VIIRS","version":"2.0NRT","bright_ti4":313.13,"frp":1.49,"daynight":"N"},"geometry":{"type":"Point","coordinates":[-116.82568,42.47029]}},{"type":"Feature","properties":{"acq_date":"2026-08-02","acq_time":928,"confidence":"n","satellite":"N","instrument":"VIIRS","version":"2.0NRT","bright_ti4":322.91,"frp":2.08,"daynight":"N"},"geometry":{"type":"Point","coordinates":[-116.86784,42.4703]}},{"type":"Feature","properties":{"acq_date":"2026-08-02","acq_time":928,"confidence":"n","satellite":"N","instrument":"VIIRS","version":"2.0NRT","bright_ti4":335.12,"frp":3.07,"daynight":"N"},"geometry":{"type":"Point","coordinates":[-116.91338,42.47061]}},{"type":"Feature","properties":{"acq_date":"2026-08-02","acq_time":928,"confidence":"n","satellite":"N","instrument":"VIIRS","version":"2.0NRT","bright_ti4":302.84,"frp":2.08,"daynight":"N"},"geometry":{"type":"Point","coordinates":[-116.87239,42.47075]}},{"type":"Feature","properties":{"acq_date":"2026-08-02","acq_time":928,"confidence":"n","satellite":"N","instrument":"VIIRS","version":"2.0NRT","bright_ti4":317.05,"frp":1.94,"daynight":"N"},"geometry":{"type":"Point","coordinates":[-116.83029,42.47075]}},{"type":"Feature","properties":{"acq_date":"2026-08-02","acq_time":928,"confidence":"n","satellite":"N","instrument":"VIIRS","version":"2.0NRT","bright_ti4":321.99,"frp":1.94,"daynight":"N"},"geometry":{"type":"Point","coordinates":[-116.83495,42.47121]}},{"type":"Feature","properties":{"acq_date":"2026-08-02","acq_time":928,"confidence":"n","satellite":"N","instrument":"VIIRS","version":"2.0NRT","bright_ti4":303.66,"frp":1.46,"daynight":"N"},"geometry":{"type":"Point","coordinates":[-116.96322,42.47129]}},{"type":"Feature","properties":{"acq_date":"2026-08-02","acq_time":928,"confidence":"n","satellite":"N","instrument":"VIIRS","version":"2.0NRT","bright_ti4":311.42,"frp":1.64,"daynight":"N"},"geometry":{"type":"Point","coordinates":[-116.83966,42.47167]}},{"type":"Feature","properties":{"acq_date":"2026-08-02","acq_time":928,"confidence":"n","satellite":"N","instrument":"VIIRS","version":"2.0NRT","bright_ti4":306.97,"frp":1.64,"daynight":"N"},"geometry":{"type":"Point","coordinates":[-116.84439,42.47213]}},{"type":"Feature","properties":{"acq_date":"2026-08-02","acq_time":928,"confidence":"n","satellite":"N","instrument":"VIIRS","version":"2.0NRT","bright_ti4":311.66,"frp":2.68,"daynight":"N"},"geometry":{"type":"Point","coordinates":[-116.88723,42.47219]}},{"type":"Feature","properties":{"acq_date":"2026-08-02","acq_time":928,"confidence":"n","satellite":"N","instrument":"VIIRS","version":"2.0NRT","bright_ti4":313.28,"frp":1.67,"daynight":"N"},"geometry":{"type":"Point","coordinates":[-116.84906,42.47259]}},{"type":"Feature","properties":{"acq_date":"2026-08-02","acq_time":928,"confidence":"n","satellite":"N","instrument":"VIIRS","version":"2.0NRT","bright_ti4":321.47,"frp":2.68,"daynight":"N"},"geometry":{"type":"Point","coordinates":[-116.89251,42.47271]}},{"type":"Feature","properties":{"acq_date":"2026-08-02","acq_time":928,"confidence":"n","satellite":"N","instrument":"VIIRS","version":"2.0NRT","bright_ti4":320.37,"frp":1.67,"daynight":"N"},"geometry":{"type":"Point","coordinates":[-116.85371,42.47305]}},{"type":"Feature","properties":{"acq_date":"2026-08-02","acq_time":928,"confidence":"n","satellite":"N","instrument":"VIIRS","version":"2.0NRT","bright_ti4":325.93,"frp":3.3,"daynight":"N"},"geometry":{"type":"Point","coordinates":[-116.89776,42.47322]}},{"type":"Feature","properties":{"acq_date":"2026-08-02","acq_time":928,"confidence":"n","satellite":"N","instrument":"VIIRS","version":"2.0NRT","bright_ti4":318.65,"frp":2,"daynight":"N"},"geometry":{"type":"Point","coordinates":[-116.85825,42.4735]}},{"type":"Feature","properties":{"acq_date":"2026-08-02","acq_time":928,"confidence":"n","satellite":"N","instrument":"VIIRS","version":"2.0NRT","bright_ti4":314.63,"frp":3.3,"daynight":"N"},"geometry":{"type":"Point","coordinates":[-116.90284,42.47372]}},{"type":"Feature","properties":{"acq_date":"2026-08-02","acq_time":928,"confidence":"n","satellite":"N","instrument":"VIIRS","version":"2.0NRT","bright_ti4":326.28,"frp":2,"daynight":"N"},"geometry":{"type":"Point","coordinates":[-116.86278,42.47394]}},{"type":"Feature","properties":{"acq_date":"2026-08-02","acq_time":928,"confidence":"n","satellite":"N","instrument":"VIIRS","version":"2.0NRT","bright_ti4":308.34,"frp":3.07,"daynight":"N"},"geometry":{"type":"Point","coordinates":[-116.90792,42.47421]}},{"type":"Feature","properties":{"acq_date":"2026-08-02","acq_time":928,"confidence":"n","satellite":"N","instrument":"VIIRS","version":"2.0NRT","bright_ti4":312.86,"frp":1.49,"daynight":"N"},"geometry":{"type":"Point","coordinates":[-116.82516,42.47437]}},{"type":"Feature","properties":{"acq_date":"2026-08-02","acq_time":928,"confidence":"n","satellite":"N","instrument":"VIIRS","version":"2.0NRT","bright_ti4":313.01,"frp":1.18,"daynight":"N"},"geometry":{"type":"Point","coordinates":[-116.86729,42.47438]}},{"type":"Feature","properties":{"acq_date":"2026-08-02","acq_time":928,"confidence":"n","satellite":"N","instrument":"VIIRS","version":"2.0NRT","bright_ti4":320.43,"frp":3.07,"daynight":"N"},"geometry":{"type":"Point","coordinates":[-116.91292,42.4747]}},{"type":"Feature","properties":{"acq_date":"2026-08-02","acq_time":928,"confidence":"n","satellite":"N","instrument":"VIIRS","version":"2.0NRT","bright_ti4":318.26,"frp":1.94,"daynight":"N"},"geometry":{"type":"Point","coordinates":[-116.82976,42.47482]}},{"type":"Feature","properties":{"acq_date":"2026-08-02","acq_time":928,"confidence":"n","satellite":"N","instrument":"VIIRS","version":"2.0NRT","bright_ti4":304.58,"frp":1.18,"daynight":"N"},"geometry":{"type":"Point","coordinates":[-116.87187,42.47483]}},{"type":"Feature","properties":{"acq_date":"2026-08-02","acq_time":928,"confidence":"n","satellite":"N","instrument":"VIIRS","version":"2.0NRT","bright_ti4":307.62,"frp":3.1,"daynight":"N"},"geometry":{"type":"Point","coordinates":[-116.91779,42.47517]}},{"type":"Feature","properties":{"acq_date":"2026-08-02","acq_time":928,"confidence":"n","satellite":"N","instrument":"VIIRS","version":"2.0NRT","bright_ti4":319.92,"frp":1.94,"daynight":"N"},"geometry":{"type":"Point","coordinates":[-116.83439,42.47527]}},{"type":"Feature","properties":{"acq_date":"2026-08-02","acq_time":928,"confidence":"n","satellite":"N","instrument":"VIIRS","version":"2.0NRT","bright_ti4":316.72,"frp":1.64,"daynight":"N"},"geometry":{"type":"Point","coordinates":[-116.83904,42.47573]}},{"type":"Feature","properties":{"acq_date":"2026-08-02","acq_time":928,"confidence":"n","satellite":"N","instrument":"VIIRS","version":"2.0NRT","bright_ti4":307.41,"frp":1.2,"daynight":"N"},"geometry":{"type":"Point","coordinates":[-116.92735,42.4761]}},{"type":"Feature","properties":{"acq_date":"2026-08-02","acq_time":928,"confidence":"n","satellite":"N","instrument":"VIIRS","version":"2.0NRT","bright_ti4":319.07,"frp":1.64,"daynight":"N"},"geometry":{"type":"Point","coordinates":[-116.84373,42.4762]}},{"type":"Feature","properties":{"acq_date":"2026-08-02","acq_time":928,"confidence":"n","satellite":"N","instrument":"VIIRS","version":"2.0NRT","bright_ti4":299.81,"frp":0.91,"daynight":"N"},"geometry":{"type":"Point","coordinates":[-116.88635,42.47624]}},{"type":"Feature","properties":{"acq_date":"2026-08-02","acq_time":928,"confidence":"n","satellite":"N","instrument":"VIIRS","version":"2.0NRT","bright_ti4":300.79,"frp":1.2,"daynight":"N"},"geometry":{"type":"Point","coordinates":[-116.93208,42.47656]}},{"type":"Feature","properties":{"acq_date":"2026-08-02","acq_time":928,"confidence":"n","satellite":"N","instrument":"VIIRS","version":"2.0NRT","bright_ti4":311.29,"frp":1.67,"daynight":"N"},"geometry":{"type":"Point","coordinates":[-116.8484,42.47665]}},{"type":"Feature","properties":{"acq_date":"2026-08-02","acq_time":928,"confidence":"n","satellite":"N","instrument":"VIIRS","version":"2.0NRT","bright_ti4":311.24,"frp":0.91,"daynight":"N"},"geometry":{"type":"Point","coordinates":[-116.8915,42.47675]}},{"type":"Feature","properties":{"acq_date":"2026-08-02","acq_time":928,"confidence":"n","satellite":"N","instrument":"VIIRS","version":"2.0NRT","bright_ti4":314.35,"frp":1.67,"daynight":"N"},"geometry":{"type":"Point","coordinates":[-116.853,42.47711]}},{"type":"Feature","properties":{"acq_date":"2026-08-02","acq_time":928,"confidence":"n","satellite":"N","instrument":"VIIRS","version":"2.0NRT","bright_ti4":314.24,"frp":1.61,"daynight":"N"},"geometry":{"type":"Point","coordinates":[-116.89675,42.47726]}},{"type":"Feature","properties":{"acq_date":"2026-08-02","acq_time":928,"confidence":"n","satellite":"N","instrument":"VIIRS","version":"2.0NRT","bright_ti4":300.7,"frp":1.15,"daynight":"N"},"geometry":{"type":"Point","coordinates":[-116.98247,42.4773]}},{"type":"Feature","properties":{"acq_date":"2026-08-02","acq_time":928,"confidence":"n","satellite":"N","instrument":"VIIRS","version":"2.0NRT","bright_ti4":301.11,"frp":1.66,"daynight":"N"},"geometry":{"type":"Point","coordinates":[-116.81529,42.47751]}},{"type":"Feature","properties":{"acq_date":"2026-08-02","acq_time":928,"confidence":"n","satellite":"N","instrument":"VIIRS","version":"2.0NRT","bright_ti4":322.57,"frp":2,"daynight":"N"},"geometry":{"type":"Point","coordinates":[-116.85758,42.47756]}},{"type":"Feature","properties":{"acq_date":"2026-08-02","acq_time":928,"confidence":"n","satellite":"N","instrument":"VIIRS","version":"2.0NRT","bright_ti4":312.04,"frp":1.61,"daynight":"N"},"geometry":{"type":"Point","coordinates":[-116.90208,42.47778]}},{"type":"Feature","properties":{"acq_date":"2026-08-02","acq_time":928,"confidence":"n","satellite":"N","instrument":"VIIRS","version":"2.0NRT","bright_ti4":304.32,"frp":2,"daynight":"N"},"geometry":{"type":"Point","coordinates":[-116.86213,42.478]}},{"type":"Feature","properties":{"acq_date":"2026-08-02","acq_time":928,"confidence":"n","satellite":"N","instrument":"VIIRS","version":"2.0NRT","bright_ti4":313.34,"frp":1.33,"daynight":"N"},"geometry":{"type":"Point","coordinates":[-116.90728,42.47829]}},{"type":"Feature","properties":{"acq_date":"2026-08-02","acq_time":928,"confidence":"n","satellite":"N","instrument":"VIIRS","version":"2.0NRT","bright_ti4":311.66,"frp":1.18,"daynight":"N"},"geometry":{"type":"Point","coordinates":[-116.86671,42.47845]}},{"type":"Feature","properties":{"acq_date":"2026-08-02","acq_time":928,"confidence":"n","satellite":"N","instrument":"VIIRS","version":"2.0NRT","bright_ti4":311.36,"frp":1.33,"daynight":"N"},"geometry":{"type":"Point","coordinates":[-116.9124,42.47879]}},{"type":"Feature","properties":{"acq_date":"2026-08-02","acq_time":928,"confidence":"n","satellite":"N","instrument":"VIIRS","version":"2.0NRT","bright_ti4":306.95,"frp":1.36,"daynight":"N"},"geometry":{"type":"Point","coordinates":[-116.82924,42.47889]}},{"type":"Feature","properties":{"acq_date":"2026-08-02","acq_time":928,"confidence":"n","satellite":"N","instrument":"VIIRS","version":"2.0NRT","bright_ti4":302.63,"frp":1.18,"daynight":"N"},"geometry":{"type":"Point","coordinates":[-116.87134,42.47891]}},{"type":"Feature","properties":{"acq_date":"2026-08-02","acq_time":928,"confidence":"n","satellite":"N","instrument":"VIIRS","version":"2.0NRT","bright_ti4":303.57,"frp":1.18,"daynight":"N"},"geometry":{"type":"Point","coordinates":[-116.91739,42.47927]}},{"type":"Feature","properties":{"acq_date":"2026-08-02","acq_time":928,"confidence":"n","satellite":"N","instrument":"VIIRS","version":"2.0NRT","bright_ti4":320.5,"frp":1.36,"daynight":"N"},"geometry":{"type":"Point","coordinates":[-116.83384,42.47935]}},{"type":"Feature","properties":{"acq_date":"2026-08-02","acq_time":928,"confidence":"n","satellite":"N","instrument":"VIIRS","version":"2.0NRT","bright_ti4":304.66,"frp":1.18,"daynight":"N"},"geometry":{"type":"Point","coordinates":[-116.92221,42.47975]}},{"type":"Feature","properties":{"acq_date":"2026-08-02","acq_time":928,"confidence":"n","satellite":"N","instrument":"VIIRS","version":"2.0NRT","bright_ti4":321.86,"frp":1.63,"daynight":"N"},"geometry":{"type":"Point","coordinates":[-116.83846,42.4798]}},{"type":"Feature","properties":{"acq_date":"2026-08-02","acq_time":928,"confidence":"n","satellite":"N","instrument":"VIIRS","version":"2.0NRT","bright_ti4":299.1,"frp":0.92,"daynight":"N"},"geometry":{"type":"Point","coordinates":[-116.96664,42.47992]}},{"type":"Feature","properties":{"acq_date":"2026-08-02","acq_time":928,"confidence":"n","satellite":"N","instrument":"VIIRS","version":"2.0NRT","bright_ti4":311.77,"frp":1.71,"daynight":"N"},"geometry":{"type":"Point","coordinates":[-116.92694,42.48021]}},{"type":"Feature","properties":{"acq_date":"2026-08-02","acq_time":928,"confidence":"n","satellite":"N","instrument":"VIIRS","version":"2.0NRT","bright_ti4":307.13,"frp":1.63,"daynight":"N"},"geometry":{"type":"Point","coordinates":[-116.84313,42.48026]}},{"type":"Feature","properties":{"acq_date":"2026-08-02","acq_time":928,"confidence":"n","satellite":"N","instrument":"VIIRS","version":"2.0NRT","bright_ti4":300.06,"frp":0.91,"daynight":"N"},"geometry":{"type":"Point","coordinates":[-116.88563,42.48031]}},{"type":"Feature","properties":{"acq_date":"2026-08-02","acq_time":928,"confidence":"n","satellite":"N","instrument":"VIIRS","version":"2.0NRT","bright_ti4":302,"frp":0.92,"daynight":"N"},"geometry":{"type":"Point","coordinates":[-116.97177,42.48041]}},{"type":"Feature","properties":{"acq_date":"2026-08-02","acq_time":928,"confidence":"n","satellite":"N","instrument":"VIIRS","version":"2.0NRT","bright_ti4":304.93,"frp":1.1,"daynight":"N"},"geometry":{"type":"Point","coordinates":[-116.84782,42.48072]}},{"type":"Feature","properties":{"acq_date":"2026-08-02","acq_time":928,"confidence":"n","satellite":"N","instrument":"VIIRS","version":"2.0NRT","bright_ti4":304.87,"frp":1.15,"daynight":"N"},"geometry":{"type":"Point","coordinates":[-116.97673,42.48089]}},{"type":"Feature","properties":{"acq_date":"2026-08-02","acq_time":928,"confidence":"n","satellite":"N","instrument":"VIIRS","version":"2.0NRT","bright_ti4":310.7,"frp":1.1,"daynight":"N"},"geometry":{"type":"Point","coordinates":[-116.85248,42.48118]}},{"type":"Feature","properties":{"acq_date":"2026-08-02","acq_time":928,"confidence":"n","satellite":"N","instrument":"VIIRS","version":"2.0NRT","bright_ti4":318.81,"frp":1.83,"daynight":"N"},"geometry":{"type":"Point","coordinates":[-116.85705,42.48163]}},{"type":"Feature","properties":{"acq_date":"2026-08-02","acq_time":928,"confidence":"n","satellite":"N","instrument":"VIIRS","version":"2.0NRT","bright_ti4":307.61,"frp":1.61,"daynight":"N"},"geometry":{"type":"Point","coordinates":[-116.90112,42.48183]}},{"type":"Feature","properties":{"acq_date":"2026-08-02","acq_time":928,"confidence":"n","satellite":"N","instrument":"VIIRS","version":"2.0NRT","bright_ti4":312.97,"frp":1.83,"daynight":"N"},"geometry":{"type":"Point","coordinates":[-116.8616,42.48208]}},{"type":"Feature","properties":{"acq_date":"2026-08-02","acq_time":928,"confidence":"n","satellite":"N","instrument":"VIIRS","version":"2.0NRT","bright_ti4":306.25,"frp":1.33,"daynight":"N"},"geometry":{"type":"Point","coordinates":[-116.90633,42.48233]}},{"type":"Feature","properties":{"acq_date":"2026-08-02","acq_time":928,"confidence":"n","satellite":"N","instrument":"VIIRS","version":"2.0NRT","bright_ti4":307.38,"frp":1.33,"daynight":"N"},"geometry":{"type":"Point","coordinates":[-116.86619,42.48253]}},{"type":"Feature","properties":{"acq_date":"2026-08-02","acq_time":928,"confidence":"n","satellite":"N","instrument":"VIIRS","version":"2.0NRT","bright_ti4":310.83,"frp":1.33,"daynight":"N"},"geometry":{"type":"Point","coordinates":[-116.91146,42.48283]}},{"type":"Feature","properties":{"acq_date":"2026-08-02","acq_time":928,"confidence":"n","satellite":"N","instrument":"VIIRS","version":"2.0NRT","bright_ti4":299.04,"frp":1.36,"daynight":"N"},"geometry":{"type":"Point","coordinates":[-116.82867,42.48296]}},{"type":"Feature","properties":{"acq_date":"2026-08-02","acq_time":928,"confidence":"n","satellite":"N","instrument":"VIIRS","version":"2.0NRT","bright_ti4":302.47,"frp":1.33,"daynight":"N"},"geometry":{"type":"Point","coordinates":[-116.87083,42.48299]}},{"type":"Feature","properties":{"acq_date":"2026-08-02","acq_time":928,"confidence":"n","satellite":"N","instrument":"VIIRS","version":"2.0NRT","bright_ti4":307.65,"frp":1.18,"daynight":"N"},"geometry":{"type":"Point","coordinates":[-116.91657,42.48334]}},{"type":"Feature","properties":{"acq_date":"2026-08-02","acq_time":928,"confidence":"n","satellite":"N","instrument":"VIIRS","version":"2.0NRT","bright_ti4":316.07,"frp":1.36,"daynight":"N"},"geometry":{"type":"Point","coordinates":[-116.83331,42.48342]}},{"type":"Feature","properties":{"acq_date":"2026-08-02","acq_time":928,"confidence":"n","satellite":"N","instrument":"VIIRS","version":"2.0NRT","bright_ti4":314.75,"frp":1.63,"daynight":"N"},"geometry":{"type":"Point","coordinates":[-116.83797,42.48388]}},{"type":"Feature","properties":{"acq_date":"2026-08-02","acq_time":928,"confidence":"n","satellite":"N","instrument":"VIIRS","version":"2.0NRT","bright_ti4":313.13,"frp":1.62,"daynight":"N"},"geometry":{"type":"Point","coordinates":[-116.96595,42.484]}},{"type":"Feature","properties":{"acq_date":"2026-08-02","acq_time":928,"confidence":"n","satellite":"N","instrument":"VIIRS","version":"2.0NRT","bright_ti4":307.71,"frp":1.63,"daynight":"N"},"geometry":{"type":"Point","coordinates":[-116.84265,42.48434]}},{"type":"Feature","properties":{"acq_date":"2026-08-02","acq_time":928,"confidence":"n","satellite":"N","instrument":"VIIRS","version":"2.0NRT","bright_ti4":306.9,"frp":1.62,"daynight":"N"},"geometry":{"type":"Point","coordinates":[-116.97112,42.4845]}},{"type":"Feature","properties":{"acq_date":"2026-08-02","acq_time":928,"confidence":"n","satellite":"N","instrument":"VIIRS","version":"2.0NRT","bright_ti4":300.5,"frp":0.69,"daynight":"N"},"geometry":{"type":"Point","coordinates":[-116.80436,42.48467]}},{"type":"Feature","properties":{"acq_date":"2026-08-02","acq_time":928,"confidence":"n","satellite":"N","instrument":"VIIRS","version":"2.0NRT","bright_ti4":306.51,"frp":1.1,"daynight":"N"},"geometry":{"type":"Point","coordinates":[-116.84735,42.48481]}},{"type":"Feature","properties":{"acq_date":"2026-08-02","acq_time":928,"confidence":"n","satellite":"N","instrument":"VIIRS","version":"2.0NRT","bright_ti4":306.1,"frp":1.1,"daynight":"N"},"geometry":{"type":"Point","coordinates":[-116.85202,42.48526]}},{"type":"Feature","properties":{"acq_date":"2026-08-02","acq_time":928,"confidence":"n","satellite":"N","instrument":"VIIRS","version":"2.0NRT","bright_ti4":314.61,"frp":1.83,"daynight":"N"},"geometry":{"type":"Point","coordinates":[-116.85664,42.48572]}},{"type":"Feature","properties":{"acq_date":"2026-08-02","acq_time":928,"confidence":"n","satellite":"N","instrument":"VIIRS","version":"2.0NRT","bright_ti4":307.85,"frp":0.98,"daynight":"N"},"geometry":{"type":"Point","coordinates":[-116.90022,42.48587]}},{"type":"Feature","properties":{"acq_date":"2026-08-02","acq_time":928,"confidence":"n","satellite":"N","instrument":"VIIRS","version":"2.0NRT","bright_ti4":304.32,"frp":1.16,"daynight":"N"},"geometry":{"type":"Point","coordinates":[-116.81856,42.48608]}},{"type":"Feature","properties":{"acq_date":"2026-08-02","acq_time":928,"confidence":"n","satellite":"N","instrument":"VIIRS","version":"2.0NRT","bright_ti4":318.48,"frp":1.83,"daynight":"N"},"geometry":{"type":"Point","coordinates":[-116.86112,42.48616]}},{"type":"Feature","properties":{"acq_date":"2026-08-02","acq_time":928,"confidence":"n","satellite":"N","instrument":"VIIRS","version":"2.0NRT","bright_ti4":310.18,"frp":1.45,"daynight":"N"},"geometry":{"type":"Point","coordinates":[-116.90527,42.48637]}},{"type":"Feature","properties":{"acq_date":"2026-08-02","acq_time":928,"confidence":"n","satellite":"N","instrument":"VIIRS","version":"2.0NRT","bright_ti4":309.26,"frp":1.16,"daynight":"N"},"geometry":{"type":"Point","coordinates":[-116.8233,42.48655]}},{"type":"Feature","properties":{"acq_date":"2026-08-02","acq_time":928,"confidence":"n","satellite":"N","instrument":"VIIRS","version":"2.0NRT","bright_ti4":317.49,"frp":1.33,"daynight":"N"},"geometry":{"type":"Point","coordinates":[-116.8657,42.48661]}},{"type":"Feature","properties":{"acq_date":"2026-08-02","acq_time":928,"confidence":"n","satellite":"N","instrument":"VIIRS","version":"2.0NRT","bright_ti4":306.87,"frp":1.45,"daynight":"N"},"geometry":{"type":"Point","coordinates":[-116.91039,42.48687]}},{"type":"Feature","properties":{"acq_date":"2026-08-02","acq_time":928,"confidence":"n","satellite":"N","instrument":"VIIRS","version":"2.0NRT","bright_ti4":311.12,"frp":1.33,"daynight":"N"},"geometry":{"type":"Point","coordinates":[-116.87032,42.48707]}},{"type":"Feature","properties":{"acq_date":"2026-08-02","acq_time":928,"confidence":"n","satellite":"N","instrument":"VIIRS","version":"2.0NRT","bright_ti4":305.46,"frp":2.8,"daynight":"N"},"geometry":{"type":"Point","coordinates":[-116.87508,42.48754]}},{"type":"Feature","properties":{"acq_date":"2026-08-02","acq_time":928,"confidence":"n","satellite":"N","instrument":"VIIRS","version":"2.0NRT","bright_ti4":302.79,"frp":1.68,"daynight":"N"},"geometry":{"type":"Point","coordinates":[-116.95997,42.48757]}},{"type":"Feature","properties":{"acq_date":"2026-08-02","acq_time":928,"confidence":"n","satellite":"N","instrument":"VIIRS","version":"2.0NRT","bright_ti4":317.23,"frp":1.62,"daynight":"N"},"geometry":{"type":"Point","coordinates":[-116.96532,42.48809]}},{"type":"Feature","properties":{"acq_date":"2026-08-02","acq_time":928,"confidence":"n","satellite":"N","instrument":"VIIRS","version":"2.0NRT","bright_ti4":304.36,"frp":0.94,"daynight":"N"},"geometry":{"type":"Point","coordinates":[-116.84687,42.48888]}},{"type":"Feature","properties":{"acq_date":"2026-08-02","acq_time":928,"confidence":"n","satellite":"N","instrument":"VIIRS","version":"2.0NRT","bright_ti4":304.8,"frp":0.94,"daynight":"N"},"geometry":{"type":"Point","coordinates":[-116.85159,42.48935]}},{"type":"Feature","properties":{"acq_date":"2026-08-02","acq_time":928,"confidence":"n","satellite":"N","instrument":"VIIRS","version":"2.0NRT","bright_ti4":303.88,"frp":0.98,"daynight":"N"},"geometry":{"type":"Point","coordinates":[-116.89448,42.48944]}},{"type":"Feature","properties":{"acq_date":"2026-08-02","acq_time":928,"confidence":"n","satellite":"N","instrument":"VIIRS","version":"2.0NRT","bright_ti4":310.61,"frp":1.61,"daynight":"N"},"geometry":{"type":"Point","coordinates":[-116.8562,42.48981]}},{"type":"Feature","properties":{"acq_date":"2026-08-02","acq_time":928,"confidence":"n","satellite":"N","instrument":"VIIRS","version":"2.0NRT","bright_ti4":311.59,"frp":1.16,"daynight":"N"},"geometry":{"type":"Point","coordinates":[-116.81776,42.49012]}},{"type":"Feature","properties":{"acq_date":"2026-08-02","acq_time":928,"confidence":"n","satellite":"N","instrument":"VIIRS","version":"2.0NRT","bright_ti4":322.02,"frp":1.61,"daynight":"N"},"geometry":{"type":"Point","coordinates":[-116.86074,42.49025]}},{"type":"Feature","properties":{"acq_date":"2026-08-02","acq_time":928,"confidence":"n","satellite":"N","instrument":"VIIRS","version":"2.0NRT","bright_ti4":309.54,"frp":1.16,"daynight":"N"},"geometry":{"type":"Point","coordinates":[-116.82252,42.4906]}},{"type":"Feature","properties":{"acq_date":"2026-08-02","acq_time":928,"confidence":"n","satellite":"N","instrument":"VIIRS","version":"2.0NRT","bright_ti4":317.85,"frp":2.36,"daynight":"N"},"geometry":{"type":"Point","coordinates":[-116.86526,42.4907]}},{"type":"Feature","properties":{"acq_date":"2026-08-02","acq_time":928,"confidence":"n","satellite":"N","instrument":"VIIRS","version":"2.0NRT","bright_ti4":304.69,"frp":2.36,"daynight":"N"},"geometry":{"type":"Point","coordinates":[-116.82727,42.49107]}},{"type":"Feature","properties":{"acq_date":"2026-08-02","acq_time":928,"confidence":"n","satellite":"N","instrument":"VIIRS","version":"2.0NRT","bright_ti4":328.63,"frp":2.36,"daynight":"N"},"geometry":{"type":"Point","coordinates":[-116.86985,42.49116]}},{"type":"Feature","properties":{"acq_date":"2026-08-02","acq_time":928,"confidence":"n","satellite":"N","instrument":"VIIRS","version":"2.0NRT","bright_ti4":302.56,"frp":0.9,"daynight":"N"},"geometry":{"type":"Point","coordinates":[-116.95454,42.49119]}},{"type":"Feature","properties":{"acq_date":"2026-08-02","acq_time":928,"confidence":"n","satellite":"N","instrument":"VIIRS","version":"2.0NRT","bright_ti4":303.06,"frp":2.28,"daynight":"N"},"geometry":{"type":"Point","coordinates":[-116.91488,42.49145]}},{"type":"Feature","properties":{"acq_date":"2026-08-02","acq_time":928,"confidence":"n","satellite":"N","instrument":"VIIRS","version":"2.0NRT","bright_ti4":307.87,"frp":1.49,"daynight":"N"},"geometry":{"type":"Point","coordinates":[-116.87459,42.49162]}},{"type":"Feature","properties":{"acq_date":"2026-08-02","acq_time":928,"confidence":"n","satellite":"N","instrument":"VIIRS","version":"2.0NRT","bright_ti4":301.6,"frp":0.9,"daynight":"N"},"geometry":{"type":"Point","coordinates":[-116.95978,42.4917]}},{"type":"Feature","properties":{"acq_date":"2026-08-02","acq_time":928,"confidence":"n","satellite":"N","instrument":"VIIRS","version":"2.0NRT","bright_ti4":306.79,"frp":1.4,"daynight":"N"},"geometry":{"type":"Point","coordinates":[-116.83675,42.49201]}},{"type":"Feature","properties":{"acq_date":"2026-08-02","acq_time":928,"confidence":"n","satellite":"N","instrument":"VIIRS","version":"2.0NRT","bright_ti4":308.77,"frp":1.49,"daynight":"N"},"geometry":{"type":"Point","coordinates":[-116.87943,42.4921]}},{"type":"Feature","properties":{"acq_date":"2026-08-02","acq_time":928,"confidence":"n","satellite":"N","instrument":"VIIRS","version":"2.0NRT","bright_ti4":301.63,"frp":1.4,"daynight":"N"},"geometry":{"type":"Point","coordinates":[-116.84152,42.49248]}},{"type":"Feature","properties":{"acq_date":"2026-08-02","acq_time":928,"confidence":"n","satellite":"N","instrument":"VIIRS","version":"2.0NRT","bright_ti4":303.1,"frp":1.29,"daynight":"N"},"geometry":{"type":"Point","coordinates":[-116.88421,42.49257]}},{"type":"Feature","properties":{"acq_date":"2026-08-02","acq_time":928,"confidence":"n","satellite":"N","instrument":"VIIRS","version":"2.0NRT","bright_ti4":310.45,"frp":1.29,"daynight":"N"},"geometry":{"type":"Point","coordinates":[-116.88905,42.49305]}},{"type":"Feature","properties":{"acq_date":"2026-08-02","acq_time":928,"confidence":"n","satellite":"N","instrument":"VIIRS","version":"2.0NRT","bright_ti4":307.38,"frp":1.61,"daynight":"N"},"geometry":{"type":"Point","coordinates":[-116.86031,42.49434]}},{"type":"Feature","properties":{"acq_date":"2026-08-02","acq_time":928,"confidence":"n","satellite":"N","instrument":"VIIRS","version":"2.0NRT","bright_ti4":321.87,"frp":2.36,"daynight":"N"},"geometry":{"type":"Point","coordinates":[-116.86485,42.49479]}},{"type":"Feature","properties":{"acq_date":"2026-08-02","acq_time":928,"confidence":"n","satellite":"N","instrument":"VIIRS","version":"2.0NRT","bright_ti4":305.01,"frp":1.09,"daynight":"N"},"geometry":{"type":"Point","coordinates":[-116.82646,42.49511]}},{"type":"Feature","properties":{"acq_date":"2026-08-02","acq_time":928,"confidence":"n","satellite":"N","instrument":"VIIRS","version":"2.0NRT","bright_ti4":314.98,"frp":2.36,"daynight":"N"},"geometry":{"type":"Point","coordinates":[-116.86937,42.49524]}},{"type":"Feature","properties":{"acq_date":"2026-08-02","acq_time":928,"confidence":"n","satellite":"N","instrument":"VIIRS","version":"2.0NRT","bright_ti4":306.21,"frp":0.9,"daynight":"N"},"geometry":{"type":"Point","coordinates":[-116.95457,42.49534]}},{"type":"Feature","properties":{"acq_date":"2026-08-02","acq_time":928,"confidence":"n","satellite":"N","instrument":"VIIRS","version":"2.0NRT","bright_ti4":305.2,"frp":1.09,"daynight":"N"},"geometry":{"type":"Point","coordinates":[-116.83125,42.49559]}},{"type":"Feature","properties":{"acq_date":"2026-08-02","acq_time":928,"confidence":"n","satellite":"N","instrument":"VIIRS","version":"2.0NRT","bright_ti4":306.5,"frp":1.49,"daynight":"N"},"geometry":{"type":"Point","coordinates":[-116.87408,42.4957]}},{"type":"Feature","properties":{"acq_date":"2026-08-02","acq_time":928,"confidence":"n","satellite":"N","instrument":"VIIRS","version":"2.0NRT","bright_ti4":316.36,"frp":1.49,"daynight":"N"},"geometry":{"type":"Point","coordinates":[-116.87892,42.49618]}},{"type":"Feature","properties":{"acq_date":"2026-08-02","acq_time":928,"confidence":"n","satellite":"N","instrument":"VIIRS","version":"2.0NRT","bright_ti4":309.98,"frp":1.29,"daynight":"N"},"geometry":{"type":"Point","coordinates":[-116.88371,42.49666]}},{"type":"Feature","properties":{"acq_date":"2026-08-02","acq_time":928,"confidence":"n","satellite":"N","instrument":"VIIRS","version":"2.0NRT","bright_ti4":316.9,"frp":2.35,"daynight":"N"},"geometry":{"type":"Point","coordinates":[-116.86888,42.49932]}},{"type":"Feature","properties":{"acq_date":"2026-08-02","acq_time":928,"confidence":"n","satellite":"N","instrument":"VIIRS","version":"2.0NRT","bright_ti4":311.15,"frp":2.03,"daynight":"N"},"geometry":{"type":"Point","coordinates":[-116.87355,42.49979]}},{"type":"Feature","properties":{"acq_date":"2026-08-02","acq_time":928,"confidence":"n","satellite":"N","instrument":"VIIRS","version":"2.0NRT","bright_ti4":321.96,"frp":2.03,"daynight":"N"},"geometry":{"type":"Point","coordinates":[-116.87836,42.50026]}},{"type":"Feature","properties":{"acq_date":"2026-08-02","acq_time":928,"confidence":"n","satellite":"N","instrument":"VIIRS","version":"2.0NRT","bright_ti4":308.83,"frp":2.14,"daynight":"N"},"geometry":{"type":"Point","coordinates":[-116.88316,42.50074]}},{"type":"Feature","properties":{"acq_date":"2026-08-02","acq_time":928,"confidence":"n","satellite":"N","instrument":"VIIRS","version":"2.0NRT","bright_ti4":307,"frp":2.14,"daynight":"N"},"geometry":{"type":"Point","coordinates":[-116.88795,42.50121]}},{"type":"Feature","properties":{"acq_date":"2026-08-02","acq_time":928,"confidence":"n","satellite":"N","instrument":"VIIRS","version":"2.0NRT","bright_ti4":314.29,"frp":2.35,"daynight":"N"},"geometry":{"type":"Point","coordinates":[-116.86835,42.5034]}},{"type":"Feature","properties":{"acq_date":"2026-08-02","acq_time":928,"confidence":"n","satellite":"N","instrument":"VIIRS","version":"2.0NRT","bright_ti4":318.73,"frp":2.03,"daynight":"N"},"geometry":{"type":"Point","coordinates":[-116.87301,42.50386]}},{"type":"Feature","properties":{"acq_date":"2026-08-02","acq_time":928,"confidence":"n","satellite":"N","instrument":"VIIRS","version":"2.0NRT","bright_ti4":318.13,"frp":2.03,"daynight":"N"},"geometry":{"type":"Point","coordinates":[-116.87783,42.50434]}},{"type":"Feature","properties":{"acq_date":"2026-08-02","acq_time":928,"confidence":"n","satellite":"N","instrument":"VIIRS","version":"2.0NRT","bright_ti4":303.08,"frp":1.36,"daynight":"N"},"geometry":{"type":"Point","coordinates":[-116.8923,42.50578]}},{"type":"Feature","properties":{"acq_date":"2026-08-02","acq_time":928,"confidence":"n","satellite":"N","instrument":"VIIRS","version":"2.0NRT","bright_ti4":306.47,"frp":1.36,"daynight":"N"},"geometry":{"type":"Point","coordinates":[-116.89725,42.50627]}},{"type":"Feature","properties":{"acq_date":"2026-08-02","acq_time":928,"confidence":"n","satellite":"N","instrument":"VIIRS","version":"2.0NRT","bright_ti4":309.82,"frp":2.05,"daynight":"N"},"geometry":{"type":"Point","coordinates":[-116.8669,42.50642]}},{"type":"Feature","properties":{"acq_date":"2026-08-02","acq_time":928,"confidence":"n","satellite":"N","instrument":"VIIRS","version":"2.0NRT","bright_ti4":317.64,"frp":2.05,"daynight":"N"},"geometry":{"type":"Point","coordinates":[-116.87157,42.50686]}},{"type":"Feature","properties":{"acq_date":"2026-08-02","acq_time":928,"confidence":"n","satellite":"N","instrument":"VIIRS","version":"2.0NRT","bright_ti4":309.25,"frp":1.18,"daynight":"N"},"geometry":{"type":"Point","coordinates":[-116.87635,42.50731]}},{"type":"Feature","properties":{"acq_date":"2026-08-02","acq_time":928,"confidence":"n","satellite":"N","instrument":"VIIRS","version":"2.0NRT","bright_ti4":309.01,"frp":1.71,"daynight":"N"},"geometry":{"type":"Point","coordinates":[-116.86783,42.50748]}},{"type":"Feature","properties":{"acq_date":"2026-08-02","acq_time":928,"confidence":"n","satellite":"N","instrument":"VIIRS","version":"2.0NRT","bright_ti4":301.41,"frp":1.18,"daynight":"N"},"geometry":{"type":"Point","coordinates":[-116.88115,42.50776]}},{"type":"Feature","properties":{"acq_date":"2026-08-02","acq_time":928,"confidence":"n","satellite":"N","instrument":"VIIRS","version":"2.0NRT","bright_ti4":318.11,"frp":1.45,"daynight":"N"},"geometry":{"type":"Point","coordinates":[-116.87254,42.50795]}},{"type":"Feature","properties":{"acq_date":"2026-08-02","acq_time":928,"confidence":"n","satellite":"N","instrument":"VIIRS","version":"2.0NRT","bright_ti4":300.22,"frp":0.77,"daynight":"N"},"geometry":{"type":"Point","coordinates":[-116.88594,42.50821]}},{"type":"Feature","properties":{"acq_date":"2026-08-02","acq_time":928,"confidence":"n","satellite":"N","instrument":"VIIRS","version":"2.0NRT","bright_ti4":307.34,"frp":1.45,"daynight":"N"},"geometry":{"type":"Point","coordinates":[-116.87732,42.50843]}},{"type":"Feature","properties":{"acq_date":"2026-08-02","acq_time":928,"confidence":"n","satellite":"N","instrument":"VIIRS","version":"2.0NRT","bright_ti4":303.92,"frp":0.77,"daynight":"N"},"geometry":{"type":"Point","coordinates":[-116.89082,42.50867]}},{"type":"Feature","properties":{"acq_date":"2026-08-02","acq_time":928,"confidence":"n","satellite":"N","instrument":"VIIRS","version":"2.0NRT","bright_ti4":303.71,"frp":1.31,"daynight":"N"},"geometry":{"type":"Point","coordinates":[-116.89577,42.50913]}},{"type":"Feature","properties":{"acq_date":"2026-08-02","acq_time":928,"confidence":"n","satellite":"N","instrument":"VIIRS","version":"2.0NRT","bright_ti4":306,"frp":1.6,"daynight":"N"},"geometry":{"type":"Point","coordinates":[-116.89182,42.50987]}},{"type":"Feature","properties":{"acq_date":"2026-08-02","acq_time":928,"confidence":"n","satellite":"N","instrument":"VIIRS","version":"2.0NRT","bright_ti4":301.96,"frp":1.18,"daynight":"N"},"geometry":{"type":"Point","coordinates":[-116.87586,42.51139]}},{"type":"Feature","properties":{"acq_date":"2026-08-02","acq_time":928,"confidence":"n","satellite":"N","instrument":"VIIRS","version":"2.0NRT","bright_ti4":309.1,"frp":1.18,"daynight":"N"},"geometry":{"type":"Point","coordinates":[-116.88063,42.51184]}},{"type":"Feature","properties":{"acq_date":"2026-08-02","acq_time":928,"confidence":"n","satellite":"N","instrument":"VIIRS","version":"2.0NRT","bright_ti4":300.98,"frp":0.77,"daynight":"N"},"geometry":{"type":"Point","coordinates":[-116.88542,42.51229]}},{"type":"Feature","properties":{"acq_date":"2026-08-02","acq_time":928,"confidence":"n","satellite":"N","instrument":"VIIRS","version":"2.0NRT","bright_ti4":305.11,"frp":1.45,"daynight":"N"},"geometry":{"type":"Point","coordinates":[-116.87683,42.51252]}},{"type":"Feature","properties":{"acq_date":"2026-08-02","acq_time":928,"confidence":"n","satellite":"N","instrument":"VIIRS","version":"2.0NRT","bright_ti4":297.92,"frp":0.77,"daynight":"N"},"geometry":{"type":"Point","coordinates":[-116.8903,42.51275]}},{"type":"Feature","properties":{"acq_date":"2026-08-02","acq_time":928,"confidence":"n","satellite":"N","instrument":"VIIRS","version":"2.0NRT","bright_ti4":304.77,"frp":1.64,"daynight":"N"},"geometry":{"type":"Point","coordinates":[-116.88158,42.51299]}},{"type":"Feature","properties":{"acq_date":"2026-08-02","acq_time":928,"confidence":"n","satellite":"N","instrument":"VIIRS","version":"2.0NRT","bright_ti4":304.14,"frp":1.64,"daynight":"N"},"geometry":{"type":"Point","coordinates":[-116.88639,42.51347]}},{"type":"Feature","properties":{"acq_date":"2026-08-02","acq_time":928,"confidence":"n","satellite":"N","instrument":"VIIRS","version":"2.0NRT","bright_ti4":305.98,"frp":1.36,"daynight":"N"},"geometry":{"type":"Point","coordinates":[-116.89542,42.54219]}},{"type":"Feature","properties":{"acq_date":"2026-08-02","acq_time":928,"confidence":"n","satellite":"N","instrument":"VIIRS","version":"2.0NRT","bright_ti4":317.47,"frp":1.41,"daynight":"N"},"geometry":{"type":"Point","coordinates":[-116.90026,42.54265]}},{"type":"Feature","properties":{"acq_date":"2026-08-02","acq_time":928,"confidence":"n","satellite":"N","instrument":"VIIRS","version":"2.0NRT","bright_ti4":300.23,"frp":1.41,"daynight":"N"},"geometry":{"type":"Point","coordinates":[-116.90511,42.54311]}},{"type":"Feature","properties":{"acq_date":"2026-08-02","acq_time":928,"confidence":"n","satellite":"N","instrument":"VIIRS","version":"2.0NRT","bright_ti4":309.14,"frp":1.39,"daynight":"N"},"geometry":{"type":"Point","coordinates":[-116.90997,42.54358]}},{"type":"Feature","properties":{"acq_date":"2026-08-02","acq_time":928,"confidence":"n","satellite":"N","instrument":"VIIRS","version":"2.0NRT","bright_ti4":301.34,"frp":1.87,"daynight":"N"},"geometry":{"type":"Point","coordinates":[-116.87052,42.54395]}},{"type":"Feature","properties":{"acq_date":"2026-08-02","acq_time":928,"confidence":"n","satellite":"N","instrument":"VIIRS","version":"2.0NRT","bright_ti4":319.09,"frp":1.87,"daynight":"N"},"geometry":{"type":"Point","coordinates":[-116.87531,42.54441]}},{"type":"Feature","properties":{"acq_date":"2026-08-02","acq_time":928,"confidence":"n","satellite":"N","instrument":"VIIRS","version":"2.0NRT","bright_ti4":314.43,"frp":1.62,"daynight":"N"},"geometry":{"type":"Point","coordinates":[-116.88013,42.54487]}},{"type":"Feature","properties":{"acq_date":"2026-08-02","acq_time":928,"confidence":"n","satellite":"N","instrument":"VIIRS","version":"2.0NRT","bright_ti4":299.52,"frp":1.62,"daynight":"N"},"geometry":{"type":"Point","coordinates":[-116.88499,42.54533]}},{"type":"Feature","properties":{"acq_date":"2026-08-02","acq_time":928,"confidence":"n","satellite":"N","instrument":"VIIRS","version":"2.0NRT","bright_ti4":306.14,"frp":1.36,"daynight":"N"},"geometry":{"type":"Point","coordinates":[-116.89477,42.54627]}},{"type":"Feature","properties":{"acq_date":"2026-08-02","acq_time":928,"confidence":"n","satellite":"N","instrument":"VIIRS","version":"2.0NRT","bright_ti4":307.98,"frp":1.41,"daynight":"N"},"geometry":{"type":"Point","coordinates":[-116.89962,42.54673]}},{"type":"Feature","properties":{"acq_date":"2026-08-02","acq_time":928,"confidence":"n","satellite":"N","instrument":"VIIRS","version":"2.0NRT","bright_ti4":306.4,"frp":1.41,"daynight":"N"},"geometry":{"type":"Point","coordinates":[-116.90444,42.54719]}},{"type":"Feature","properties":{"acq_date":"2026-08-02","acq_time":928,"confidence":"n","satellite":"N","instrument":"VIIRS","version":"2.0NRT","bright_ti4":305.91,"frp":1.39,"daynight":"N"},"geometry":{"type":"Point","coordinates":[-116.90934,42.54766]}},{"type":"Feature","properties":{"acq_date":"2026-08-02","acq_time":928,"confidence":"n","satellite":"N","instrument":"VIIRS","version":"2.0NRT","bright_ti4":309.18,"frp":1.39,"daynight":"N"},"geometry":{"type":"Point","coordinates":[-116.91426,42.54813]}},{"type":"Feature","properties":{"acq_date":"2026-08-02","acq_time":928,"confidence":"n","satellite":"N","instrument":"VIIRS","version":"2.0NRT","bright_ti4":315.12,"frp":1.56,"daynight":"N"},"geometry":{"type":"Point","coordinates":[-116.87467,42.54848]}},{"type":"Feature","properties":{"acq_date":"2026-08-02","acq_time":928,"confidence":"n","satellite":"N","instrument":"VIIRS","version":"2.0NRT","bright_ti4":303.67,"frp":1.84,"daynight":"N"},"geometry":{"type":"Point","coordinates":[-116.9192,42.5486]}},{"type":"Feature","properties":{"acq_date":"2026-08-02","acq_time":928,"confidence":"n","satellite":"N","instrument":"VIIRS","version":"2.0NRT","bright_ti4":313.44,"frp":2.17,"daynight":"N"},"geometry":{"type":"Point","coordinates":[-116.87951,42.54894]}},{"type":"Feature","properties":{"acq_date":"2026-08-02","acq_time":928,"confidence":"n","satellite":"N","instrument":"VIIRS","version":"2.0NRT","bright_ti4":313.47,"frp":2.17,"daynight":"N"},"geometry":{"type":"Point","coordinates":[-116.88436,42.54941]}},{"type":"Feature","properties":{"acq_date":"2026-08-02","acq_time":928,"confidence":"n","satellite":"N","instrument":"VIIRS","version":"2.0NRT","bright_ti4":304.21,"frp":1.07,"daynight":"N"},"geometry":{"type":"Point","coordinates":[-116.88925,42.54988]}},{"type":"Feature","properties":{"acq_date":"2026-08-02","acq_time":928,"confidence":"n","satellite":"N","instrument":"VIIRS","version":"2.0NRT","bright_ti4":301.58,"frp":1.07,"daynight":"N"},"geometry":{"type":"Point","coordinates":[-116.89415,42.55035]}},{"type":"Feature","properties":{"acq_date":"2026-08-02","acq_time":928,"confidence":"n","satellite":"N","instrument":"VIIRS","version":"2.0NRT","bright_ti4":301.17,"frp":0.98,"daynight":"N"},"geometry":{"type":"Point","coordinates":[-116.89902,42.55081]}},{"type":"Feature","properties":{"acq_date":"2026-08-02","acq_time":928,"confidence":"n","satellite":"N","instrument":"VIIRS","version":"2.0NRT","bright_ti4":303.75,"frp":0.98,"daynight":"N"},"geometry":{"type":"Point","coordinates":[-116.90389,42.55128]}},{"type":"Feature","properties":{"acq_date":"2026-08-02","acq_time":928,"confidence":"n","satellite":"N","instrument":"VIIRS","version":"2.0NRT","bright_ti4":307.35,"frp":1.24,"daynight":"N"},"geometry":{"type":"Point","coordinates":[-116.90877,42.55175]}},{"type":"Feature","properties":{"acq_date":"2026-08-02","acq_time":928,"confidence":"n","satellite":"N","instrument":"VIIRS","version":"2.0NRT","bright_ti4":300.79,"frp":1.56,"daynight":"N"},"geometry":{"type":"Point","coordinates":[-116.86922,42.55209]}},{"type":"Feature","properties":{"acq_date":"2026-08-02","acq_time":928,"confidence":"n","satellite":"N","instrument":"VIIRS","version":"2.0NRT","bright_ti4":309.46,"frp":1.24,"daynight":"N"},"geometry":{"type":"Point","coordinates":[-116.91369,42.55222]}},{"type":"Feature","properties":{"acq_date":"2026-08-02","acq_time":928,"confidence":"n","satellite":"N","instrument":"VIIRS","version":"2.0NRT","bright_ti4":302.36,"frp":0.93,"daynight":"N"},"geometry":{"type":"Point","coordinates":[-116.91863,42.55269]}},{"type":"Feature","properties":{"acq_date":"2026-08-02","acq_time":928,"confidence":"n","satellite":"N","instrument":"VIIRS","version":"2.0NRT","bright_ti4":300.97,"frp":1.07,"daynight":"N"},"geometry":{"type":"Point","coordinates":[-116.89352,42.55442]}},{"type":"Feature","properties":{"acq_date":"2026-08-02","acq_time":928,"confidence":"n","satellite":"N","instrument":"VIIRS","version":"2.0NRT","bright_ti4":301.47,"frp":0.98,"daynight":"N"},"geometry":{"type":"Point","coordinates":[-116.8984,42.55489]}},{"type":"Feature","properties":{"acq_date":"2026-08-02","acq_time":928,"confidence":"n","satellite":"N","instrument":"VIIRS","version":"2.0NRT","bright_ti4":300.84,"frp":1.24,"daynight":"N"},"geometry":{"type":"Point","coordinates":[-116.9082,42.55584]}},{"type":"Feature","properties":{"acq_date":"2026-08-02","acq_time":928,"confidence":"n","satellite":"N","instrument":"VIIRS","version":"2.0NRT","bright_ti4":302.9,"frp":0.93,"daynight":"N"},"geometry":{"type":"Point","coordinates":[-116.91807,42.55678]}},{"type":"Feature","properties":{"acq_date":"2026-08-02","acq_time":928,"confidence":"n","satellite":"N","instrument":"VIIRS","version":"2.0NRT","bright_ti4":300.24,"frp":0.93,"daynight":"N"},"geometry":{"type":"Point","coordinates":[-116.92302,42.55725]}},{"type":"Feature","properties":{"acq_date":"2026-08-02","acq_time":928,"confidence":"n","satellite":"N","instrument":"VIIRS","version":"2.0NRT","bright_ti4":310.03,"frp":1.09,"daynight":"N"},"geometry":{"type":"Point","coordinates":[-116.73544,42.58845]}},{"type":"Feature","properties":{"acq_date":"2026-08-02","acq_time":928,"confidence":"n","satellite":"N","instrument":"VIIRS","version":"2.0NRT","bright_ti4":302.99,"frp":1.09,"daynight":"N"},"geometry":{"type":"Point","coordinates":[-116.74014,42.58892]}},{"type":"Feature","properties":{"acq_date":"2026-08-02","acq_time":928,"confidence":"n","satellite":"N","instrument":"VIIRS","version":"2.0NRT","bright_ti4":317.15,"frp":1.47,"daynight":"N"},"geometry":{"type":"Point","coordinates":[-116.78806,42.58957]}},{"type":"Feature","properties":{"acq_date":"2026-08-02","acq_time":928,"confidence":"n","satellite":"N","instrument":"VIIRS","version":"2.0NRT","bright_ti4":310.85,"frp":1.76,"daynight":"N"},"geometry":{"type":"Point","coordinates":[-116.7929,42.59005]}},{"type":"Feature","properties":{"acq_date":"2026-08-02","acq_time":928,"confidence":"n","satellite":"N","instrument":"VIIRS","version":"2.0NRT","bright_ti4":301.22,"frp":1.83,"daynight":"N"},"geometry":{"type":"Point","coordinates":[-116.84241,42.59081]}},{"type":"Feature","properties":{"acq_date":"2026-08-02","acq_time":928,"confidence":"n","satellite":"N","instrument":"VIIRS","version":"2.0NRT","bright_ti4":303.01,"frp":1.66,"daynight":"N"},"geometry":{"type":"Point","coordinates":[-116.89223,42.59156]}},{"type":"Feature","properties":{"acq_date":"2026-08-02","acq_time":928,"confidence":"n","satellite":"N","instrument":"VIIRS","version":"2.0NRT","bright_ti4":300.55,"frp":1.55,"daynight":"N"},"geometry":{"type":"Point","coordinates":[-116.85216,42.59177]}},{"type":"Feature","properties":{"acq_date":"2026-08-02","acq_time":928,"confidence":"n","satellite":"N","instrument":"VIIRS","version":"2.0NRT","bright_ti4":312.79,"frp":1.59,"daynight":"N"},"geometry":{"type":"Point","coordinates":[-116.81242,42.59198]}},{"type":"Feature","properties":{"acq_date":"2026-08-02","acq_time":928,"confidence":"n","satellite":"N","instrument":"VIIRS","version":"2.0NRT","bright_ti4":313.8,"frp":1.8,"daynight":"N"},"geometry":{"type":"Point","coordinates":[-116.73449,42.59246]}},{"type":"Feature","properties":{"acq_date":"2026-08-02","acq_time":928,"confidence":"n","satellite":"N","instrument":"VIIRS","version":"2.0NRT","bright_ti4":316.39,"frp":1.59,"daynight":"N"},"geometry":{"type":"Point","coordinates":[-116.81735,42.59247]}},{"type":"Feature","properties":{"acq_date":"2026-08-02","acq_time":928,"confidence":"n","satellite":"N","instrument":"VIIRS","version":"2.0NRT","bright_ti4":320.15,"frp":1.8,"daynight":"N"},"geometry":{"type":"Point","coordinates":[-116.7392,42.59294]}},{"type":"Feature","properties":{"acq_date":"2026-08-02","acq_time":928,"confidence":"n","satellite":"N","instrument":"VIIRS","version":"2.0NRT","bright_ti4":315.16,"frp":1.8,"daynight":"N"},"geometry":{"type":"Point","coordinates":[-116.82226,42.59295]}},{"type":"Feature","properties":{"acq_date":"2026-08-02","acq_time":928,"confidence":"n","satellite":"N","instrument":"VIIRS","version":"2.0NRT","bright_ti4":327.82,"frp":4.74,"daynight":"N"},"geometry":{"type":"Point","coordinates":[-116.74396,42.59341]}},{"type":"Feature","properties":{"acq_date":"2026-08-02","acq_time":928,"confidence":"n","satellite":"N","instrument":"VIIRS","version":"2.0NRT","bright_ti4":312.45,"frp":1.8,"daynight":"N"},"geometry":{"type":"Point","coordinates":[-116.82712,42.59343]}},{"type":"Feature","properties":{"acq_date":"2026-08-02","acq_time":928,"confidence":"n","satellite":"N","instrument":"VIIRS","version":"2.0NRT","bright_ti4":311.61,"frp":1.47,"daynight":"N"},"geometry":{"type":"Point","coordinates":[-116.78722,42.5936]}},{"type":"Feature","properties":{"acq_date":"2026-08-02","acq_time":928,"confidence":"n","satellite":"N","instrument":"VIIRS","version":"2.0NRT","bright_ti4":330.83,"frp":4.74,"daynight":"N"},"geometry":{"type":"Point","coordinates":[-116.74864,42.59388]}},{"type":"Feature","properties":{"acq_date":"2026-08-02","acq_time":928,"confidence":"n","satellite":"N","instrument":"VIIRS","version":"2.0NRT","bright_ti4":318.68,"frp":1.76,"daynight":"N"},"geometry":{"type":"Point","coordinates":[-116.79203,42.59409]}},{"type":"Feature","properties":{"acq_date":"2026-08-02","acq_time":928,"confidence":"n","satellite":"N","instrument":"VIIRS","version":"2.0NRT","bright_ti4":324.47,"frp":3.13,"daynight":"N"},"geometry":{"type":"Point","coordinates":[-116.75326,42.59434]}},{"type":"Feature","properties":{"acq_date":"2026-08-02","acq_time":928,"confidence":"n","satellite":"N","instrument":"VIIRS","version":"2.0NRT","bright_ti4":302.73,"frp":1.76,"daynight":"N"},"geometry":{"type":"Point","coordinates":[-116.79688,42.59456]}},{"type":"Feature","properties":{"acq_date":"2026-08-02","acq_time":928,"confidence":"n","satellite":"N","instrument":"VIIRS","version":"2.0NRT","bright_ti4":312.07,"frp":3.13,"daynight":"N"},"geometry":{"type":"Point","coordinates":[-116.75784,42.5948]}},{"type":"Feature","properties":{"acq_date":"2026-08-02","acq_time":928,"confidence":"n","satellite":"N","instrument":"VIIRS","version":"2.0NRT","bright_ti4":301.09,"frp":1.22,"daynight":"N"},"geometry":{"type":"Point","coordinates":[-116.84182,42.59488]}},{"type":"Feature","properties":{"acq_date":"2026-08-02","acq_time":928,"confidence":"n","satellite":"N","instrument":"VIIRS","version":"2.0NRT","bright_ti4":310.55,"frp":1.22,"daynight":"N"},"geometry":{"type":"Point","coordinates":[-116.84671,42.59537]}},{"type":"Feature","properties":{"acq_date":"2026-08-02","acq_time":928,"confidence":"n","satellite":"N","instrument":"VIIRS","version":"2.0NRT","bright_ti4":311.28,"frp":1.1,"daynight":"N"},"geometry":{"type":"Point","coordinates":[-116.8516,42.59585]}},{"type":"Feature","properties":{"acq_date":"2026-08-02","acq_time":928,"confidence":"n","satellite":"N","instrument":"VIIRS","version":"2.0NRT","bright_ti4":310.88,"frp":1.59,"daynight":"N"},"geometry":{"type":"Point","coordinates":[-116.8117,42.59603]}},{"type":"Feature","properties":{"acq_date":"2026-08-02","acq_time":928,"confidence":"n","satellite":"N","instrument":"VIIRS","version":"2.0NRT","bright_ti4":305.66,"frp":1.1,"daynight":"N"},"geometry":{"type":"Point","coordinates":[-116.85648,42.59633]}},{"type":"Feature","properties":{"acq_date":"2026-08-02","acq_time":928,"confidence":"n","satellite":"N","instrument":"VIIRS","version":"2.0NRT","bright_ti4":315.28,"frp":1.59,"daynight":"N"},"geometry":{"type":"Point","coordinates":[-116.81664,42.59652]}},{"type":"Feature","properties":{"acq_date":"2026-08-02","acq_time":928,"confidence":"n","satellite":"N","instrument":"VIIRS","version":"2.0NRT","bright_ti4":311.11,"frp":1.8,"daynight":"N"},"geometry":{"type":"Point","coordinates":[-116.73824,42.59695]}},{"type":"Feature","properties":{"acq_date":"2026-08-02","acq_time":928,"confidence":"n","satellite":"N","instrument":"VIIRS","version":"2.0NRT","bright_ti4":319.33,"frp":1.8,"daynight":"N"},"geometry":{"type":"Point","coordinates":[-116.82152,42.597]}},{"type":"Feature","properties":{"acq_date":"2026-08-02","acq_time":928,"confidence":"n","satellite":"N","instrument":"VIIRS","version":"2.0NRT","bright_ti4":343.79,"frp":4.74,"daynight":"N"},"geometry":{"type":"Point","coordinates":[-116.74306,42.59743]}},{"type":"Feature","properties":{"acq_date":"2026-08-02","acq_time":928,"confidence":"n","satellite":"N","instrument":"VIIRS","version":"2.0NRT","bright_ti4":313.32,"frp":1.8,"daynight":"N"},"geometry":{"type":"Point","coordinates":[-116.82635,42.59748]}},{"type":"Feature","properties":{"acq_date":"2026-08-02","acq_time":928,"confidence":"n","satellite":"N","instrument":"VIIRS","version":"2.0NRT","bright_ti4":347.73,"frp":4.74,"daynight":"N"},"geometry":{"type":"Point","coordinates":[-116.74783,42.59791]}},{"type":"Feature","properties":{"acq_date":"2026-08-02","acq_time":928,"confidence":"n","satellite":"N","instrument":"VIIRS","version":"2.0NRT","bright_ti4":311.77,"frp":1.82,"daynight":"N"},"geometry":{"type":"Point","coordinates":[-116.83122,42.59797]}},{"type":"Feature","properties":{"acq_date":"2026-08-02","acq_time":928,"confidence":"n","satellite":"N","instrument":"VIIRS","version":"2.0NRT","bright_ti4":339.18,"frp":3.13,"daynight":"N"},"geometry":{"type":"Point","coordinates":[-116.75253,42.59838]}},{"type":"Feature","properties":{"acq_date":"2026-08-02","acq_time":928,"confidence":"n","satellite":"N","instrument":"VIIRS","version":"2.0NRT","bright_ti4":306.74,"frp":1.82,"daynight":"N"},"geometry":{"type":"Point","coordinates":[-116.8361,42.59845]}},{"type":"Feature","properties":{"acq_date":"2026-08-02","acq_time":928,"confidence":"n","satellite":"N","instrument":"VIIRS","version":"2.0NRT","bright_ti4":310.43,"frp":1.41,"daynight":"N"},"geometry":{"type":"Point","coordinates":[-116.79597,42.59859]}},{"type":"Feature","properties":{"acq_date":"2026-08-02","acq_time":928,"confidence":"n","satellite":"N","instrument":"VIIRS","version":"2.0NRT","bright_ti4":312.88,"frp":3.13,"daynight":"N"},"geometry":{"type":"Point","coordinates":[-116.75719,42.59885]}},{"type":"Feature","properties":{"acq_date":"2026-08-02","acq_time":928,"confidence":"n","satellite":"N","instrument":"VIIRS","version":"2.0NRT","bright_ti4":309.96,"frp":1.22,"daynight":"N"},"geometry":{"type":"Point","coordinates":[-116.841,42.59893]}},{"type":"Feature","properties":{"acq_date":"2026-08-02","acq_time":928,"confidence":"n","satellite":"N","instrument":"VIIRS","version":"2.0NRT","bright_ti4":305.14,"frp":1.53,"daynight":"N"},"geometry":{"type":"Point","coordinates":[-116.80085,42.59908]}},{"type":"Feature","properties":{"acq_date":"2026-08-02","acq_time":928,"confidence":"n","satellite":"N","instrument":"VIIRS","version":"2.0NRT","bright_ti4":319.28,"frp":2.05,"daynight":"N"},"geometry":{"type":"Point","coordinates":[-116.76183,42.59931]}},{"type":"Feature","properties":{"acq_date":"2026-08-02","acq_time":928,"confidence":"n","satellite":"N","instrument":"VIIRS","version":"2.0NRT","bright_ti4":315.28,"frp":1.22,"daynight":"N"},"geometry":{"type":"Point","coordinates":[-116.84592,42.59942]}},{"type":"Feature","properties":{"acq_date":"2026-08-02","acq_time":928,"confidence":"n","satellite":"N","instrument":"VIIRS","version":"2.0NRT","bright_ti4":318,"frp":1.53,"daynight":"N"},"geometry":{"type":"Point","coordinates":[-116.80581,42.59958]}},{"type":"Feature","properties":{"acq_date":"2026-08-02","acq_time":928,"confidence":"n","satellite":"N","instrument":"VIIRS","version":"2.0NRT","bright_ti4":312.88,"frp":2.05,"daynight":"N"},"geometry":{"type":"Point","coordinates":[-116.76653,42.59978]}},{"type":"Feature","properties":{"acq_date":"2026-08-02","acq_time":928,"confidence":"n","satellite":"N","instrument":"VIIRS","version":"2.0NRT","bright_ti4":303.94,"frp":1.1,"daynight":"N"},"geometry":{"type":"Point","coordinates":[-116.85078,42.5999]}},{"type":"Feature","properties":{"acq_date":"2026-08-02","acq_time":928,"confidence":"n","satellite":"N","instrument":"VIIRS","version":"2.0NRT","bright_ti4":312.31,"frp":2.75,"daynight":"N"},"geometry":{"type":"Point","coordinates":[-116.81085,42.60007]}},{"type":"Feature","properties":{"acq_date":"2026-08-02","acq_time":928,"confidence":"n","satellite":"N","instrument":"VIIRS","version":"2.0NRT","bright_ti4":302,"frp":1.1,"daynight":"N"},"geometry":{"type":"Point","coordinates":[-116.85567,42.60038]}},{"type":"Feature","properties":{"acq_date":"2026-08-02","acq_time":928,"confidence":"n","satellite":"N","instrument":"VIIRS","version":"2.0NRT","bright_ti4":326.72,"frp":2.75,"daynight":"N"},"geometry":{"type":"Point","coordinates":[-116.81578,42.60057]}},{"type":"Feature","properties":{"acq_date":"2026-08-02","acq_time":928,"confidence":"n","satellite":"N","instrument":"VIIRS","version":"2.0NRT","bright_ti4":324.06,"frp":2.47,"daynight":"N"},"geometry":{"type":"Point","coordinates":[-116.8206,42.60104]}},{"type":"Feature","properties":{"acq_date":"2026-08-02","acq_time":928,"confidence":"n","satellite":"N","instrument":"VIIRS","version":"2.0NRT","bright_ti4":308.83,"frp":1.38,"daynight":"N"},"geometry":{"type":"Point","coordinates":[-116.7808,42.6012]}},{"type":"Feature","properties":{"acq_date":"2026-08-02","acq_time":928,"confidence":"n","satellite":"N","instrument":"VIIRS","version":"2.0NRT","bright_ti4":302.35,"frp":2.07,"daynight":"N"},"geometry":{"type":"Point","coordinates":[-116.86544,42.60135]}},{"type":"Feature","properties":{"acq_date":"2026-08-02","acq_time":928,"confidence":"n","satellite":"N","instrument":"VIIRS","version":"2.0NRT","bright_ti4":302.5,"frp":2.29,"daynight":"N"},"geometry":{"type":"Point","coordinates":[-116.74206,42.60144]}},{"type":"Feature","properties":{"acq_date":"2026-08-02","acq_time":928,"confidence":"n","satellite":"N","instrument":"VIIRS","version":"2.0NRT","bright_ti4":316.8,"frp":2.75,"daynight":"N"},"geometry":{"type":"Point","coordinates":[-116.74385,42.60155]}},{"type":"Feature","properties":{"acq_date":"2026-08-02","acq_time":928,"confidence":"n","satellite":"N","instrument":"VIIRS","version":"2.0NRT","bright_ti4":310.08,"frp":1.38,"daynight":"N"},"geometry":{"type":"Point","coordinates":[-116.78547,42.60167]}},{"type":"Feature","properties":{"acq_date":"2026-08-02","acq_time":928,"confidence":"n","satellite":"N","instrument":"VIIRS","version":"2.0NRT","bright_ti4":304.55,"frp":1.87,"daynight":"N"},"geometry":{"type":"Point","coordinates":[-116.87033,42.60183]}},{"type":"Feature","properties":{"acq_date":"2026-08-02","acq_time":928,"confidence":"n","satellite":"N","instrument":"VIIRS","version":"2.0NRT","bright_ti4":330.19,"frp":2.29,"daynight":"N"},"geometry":{"type":"Point","coordinates":[-116.74691,42.60193]}},{"type":"Feature","properties":{"acq_date":"2026-08-02","acq_time":928,"confidence":"n","satellite":"N","instrument":"VIIRS","version":"2.0NRT","bright_ti4":311.31,"frp":1.18,"daynight":"N"},"geometry":{"type":"Point","coordinates":[-116.83029,42.602]}},{"type":"Feature","properties":{"acq_date":"2026-08-02","acq_time":928,"confidence":"n","satellite":"N","instrument":"VIIRS","version":"2.0NRT","bright_ti4":331.8,"frp":2.75,"daynight":"N"},"geometry":{"type":"Point","coordinates":[-116.74873,42.60201]}},{"type":"Feature","properties":{"acq_date":"2026-08-02","acq_time":928,"confidence":"n","satellite":"N","instrument":"VIIRS","version":"2.0NRT","bright_ti4":304.47,"frp":1.41,"daynight":"N"},"geometry":{"type":"Point","coordinates":[-116.79022,42.60214]}},{"type":"Feature","properties":{"acq_date":"2026-08-02","acq_time":928,"confidence":"n","satellite":"N","instrument":"VIIRS","version":"2.0NRT","bright_ti4":341.38,"frp":2.43,"daynight":"N"},"geometry":{"type":"Point","coordinates":[-116.75177,42.60242]}},{"type":"Feature","properties":{"acq_date":"2026-08-02","acq_time":928,"confidence":"n","satellite":"N","instrument":"VIIRS","version":"2.0NRT","bright_ti4":336.97,"frp":2.26,"daynight":"N"},"geometry":{"type":"Point","coordinates":[-116.75357,42.60247]}},{"type":"Feature","properties":{"acq_date":"2026-08-02","acq_time":928,"confidence":"n","satellite":"N","instrument":"VIIRS","version":"2.0NRT","bright_ti4":310.27,"frp":1.18,"daynight":"N"},"geometry":{"type":"Point","coordinates":[-116.8352,42.60249]}},{"type":"Feature","properties":{"acq_date":"2026-08-02","acq_time":928,"confidence":"n","satellite":"N","instrument":"VIIRS","version":"2.0NRT","bright_ti4":318.75,"frp":2.43,"daynight":"N"},"geometry":{"type":"Point","coordinates":[-116.75655,42.6029]}},{"type":"Feature","properties":{"acq_date":"2026-08-02","acq_time":928,"confidence":"n","satellite":"N","instrument":"VIIRS","version":"2.0NRT","bright_ti4":314.83,"frp":2.26,"daynight":"N"},"geometry":{"type":"Point","coordinates":[-116.75832,42.60292]}},{"type":"Feature","properties":{"acq_date":"2026-08-02","acq_time":928,"confidence":"n","satellite":"N","instrument":"VIIRS","version":"2.0NRT","bright_ti4":316.05,"frp":1.82,"daynight":"N"},"geometry":{"type":"Point","coordinates":[-116.84011,42.60298]}},{"type":"Feature","properties":{"acq_date":"2026-08-02","acq_time":928,"confidence":"n","satellite":"N","instrument":"VIIRS","version":"2.0NRT","bright_ti4":322.22,"frp":1.88,"daynight":"N"},"geometry":{"type":"Point","coordinates":[-116.763,42.60336]}},{"type":"Feature","properties":{"acq_date":"2026-08-02","acq_time":928,"confidence":"n","satellite":"N","instrument":"VIIRS","version":"2.0NRT","bright_ti4":316.76,"frp":1.78,"daynight":"N"},"geometry":{"type":"Point","coordinates":[-116.76125,42.60337]}},{"type":"Feature","properties":{"acq_date":"2026-08-02","acq_time":928,"confidence":"n","satellite":"N","instrument":"VIIRS","version":"2.0NRT","bright_ti4":318.45,"frp":1.82,"daynight":"N"},"geometry":{"type":"Point","coordinates":[-116.845,42.60346]}},{"type":"Feature","properties":{"acq_date":"2026-08-02","acq_time":928,"confidence":"n","satellite":"N","instrument":"VIIRS","version":"2.0NRT","bright_ti4":307.71,"frp":1.53,"daynight":"N"},"geometry":{"type":"Point","coordinates":[-116.80496,42.60361]}},{"type":"Feature","properties":{"acq_date":"2026-08-02","acq_time":928,"confidence":"n","satellite":"N","instrument":"VIIRS","version":"2.0NRT","bright_ti4":323.49,"frp":1.88,"daynight":"N"},"geometry":{"type":"Point","coordinates":[-116.76768,42.60381]}},{"type":"Feature","properties":{"acq_date":"2026-08-02","acq_time":928,"confidence":"n","satellite":"N","instrument":"VIIRS","version":"2.0NRT","bright_ti4":325.41,"frp":1.78,"daynight":"N"},"geometry":{"type":"Point","coordinates":[-116.76591,42.60384]}},{"type":"Feature","properties":{"acq_date":"2026-08-02","acq_time":928,"confidence":"n","satellite":"N","instrument":"VIIRS","version":"2.0NRT","bright_ti4":328.97,"frp":2.75,"daynight":"N"},"geometry":{"type":"Point","coordinates":[-116.80999,42.60411]}},{"type":"Feature","properties":{"acq_date":"2026-08-02","acq_time":928,"confidence":"n","satellite":"N","instrument":"VIIRS","version":"2.0NRT","bright_ti4":321.24,"frp":1.72,"daynight":"N"},"geometry":{"type":"Point","coordinates":[-116.77237,42.60425]}},{"type":"Feature","properties":{"acq_date":"2026-08-02","acq_time":928,"confidence":"n","satellite":"N","instrument":"VIIRS","version":"2.0NRT","bright_ti4":321.65,"frp":1.81,"daynight":"N"},"geometry":{"type":"Point","coordinates":[-116.77059,42.60431]}},{"type":"Feature","properties":{"acq_date":"2026-08-02","acq_time":928,"confidence":"n","satellite":"N","instrument":"VIIRS","version":"2.0NRT","bright_ti4":328.57,"frp":2.75,"daynight":"N"},"geometry":{"type":"Point","coordinates":[-116.81491,42.6046]}},{"type":"Feature","properties":{"acq_date":"2026-08-02","acq_time":928,"confidence":"n","satellite":"N","instrument":"VIIRS","version":"2.0NRT","bright_ti4":317.24,"frp":1.72,"daynight":"N"},"geometry":{"type":"Point","coordinates":[-116.7771,42.60469]}},{"type":"Feature","properties":{"acq_date":"2026-08-02","acq_time":928,"confidence":"n","satellite":"N","instrument":"VIIRS","version":"2.0NRT","bright_ti4":319.27,"frp":1.81,"daynight":"N"},"geometry":{"type":"Point","coordinates":[-116.77531,42.60477]}},{"type":"Feature","properties":{"acq_date":"2026-08-02","acq_time":928,"confidence":"n","satellite":"N","instrument":"VIIRS","version":"2.0NRT","bright_ti4":318.44,"frp":2.47,"daynight":"N"},"geometry":{"type":"Point","coordinates":[-116.81969,42.60508]}},{"type":"Feature","properties":{"acq_date":"2026-08-02","acq_time":928,"confidence":"n","satellite":"N","instrument":"VIIRS","version":"2.0NRT","bright_ti4":317.84,"frp":1.51,"daynight":"N"},"geometry":{"type":"Point","coordinates":[-116.78178,42.60514]}},{"type":"Feature","properties":{"acq_date":"2026-08-02","acq_time":928,"confidence":"n","satellite":"N","instrument":"VIIRS","version":"2.0NRT","bright_ti4":315.94,"frp":1.58,"daynight":"N"},"geometry":{"type":"Point","coordinates":[-116.78001,42.60524]}},{"type":"Feature","properties":{"acq_date":"2026-08-02","acq_time":928,"confidence":"n","satellite":"N","instrument":"VIIRS","version":"2.0NRT","bright_ti4":307.45,"frp":1.16,"daynight":"N"},"geometry":{"type":"Point","coordinates":[-116.86458,42.6054]}},{"type":"Feature","properties":{"acq_date":"2026-08-02","acq_time":928,"confidence":"n","satellite":"N","instrument":"VIIRS","version":"2.0NRT","bright_ti4":310.92,"frp":2.47,"daynight":"N"},"geometry":{"type":"Point","coordinates":[-116.82451,42.60556]}},{"type":"Feature","properties":{"acq_date":"2026-08-02","acq_time":928,"confidence":"n","satellite":"N","instrument":"VIIRS","version":"2.0NRT","bright_ti4":310.89,"frp":1.51,"daynight":"N"},"geometry":{"type":"Point","coordinates":[-116.78648,42.60559]}},{"type":"Feature","properties":{"acq_date":"2026-08-02","acq_time":928,"confidence":"n","satellite":"N","instrument":"VIIRS","version":"2.0NRT","bright_ti4":316.51,"frp":1.58,"daynight":"N"},"geometry":{"type":"Point","coordinates":[-116.78468,42.60571]}},{"type":"Feature","properties":{"acq_date":"2026-08-02","acq_time":928,"confidence":"n","satellite":"N","instrument":"VIIRS","version":"2.0NRT","bright_ti4":303.33,"frp":1.18,"daynight":"N"},"geometry":{"type":"Point","coordinates":[-116.82939,42.60604]}},{"type":"Feature","properties":{"acq_date":"2026-08-02","acq_time":928,"confidence":"n","satellite":"N","instrument":"VIIRS","version":"2.0NRT","bright_ti4":306.31,"frp":1.04,"daynight":"N"},"geometry":{"type":"Point","coordinates":[-116.79128,42.60604]}},{"type":"Feature","properties":{"acq_date":"2026-08-02","acq_time":928,"confidence":"n","satellite":"N","instrument":"VIIRS","version":"2.0NRT","bright_ti4":306.13,"frp":1.09,"daynight":"N"},"geometry":{"type":"Point","coordinates":[-116.78942,42.60618]}},{"type":"Feature","properties":{"acq_date":"2026-08-02","acq_time":928,"confidence":"n","satellite":"N","instrument":"VIIRS","version":"2.0NRT","bright_ti4":304.4,"frp":2.43,"daynight":"N"},"geometry":{"type":"Point","coordinates":[-116.75089,42.60645]}},{"type":"Feature","properties":{"acq_date":"2026-08-02","acq_time":928,"confidence":"n","satellite":"N","instrument":"VIIRS","version":"2.0NRT","bright_ti4":303.73,"frp":1.04,"daynight":"N"},"geometry":{"type":"Point","coordinates":[-116.79618,42.6065]}},{"type":"Feature","properties":{"acq_date":"2026-08-02","acq_time":928,"confidence":"n","satellite":"N","instrument":"VIIRS","version":"2.0NRT","bright_ti4":313.08,"frp":2.26,"daynight":"N"},"geometry":{"type":"Point","coordinates":[-116.75272,42.6065]}},{"type":"Feature","properties":{"acq_date":"2026-08-02","acq_time":928,"confidence":"n","satellite":"N","instrument":"VIIRS","version":"2.0NRT","bright_ti4":309.95,"frp":1.18,"daynight":"N"},"geometry":{"type":"Point","coordinates":[-116.8343,42.60653]}},{"type":"Feature","properties":{"acq_date":"2026-08-02","acq_time":928,"confidence":"n","satellite":"N","instrument":"VIIRS","version":"2.0NRT","bright_ti4":305.48,"frp":1.09,"daynight":"N"},"geometry":{"type":"Point","coordinates":[-116.7943,42.60667]}},{"type":"Feature","properties":{"acq_date":"2026-08-02","acq_time":928,"confidence":"n","satellite":"N","instrument":"VIIRS","version":"2.0NRT","bright_ti4":313.83,"frp":2.43,"daynight":"N"},"geometry":{"type":"Point","coordinates":[-116.75574,42.60693]}},{"type":"Feature","properties":{"acq_date":"2026-08-02","acq_time":928,"confidence":"n","satellite":"N","instrument":"VIIRS","version":"2.0NRT","bright_ti4":309.68,"frp":2.26,"daynight":"N"},"geometry":{"type":"Point","coordinates":[-116.75754,42.60696]}},{"type":"Feature","properties":{"acq_date":"2026-08-02","acq_time":928,"confidence":"n","satellite":"N","instrument":"VIIRS","version":"2.0NRT","bright_ti4":314.29,"frp":2.15,"daynight":"N"},"geometry":{"type":"Point","coordinates":[-116.80114,42.60697]}},{"type":"Feature","properties":{"acq_date":"2026-08-02","acq_time":928,"confidence":"n","satellite":"N","instrument":"VIIRS","version":"2.0NRT","bright_ti4":316.2,"frp":1.82,"daynight":"N"},"geometry":{"type":"Point","coordinates":[-116.83923,42.60702]}},{"type":"Feature","properties":{"acq_date":"2026-08-02","acq_time":928,"confidence":"n","satellite":"N","instrument":"VIIRS","version":"2.0NRT","bright_ti4":308.5,"frp":2.03,"daynight":"N"},"geometry":{"type":"Point","coordinates":[-116.79922,42.60717]}},{"type":"Feature","properties":{"acq_date":"2026-08-02","acq_time":928,"confidence":"n","satellite":"N","instrument":"VIIRS","version":"2.0NRT","bright_ti4":306.98,"frp":1.88,"daynight":"N"},"geometry":{"type":"Point","coordinates":[-116.76228,42.60741]}},{"type":"Feature","properties":{"acq_date":"2026-08-02","acq_time":928,"confidence":"n","satellite":"N","instrument":"VIIRS","version":"2.0NRT","bright_ti4":305.71,"frp":1.78,"daynight":"N"},"geometry":{"type":"Point","coordinates":[-116.7605,42.60741]}},{"type":"Feature","properties":{"acq_date":"2026-08-02","acq_time":928,"confidence":"n","satellite":"N","instrument":"VIIRS","version":"2.0NRT","bright_ti4":323.96,"frp":2.15,"daynight":"N"},"geometry":{"type":"Point","coordinates":[-116.80614,42.60744]}},{"type":"Feature","properties":{"acq_date":"2026-08-02","acq_time":928,"confidence":"n","satellite":"N","instrument":"VIIRS","version":"2.0NRT","bright_ti4":310.08,"frp":1.82,"daynight":"N"},"geometry":{"type":"Point","coordinates":[-116.84414,42.60751]}},{"type":"Feature","properties":{"acq_date":"2026-08-02","acq_time":928,"confidence":"n","satellite":"N","instrument":"VIIRS","version":"2.0NRT","bright_ti4":322.48,"frp":2.03,"daynight":"N"},"geometry":{"type":"Point","coordinates":[-116.8042,42.60766]}},{"type":"Feature","properties":{"acq_date":"2026-08-02","acq_time":928,"confidence":"n","satellite":"N","instrument":"VIIRS","version":"2.0NRT","bright_ti4":313.35,"frp":1.88,"daynight":"N"},"geometry":{"type":"Point","coordinates":[-116.76698,42.60785]}},{"type":"Feature","properties":{"acq_date":"2026-08-02","acq_time":928,"confidence":"n","satellite":"N","instrument":"VIIRS","version":"2.0NRT","bright_ti4":311.93,"frp":1.78,"daynight":"N"},"geometry":{"type":"Point","coordinates":[-116.76521,42.60788]}},{"type":"Feature","properties":{"acq_date":"2026-08-02","acq_time":928,"confidence":"n","satellite":"N","instrument":"VIIRS","version":"2.0NRT","bright_ti4":324.57,"frp":1.74,"daynight":"N"},"geometry":{"type":"Point","coordinates":[-116.8111,42.6079]}},{"type":"Feature","properties":{"acq_date":"2026-08-02","acq_time":928,"confidence":"n","satellite":"N","instrument":"VIIRS","version":"2.0NRT","bright_ti4":326.81,"frp":1.8,"daynight":"N"},"geometry":{"type":"Point","coordinates":[-116.80916,42.60816]}},{"type":"Feature","properties":{"acq_date":"2026-08-02","acq_time":928,"confidence":"n","satellite":"N","instrument":"VIIRS","version":"2.0NRT","bright_ti4":310.94,"frp":1.72,"daynight":"N"},"geometry":{"type":"Point","coordinates":[-116.77166,42.6083]}},{"type":"Feature","properties":{"acq_date":"2026-08-02","acq_time":928,"confidence":"n","satellite":"N","instrument":"VIIRS","version":"2.0NRT","bright_ti4":314.86,"frp":1.74,"daynight":"N"},"geometry":{"type":"Point","coordinates":[-116.81592,42.60836]}},{"type":"Feature","properties":{"acq_date":"2026-08-02","acq_time":928,"confidence":"n","satellite":"N","instrument":"VIIRS","version":"2.0NRT","bright_ti4":313.07,"frp":1.81,"daynight":"N"},"geometry":{"type":"Point","coordinates":[-116.7699,42.60836]}},{"type":"Feature","properties":{"acq_date":"2026-08-02","acq_time":928,"confidence":"n","satellite":"N","instrument":"VIIRS","version":"2.0NRT","bright_ti4":313.49,"frp":1.8,"daynight":"N"},"geometry":{"type":"Point","coordinates":[-116.81402,42.60864]}},{"type":"Feature","properties":{"acq_date":"2026-08-02","acq_time":928,"confidence":"n","satellite":"N","instrument":"VIIRS","version":"2.0NRT","bright_ti4":310.61,"frp":1.72,"daynight":"N"},"geometry":{"type":"Point","coordinates":[-116.77637,42.60875]}},{"type":"Feature","properties":{"acq_date":"2026-08-02","acq_time":928,"confidence":"n","satellite":"N","instrument":"VIIRS","version":"2.0NRT","bright_ti4":315.42,"frp":1.14,"daynight":"N"},"geometry":{"type":"Point","coordinates":[-116.82072,42.60881]}},{"type":"Feature","properties":{"acq_date":"2026-08-02","acq_time":928,"confidence":"n","satellite":"N","instrument":"VIIRS","version":"2.0NRT","bright_ti4":306.01,"frp":1.81,"daynight":"N"},"geometry":{"type":"Point","coordinates":[-116.7746,42.60882]}},{"type":"Feature","properties":{"acq_date":"2026-08-02","acq_time":928,"confidence":"n","satellite":"N","instrument":"VIIRS","version":"2.0NRT","bright_ti4":299.61,"frp":1.16,"daynight":"N"},"geometry":{"type":"Point","coordinates":[-116.85881,42.60896]}},{"type":"Feature","properties":{"acq_date":"2026-08-02","acq_time":928,"confidence":"n","satellite":"N","instrument":"VIIRS","version":"2.0NRT","bright_ti4":318.24,"frp":1.15,"daynight":"N"},"geometry":{"type":"Point","coordinates":[-116.8188,42.60912]}},{"type":"Feature","properties":{"acq_date":"2026-08-02","acq_time":928,"confidence":"n","satellite":"N","instrument":"VIIRS","version":"2.0NRT","bright_ti4":314.12,"frp":1.51,"daynight":"N"},"geometry":{"type":"Point","coordinates":[-116.78106,42.60919]}},{"type":"Feature","properties":{"acq_date":"2026-08-02","acq_time":928,"confidence":"n","satellite":"N","instrument":"VIIRS","version":"2.0NRT","bright_ti4":304.97,"frp":1.14,"daynight":"N"},"geometry":{"type":"Point","coordinates":[-116.82556,42.60926]}},{"type":"Feature","properties":{"acq_date":"2026-08-02","acq_time":928,"confidence":"n","satellite":"N","instrument":"VIIRS","version":"2.0NRT","bright_ti4":314.51,"frp":1.58,"daynight":"N"},"geometry":{"type":"Point","coordinates":[-116.7793,42.60929]}},{"type":"Feature","properties":{"acq_date":"2026-08-02","acq_time":928,"confidence":"n","satellite":"N","instrument":"VIIRS","version":"2.0NRT","bright_ti4":312.66,"frp":1.16,"daynight":"N"},"geometry":{"type":"Point","coordinates":[-116.8637,42.60945]}},{"type":"Feature","properties":{"acq_date":"2026-08-02","acq_time":928,"confidence":"n","satellite":"N","instrument":"VIIRS","version":"2.0NRT","bright_ti4":305.33,"frp":1.15,"daynight":"N"},"geometry":{"type":"Point","coordinates":[-116.82362,42.6096]}},{"type":"Feature","properties":{"acq_date":"2026-08-02","acq_time":928,"confidence":"n","satellite":"N","instrument":"VIIRS","version":"2.0NRT","bright_ti4":304.64,"frp":1.51,"daynight":"N"},"geometry":{"type":"Point","coordinates":[-116.78577,42.60964]}},{"type":"Feature","properties":{"acq_date":"2026-08-02","acq_time":928,"confidence":"n","satellite":"N","instrument":"VIIRS","version":"2.0NRT","bright_ti4":303.02,"frp":1.26,"daynight":"N"},"geometry":{"type":"Point","coordinates":[-116.83047,42.60973]}},{"type":"Feature","properties":{"acq_date":"2026-08-02","acq_time":928,"confidence":"n","satellite":"N","instrument":"VIIRS","version":"2.0NRT","bright_ti4":306.56,"frp":1.58,"daynight":"N"},"geometry":{"type":"Point","coordinates":[-116.78398,42.60976]}},{"type":"Feature","properties":{"acq_date":"2026-08-02","acq_time":928,"confidence":"n","satellite":"N","instrument":"VIIRS","version":"2.0NRT","bright_ti4":298.99,"frp":2.11,"daynight":"N"},"geometry":{"type":"Point","coordinates":[-116.86852,42.60992]}},{"type":"Feature","properties":{"acq_date":"2026-08-02","acq_time":928,"confidence":"n","satellite":"N","instrument":"VIIRS","version":"2.0NRT","bright_ti4":304.29,"frp":1.13,"daynight":"N"},"geometry":{"type":"Point","coordinates":[-116.8285,42.61008]}},{"type":"Feature","properties":{"acq_date":"2026-08-02","acq_time":928,"confidence":"n","satellite":"N","instrument":"VIIRS","version":"2.0NRT","bright_ti4":307.09,"frp":1.04,"daynight":"N"},"geometry":{"type":"Point","coordinates":[-116.79058,42.6101]}},{"type":"Feature","properties":{"acq_date":"2026-08-02","acq_time":928,"confidence":"n","satellite":"N","instrument":"VIIRS","version":"2.0NRT","bright_ti4":318.25,"frp":1.26,"daynight":"N"},"geometry":{"type":"Point","coordinates":[-116.83543,42.61019]}},{"type":"Feature","properties":{"acq_date":"2026-08-02","acq_time":928,"confidence":"n","satellite":"N","instrument":"VIIRS","version":"2.0NRT","bright_ti4":305.75,"frp":1.09,"daynight":"N"},"geometry":{"type":"Point","coordinates":[-116.78872,42.61024]}},{"type":"Feature","properties":{"acq_date":"2026-08-02","acq_time":928,"confidence":"n","satellite":"N","instrument":"VIIRS","version":"2.0NRT","bright_ti4":307.31,"frp":1.04,"daynight":"N"},"geometry":{"type":"Point","coordinates":[-116.79552,42.61055]}},{"type":"Feature","properties":{"acq_date":"2026-08-02","acq_time":928,"confidence":"n","satellite":"N","instrument":"VIIRS","version":"2.0NRT","bright_ti4":313.49,"frp":1.13,"daynight":"N"},"geometry":{"type":"Point","coordinates":[-116.83344,42.61058]}},{"type":"Feature","properties":{"acq_date":"2026-08-02","acq_time":928,"confidence":"n","satellite":"N","instrument":"VIIRS","version":"2.0NRT","bright_ti4":322.31,"frp":2.29,"daynight":"N"},"geometry":{"type":"Point","coordinates":[-116.84037,42.61065]}},{"type":"Feature","properties":{"acq_date":"2026-08-02","acq_time":928,"confidence":"n","satellite":"N","instrument":"VIIRS","version":"2.0NRT","bright_ti4":306.49,"frp":1.09,"daynight":"N"},"geometry":{"type":"Point","coordinates":[-116.79362,42.61073]}},{"type":"Feature","properties":{"acq_date":"2026-08-02","acq_time":928,"confidence":"n","satellite":"N","instrument":"VIIRS","version":"2.0NRT","bright_ti4":309.05,"frp":1.45,"daynight":"N"},"geometry":{"type":"Point","coordinates":[-116.75663,42.61099]}},{"type":"Feature","properties":{"acq_date":"2026-08-02","acq_time":928,"confidence":"n","satellite":"N","instrument":"VIIRS","version":"2.0NRT","bright_ti4":322.94,"frp":2.15,"daynight":"N"},"geometry":{"type":"Point","coordinates":[-116.80045,42.61102]}},{"type":"Feature","properties":{"acq_date":"2026-08-02","acq_time":928,"confidence":"n","satellite":"N","instrument":"VIIRS","version":"2.0NRT","bright_ti4":321.3,"frp":2.33,"daynight":"N"},"geometry":{"type":"Point","coordinates":[-116.83838,42.61107]}},{"type":"Feature","properties":{"acq_date":"2026-08-02","acq_time":928,"confidence":"n","satellite":"N","instrument":"VIIRS","version":"2.0NRT","bright_ti4":315.8,"frp":2.29,"daynight":"N"},"geometry":{"type":"Point","coordinates":[-116.84526,42.61111]}},{"type":"Feature","properties":{"acq_date":"2026-08-02","acq_time":928,"confidence":"n","satellite":"N","instrument":"VIIRS","version":"2.0NRT","bright_ti4":318.16,"frp":2.03,"daynight":"N"},"geometry":{"type":"Point","coordinates":[-116.79855,42.61123]}},{"type":"Feature","properties":{"acq_date":"2026-08-02","acq_time":928,"confidence":"n","satellite":"N","instrument":"VIIRS","version":"2.0NRT","bright_ti4":314.87,"frp":1.95,"daynight":"N"},"geometry":{"type":"Point","coordinates":[-116.76145,42.61145]}},{"type":"Feature","properties":{"acq_date":"2026-08-02","acq_time":928,"confidence":"n","satellite":"N","instrument":"VIIRS","version":"2.0NRT","bright_ti4":318.04,"frp":2.15,"daynight":"N"},"geometry":{"type":"Point","coordinates":[-116.80537,42.61149]}},{"type":"Feature","properties":{"acq_date":"2026-08-02","acq_time":928,"confidence":"n","satellite":"N","instrument":"VIIRS","version":"2.0NRT","bright_ti4":318.95,"frp":2.33,"daynight":"N"},"geometry":{"type":"Point","coordinates":[-116.84328,42.61156]}},{"type":"Feature","properties":{"acq_date":"2026-08-02","acq_time":928,"confidence":"n","satellite":"N","instrument":"VIIRS","version":"2.0NRT","bright_ti4":306.24,"frp":1.15,"daynight":"N"},"geometry":{"type":"Point","coordinates":[-116.85014,42.61157]}},{"type":"Feature","properties":{"acq_date":"2026-08-02","acq_time":928,"confidence":"n","satellite":"N","instrument":"VIIRS","version":"2.0NRT","bright_ti4":323.21,"frp":2.03,"daynight":"N"},"geometry":{"type":"Point","coordinates":[-116.80349,42.61172]}},{"type":"Feature","properties":{"acq_date":"2026-08-02","acq_time":928,"confidence":"n","satellite":"N","instrument":"VIIRS","version":"2.0NRT","bright_ti4":323.69,"frp":1.95,"daynight":"N"},"geometry":{"type":"Point","coordinates":[-116.76621,42.6119]}},{"type":"Feature","properties":{"acq_date":"2026-08-02","acq_time":928,"confidence":"n","satellite":"N","instrument":"VIIRS","version":"2.0NRT","bright_ti4":313.29,"frp":1.74,"daynight":"N"},"geometry":{"type":"Point","coordinates":[-116.81023,42.61195]}},{"type":"Feature","properties":{"acq_date":"2026-08-02","acq_time":928,"confidence":"n","satellite":"N","instrument":"VIIRS","version":"2.0NRT","bright_ti4":300.38,"frp":1.15,"daynight":"N"},"geometry":{"type":"Point","coordinates":[-116.85504,42.61203]}},{"type":"Feature","properties":{"acq_date":"2026-08-02","acq_time":928,"confidence":"n","satellite":"N","instrument":"VIIRS","version":"2.0NRT","bright_ti4":314.89,"frp":1.42,"daynight":"N"},"geometry":{"type":"Point","coordinates":[-116.84813,42.61204]}},{"type":"Feature","properties":{"acq_date":"2026-08-02","acq_time":928,"confidence":"n","satellite":"N","instrument":"VIIRS","version":"2.0NRT","bright_ti4":310.24,"frp":1.8,"daynight":"N"},"geometry":{"type":"Point","coordinates":[-116.80833,42.6122]}},{"type":"Feature","properties":{"acq_date":"2026-08-02","acq_time":928,"confidence":"n","satellite":"N","instrument":"VIIRS","version":"2.0NRT","bright_ti4":315.56,"frp":2.13,"daynight":"N"},"geometry":{"type":"Point","coordinates":[-116.77092,42.61235]}},{"type":"Feature","properties":{"acq_date":"2026-08-02","acq_time":928,"confidence":"n","satellite":"N","instrument":"VIIRS","version":"2.0NRT","bright_ti4":306.34,"frp":1.74,"daynight":"N"},"geometry":{"type":"Point","coordinates":[-116.81506,42.6124]}},{"type":"Feature","properties":{"acq_date":"2026-08-02","acq_time":928,"confidence":"n","satellite":"N","instrument":"VIIRS","version":"2.0NRT","bright_ti4":306.5,"frp":1.74,"daynight":"N"},"geometry":{"type":"Point","coordinates":[-116.85999,42.6125]}},{"type":"Feature","properties":{"acq_date":"2026-08-02","acq_time":928,"confidence":"n","satellite":"N","instrument":"VIIRS","version":"2.0NRT","bright_ti4":301.58,"frp":1.42,"daynight":"N"},"geometry":{"type":"Point","coordinates":[-116.853,42.61252]}},{"type":"Feature","properties":{"acq_date":"2026-08-02","acq_time":928,"confidence":"n","satellite":"N","instrument":"VIIRS","version":"2.0NRT","bright_ti4":309.29,"frp":1.8,"daynight":"N"},"geometry":{"type":"Point","coordinates":[-116.81317,42.61268]}},{"type":"Feature","properties":{"acq_date":"2026-08-02","acq_time":928,"confidence":"n","satellite":"N","instrument":"VIIRS","version":"2.0NRT","bright_ti4":316.46,"frp":2.13,"daynight":"N"},"geometry":{"type":"Point","coordinates":[-116.77562,42.61279]}},{"type":"Feature","properties":{"acq_date":"2026-08-02","acq_time":928,"confidence":"n","satellite":"N","instrument":"VIIRS","version":"2.0NRT","bright_ti4":307.34,"frp":1.14,"daynight":"N"},"geometry":{"type":"Point","coordinates":[-116.81982,42.61285]}},{"type":"Feature","properties":{"acq_date":"2026-08-02","acq_time":928,"confidence":"n","satellite":"N","instrument":"VIIRS","version":"2.0NRT","bright_ti4":325.08,"frp":1.74,"daynight":"N"},"geometry":{"type":"Point","coordinates":[-116.86485,42.61295]}},{"type":"Feature","properties":{"acq_date":"2026-08-02","acq_time":928,"confidence":"n","satellite":"N","instrument":"VIIRS","version":"2.0NRT","bright_ti4":300.63,"frp":1.8,"daynight":"N"},"geometry":{"type":"Point","coordinates":[-116.85794,42.61301]}},{"type":"Feature","properties":{"acq_date":"2026-08-02","acq_time":928,"confidence":"n","satellite":"N","instrument":"VIIRS","version":"2.0NRT","bright_ti4":307.22,"frp":1.15,"daynight":"N"},"geometry":{"type":"Point","coordinates":[-116.81792,42.61316]}},{"type":"Feature","properties":{"acq_date":"2026-08-02","acq_time":928,"confidence":"n","satellite":"N","instrument":"VIIRS","version":"2.0NRT","bright_ti4":320.41,"frp":1.79,"daynight":"N"},"geometry":{"type":"Point","coordinates":[-116.78032,42.61324]}},{"type":"Feature","properties":{"acq_date":"2026-08-02","acq_time":928,"confidence":"n","satellite":"N","instrument":"VIIRS","version":"2.0NRT","bright_ti4":308.24,"frp":1.14,"daynight":"N"},"geometry":{"type":"Point","coordinates":[-116.82469,42.61331]}},{"type":"Feature","properties":{"acq_date":"2026-08-02","acq_time":928,"confidence":"n","satellite":"N","instrument":"VIIRS","version":"2.0NRT","bright_ti4":323.97,"frp":1.8,"daynight":"N"},"geometry":{"type":"Point","coordinates":[-116.86283,42.6135]}},{"type":"Feature","properties":{"acq_date":"2026-08-02","acq_time":928,"confidence":"n","satellite":"N","instrument":"VIIRS","version":"2.0NRT","bright_ti4":303.15,"frp":1.15,"daynight":"N"},"geometry":{"type":"Point","coordinates":[-116.82276,42.61364]}},{"type":"Feature","properties":{"acq_date":"2026-08-02","acq_time":928,"confidence":"n","satellite":"N","instrument":"VIIRS","version":"2.0NRT","bright_ti4":306.71,"frp":1.79,"daynight":"N"},"geometry":{"type":"Point","coordinates":[-116.78505,42.61369]}},{"type":"Feature","properties":{"acq_date":"2026-08-02","acq_time":928,"confidence":"n","satellite":"N","instrument":"VIIRS","version":"2.0NRT","bright_ti4":305.23,"frp":1.26,"daynight":"N"},"geometry":{"type":"Point","coordinates":[-116.82959,42.61377]}},{"type":"Feature","properties":{"acq_date":"2026-08-02","acq_time":928,"confidence":"n","satellite":"N","instrument":"VIIRS","version":"2.0NRT","bright_ti4":302.93,"frp":1.12,"daynight":"N"},"geometry":{"type":"Point","coordinates":[-116.86764,42.61398]}},{"type":"Feature","properties":{"acq_date":"2026-08-02","acq_time":928,"confidence":"n","satellite":"N","instrument":"VIIRS","version":"2.0NRT","bright_ti4":309.85,"frp":1.13,"daynight":"N"},"geometry":{"type":"Point","coordinates":[-116.82764,42.61413]}},{"type":"Feature","properties":{"acq_date":"2026-08-02","acq_time":928,"confidence":"n","satellite":"N","instrument":"VIIRS","version":"2.0NRT","bright_ti4":303.32,"frp":1.08,"daynight":"N"},"geometry":{"type":"Point","coordinates":[-116.78987,42.61414]}},{"type":"Feature","properties":{"acq_date":"2026-08-02","acq_time":928,"confidence":"n","satellite":"N","instrument":"VIIRS","version":"2.0NRT","bright_ti4":310.51,"frp":1.26,"daynight":"N"},"geometry":{"type":"Point","coordinates":[-116.83455,42.61424]}},{"type":"Feature","properties":{"acq_date":"2026-08-02","acq_time":928,"confidence":"n","satellite":"N","instrument":"VIIRS","version":"2.0NRT","bright_ti4":308.25,"frp":1.08,"daynight":"N"},"geometry":{"type":"Point","coordinates":[-116.79476,42.61461]}},{"type":"Feature","properties":{"acq_date":"2026-08-02","acq_time":928,"confidence":"n","satellite":"N","instrument":"VIIRS","version":"2.0NRT","bright_ti4":305.1,"frp":1.13,"daynight":"N"},"geometry":{"type":"Point","coordinates":[-116.83259,42.61462]}},{"type":"Feature","properties":{"acq_date":"2026-08-02","acq_time":928,"confidence":"n","satellite":"N","instrument":"VIIRS","version":"2.0NRT","bright_ti4":322.14,"frp":2.29,"daynight":"N"},"geometry":{"type":"Point","coordinates":[-116.8395,42.6147]}},{"type":"Feature","properties":{"acq_date":"2026-08-02","acq_time":928,"confidence":"n","satellite":"N","instrument":"VIIRS","version":"2.0NRT","bright_ti4":319.72,"frp":1.72,"daynight":"N"},"geometry":{"type":"Point","coordinates":[-116.79964,42.61507]}},{"type":"Feature","properties":{"acq_date":"2026-08-02","acq_time":928,"confidence":"n","satellite":"N","instrument":"VIIRS","version":"2.0NRT","bright_ti4":320.96,"frp":2.33,"daynight":"N"},"geometry":{"type":"Point","coordinates":[-116.83752,42.61511]}},{"type":"Feature","properties":{"acq_date":"2026-08-02","acq_time":928,"confidence":"n","satellite":"N","instrument":"VIIRS","version":"2.0NRT","bright_ti4":322.21,"frp":2.29,"daynight":"N"},"geometry":{"type":"Point","coordinates":[-116.84439,42.61516]}},{"type":"Feature","properties":{"acq_date":"2026-08-02","acq_time":928,"confidence":"n","satellite":"N","instrument":"VIIRS","version":"2.0NRT","bright_ti4":316.59,"frp":1.72,"daynight":"N"},"geometry":{"type":"Point","coordinates":[-116.8045,42.61553]}},{"type":"Feature","properties":{"acq_date":"2026-08-02","acq_time":928,"confidence":"n","satellite":"N","instrument":"VIIRS","version":"2.0NRT","bright_ti4":322.52,"frp":2.33,"daynight":"N"},"geometry":{"type":"Point","coordinates":[-116.84241,42.6156]}},{"type":"Feature","properties":{"acq_date":"2026-08-02","acq_time":928,"confidence":"n","satellite":"N","instrument":"VIIRS","version":"2.0NRT","bright_ti4":307.85,"frp":1.15,"daynight":"N"},"geometry":{"type":"Point","coordinates":[-116.8493,42.61562]}},{"type":"Feature","properties":{"acq_date":"2026-08-02","acq_time":928,"confidence":"n","satellite":"N","instrument":"VIIRS","version":"2.0NRT","bright_ti4":314.93,"frp":1.95,"daynight":"N"},"geometry":{"type":"Point","coordinates":[-116.76527,42.61592]}},{"type":"Feature","properties":{"acq_date":"2026-08-02","acq_time":928,"confidence":"n","satellite":"N","instrument":"VIIRS","version":"2.0NRT","bright_ti4":311.05,"frp":1.36,"daynight":"N"},"geometry":{"type":"Point","coordinates":[-116.80932,42.61599]}},{"type":"Feature","properties":{"acq_date":"2026-08-02","acq_time":928,"confidence":"n","satellite":"N","instrument":"VIIRS","version":"2.0NRT","bright_ti4":310.55,"frp":1.15,"daynight":"N"},"geometry":{"type":"Point","coordinates":[-116.85421,42.61609]}},{"type":"Feature","properties":{"acq_date":"2026-08-02","acq_time":928,"confidence":"n","satellite":"N","instrument":"VIIRS","version":"2.0NRT","bright_ti4":318.19,"frp":1.42,"daynight":"N"},"geometry":{"type":"Point","coordinates":[-116.8473,42.61609]}},{"type":"Feature","properties":{"acq_date":"2026-08-02","acq_time":928,"confidence":"n","satellite":"N","instrument":"VIIRS","version":"2.0NRT","bright_ti4":321.01,"frp":2.13,"daynight":"N"},"geometry":{"type":"Point","coordinates":[-116.76998,42.61637]}},{"type":"Feature","properties":{"acq_date":"2026-08-02","acq_time":928,"confidence":"n","satellite":"N","instrument":"VIIRS","version":"2.0NRT","bright_ti4":308.01,"frp":1.36,"daynight":"N"},"geometry":{"type":"Point","coordinates":[-116.81416,42.61644]}},{"type":"Feature","properties":{"acq_date":"2026-08-02","acq_time":928,"confidence":"n","satellite":"N","instrument":"VIIRS","version":"2.0NRT","bright_ti4":312.17,"frp":1.74,"daynight":"N"},"geometry":{"type":"Point","coordinates":[-116.85914,42.61655]}},{"type":"Feature","properties":{"acq_date":"2026-08-02","acq_time":928,"confidence":"n","satellite":"N","instrument":"VIIRS","version":"2.0NRT","bright_ti4":306.89,"frp":1.42,"daynight":"N"},"geometry":{"type":"Point","coordinates":[-116.8522,42.61658]}},{"type":"Feature","properties":{"acq_date":"2026-08-02","acq_time":928,"confidence":"n","satellite":"N","instrument":"VIIRS","version":"2.0NRT","bright_ti4":324.58,"frp":2.13,"daynight":"N"},"geometry":{"type":"Point","coordinates":[-116.77472,42.61683]}},{"type":"Feature","properties":{"acq_date":"2026-08-02","acq_time":928,"confidence":"n","satellite":"N","instrument":"VIIRS","version":"2.0NRT","bright_ti4":314.26,"frp":1.8,"daynight":"N"},"geometry":{"type":"Point","coordinates":[-116.85711,42.61707]}},{"type":"Feature","properties":{"acq_date":"2026-08-02","acq_time":928,"confidence":"n","satellite":"N","instrument":"VIIRS","version":"2.0NRT","bright_ti4":321.08,"frp":1.79,"daynight":"N"},"geometry":{"type":"Point","coordinates":[-116.77947,42.61728]}},{"type":"Feature","properties":{"acq_date":"2026-08-02","acq_time":928,"confidence":"n","satellite":"N","instrument":"VIIRS","version":"2.0NRT","bright_ti4":305.63,"frp":1.23,"daynight":"N"},"geometry":{"type":"Point","coordinates":[-116.82391,42.61736]}},{"type":"Feature","properties":{"acq_date":"2026-08-02","acq_time":928,"confidence":"n","satellite":"N","instrument":"VIIRS","version":"2.0NRT","bright_ti4":310.73,"frp":1.79,"daynight":"N"},"geometry":{"type":"Point","coordinates":[-116.78426,42.61773]}},{"type":"Feature","properties":{"acq_date":"2026-08-02","acq_time":928,"confidence":"n","satellite":"N","instrument":"VIIRS","version":"2.0NRT","bright_ti4":316.24,"frp":1.43,"daynight":"N"},"geometry":{"type":"Point","coordinates":[-116.82883,42.61783]}},{"type":"Feature","properties":{"acq_date":"2026-08-02","acq_time":928,"confidence":"n","satellite":"N","instrument":"VIIRS","version":"2.0NRT","bright_ti4":309.86,"frp":1.08,"daynight":"N"},"geometry":{"type":"Point","coordinates":[-116.78909,42.61819]}},{"type":"Feature","properties":{"acq_date":"2026-08-02","acq_time":928,"confidence":"n","satellite":"N","instrument":"VIIRS","version":"2.0NRT","bright_ti4":322.48,"frp":1.43,"daynight":"N"},"geometry":{"type":"Point","coordinates":[-116.83373,42.61829]}},{"type":"Feature","properties":{"acq_date":"2026-08-02","acq_time":928,"confidence":"n","satellite":"N","instrument":"VIIRS","version":"2.0NRT","bright_ti4":307.13,"frp":1.08,"daynight":"N"},"geometry":{"type":"Point","coordinates":[-116.79394,42.61865]}},{"type":"Feature","properties":{"acq_date":"2026-08-02","acq_time":928,"confidence":"n","satellite":"N","instrument":"VIIRS","version":"2.0NRT","bright_ti4":326.33,"frp":2.17,"daynight":"N"},"geometry":{"type":"Point","coordinates":[-116.83864,42.61875]}},{"type":"Feature","properties":{"acq_date":"2026-08-02","acq_time":928,"confidence":"n","satellite":"N","instrument":"VIIRS","version":"2.0NRT","bright_ti4":314.17,"frp":1.72,"daynight":"N"},"geometry":{"type":"Point","coordinates":[-116.79877,42.61911]}},{"type":"Feature","properties":{"acq_date":"2026-08-02","acq_time":928,"confidence":"n","satellite":"N","instrument":"VIIRS","version":"2.0NRT","bright_ti4":309.55,"frp":2.17,"daynight":"N"},"geometry":{"type":"Point","coordinates":[-116.84353,42.61921]}},{"type":"Feature","properties":{"acq_date":"2026-08-02","acq_time":928,"confidence":"n","satellite":"N","instrument":"VIIRS","version":"2.0NRT","bright_ti4":312.73,"frp":1.72,"daynight":"N"},"geometry":{"type":"Point","coordinates":[-116.80356,42.61956]}},{"type":"Feature","properties":{"acq_date":"2026-08-02","acq_time":928,"confidence":"n","satellite":"N","instrument":"VIIRS","version":"2.0NRT","bright_ti4":320.17,"frp":1.36,"daynight":"N"},"geometry":{"type":"Point","coordinates":[-116.80838,42.62002]}},{"type":"Feature","properties":{"acq_date":"2026-08-02","acq_time":928,"confidence":"n","satellite":"N","instrument":"VIIRS","version":"2.0NRT","bright_ti4":309.38,"frp":1.61,"daynight":"N"},"geometry":{"type":"Point","coordinates":[-116.85342,42.62014]}},{"type":"Feature","properties":{"acq_date":"2026-08-02","acq_time":928,"confidence":"n","satellite":"N","instrument":"VIIRS","version":"2.0NRT","bright_ti4":309.72,"frp":1.36,"daynight":"N"},"geometry":{"type":"Point","coordinates":[-116.81322,42.62048]}},{"type":"Feature","properties":{"acq_date":"2026-08-02","acq_time":928,"confidence":"n","satellite":"N","instrument":"VIIRS","version":"2.0NRT","bright_ti4":315.78,"frp":2.13,"daynight":"N"},"geometry":{"type":"Point","coordinates":[-116.85831,42.62061]}},{"type":"Feature","properties":{"acq_date":"2026-08-02","acq_time":928,"confidence":"n","satellite":"N","instrument":"VIIRS","version":"2.0NRT","bright_ti4":302.71,"frp":1.08,"daynight":"N"},"geometry":{"type":"Point","coordinates":[-116.7786,42.62132]}},{"type":"Feature","properties":{"acq_date":"2026-08-02","acq_time":928,"confidence":"n","satellite":"N","instrument":"VIIRS","version":"2.0NRT","bright_ti4":305.49,"frp":1.23,"daynight":"N"},"geometry":{"type":"Point","coordinates":[-116.8231,42.62142]}},{"type":"Feature","properties":{"acq_date":"2026-08-02","acq_time":928,"confidence":"n","satellite":"N","instrument":"VIIRS","version":"2.0NRT","bright_ti4":314.4,"frp":1.08,"daynight":"N"},"geometry":{"type":"Point","coordinates":[-116.78342,42.62177]}},{"type":"Feature","properties":{"acq_date":"2026-08-02","acq_time":928,"confidence":"n","satellite":"N","instrument":"VIIRS","version":"2.0NRT","bright_ti4":302.73,"frp":1.43,"daynight":"N"},"geometry":{"type":"Point","coordinates":[-116.82805,42.62188]}},{"type":"Feature","properties":{"acq_date":"2026-08-02","acq_time":928,"confidence":"n","satellite":"N","instrument":"VIIRS","version":"2.0NRT","bright_ti4":310.67,"frp":1.32,"daynight":"N"},"geometry":{"type":"Point","coordinates":[-116.78827,42.62223]}},{"type":"Feature","properties":{"acq_date":"2026-08-02","acq_time":928,"confidence":"n","satellite":"N","instrument":"VIIRS","version":"2.0NRT","bright_ti4":303.62,"frp":1.43,"daynight":"N"},"geometry":{"type":"Point","coordinates":[-116.83294,42.62234]}},{"type":"Feature","properties":{"acq_date":"2026-08-02","acq_time":928,"confidence":"n","satellite":"N","instrument":"VIIRS","version":"2.0NRT","bright_ti4":313.04,"frp":1.32,"daynight":"N"},"geometry":{"type":"Point","coordinates":[-116.79308,42.62269]}},{"type":"Feature","properties":{"acq_date":"2026-08-02","acq_time":928,"confidence":"n","satellite":"N","instrument":"VIIRS","version":"2.0NRT","bright_ti4":317.9,"frp":1.69,"daynight":"N"},"geometry":{"type":"Point","coordinates":[-116.79784,42.62315]}},{"type":"Feature","properties":{"acq_date":"2026-08-02","acq_time":928,"confidence":"n","satellite":"N","instrument":"VIIRS","version":"2.0NRT","bright_ti4":317.01,"frp":1.69,"daynight":"N"},"geometry":{"type":"Point","coordinates":[-116.80264,42.6236]}},{"type":"Feature","properties":{"acq_date":"2026-08-02","acq_time":928,"confidence":"n","satellite":"N","instrument":"VIIRS","version":"2.0NRT","bright_ti4":301.29,"frp":0.76,"daynight":"N"},"geometry":{"type":"Point","coordinates":[-116.80746,42.62406]}},{"type":"Feature","properties":{"acq_date":"2026-08-02","acq_time":928,"confidence":"n","satellite":"N","instrument":"VIIRS","version":"2.0NRT","bright_ti4":306.84,"frp":1.32,"daynight":"N"},"geometry":{"type":"Point","coordinates":[-116.79214,42.62672]}},{"type":"Feature","properties":{"acq_date":"2026-08-02","acq_time":928,"confidence":"n","satellite":"N","instrument":"VIIRS","version":"2.0NRT","bright_ti4":310.26,"frp":1.69,"daynight":"N"},"geometry":{"type":"Point","coordinates":[-116.79689,42.62718]}},{"type":"Feature","properties":{"acq_date":"2026-08-02","acq_time":928,"confidence":"n","satellite":"N","instrument":"VIIRS","version":"2.0NRT","bright_ti4":303.25,"frp":0.79,"daynight":"N"},"geometry":{"type":"Point","coordinates":[-116.83624,42.63092]}},{"type":"Feature","properties":{"acq_date":"2026-08-02","acq_time":928,"confidence":"n","satellite":"N","instrument":"VIIRS","version":"2.0NRT","bright_ti4":300.36,"frp":0.79,"daynight":"N"},"geometry":{"type":"Point","coordinates":[-116.8412,42.63139]}},{"type":"Feature","properties":{"acq_date":"2026-08-02","acq_time":928,"confidence":"n","satellite":"N","instrument":"VIIRS","version":"2.0NRT","bright_ti4":306.39,"frp":1.91,"daynight":"N"},"geometry":{"type":"Point","coordinates":[-116.84035,42.63544]}},{"type":"Feature","properties":{"acq_date":"2026-08-02","acq_time":928,"confidence":"n","satellite":"N","instrument":"VIIRS","version":"2.0NRT","bright_ti4":316.25,"frp":1.29,"daynight":"N"},"geometry":{"type":"Point","coordinates":[-116.84519,42.6359]}},{"type":"Feature","properties":{"acq_date":"2026-08-02","acq_time":928,"confidence":"n","satellite":"N","instrument":"VIIRS","version":"2.0NRT","bright_ti4":305.45,"frp":1.29,"daynight":"N"},"geometry":{"type":"Point","coordinates":[-116.85001,42.63636]}},{"type":"Feature","properties":{"acq_date":"2026-08-02","acq_time":928,"confidence":"n","satellite":"N","instrument":"VIIRS","version":"2.0NRT","bright_ti4":298.11,"frp":1.02,"daynight":"N"},"geometry":{"type":"Point","coordinates":[-116.85495,42.63683]}},{"type":"Feature","properties":{"acq_date":"2026-08-02","acq_time":928,"confidence":"n","satellite":"N","instrument":"VIIRS","version":"2.0NRT","bright_ti4":309.82,"frp":1.75,"daynight":"N"},"geometry":{"type":"Point","coordinates":[-116.82953,42.63854]}},{"type":"Feature","properties":{"acq_date":"2026-08-02","acq_time":928,"confidence":"n","satellite":"N","instrument":"VIIRS","version":"2.0NRT","bright_ti4":320.8,"frp":1.91,"daynight":"N"},"geometry":{"type":"Point","coordinates":[-116.83459,42.63902]}},{"type":"Feature","properties":{"acq_date":"2026-08-02","acq_time":928,"confidence":"n","satellite":"N","instrument":"VIIRS","version":"2.0NRT","bright_ti4":318.12,"frp":1.91,"daynight":"N"},"geometry":{"type":"Point","coordinates":[-116.83951,42.63949]}},{"type":"Feature","properties":{"acq_date":"2026-08-02","acq_time":928,"confidence":"n","satellite":"N","instrument":"VIIRS","version":"2.0NRT","bright_ti4":313.45,"frp":1.29,"daynight":"N"},"geometry":{"type":"Point","coordinates":[-116.84432,42.63995]}},{"type":"Feature","properties":{"acq_date":"2026-08-02","acq_time":928,"confidence":"n","satellite":"N","instrument":"VIIRS","version":"2.0NRT","bright_ti4":310.11,"frp":1.29,"daynight":"N"},"geometry":{"type":"Point","coordinates":[-116.84915,42.64041]}},{"type":"Feature","properties":{"acq_date":"2026-08-02","acq_time":928,"confidence":"n","satellite":"N","instrument":"VIIRS","version":"2.0NRT","bright_ti4":311.27,"frp":1.57,"daynight":"N"},"geometry":{"type":"Point","coordinates":[-116.82365,42.64211]}},{"type":"Feature","properties":{"acq_date":"2026-08-02","acq_time":928,"confidence":"n","satellite":"N","instrument":"VIIRS","version":"2.0NRT","bright_ti4":308.2,"frp":1.57,"daynight":"N"},"geometry":{"type":"Point","coordinates":[-116.82867,42.64259]}},{"type":"Feature","properties":{"acq_date":"2026-08-02","acq_time":928,"confidence":"n","satellite":"N","instrument":"VIIRS","version":"2.0NRT","bright_ti4":321.47,"frp":1.27,"daynight":"N"},"geometry":{"type":"Point","coordinates":[-116.8337,42.64307]}},{"type":"Feature","properties":{"acq_date":"2026-08-02","acq_time":928,"confidence":"n","satellite":"N","instrument":"VIIRS","version":"2.0NRT","bright_ti4":308.82,"frp":1.27,"daynight":"N"},"geometry":{"type":"Point","coordinates":[-116.83869,42.64354]}},{"type":"Feature","properties":{"acq_date":"2026-08-02","acq_time":928,"confidence":"n","satellite":"N","instrument":"VIIRS","version":"2.0NRT","bright_ti4":310.82,"frp":1.21,"daynight":"N"},"geometry":{"type":"Point","coordinates":[-116.84346,42.644]}},{"type":"Feature","properties":{"acq_date":"2026-08-02","acq_time":928,"confidence":"n","satellite":"N","instrument":"VIIRS","version":"2.0NRT","bright_ti4":313.9,"frp":1.21,"daynight":"N"},"geometry":{"type":"Point","coordinates":[-116.84828,42.64446]}},{"type":"Feature","properties":{"acq_date":"2026-08-02","acq_time":928,"confidence":"n","satellite":"N","instrument":"VIIRS","version":"2.0NRT","bright_ti4":318.58,"frp":1.57,"daynight":"N"},"geometry":{"type":"Point","coordinates":[-116.82281,42.64616]}},{"type":"Feature","properties":{"acq_date":"2026-08-02","acq_time":928,"confidence":"n","satellite":"N","instrument":"VIIRS","version":"2.0NRT","bright_ti4":316.56,"frp":1.57,"daynight":"N"},"geometry":{"type":"Point","coordinates":[-116.82782,42.64664]}},{"type":"Feature","properties":{"acq_date":"2026-08-02","acq_time":928,"confidence":"n","satellite":"N","instrument":"VIIRS","version":"2.0NRT","bright_ti4":307.43,"frp":1.27,"daynight":"N"},"geometry":{"type":"Point","coordinates":[-116.83283,42.64712]}},{"type":"Feature","properties":{"acq_date":"2026-08-02","acq_time":928,"confidence":"n","satellite":"N","instrument":"VIIRS","version":"2.0NRT","bright_ti4":300.67,"frp":1.27,"daynight":"N"},"geometry":{"type":"Point","coordinates":[-116.83783,42.64759]}},{"type":"Feature","properties":{"acq_date":"2026-08-02","acq_time":928,"confidence":"n","satellite":"N","instrument":"VIIRS","version":"2.0NRT","bright_ti4":312.52,"frp":1.21,"daynight":"N"},"geometry":{"type":"Point","coordinates":[-116.84258,42.64805]}},{"type":"Feature","properties":{"acq_date":"2026-08-02","acq_time":928,"confidence":"n","satellite":"N","instrument":"VIIRS","version":"2.0NRT","bright_ti4":303.11,"frp":1.21,"daynight":"N"},"geometry":{"type":"Point","coordinates":[-116.8474,42.64851]}},{"type":"Feature","properties":{"acq_date":"2026-08-02","acq_time":928,"confidence":"n","satellite":"N","instrument":"VIIRS","version":"2.0NRT","bright_ti4":336.63,"frp":5.31,"daynight":"N"},"geometry":{"type":"Point","coordinates":[-116.78037,42.73608]}},{"type":"Feature","properties":{"acq_date":"2026-08-02","acq_time":928,"confidence":"n","satellite":"N","instrument":"VIIRS","version":"2.0NRT","bright_ti4":300.8,"frp":5.31,"daynight":"N"},"geometry":{"type":"Point","coordinates":[-116.78506,42.73653]}},{"type":"Feature","properties":{"acq_date":"2026-08-02","acq_time":928,"confidence":"n","satellite":"N","instrument":"VIIRS","version":"2.0NRT","bright_ti4":356.25,"frp":5.31,"daynight":"N"},"geometry":{"type":"Point","coordinates":[-116.77976,42.74015]}},{"type":"Feature","properties":{"acq_date":"2026-08-02","acq_time":928,"confidence":"n","satellite":"N","instrument":"VIIRS","version":"2.0NRT","bright_ti4":346.9,"frp":5.31,"daynight":"N"},"geometry":{"type":"Point","coordinates":[-116.78455,42.7406]}},{"type":"Feature","properties":{"acq_date":"2026-08-02","acq_time":928,"confidence":"n","satellite":"N","instrument":"VIIRS","version":"2.0NRT","bright_ti4":334.28,"frp":2.87,"daynight":"N"},"geometry":{"type":"Point","coordinates":[-116.78934,42.74106]}},{"type":"Feature","properties":{"acq_date":"2026-08-02","acq_time":928,"confidence":"n","satellite":"N","instrument":"VIIRS","version":"2.0NRT","bright_ti4":301.34,"frp":2.87,"daynight":"N"},"geometry":{"type":"Point","coordinates":[-116.79417,42.74152]}},{"type":"Feature","properties":{"acq_date":"2026-08-02","acq_time":928,"confidence":"n","satellite":"N","instrument":"VIIRS","version":"2.0NRT","bright_ti4":353.94,"frp":20.58,"daynight":"N"},"geometry":{"type":"Point","coordinates":[-116.78413,42.74469]}},{"type":"Feature","properties":{"acq_date":"2026-08-02","acq_time":928,"confidence":"n","satellite":"N","instrument":"VIIRS","version":"2.0NRT","bright_ti4":347.11,"frp":11.55,"daynight":"N"},"geometry":{"type":"Point","coordinates":[-116.78891,42.74515]}},{"type":"Feature","properties":{"acq_date":"2026-08-02","acq_time":928,"confidence":"n","satellite":"N","instrument":"VIIRS","version":"2.0NRT","bright_ti4":337.56,"frp":11.55,"daynight":"N"},"geometry":{"type":"Point","coordinates":[-116.79353,42.74559]}},{"type":"Feature","properties":{"acq_date":"2026-08-02","acq_time":928,"confidence":"n","satellite":"N","instrument":"VIIRS","version":"2.0NRT","bright_ti4":300.72,"frp":0.99,"daynight":"N"},"geometry":{"type":"Point","coordinates":[-116.94556,42.74755]}},{"type":"Feature","properties":{"acq_date":"2026-08-02","acq_time":928,"confidence":"n","satellite":"N","instrument":"VIIRS","version":"2.0NRT","bright_ti4":335.85,"frp":20.58,"daynight":"N"},"geometry":{"type":"Point","coordinates":[-116.78355,42.74876]}},{"type":"Feature","properties":{"acq_date":"2026-08-02","acq_time":928,"confidence":"n","satellite":"N","instrument":"VIIRS","version":"2.0NRT","bright_ti4":356.79,"frp":11.55,"daynight":"N"},"geometry":{"type":"Point","coordinates":[-116.78838,42.74922]}},{"type":"Feature","properties":{"acq_date":"2026-08-02","acq_time":928,"confidence":"n","satellite":"N","instrument":"VIIRS","version":"2.0NRT","bright_ti4":346.17,"frp":11.55,"daynight":"N"},"geometry":{"type":"Point","coordinates":[-116.79304,42.74967]}},{"type":"Feature","properties":{"acq_date":"2026-08-02","acq_time":928,"confidence":"n","satellite":"N","instrument":"VIIRS","version":"2.0NRT","bright_ti4":338.44,"frp":8.22,"daynight":"N"},"geometry":{"type":"Point","coordinates":[-116.79777,42.75012]}},{"type":"Feature","properties":{"acq_date":"2026-08-02","acq_time":928,"confidence":"n","satellite":"N","instrument":"VIIRS","version":"2.0NRT","bright_ti4":331.36,"frp":5.12,"daynight":"N"},"geometry":{"type":"Point","coordinates":[-116.78783,42.7533]}},{"type":"Feature","properties":{"acq_date":"2026-08-02","acq_time":928,"confidence":"n","satellite":"N","instrument":"VIIRS","version":"2.0NRT","bright_ti4":352.26,"frp":5.12,"daynight":"N"},"geometry":{"type":"Point","coordinates":[-116.79256,42.75375]}},{"type":"Feature","properties":{"acq_date":"2026-08-02","acq_time":928,"confidence":"n","satellite":"N","instrument":"VIIRS","version":"2.0NRT","bright_ti4":338.35,"frp":3.77,"daynight":"N"},"geometry":{"type":"Point","coordinates":[-116.79727,42.7542]}},{"type":"Feature","properties":{"acq_date":"2026-08-02","acq_time":928,"confidence":"n","satellite":"N","instrument":"VIIRS","version":"2.0NRT","bright_ti4":309.54,"frp":2.08,"daynight":"N"},"geometry":{"type":"Point","coordinates":[-116.78215,42.75688]}},{"type":"Feature","properties":{"acq_date":"2026-08-02","acq_time":928,"confidence":"n","satellite":"N","instrument":"VIIRS","version":"2.0NRT","bright_ti4":307.51,"frp":5.12,"daynight":"N"},"geometry":{"type":"Point","coordinates":[-116.78722,42.75737]}},{"type":"Feature","properties":{"acq_date":"2026-08-02","acq_time":928,"confidence":"n","satellite":"N","instrument":"VIIRS","version":"2.0NRT","bright_ti4":347.65,"frp":5.12,"daynight":"N"},"geometry":{"type":"Point","coordinates":[-116.79204,42.75783]}},{"type":"Feature","properties":{"acq_date":"2026-08-02","acq_time":928,"confidence":"n","satellite":"N","instrument":"VIIRS","version":"2.0NRT","bright_ti4":317.29,"frp":3.77,"daynight":"N"},"geometry":{"type":"Point","coordinates":[-116.79678,42.75829]}},{"type":"Feature","properties":{"acq_date":"2026-08-02","acq_time":928,"confidence":"n","satellite":"N","instrument":"VIIRS","version":"2.0NRT","bright_ti4":305.69,"frp":3.77,"daynight":"N"},"geometry":{"type":"Point","coordinates":[-116.80157,42.75875]}},{"type":"Feature","properties":{"acq_date":"2026-08-02","acq_time":928,"confidence":"n","satellite":"N","instrument":"VIIRS","version":"2.0NRT","bright_ti4":313.96,"frp":1.67,"daynight":"N"},"geometry":{"type":"Point","coordinates":[-116.78137,42.76093]}},{"type":"Feature","properties":{"acq_date":"2026-08-02","acq_time":928,"confidence":"n","satellite":"N","instrument":"VIIRS","version":"2.0NRT","bright_ti4":323.64,"frp":2.13,"daynight":"N"},"geometry":{"type":"Point","coordinates":[-116.78652,42.76143]}},{"type":"Feature","properties":{"acq_date":"2026-08-02","acq_time":928,"confidence":"n","satellite":"N","instrument":"VIIRS","version":"2.0NRT","bright_ti4":331.05,"frp":2.13,"daynight":"N"},"geometry":{"type":"Point","coordinates":[-116.79148,42.76191]}},{"type":"Feature","properties":{"acq_date":"2026-08-02","acq_time":928,"confidence":"n","satellite":"N","instrument":"VIIRS","version":"2.0NRT","bright_ti4":335.75,"frp":2.56,"daynight":"N"},"geometry":{"type":"Point","coordinates":[-116.79626,42.76237]}},{"type":"Feature","properties":{"acq_date":"2026-08-02","acq_time":928,"confidence":"n","satellite":"N","instrument":"VIIRS","version":"2.0NRT","bright_ti4":310.71,"frp":2.56,"daynight":"N"},"geometry":{"type":"Point","coordinates":[-116.80102,42.76282]}},{"type":"Feature","properties":{"acq_date":"2026-08-02","acq_time":928,"confidence":"n","satellite":"N","instrument":"VIIRS","version":"2.0NRT","bright_ti4":306.9,"frp":1.15,"daynight":"N"},"geometry":{"type":"Point","coordinates":[-116.80584,42.76329]}},{"type":"Feature","properties":{"acq_date":"2026-08-02","acq_time":928,"confidence":"n","satellite":"N","instrument":"VIIRS","version":"2.0NRT","bright_ti4":313.96,"frp":1.15,"daynight":"N"},"geometry":{"type":"Point","coordinates":[-116.81084,42.76377]}},{"type":"Feature","properties":{"acq_date":"2026-08-02","acq_time":928,"confidence":"n","satellite":"N","instrument":"VIIRS","version":"2.0NRT","bright_ti4":322.79,"frp":2.42,"daynight":"N"},"geometry":{"type":"Point","coordinates":[-116.81566,42.76423]}},{"type":"Feature","properties":{"acq_date":"2026-08-02","acq_time":928,"confidence":"n","satellite":"N","instrument":"VIIRS","version":"2.0NRT","bright_ti4":309.48,"frp":2.42,"daynight":"N"},"geometry":{"type":"Point","coordinates":[-116.82043,42.76469]}},{"type":"Feature","properties":{"acq_date":"2026-08-02","acq_time":928,"confidence":"n","satellite":"N","instrument":"VIIRS","version":"2.0NRT","bright_ti4":298.53,"frp":2.13,"daynight":"N"},"geometry":{"type":"Point","coordinates":[-116.78571,42.76547]}},{"type":"Feature","properties":{"acq_date":"2026-08-02","acq_time":928,"confidence":"n","satellite":"N","instrument":"VIIRS","version":"2.0NRT","bright_ti4":319.77,"frp":2.13,"daynight":"N"},"geometry":{"type":"Point","coordinates":[-116.79079,42.76596]}},{"type":"Feature","properties":{"acq_date":"2026-08-02","acq_time":928,"confidence":"n","satellite":"N","instrument":"VIIRS","version":"2.0NRT","bright_ti4":320.35,"frp":2.56,"daynight":"N"},"geometry":{"type":"Point","coordinates":[-116.79575,42.76645]}},{"type":"Feature","properties":{"acq_date":"2026-08-02","acq_time":928,"confidence":"n","satellite":"N","instrument":"VIIRS","version":"2.0NRT","bright_ti4":314.43,"frp":2.56,"daynight":"N"},"geometry":{"type":"Point","coordinates":[-116.8005,42.7669]}},{"type":"Feature","properties":{"acq_date":"2026-08-02","acq_time":928,"confidence":"n","satellite":"N","instrument":"VIIRS","version":"2.0NRT","bright_ti4":301.75,"frp":1.15,"daynight":"N"},"geometry":{"type":"Point","coordinates":[-116.80518,42.76736]}},{"type":"Feature","properties":{"acq_date":"2026-08-02","acq_time":928,"confidence":"n","satellite":"N","instrument":"VIIRS","version":"2.0NRT","bright_ti4":301.26,"frp":1.15,"daynight":"N"},"geometry":{"type":"Point","coordinates":[-116.81009,42.76783]}},{"type":"Feature","properties":{"acq_date":"2026-08-02","acq_time":928,"confidence":"n","satellite":"N","instrument":"VIIRS","version":"2.0NRT","bright_ti4":310.87,"frp":2.42,"daynight":"N"},"geometry":{"type":"Point","coordinates":[-116.815,42.7683]}},{"type":"Feature","properties":{"acq_date":"2026-08-02","acq_time":928,"confidence":"n","satellite":"N","instrument":"VIIRS","version":"2.0NRT","bright_ti4":335.68,"frp":2.42,"daynight":"N"},"geometry":{"type":"Point","coordinates":[-116.81989,42.76877]}},{"type":"Feature","properties":{"acq_date":"2026-08-02","acq_time":928,"confidence":"n","satellite":"N","instrument":"VIIRS","version":"2.0NRT","bright_ti4":298.83,"frp":1.89,"daynight":"N"},"geometry":{"type":"Point","coordinates":[-116.82478,42.76925]}},{"type":"Feature","properties":{"acq_date":"2026-08-02","acq_time":928,"confidence":"n","satellite":"N","instrument":"VIIRS","version":"2.0NRT","bright_ti4":297.57,"frp":0.36,"daynight":"N"},"geometry":{"type":"Point","coordinates":[-116.91168,42.76928]}},{"type":"Feature","properties":{"acq_date":"2026-08-02","acq_time":928,"confidence":"n","satellite":"N","instrument":"VIIRS","version":"2.0NRT","bright_ti4":318.86,"frp":1.41,"daynight":"N"},"geometry":{"type":"Point","coordinates":[-116.79517,42.77052]}},{"type":"Feature","properties":{"acq_date":"2026-08-02","acq_time":928,"confidence":"n","satellite":"N","instrument":"VIIRS","version":"2.0NRT","bright_ti4":307.73,"frp":1.41,"daynight":"N"},"geometry":{"type":"Point","coordinates":[-116.79996,42.77098]}},{"type":"Feature","properties":{"acq_date":"2026-08-02","acq_time":928,"confidence":"n","satellite":"N","instrument":"VIIRS","version":"2.0NRT","bright_ti4":308.67,"frp":1.64,"daynight":"N"},"geometry":{"type":"Point","coordinates":[-116.81439,42.77238]}},{"type":"Feature","properties":{"acq_date":"2026-08-02","acq_time":928,"confidence":"n","satellite":"N","instrument":"VIIRS","version":"2.0NRT","bright_ti4":317.2,"frp":1.64,"daynight":"N"},"geometry":{"type":"Point","coordinates":[-116.8194,42.77286]}},{"type":"Feature","properties":{"acq_date":"2026-08-02","acq_time":928,"confidence":"n","satellite":"N","instrument":"VIIRS","version":"2.0NRT","bright_ti4":314.04,"frp":2.58,"daynight":"N"},"geometry":{"type":"Point","coordinates":[-116.82426,42.77333]}},{"type":"Feature","properties":{"acq_date":"2026-08-02","acq_time":928,"confidence":"n","satellite":"N","instrument":"VIIRS","version":"2.0NRT","bright_ti4":324.97,"frp":1.71,"daynight":"N"},"geometry":{"type":"Point","coordinates":[-116.73968,42.77337]}},{"type":"Feature","properties":{"acq_date":"2026-08-02","acq_time":928,"confidence":"n","satellite":"N","instrument":"VIIRS","version":"2.0NRT","bright_ti4":301.1,"frp":1.12,"daynight":"N"},"geometry":{"type":"Point","coordinates":[-116.74426,42.77382]}},{"type":"Feature","properties":{"acq_date":"2026-08-02","acq_time":928,"confidence":"n","satellite":"N","instrument":"VIIRS","version":"2.0NRT","bright_ti4":301.28,"frp":1.12,"daynight":"N"},"geometry":{"type":"Point","coordinates":[-116.74909,42.77429]}},{"type":"Feature","properties":{"acq_date":"2026-08-02","acq_time":928,"confidence":"n","satellite":"N","instrument":"VIIRS","version":"2.0NRT","bright_ti4":297.5,"frp":0.85,"daynight":"N"},"geometry":{"type":"Point","coordinates":[-116.75422,42.77479]}},{"type":"Feature","properties":{"acq_date":"2026-08-02","acq_time":928,"confidence":"n","satellite":"N","instrument":"VIIRS","version":"2.0NRT","bright_ti4":303.76,"frp":2.12,"daynight":"N"},"geometry":{"type":"Point","coordinates":[-116.80897,42.77598]}},{"type":"Feature","properties":{"acq_date":"2026-08-02","acq_time":928,"confidence":"n","satellite":"N","instrument":"VIIRS","version":"2.0NRT","bright_ti4":304.48,"frp":1.64,"daynight":"N"},"geometry":{"type":"Point","coordinates":[-116.81387,42.77646]}},{"type":"Feature","properties":{"acq_date":"2026-08-02","acq_time":928,"confidence":"n","satellite":"N","instrument":"VIIRS","version":"2.0NRT","bright_ti4":322.44,"frp":1.64,"daynight":"N"},"geometry":{"type":"Point","coordinates":[-116.81891,42.77695]}},{"type":"Feature","properties":{"acq_date":"2026-08-02","acq_time":928,"confidence":"n","satellite":"N","instrument":"VIIRS","version":"2.0NRT","bright_ti4":322.44,"frp":2.58,"daynight":"N"},"geometry":{"type":"Point","coordinates":[-116.82379,42.77742]}},{"type":"Feature","properties":{"acq_date":"2026-08-02","acq_time":928,"confidence":"n","satellite":"N","instrument":"VIIRS","version":"2.0NRT","bright_ti4":305.08,"frp":1.71,"daynight":"N"},"geometry":{"type":"Point","coordinates":[-116.7392,42.77745]}},{"type":"Feature","properties":{"acq_date":"2026-08-02","acq_time":928,"confidence":"n","satellite":"N","instrument":"VIIRS","version":"2.0NRT","bright_ti4":302.48,"frp":0.85,"daynight":"N"},"geometry":{"type":"Point","coordinates":[-116.75877,42.77936]}},{"type":"Feature","properties":{"acq_date":"2026-08-02","acq_time":928,"confidence":"n","satellite":"N","instrument":"VIIRS","version":"2.0NRT","bright_ti4":299.76,"frp":1.05,"daynight":"N"},"geometry":{"type":"Point","coordinates":[-116.76406,42.77988]}},{"type":"Feature","properties":{"acq_date":"2026-08-02","acq_time":928,"confidence":"n","satellite":"N","instrument":"VIIRS","version":"2.0NRT","bright_ti4":312.26,"frp":1.05,"daynight":"N"},"geometry":{"type":"Point","coordinates":[-116.76913,42.78037]}},{"type":"Feature","properties":{"acq_date":"2026-08-02","acq_time":928,"confidence":"n","satellite":"N","instrument":"VIIRS","version":"2.0NRT","bright_ti4":321.67,"frp":2.79,"daynight":"N"},"geometry":{"type":"Point","coordinates":[-116.77394,42.78084]}},{"type":"Feature","properties":{"acq_date":"2026-08-02","acq_time":928,"confidence":"n","satellite":"N","instrument":"VIIRS","version":"2.0NRT","bright_ti4":310.23,"frp":1.53,"daynight":"N"},"geometry":{"type":"Point","coordinates":[-116.81841,42.78103]}},{"type":"Feature","properties":{"acq_date":"2026-08-02","acq_time":928,"confidence":"n","satellite":"N","instrument":"VIIRS","version":"2.0NRT","bright_ti4":310.78,"frp":1.01,"daynight":"N"},"geometry":{"type":"Point","coordinates":[-116.82333,42.78151]}},{"type":"Feature","properties":{"acq_date":"2026-08-02","acq_time":928,"confidence":"n","satellite":"N","instrument":"VIIRS","version":"2.0NRT","bright_ti4":301.59,"frp":1.01,"daynight":"N"},"geometry":{"type":"Point","coordinates":[-116.82812,42.78197]}},{"type":"Feature","properties":{"acq_date":"2026-08-02","acq_time":928,"confidence":"n","satellite":"N","instrument":"VIIRS","version":"2.0NRT","bright_ti4":313.49,"frp":1.94,"daynight":"N"},"geometry":{"type":"Point","coordinates":[-116.74792,42.78242]}},{"type":"Feature","properties":{"acq_date":"2026-08-02","acq_time":928,"confidence":"n","satellite":"N","instrument":"VIIRS","version":"2.0NRT","bright_ti4":302.14,"frp":1.52,"daynight":"N"},"geometry":{"type":"Point","coordinates":[-116.76856,42.78444]}},{"type":"Feature","properties":{"acq_date":"2026-08-02","acq_time":928,"confidence":"n","satellite":"N","instrument":"VIIRS","version":"2.0NRT","bright_ti4":341.85,"frp":3.06,"daynight":"N"},"geometry":{"type":"Point","coordinates":[-116.77349,42.78492]}},{"type":"Feature","properties":{"acq_date":"2026-08-02","acq_time":928,"confidence":"n","satellite":"N","instrument":"VIIRS","version":"2.0NRT","bright_ti4":320.12,"frp":3.06,"daynight":"N"},"geometry":{"type":"Point","coordinates":[-116.77823,42.78539]}},{"type":"Feature","properties":{"acq_date":"2026-08-02","acq_time":928,"confidence":"n","satellite":"N","instrument":"VIIRS","version":"2.0NRT","bright_ti4":300.8,"frp":1.01,"daynight":"N"},"geometry":{"type":"Point","coordinates":[-116.82288,42.7856]}},{"type":"Feature","properties":{"acq_date":"2026-08-02","acq_time":928,"confidence":"n","satellite":"N","instrument":"VIIRS","version":"2.0NRT","bright_ti4":314.55,"frp":1.94,"daynight":"N"},"geometry":{"type":"Point","coordinates":[-116.7428,42.78604]}},{"type":"Feature","properties":{"acq_date":"2026-08-02","acq_time":928,"confidence":"n","satellite":"N","instrument":"VIIRS","version":"2.0NRT","bright_ti4":301.59,"frp":1.01,"daynight":"N"},"geometry":{"type":"Point","coordinates":[-116.82772,42.78608]}},{"type":"Feature","properties":{"acq_date":"2026-08-02","acq_time":928,"confidence":"n","satellite":"N","instrument":"VIIRS","version":"2.0NRT","bright_ti4":319.57,"frp":1.94,"daynight":"N"},"geometry":{"type":"Point","coordinates":[-116.74741,42.7865]}},{"type":"Feature","properties":{"acq_date":"2026-08-02","acq_time":928,"confidence":"n","satellite":"N","instrument":"VIIRS","version":"2.0NRT","bright_ti4":314.73,"frp":2.8,"daynight":"N"},"geometry":{"type":"Point","coordinates":[-116.83252,42.78654]}},{"type":"Feature","properties":{"acq_date":"2026-08-02","acq_time":928,"confidence":"n","satellite":"N","instrument":"VIIRS","version":"2.0NRT","bright_ti4":307.37,"frp":1.37,"daynight":"N"},"geometry":{"type":"Point","coordinates":[-116.81242,42.78872]}},{"type":"Feature","properties":{"acq_date":"2026-08-02","acq_time":928,"confidence":"n","satellite":"N","instrument":"VIIRS","version":"2.0NRT","bright_ti4":317.51,"frp":3.06,"daynight":"N"},"geometry":{"type":"Point","coordinates":[-116.77778,42.78947]}},{"type":"Feature","properties":{"acq_date":"2026-08-02","acq_time":928,"confidence":"n","satellite":"N","instrument":"VIIRS","version":"2.0NRT","bright_ti4":310,"frp":2.01,"daynight":"N"},"geometry":{"type":"Point","coordinates":[-116.78251,42.78993]}},{"type":"Feature","properties":{"acq_date":"2026-08-02","acq_time":928,"confidence":"n","satellite":"N","instrument":"VIIRS","version":"2.0NRT","bright_ti4":303.39,"frp":1.93,"daynight":"N"},"geometry":{"type":"Point","coordinates":[-116.74695,42.79057]}},{"type":"Feature","properties":{"acq_date":"2026-08-02","acq_time":928,"confidence":"n","satellite":"N","instrument":"VIIRS","version":"2.0NRT","bright_ti4":307.83,"frp":1.14,"daynight":"N"},"geometry":{"type":"Point","coordinates":[-116.83182,42.79061]}},{"type":"Feature","properties":{"acq_date":"2026-08-02","acq_time":928,"confidence":"n","satellite":"N","instrument":"VIIRS","version":"2.0NRT","bright_ti4":305.93,"frp":1.64,"daynight":"N"},"geometry":{"type":"Point","coordinates":[-116.75166,42.79103]}},{"type":"Feature","properties":{"acq_date":"2026-08-02","acq_time":928,"confidence":"n","satellite":"N","instrument":"VIIRS","version":"2.0NRT","bright_ti4":320.03,"frp":2.51,"daynight":"N"},"geometry":{"type":"Point","coordinates":[-116.77726,42.79354]}},{"type":"Feature","properties":{"acq_date":"2026-08-02","acq_time":928,"confidence":"n","satellite":"N","instrument":"VIIRS","version":"2.0NRT","bright_ti4":313.24,"frp":2.29,"daynight":"N"},"geometry":{"type":"Point","coordinates":[-116.78207,42.79402]}},{"type":"Feature","properties":{"acq_date":"2026-08-02","acq_time":928,"confidence":"n","satellite":"N","instrument":"VIIRS","version":"2.0NRT","bright_ti4":316.92,"frp":2.29,"daynight":"N"},"geometry":{"type":"Point","coordinates":[-116.78154,42.7981]}},{"type":"Feature","properties":{"acq_date":"2026-08-02","acq_time":928,"confidence":"n","satellite":"N","instrument":"VIIRS","version":"2.0NRT","bright_ti4":326.03,"frp":1.67,"daynight":"N"},"geometry":{"type":"Point","coordinates":[-116.78092,42.80217]}},{"type":"Feature","properties":{"acq_date":"2026-08-02","acq_time":928,"confidence":"n","satellite":"N","instrument":"VIIRS","version":"2.0NRT","bright_ti4":315.06,"frp":1.25,"daynight":"N"},"geometry":{"type":"Point","coordinates":[-116.79067,42.80313]}},{"type":"Feature","properties":{"acq_date":"2026-08-02","acq_time":928,"confidence":"n","satellite":"N","instrument":"VIIRS","version":"2.0NRT","bright_ti4":300.95,"frp":1.25,"daynight":"N"},"geometry":{"type":"Point","coordinates":[-116.74976,42.80322]}},{"type":"Feature","properties":{"acq_date":"2026-08-02","acq_time":928,"confidence":"n","satellite":"N","instrument":"VIIRS","version":"2.0NRT","bright_ti4":304.46,"frp":1.25,"daynight":"N"},"geometry":{"type":"Point","coordinates":[-116.79537,42.80359]}},{"type":"Feature","properties":{"acq_date":"2026-08-02","acq_time":928,"confidence":"n","satellite":"N","instrument":"VIIRS","version":"2.0NRT","bright_ti4":307.01,"frp":1.67,"daynight":"N"},"geometry":{"type":"Point","coordinates":[-116.78016,42.80622]}},{"type":"Feature","properties":{"acq_date":"2026-08-02","acq_time":928,"confidence":"n","satellite":"N","instrument":"VIIRS","version":"2.0NRT","bright_ti4":301.88,"frp":1.67,"daynight":"N"},"geometry":{"type":"Point","coordinates":[-116.78526,42.80672]}},{"type":"Feature","properties":{"acq_date":"2026-08-02","acq_time":928,"confidence":"n","satellite":"N","instrument":"VIIRS","version":"2.0NRT","bright_ti4":307.59,"frp":1.25,"daynight":"N"},"geometry":{"type":"Point","coordinates":[-116.79012,42.8072]}},{"type":"Feature","properties":{"acq_date":"2026-08-02","acq_time":928,"confidence":"n","satellite":"N","instrument":"VIIRS","version":"2.0NRT","bright_ti4":311.71,"frp":1.25,"daynight":"N"},"geometry":{"type":"Point","coordinates":[-116.79483,42.80767]}},{"type":"Feature","properties":{"acq_date":"2026-08-02","acq_time":928,"confidence":"n","satellite":"N","instrument":"VIIRS","version":"2.0NRT","bright_ti4":304.28,"frp":1.89,"daynight":"N"},"geometry":{"type":"Point","coordinates":[-116.79943,42.80812]}},{"type":"Feature","properties":{"acq_date":"2026-08-02","acq_time":928,"confidence":"n","satellite":"N","instrument":"VIIRS","version":"2.0NRT","bright_ti4":299.64,"frp":0.85,"daynight":"N"},"geometry":{"type":"Point","coordinates":[-116.76395,42.80875]}},{"type":"Feature","properties":{"acq_date":"2026-08-02","acq_time":928,"confidence":"n","satellite":"N","instrument":"VIIRS","version":"2.0NRT","bright_ti4":302.65,"frp":1.38,"daynight":"N"},"geometry":{"type":"Point","coordinates":[-116.76905,42.80925]}},{"type":"Feature","properties":{"acq_date":"2026-08-02","acq_time":928,"confidence":"n","satellite":"N","instrument":"VIIRS","version":"2.0NRT","bright_ti4":306.27,"frp":0.99,"daynight":"N"},"geometry":{"type":"Point","coordinates":[-116.78949,42.81128]}},{"type":"Feature","properties":{"acq_date":"2026-08-02","acq_time":928,"confidence":"n","satellite":"N","instrument":"VIIRS","version":"2.0NRT","bright_ti4":303.75,"frp":0.99,"daynight":"N"},"geometry":{"type":"Point","coordinates":[-116.79424,42.81174]}},{"type":"Feature","properties":{"acq_date":"2026-08-02","acq_time":928,"confidence":"n","satellite":"N","instrument":"VIIRS","version":"2.0NRT","bright_ti4":303.39,"frp":2.39,"daynight":"N"},"geometry":{"type":"Point","coordinates":[-116.79887,42.8122]}},{"type":"Feature","properties":{"acq_date":"2026-08-02","acq_time":928,"confidence":"n","satellite":"N","instrument":"VIIRS","version":"2.0NRT","bright_ti4":304.82,"frp":0.85,"daynight":"N"},"geometry":{"type":"Point","coordinates":[-116.7583,42.81231]}},{"type":"Feature","properties":{"acq_date":"2026-08-02","acq_time":928,"confidence":"n","satellite":"N","instrument":"VIIRS","version":"2.0NRT","bright_ti4":309.06,"frp":1.38,"daynight":"N"},"geometry":{"type":"Point","coordinates":[-116.7685,42.81333]}},{"type":"Feature","properties":{"acq_date":"2026-08-02","acq_time":928,"confidence":"n","satellite":"N","instrument":"VIIRS","version":"2.0NRT","bright_ti4":308.79,"frp":0.99,"daynight":"N"},"geometry":{"type":"Point","coordinates":[-116.78886,42.81535]}},{"type":"Feature","properties":{"acq_date":"2026-08-02","acq_time":928,"confidence":"n","satellite":"N","instrument":"VIIRS","version":"2.0NRT","bright_ti4":309.33,"frp":0.99,"daynight":"N"},"geometry":{"type":"Point","coordinates":[-116.79366,42.81582]}},{"type":"Feature","properties":{"acq_date":"2026-08-02","acq_time":928,"confidence":"n","satellite":"N","instrument":"VIIRS","version":"2.0NRT","bright_ti4":311,"frp":1.54,"daynight":"N"},"geometry":{"type":"Point","coordinates":[-116.80814,42.81725]}},{"type":"Feature","properties":{"acq_date":"2026-08-02","acq_time":928,"confidence":"n","satellite":"N","instrument":"VIIRS","version":"2.0NRT","bright_ti4":307.95,"frp":1.54,"daynight":"N"},"geometry":{"type":"Point","coordinates":[-116.8131,42.81774]}},{"type":"Feature","properties":{"acq_date":"2026-08-02","acq_time":928,"confidence":"n","satellite":"N","instrument":"VIIRS","version":"2.0NRT","bright_ti4":311.11,"frp":1.6,"daynight":"N"},"geometry":{"type":"Point","coordinates":[-116.79158,42.81924]}},{"type":"Feature","properties":{"acq_date":"2026-08-02","acq_time":928,"confidence":"n","satellite":"N","instrument":"VIIRS","version":"2.0NRT","bright_ti4":307.53,"frp":1.6,"daynight":"N"},"geometry":{"type":"Point","coordinates":[-116.7964,42.81969]}},{"type":"Feature","properties":{"acq_date":"2026-08-02","acq_time":928,"confidence":"n","satellite":"N","instrument":"VIIRS","version":"2.0NRT","bright_ti4":315.9,"frp":1.47,"daynight":"N"},"geometry":{"type":"Point","coordinates":[-116.79309,42.8199]}},{"type":"Feature","properties":{"acq_date":"2026-08-02","acq_time":928,"confidence":"n","satellite":"N","instrument":"VIIRS","version":"2.0NRT","bright_ti4":300.9,"frp":1.51,"daynight":"N"},"geometry":{"type":"Point","coordinates":[-116.80116,42.82014]}},{"type":"Feature","properties":{"acq_date":"2026-08-02","acq_time":928,"confidence":"n","satellite":"N","instrument":"VIIRS","version":"2.0NRT","bright_ti4":304.7,"frp":1.36,"daynight":"N"},"geometry":{"type":"Point","coordinates":[-116.79791,42.82037]}},{"type":"Feature","properties":{"acq_date":"2026-08-02","acq_time":928,"confidence":"n","satellite":"N","instrument":"VIIRS","version":"2.0NRT","bright_ti4":308.2,"frp":1.51,"daynight":"N"},"geometry":{"type":"Point","coordinates":[-116.80605,42.8206]}},{"type":"Feature","properties":{"acq_date":"2026-08-02","acq_time":928,"confidence":"n","satellite":"N","instrument":"VIIRS","version":"2.0NRT","bright_ti4":305.49,"frp":1.36,"daynight":"N"},"geometry":{"type":"Point","coordinates":[-116.80267,42.82085]}},{"type":"Feature","properties":{"acq_date":"2026-08-02","acq_time":928,"confidence":"n","satellite":"N","instrument":"VIIRS","version":"2.0NRT","bright_ti4":307.42,"frp":1.79,"daynight":"N"},"geometry":{"type":"Point","coordinates":[-116.81107,42.82107]}},{"type":"Feature","properties":{"acq_date":"2026-08-02","acq_time":928,"confidence":"n","satellite":"N","instrument":"VIIRS","version":"2.0NRT","bright_ti4":309.24,"frp":2.48,"daynight":"N"},"geometry":{"type":"Point","coordinates":[-116.80762,42.82134]}},{"type":"Feature","properties":{"acq_date":"2026-08-02","acq_time":928,"confidence":"n","satellite":"N","instrument":"VIIRS","version":"2.0NRT","bright_ti4":305.01,"frp":2.1,"daynight":"N"},"geometry":{"type":"Point","coordinates":[-116.7761,42.82192]}},{"type":"Feature","properties":{"acq_date":"2026-08-02","acq_time":928,"confidence":"n","satellite":"N","instrument":"VIIRS","version":"2.0NRT","bright_ti4":305.24,"frp":2.21,"daynight":"N"},"geometry":{"type":"Point","coordinates":[-116.78101,42.82239]}},{"type":"Feature","properties":{"acq_date":"2026-08-02","acq_time":928,"confidence":"n","satellite":"N","instrument":"VIIRS","version":"2.0NRT","bright_ti4":303.41,"frp":0.92,"daynight":"N"},"geometry":{"type":"Point","coordinates":[-116.77769,42.8225]}},{"type":"Feature","properties":{"acq_date":"2026-08-02","acq_time":928,"confidence":"n","satellite":"N","instrument":"VIIRS","version":"2.0NRT","bright_ti4":299.81,"frp":0.92,"daynight":"N"},"geometry":{"type":"Point","coordinates":[-116.78262,42.82299]}},{"type":"Feature","properties":{"acq_date":"2026-08-02","acq_time":928,"confidence":"n","satellite":"N","instrument":"VIIRS","version":"2.0NRT","bright_ti4":308.39,"frp":1.6,"daynight":"N"},"geometry":{"type":"Point","coordinates":[-116.79581,42.82378]}},{"type":"Feature","properties":{"acq_date":"2026-08-02","acq_time":928,"confidence":"n","satellite":"N","instrument":"VIIRS","version":"2.0NRT","bright_ti4":302.88,"frp":1.47,"daynight":"N"},"geometry":{"type":"Point","coordinates":[-116.79249,42.82397]}},{"type":"Feature","properties":{"acq_date":"2026-08-02","acq_time":928,"confidence":"n","satellite":"N","instrument":"VIIRS","version":"2.0NRT","bright_ti4":315.15,"frp":1.51,"daynight":"N"},"geometry":{"type":"Point","coordinates":[-116.80057,42.82422]}},{"type":"Feature","properties":{"acq_date":"2026-08-02","acq_time":928,"confidence":"n","satellite":"N","instrument":"VIIRS","version":"2.0NRT","bright_ti4":313.93,"frp":1.36,"daynight":"N"},"geometry":{"type":"Point","coordinates":[-116.7973,42.82445]}},{"type":"Feature","properties":{"acq_date":"2026-08-02","acq_time":928,"confidence":"n","satellite":"N","instrument":"VIIRS","version":"2.0NRT","bright_ti4":315.49,"frp":1.36,"daynight":"N"},"geometry":{"type":"Point","coordinates":[-116.80204,42.82492]}},{"type":"Feature","properties":{"acq_date":"2026-08-02","acq_time":928,"confidence":"n","satellite":"N","instrument":"VIIRS","version":"2.0NRT","bright_ti4":308.43,"frp":1.29,"daynight":"N"},"geometry":{"type":"Point","coordinates":[-116.79991,42.82829]}},{"type":"Feature","properties":{"acq_date":"2026-08-02","acq_time":928,"confidence":"n","satellite":"N","instrument":"VIIRS","version":"2.0NRT","bright_ti4":300.43,"frp":1.57,"daynight":"N"},"geometry":{"type":"Point","coordinates":[-116.83263,42.83964]}},{"type":"Feature","properties":{"acq_date":"2026-08-02","acq_time":928,"confidence":"n","satellite":"N","instrument":"VIIRS","version":"2.0NRT","bright_ti4":298.88,"frp":0.59,"daynight":"N"},"geometry":{"type":"Point","coordinates":[-122.53999,43.12728]}},{"type":"Feature","properties":{"acq_date":"2026-08-02","acq_time":928,"confidence":"n","satellite":"N","instrument":"VIIRS","version":"2.0NRT","bright_ti4":298.88,"frp":0.65,"daynight":"N"},"geometry":{"type":"Point","coordinates":[-122.54038,43.12783]}},{"type":"Feature","properties":{"acq_date":"2026-08-02","acq_time":928,"confidence":"n","satellite":"N","instrument":"VIIRS","version":"2.0NRT","bright_ti4":306.96,"frp":0.77,"daynight":"N"},"geometry":{"type":"Point","coordinates":[-122.53508,43.13259]}},{"type":"Feature","properties":{"acq_date":"2026-08-02","acq_time":928,"confidence":"n","satellite":"N","instrument":"VIIRS","version":"2.0NRT","bright_ti4":304.98,"frp":0.65,"daynight":"N"},"geometry":{"type":"Point","coordinates":[-122.53584,43.13312]}},{"type":"Feature","properties":{"acq_date":"2026-08-02","acq_time":928,"confidence":"n","satellite":"N","instrument":"VIIRS","version":"2.0NRT","bright_ti4":304.46,"frp":1.2,"daynight":"N"},"geometry":{"type":"Point","coordinates":[-122.56933,43.13403]}},{"type":"Feature","properties":{"acq_date":"2026-08-02","acq_time":928,"confidence":"n","satellite":"N","instrument":"VIIRS","version":"2.0NRT","bright_ti4":295.1,"frp":1.13,"daynight":"N"},"geometry":{"type":"Point","coordinates":[-122.55887,43.13424]}},{"type":"Feature","properties":{"acq_date":"2026-08-02","acq_time":928,"confidence":"n","satellite":"N","instrument":"VIIRS","version":"2.0NRT","bright_ti4":301.66,"frp":0.96,"daynight":"N"},"geometry":{"type":"Point","coordinates":[-122.57,43.13478]}},{"type":"Feature","properties":{"acq_date":"2026-08-02","acq_time":928,"confidence":"n","satellite":"N","instrument":"VIIRS","version":"2.0NRT","bright_ti4":309.23,"frp":0.69,"daynight":"N"},"geometry":{"type":"Point","coordinates":[-115.66599,43.14733]}},{"type":"Feature","properties":{"acq_date":"2026-08-02","acq_time":928,"confidence":"n","satellite":"N","instrument":"VIIRS","version":"2.0NRT","bright_ti4":304.36,"frp":0.78,"daynight":"N"},"geometry":{"type":"Point","coordinates":[-115.73422,43.1781]}},{"type":"Feature","properties":{"acq_date":"2026-08-02","acq_time":930,"confidence":"n","satellite":"N","instrument":"VIIRS","version":"2.0NRT","bright_ti4":309.27,"frp":1.49,"daynight":"N"},"geometry":{"type":"Point","coordinates":[-117.71239,33.71461]}},{"type":"Feature","properties":{"acq_date":"2026-08-02","acq_time":930,"confidence":"n","satellite":"N","instrument":"VIIRS","version":"2.0NRT","bright_ti4":309.79,"frp":1.32,"daynight":"N"},"geometry":{"type":"Point","coordinates":[-117.70985,33.71677]}},{"type":"Feature","properties":{"acq_date":"2026-08-02","acq_time":930,"confidence":"n","satellite":"N","instrument":"VIIRS","version":"2.0NRT","bright_ti4":305.4,"frp":1.09,"daynight":"N"},"geometry":{"type":"Point","coordinates":[-118.23836,33.77666]}},{"type":"Feature","properties":{"acq_date":"2026-08-02","acq_time":930,"confidence":"n","satellite":"N","instrument":"VIIRS","version":"2.0NRT","bright_ti4":315.11,"frp":1.71,"daynight":"N"},"geometry":{"type":"Point","coordinates":[-117.47588,33.7935]}},{"type":"Feature","properties":{"acq_date":"2026-08-02","acq_time":930,"confidence":"n","satellite":"N","instrument":"VIIRS","version":"2.0NRT","bright_ti4":305.4,"frp":1.95,"daynight":"N"},"geometry":{"type":"Point","coordinates":[-118.33348,33.8547]}},{"type":"Feature","properties":{"acq_date":"2026-08-02","acq_time":930,"confidence":"n","satellite":"N","instrument":"VIIRS","version":"2.0NRT","bright_ti4":303.15,"frp":0.26,"daynight":"N"},"geometry":{"type":"Point","coordinates":[-117.82053,34.04168]}},{"type":"Feature","properties":{"acq_date":"2026-08-02","acq_time":930,"confidence":"n","satellite":"N","instrument":"VIIRS","version":"2.0NRT","bright_ti4":313.21,"frp":1.71,"daynight":"N"},"geometry":{"type":"Point","coordinates":[-118.19499,34.15209]}},{"type":"Feature","properties":{"acq_date":"2026-08-02","acq_time":930,"confidence":"n","satellite":"N","instrument":"VIIRS","version":"2.0NRT","bright_ti4":312.64,"frp":0.78,"daynight":"N"},"geometry":{"type":"Point","coordinates":[-118.51827,34.33592]}},{"type":"Feature","properties":{"acq_date":"2026-08-02","acq_time":930,"confidence":"n","satellite":"N","instrument":"VIIRS","version":"2.0NRT","bright_ti4":302.18,"frp":0.76,"daynight":"N"},"geometry":{"type":"Point","coordinates":[-118.52224,34.33636]}},{"type":"Feature","properties":{"acq_date":"2026-08-02","acq_time":930,"confidence":"n","satellite":"N","instrument":"VIIRS","version":"2.0NRT","bright_ti4":304.75,"frp":0.8,"daynight":"N"},"geometry":{"type":"Point","coordinates":[-118.64333,34.43177]}},{"type":"Feature","properties":{"acq_date":"2026-08-02","acq_time":930,"confidence":"n","satellite":"N","instrument":"VIIRS","version":"2.0NRT","bright_ti4":317.5,"frp":1.75,"daynight":"N"},"geometry":{"type":"Point","coordinates":[-117.33844,34.60869]}},{"type":"Feature","properties":{"acq_date":"2026-08-02","acq_time":930,"confidence":"n","satellite":"N","instrument":"VIIRS","version":"2.0NRT","bright_ti4":313.51,"frp":2.03,"daynight":"N"},"geometry":{"type":"Point","coordinates":[-117.09914,34.62189]}},{"type":"Feature","properties":{"acq_date":"2026-08-02","acq_time":930,"confidence":"n","satellite":"N","instrument":"VIIRS","version":"2.0NRT","bright_ti4":310.54,"frp":1.36,"daynight":"N"},"geometry":{"type":"Point","coordinates":[-117.10266,34.6227]}},{"type":"Feature","properties":{"acq_date":"2026-08-02","acq_time":930,"confidence":"n","satellite":"N","instrument":"VIIRS","version":"2.0NRT","bright_ti4":305.7,"frp":0.75,"daynight":"N"},"geometry":{"type":"Point","coordinates":[-118.75043,34.82088]}},{"type":"Feature","properties":{"acq_date":"2026-08-02","acq_time":930,"confidence":"n","satellite":"N","instrument":"VIIRS","version":"2.0NRT","bright_ti4":328.41,"frp":2.61,"daynight":"N"},"geometry":{"type":"Point","coordinates":[-113.31463,35.51693]}},{"type":"Feature","properties":{"acq_date":"2026-08-02","acq_time":930,"confidence":"n","satellite":"N","instrument":"VIIRS","version":"2.0NRT","bright_ti4":327.25,"frp":3.06,"daynight":"N"},"geometry":{"type":"Point","coordinates":[-114.90971,36.35608]}},{"type":"Feature","properties":{"acq_date":"2026-08-02","acq_time":930,"confidence":"n","satellite":"N","instrument":"VIIRS","version":"2.0NRT","bright_ti4":316.83,"frp":1.91,"daynight":"N"},"geometry":{"type":"Point","coordinates":[-116.14015,37.24493]}},{"type":"Feature","properties":{"acq_date":"2026-08-02","acq_time":930,"confidence":"n","satellite":"N","instrument":"VIIRS","version":"2.0NRT","bright_ti4":312.37,"frp":1.99,"daynight":"N"},"geometry":{"type":"Point","coordinates":[-116.13943,37.2486]}},{"type":"Feature","properties":{"acq_date":"2026-08-02","acq_time":930,"confidence":"n","satellite":"N","instrument":"VIIRS","version":"2.0NRT","bright_ti4":304.16,"frp":1.98,"daynight":"N"},"geometry":{"type":"Point","coordinates":[-116.06123,37.25412]}},{"type":"Feature","properties":{"acq_date":"2026-08-02","acq_time":930,"confidence":"n","satellite":"N","instrument":"VIIRS","version":"2.0NRT","bright_ti4":319.09,"frp":22.53,"daynight":"N"},"geometry":{"type":"Point","coordinates":[-116.03538,37.25471]}},{"type":"Feature","properties":{"acq_date":"2026-08-02","acq_time":930,"confidence":"n","satellite":"N","instrument":"VIIRS","version":"2.0NRT","bright_ti4":351.56,"frp":22.53,"daynight":"N"},"geometry":{"type":"Point","coordinates":[-116.04044,37.25533]}},{"type":"Feature","properties":{"acq_date":"2026-08-02","acq_time":930,"confidence":"n","satellite":"N","instrument":"VIIRS","version":"2.0NRT","bright_ti4":310.39,"frp":16.64,"daynight":"N"},"geometry":{"type":"Point","coordinates":[-116.04533,37.25593]}},{"type":"Feature","properties":{"acq_date":"2026-08-02","acq_time":930,"confidence":"n","satellite":"N","instrument":"VIIRS","version":"2.0NRT","bright_ti4":310.93,"frp":2.6,"daynight":"N"},"geometry":{"type":"Point","coordinates":[-116.14359,37.25662]}},{"type":"Feature","properties":{"acq_date":"2026-08-02","acq_time":930,"confidence":"n","satellite":"N","instrument":"VIIRS","version":"2.0NRT","bright_ti4":329.54,"frp":3.13,"daynight":"N"},"geometry":{"type":"Point","coordinates":[-116.02955,37.25774]}},{"type":"Feature","properties":{"acq_date":"2026-08-02","acq_time":930,"confidence":"n","satellite":"N","instrument":"VIIRS","version":"2.0NRT","bright_ti4":348.01,"frp":17.17,"daynight":"N"},"geometry":{"type":"Point","coordinates":[-116.03481,37.25839]}},{"type":"Feature","properties":{"acq_date":"2026-08-02","acq_time":930,"confidence":"n","satellite":"N","instrument":"VIIRS","version":"2.0NRT","bright_ti4":307.37,"frp":3.13,"daynight":"N"},"geometry":{"type":"Point","coordinates":[-116.02903,37.26143]}},{"type":"Feature","properties":{"acq_date":"2026-08-02","acq_time":930,"confidence":"n","satellite":"N","instrument":"VIIRS","version":"2.0NRT","bright_ti4":305.06,"frp":3.28,"daynight":"N"},"geometry":{"type":"Point","coordinates":[-116.0586,37.2688]}},{"type":"Feature","properties":{"acq_date":"2026-08-02","acq_time":930,"confidence":"n","satellite":"N","instrument":"VIIRS","version":"2.0NRT","bright_ti4":307.79,"frp":3.48,"daynight":"N"},"geometry":{"type":"Point","coordinates":[-116.04754,37.27118]}},{"type":"Feature","properties":{"acq_date":"2026-08-02","acq_time":930,"confidence":"n","satellite":"N","instrument":"VIIRS","version":"2.0NRT","bright_ti4":324.34,"frp":3.45,"daynight":"N"},"geometry":{"type":"Point","coordinates":[-116.02188,37.27178]}},{"type":"Feature","properties":{"acq_date":"2026-08-02","acq_time":930,"confidence":"n","satellite":"N","instrument":"VIIRS","version":"2.0NRT","bright_ti4":307.95,"frp":0.6,"daynight":"N"},"geometry":{"type":"Point","coordinates":[-116.02056,37.27412]}},{"type":"Feature","properties":{"acq_date":"2026-08-02","acq_time":930,"confidence":"n","satellite":"N","instrument":"VIIRS","version":"2.0NRT","bright_ti4":306.44,"frp":2.84,"daynight":"N"},"geometry":{"type":"Point","coordinates":[-116.04199,37.27425]}},{"type":"Feature","properties":{"acq_date":"2026-08-02","acq_time":930,"confidence":"n","satellite":"N","instrument":"VIIRS","version":"2.0NRT","bright_ti4":304.69,"frp":1.71,"daynight":"N"},"geometry":{"type":"Point","coordinates":[-116.05214,37.27549]}},{"type":"Feature","properties":{"acq_date":"2026-08-02","acq_time":930,"confidence":"n","satellite":"N","instrument":"VIIRS","version":"2.0NRT","bright_ti4":306.87,"frp":2.51,"daynight":"N"},"geometry":{"type":"Point","coordinates":[-116.05608,37.27835]}},{"type":"Feature","properties":{"acq_date":"2026-08-02","acq_time":930,"confidence":"n","satellite":"N","instrument":"VIIRS","version":"2.0NRT","bright_ti4":308,"frp":1.71,"daynight":"N"},"geometry":{"type":"Point","coordinates":[-116.05669,37.2798]}},{"type":"Feature","properties":{"acq_date":"2026-08-02","acq_time":930,"confidence":"n","satellite":"N","instrument":"VIIRS","version":"2.0NRT","bright_ti4":304.82,"frp":2.46,"daynight":"N"},"geometry":{"type":"Point","coordinates":[-123.14224,38.98678]}},{"type":"Feature","properties":{"acq_date":"2026-08-02","acq_time":930,"confidence":"n","satellite":"N","instrument":"VIIRS","version":"2.0NRT","bright_ti4":316.19,"frp":2.48,"daynight":"N"},"geometry":{"type":"Point","coordinates":[-123.13319,38.99181]}},{"type":"Feature","properties":{"acq_date":"2026-08-02","acq_time":930,"confidence":"n","satellite":"N","instrument":"VIIRS","version":"2.0NRT","bright_ti4":315.27,"frp":2.46,"daynight":"N"},"geometry":{"type":"Point","coordinates":[-123.13697,38.99201]}},{"type":"Feature","properties":{"acq_date":"2026-08-02","acq_time":930,"confidence":"n","satellite":"N","instrument":"VIIRS","version":"2.0NRT","bright_ti4":338.29,"frp":2.46,"daynight":"N"},"geometry":{"type":"Point","coordinates":[-123.14126,38.99224]}},{"type":"Feature","properties":{"acq_date":"2026-08-02","acq_time":930,"confidence":"n","satellite":"N","instrument":"VIIRS","version":"2.0NRT","bright_ti4":311.74,"frp":3.71,"daynight":"N"},"geometry":{"type":"Point","coordinates":[-123.14592,38.99249]}},{"type":"Feature","properties":{"acq_date":"2026-08-02","acq_time":930,"confidence":"n","satellite":"N","instrument":"VIIRS","version":"2.0NRT","bright_ti4":301.39,"frp":1.55,"daynight":"N"},"geometry":{"type":"Point","coordinates":[-123.14058,38.99771]}},{"type":"Feature","properties":{"acq_date":"2026-08-02","acq_time":930,"confidence":"n","satellite":"N","instrument":"VIIRS","version":"2.0NRT","bright_ti4":304.25,"frp":0.63,"daynight":"N"},"geometry":{"type":"Point","coordinates":[-123.15434,38.99844]}},{"type":"Feature","properties":{"acq_date":"2026-08-02","acq_time":930,"confidence":"n","satellite":"N","instrument":"VIIRS","version":"2.0NRT","bright_ti4":301.48,"frp":0.63,"daynight":"N"},"geometry":{"type":"Point","coordinates":[-123.15907,38.99869]}},{"type":"Feature","properties":{"acq_date":"2026-08-02","acq_time":930,"confidence":"n","satellite":"N","instrument":"VIIRS","version":"2.0NRT","bright_ti4":324.31,"frp":2.83,"daynight":"N"},"geometry":{"type":"Point","coordinates":[-114.90214,39.09911]}},{"type":"Feature","properties":{"acq_date":"2026-08-02","acq_time":930,"confidence":"n","satellite":"N","instrument":"VIIRS","version":"2.0NRT","bright_ti4":338.93,"frp":11.34,"daynight":"N"},"geometry":{"type":"Point","coordinates":[-114.91586,39.10447]}},{"type":"Feature","properties":{"acq_date":"2026-08-02","acq_time":930,"confidence":"n","satellite":"N","instrument":"VIIRS","version":"2.0NRT","bright_ti4":301.69,"frp":1.45,"daynight":"N"},"geometry":{"type":"Point","coordinates":[-114.90578,39.10686]}},{"type":"Feature","properties":{"acq_date":"2026-08-02","acq_time":930,"confidence":"n","satellite":"N","instrument":"VIIRS","version":"2.0NRT","bright_ti4":308.4,"frp":11.34,"daynight":"N"},"geometry":{"type":"Point","coordinates":[-114.91067,39.10747]}},{"type":"Feature","properties":{"acq_date":"2026-08-02","acq_time":930,"confidence":"n","satellite":"N","instrument":"VIIRS","version":"2.0NRT","bright_ti4":356.64,"frp":11.34,"daynight":"N"},"geometry":{"type":"Point","coordinates":[-114.91556,39.10808]}},{"type":"Feature","properties":{"acq_date":"2026-08-02","acq_time":930,"confidence":"n","satellite":"N","instrument":"VIIRS","version":"2.0NRT","bright_ti4":307.08,"frp":8.03,"daynight":"N"},"geometry":{"type":"Point","coordinates":[-114.92043,39.10869]}},{"type":"Feature","properties":{"acq_date":"2026-08-02","acq_time":930,"confidence":"n","satellite":"N","instrument":"VIIRS","version":"2.0NRT","bright_ti4":317.19,"frp":9.99,"daynight":"N"},"geometry":{"type":"Point","coordinates":[-114.91029,39.11107]}},{"type":"Feature","properties":{"acq_date":"2026-08-02","acq_time":930,"confidence":"n","satellite":"N","instrument":"VIIRS","version":"2.0NRT","bright_ti4":355.8,"frp":9.99,"daynight":"N"},"geometry":{"type":"Point","coordinates":[-114.91528,39.11169]}},{"type":"Feature","properties":{"acq_date":"2026-08-02","acq_time":930,"confidence":"n","satellite":"N","instrument":"VIIRS","version":"2.0NRT","bright_ti4":347.33,"frp":16.75,"daynight":"N"},"geometry":{"type":"Point","coordinates":[-114.92016,39.1123]}},{"type":"Feature","properties":{"acq_date":"2026-08-02","acq_time":930,"confidence":"n","satellite":"N","instrument":"VIIRS","version":"2.0NRT","bright_ti4":307.68,"frp":1.79,"daynight":"N"},"geometry":{"type":"Point","coordinates":[-114.86481,39.11267]}},{"type":"Feature","properties":{"acq_date":"2026-08-02","acq_time":930,"confidence":"n","satellite":"N","instrument":"VIIRS","version":"2.0NRT","bright_ti4":323.34,"frp":3.99,"daynight":"N"},"geometry":{"type":"Point","coordinates":[-114.86982,39.1133]}},{"type":"Feature","properties":{"acq_date":"2026-08-02","acq_time":930,"confidence":"n","satellite":"N","instrument":"VIIRS","version":"2.0NRT","bright_ti4":324.91,"frp":9.99,"daynight":"N"},"geometry":{"type":"Point","coordinates":[-114.90994,39.11467]}},{"type":"Feature","properties":{"acq_date":"2026-08-02","acq_time":930,"confidence":"n","satellite":"N","instrument":"VIIRS","version":"2.0NRT","bright_ti4":346.12,"frp":9.99,"daynight":"N"},"geometry":{"type":"Point","coordinates":[-114.91496,39.1153]}},{"type":"Feature","properties":{"acq_date":"2026-08-02","acq_time":930,"confidence":"n","satellite":"N","instrument":"VIIRS","version":"2.0NRT","bright_ti4":307.45,"frp":1.79,"daynight":"N"},"geometry":{"type":"Point","coordinates":[-114.8591,39.1156]}},{"type":"Feature","properties":{"acq_date":"2026-08-02","acq_time":930,"confidence":"n","satellite":"N","instrument":"VIIRS","version":"2.0NRT","bright_ti4":354.43,"frp":16.75,"daynight":"N"},"geometry":{"type":"Point","coordinates":[-114.91982,39.11591]}},{"type":"Feature","properties":{"acq_date":"2026-08-02","acq_time":930,"confidence":"n","satellite":"N","instrument":"VIIRS","version":"2.0NRT","bright_ti4":302.22,"frp":1.1,"daynight":"N"},"geometry":{"type":"Point","coordinates":[-114.90438,39.11763]}},{"type":"Feature","properties":{"acq_date":"2026-08-02","acq_time":930,"confidence":"n","satellite":"N","instrument":"VIIRS","version":"2.0NRT","bright_ti4":311.43,"frp":7.15,"daynight":"N"},"geometry":{"type":"Point","coordinates":[-114.90955,39.11827]}},{"type":"Feature","properties":{"acq_date":"2026-08-02","acq_time":930,"confidence":"n","satellite":"N","instrument":"VIIRS","version":"2.0NRT","bright_ti4":322.58,"frp":7.15,"daynight":"N"},"geometry":{"type":"Point","coordinates":[-114.91463,39.1189]}},{"type":"Feature","properties":{"acq_date":"2026-08-02","acq_time":930,"confidence":"n","satellite":"N","instrument":"VIIRS","version":"2.0NRT","bright_ti4":305.38,"frp":2.48,"daynight":"N"},"geometry":{"type":"Point","coordinates":[-114.85841,39.11916]}},{"type":"Feature","properties":{"acq_date":"2026-08-02","acq_time":930,"confidence":"n","satellite":"N","instrument":"VIIRS","version":"2.0NRT","bright_ti4":345.8,"frp":12.72,"daynight":"N"},"geometry":{"type":"Point","coordinates":[-114.9195,39.11951]}},{"type":"Feature","properties":{"acq_date":"2026-08-02","acq_time":930,"confidence":"n","satellite":"N","instrument":"VIIRS","version":"2.0NRT","bright_ti4":302.44,"frp":1.1,"daynight":"N"},"geometry":{"type":"Point","coordinates":[-114.90389,39.12122]}},{"type":"Feature","properties":{"acq_date":"2026-08-02","acq_time":930,"confidence":"n","satellite":"N","instrument":"VIIRS","version":"2.0NRT","bright_ti4":317.63,"frp":7.15,"daynight":"N"},"geometry":{"type":"Point","coordinates":[-114.90905,39.12186]}},{"type":"Feature","properties":{"acq_date":"2026-08-02","acq_time":930,"confidence":"n","satellite":"N","instrument":"VIIRS","version":"2.0NRT","bright_ti4":349.26,"frp":7.15,"daynight":"N"},"geometry":{"type":"Point","coordinates":[-114.91397,39.12247]}},{"type":"Feature","properties":{"acq_date":"2026-08-02","acq_time":930,"confidence":"n","satellite":"N","instrument":"VIIRS","version":"2.0NRT","bright_ti4":310.88,"frp":1.78,"daynight":"N"},"geometry":{"type":"Point","coordinates":[-114.89835,39.12417]}},{"type":"Feature","properties":{"acq_date":"2026-08-02","acq_time":930,"confidence":"n","satellite":"N","instrument":"VIIRS","version":"2.0NRT","bright_ti4":311.36,"frp":1.78,"daynight":"N"},"geometry":{"type":"Point","coordinates":[-114.90329,39.12479]}},{"type":"Feature","properties":{"acq_date":"2026-08-02","acq_time":930,"confidence":"n","satellite":"N","instrument":"VIIRS","version":"2.0NRT","bright_ti4":344.23,"frp":10.41,"daynight":"N"},"geometry":{"type":"Point","coordinates":[-114.90818,39.1254]}},{"type":"Feature","properties":{"acq_date":"2026-08-02","acq_time":930,"confidence":"n","satellite":"N","instrument":"VIIRS","version":"2.0NRT","bright_ti4":356.33,"frp":10.41,"daynight":"N"},"geometry":{"type":"Point","coordinates":[-114.91304,39.12601]}},{"type":"Feature","properties":{"acq_date":"2026-08-02","acq_time":930,"confidence":"n","satellite":"N","instrument":"VIIRS","version":"2.0NRT","bright_ti4":309.13,"frp":1.74,"daynight":"N"},"geometry":{"type":"Point","coordinates":[-114.89291,39.12714]}},{"type":"Feature","properties":{"acq_date":"2026-08-02","acq_time":930,"confidence":"n","satellite":"N","instrument":"VIIRS","version":"2.0NRT","bright_ti4":308.23,"frp":2.93,"daynight":"N"},"geometry":{"type":"Point","coordinates":[-114.86712,39.12755]}},{"type":"Feature","properties":{"acq_date":"2026-08-02","acq_time":930,"confidence":"n","satellite":"N","instrument":"VIIRS","version":"2.0NRT","bright_ti4":315.72,"frp":1.78,"daynight":"N"},"geometry":{"type":"Point","coordinates":[-114.89783,39.12776]}},{"type":"Feature","properties":{"acq_date":"2026-08-02","acq_time":930,"confidence":"n","satellite":"N","instrument":"VIIRS","version":"2.0NRT","bright_ti4":318.49,"frp":1.78,"daynight":"N"},"geometry":{"type":"Point","coordinates":[-114.90267,39.12836]}},{"type":"Feature","properties":{"acq_date":"2026-08-02","acq_time":930,"confidence":"n","satellite":"N","instrument":"VIIRS","version":"2.0NRT","bright_ti4":341.58,"frp":10.41,"daynight":"N"},"geometry":{"type":"Point","coordinates":[-114.90746,39.12896]}},{"type":"Feature","properties":{"acq_date":"2026-08-02","acq_time":930,"confidence":"n","satellite":"N","instrument":"VIIRS","version":"2.0NRT","bright_ti4":323.34,"frp":10.41,"daynight":"N"},"geometry":{"type":"Point","coordinates":[-114.91212,39.12955]}},{"type":"Feature","properties":{"acq_date":"2026-08-02","acq_time":930,"confidence":"n","satellite":"N","instrument":"VIIRS","version":"2.0NRT","bright_ti4":316.38,"frp":2.2,"daynight":"N"},"geometry":{"type":"Point","coordinates":[-114.8923,39.13071]}},{"type":"Feature","properties":{"acq_date":"2026-08-02","acq_time":930,"confidence":"n","satellite":"N","instrument":"VIIRS","version":"2.0NRT","bright_ti4":318.3,"frp":4.2,"daynight":"N"},"geometry":{"type":"Point","coordinates":[-114.89716,39.13132]}},{"type":"Feature","properties":{"acq_date":"2026-08-02","acq_time":930,"confidence":"n","satellite":"N","instrument":"VIIRS","version":"2.0NRT","bright_ti4":324.31,"frp":4.2,"daynight":"N"},"geometry":{"type":"Point","coordinates":[-114.90199,39.13193]}},{"type":"Feature","properties":{"acq_date":"2026-08-02","acq_time":930,"confidence":"n","satellite":"N","instrument":"VIIRS","version":"2.0NRT","bright_ti4":332.56,"frp":6.6,"daynight":"N"},"geometry":{"type":"Point","coordinates":[-114.9068,39.13253]}},{"type":"Feature","properties":{"acq_date":"2026-08-02","acq_time":930,"confidence":"n","satellite":"N","instrument":"VIIRS","version":"2.0NRT","bright_ti4":323.55,"frp":6.6,"daynight":"N"},"geometry":{"type":"Point","coordinates":[-114.91167,39.13314]}},{"type":"Feature","properties":{"acq_date":"2026-08-02","acq_time":930,"confidence":"n","satellite":"N","instrument":"VIIRS","version":"2.0NRT","bright_ti4":310.69,"frp":2.2,"daynight":"N"},"geometry":{"type":"Point","coordinates":[-114.89159,39.13428]}},{"type":"Feature","properties":{"acq_date":"2026-08-02","acq_time":930,"confidence":"n","satellite":"N","instrument":"VIIRS","version":"2.0NRT","bright_ti4":327.58,"frp":4.2,"daynight":"N"},"geometry":{"type":"Point","coordinates":[-114.8964,39.13488]}},{"type":"Feature","properties":{"acq_date":"2026-08-02","acq_time":930,"confidence":"n","satellite":"N","instrument":"VIIRS","version":"2.0NRT","bright_ti4":345.24,"frp":4.2,"daynight":"N"},"geometry":{"type":"Point","coordinates":[-114.90124,39.13549]}},{"type":"Feature","properties":{"acq_date":"2026-08-02","acq_time":930,"confidence":"n","satellite":"N","instrument":"VIIRS","version":"2.0NRT","bright_ti4":348.67,"frp":6.6,"daynight":"N"},"geometry":{"type":"Point","coordinates":[-114.90614,39.1361]}},{"type":"Feature","properties":{"acq_date":"2026-08-02","acq_time":930,"confidence":"n","satellite":"N","instrument":"VIIRS","version":"2.0NRT","bright_ti4":345.4,"frp":6.6,"daynight":"N"},"geometry":{"type":"Point","coordinates":[-114.91117,39.13673]}},{"type":"Feature","properties":{"acq_date":"2026-08-02","acq_time":930,"confidence":"n","satellite":"N","instrument":"VIIRS","version":"2.0NRT","bright_ti4":302.19,"frp":0.62,"daynight":"N"},"geometry":{"type":"Point","coordinates":[-119.71524,39.57893]}},{"type":"Feature","properties":{"acq_date":"2026-08-02","acq_time":930,"confidence":"n","satellite":"N","instrument":"VIIRS","version":"2.0NRT","bright_ti4":301.42,"frp":0.84,"daynight":"N"},"geometry":{"type":"Point","coordinates":[-119.71652,39.57946]}},{"type":"Feature","properties":{"acq_date":"2026-08-02","acq_time":932,"confidence":"n","satellite":"N","instrument":"VIIRS","version":"2.0NRT","bright_ti4":302.5,"frp":0.39,"daynight":"N"},"geometry":{"type":"Point","coordinates":[-116.92355,32.42276]}},{"type":"Feature","properties":{"acq_date":"2026-08-02","acq_time":932,"confidence":"n","satellite":"N","instrument":"VIIRS","version":"2.0NRT","bright_ti4":310.41,"frp":1.13,"daynight":"N"},"geometry":{"type":"Point","coordinates":[-115.04223,32.50654]}},{"type":"Feature","properties":{"acq_date":"2026-08-02","acq_time":1108,"confidence":"n","satellite":"N","instrument":"VIIRS","version":"2.0NRT","bright_ti4":298.68,"frp":1.86,"daynight":"N"},"geometry":{"type":"Point","coordinates":[-116.88065,42.39418]}},{"type":"Feature","properties":{"acq_date":"2026-08-02","acq_time":1108,"confidence":"n","satellite":"N","instrument":"VIIRS","version":"2.0NRT","bright_ti4":308.81,"frp":2.66,"daynight":"N"},"geometry":{"type":"Point","coordinates":[-116.88312,42.3967]}},{"type":"Feature","properties":{"acq_date":"2026-08-02","acq_time":1108,"confidence":"n","satellite":"N","instrument":"VIIRS","version":"2.0NRT","bright_ti4":313.61,"frp":1.86,"daynight":"N"},"geometry":{"type":"Point","coordinates":[-116.89067,42.39758]}},{"type":"Feature","properties":{"acq_date":"2026-08-02","acq_time":1108,"confidence":"n","satellite":"N","instrument":"VIIRS","version":"2.0NRT","bright_ti4":313.63,"frp":3.73,"daynight":"N"},"geometry":{"type":"Point","coordinates":[-116.89251,42.39994]}},{"type":"Feature","properties":{"acq_date":"2026-08-02","acq_time":1108,"confidence":"n","satellite":"N","instrument":"VIIRS","version":"2.0NRT","bright_ti4":300.58,"frp":2.9,"daynight":"N"},"geometry":{"type":"Point","coordinates":[-116.8989,42.40038]}},{"type":"Feature","properties":{"acq_date":"2026-08-02","acq_time":1108,"confidence":"n","satellite":"N","instrument":"VIIRS","version":"2.0NRT","bright_ti4":308.16,"frp":3.73,"daynight":"N"},"geometry":{"type":"Point","coordinates":[-116.90021,42.40261]}},{"type":"Feature","properties":{"acq_date":"2026-08-02","acq_time":1108,"confidence":"n","satellite":"N","instrument":"VIIRS","version":"2.0NRT","bright_ti4":312.38,"frp":2.9,"daynight":"N"},"geometry":{"type":"Point","coordinates":[-116.90605,42.40282]}},{"type":"Feature","properties":{"acq_date":"2026-08-02","acq_time":1108,"confidence":"n","satellite":"N","instrument":"VIIRS","version":"2.0NRT","bright_ti4":319.06,"frp":4.39,"daynight":"N"},"geometry":{"type":"Point","coordinates":[-116.90707,42.40498]}},{"type":"Feature","properties":{"acq_date":"2026-08-02","acq_time":1108,"confidence":"n","satellite":"N","instrument":"VIIRS","version":"2.0NRT","bright_ti4":317.12,"frp":3.73,"daynight":"N"},"geometry":{"type":"Point","coordinates":[-116.9129,42.40514]}},{"type":"Feature","properties":{"acq_date":"2026-08-02","acq_time":1108,"confidence":"n","satellite":"N","instrument":"VIIRS","version":"2.0NRT","bright_ti4":299.35,"frp":2.8,"daynight":"N"},"geometry":{"type":"Point","coordinates":[-116.89507,42.40671]}},{"type":"Feature","properties":{"acq_date":"2026-08-02","acq_time":1108,"confidence":"n","satellite":"N","instrument":"VIIRS","version":"2.0NRT","bright_ti4":316.61,"frp":4.39,"daynight":"N"},"geometry":{"type":"Point","coordinates":[-116.91373,42.40728]}},{"type":"Feature","properties":{"acq_date":"2026-08-02","acq_time":1108,"confidence":"n","satellite":"N","instrument":"VIIRS","version":"2.0NRT","bright_ti4":307.85,"frp":3.73,"daynight":"N"},"geometry":{"type":"Point","coordinates":[-116.91971,42.40746]}},{"type":"Feature","properties":{"acq_date":"2026-08-02","acq_time":1108,"confidence":"n","satellite":"N","instrument":"VIIRS","version":"2.0NRT","bright_ti4":311.19,"frp":2.8,"daynight":"N"},"geometry":{"type":"Point","coordinates":[-116.90168,42.40895]}},{"type":"Feature","properties":{"acq_date":"2026-08-02","acq_time":1108,"confidence":"n","satellite":"N","instrument":"VIIRS","version":"2.0NRT","bright_ti4":310.14,"frp":3.09,"daynight":"N"},"geometry":{"type":"Point","coordinates":[-116.92055,42.40964]}},{"type":"Feature","properties":{"acq_date":"2026-08-02","acq_time":1108,"confidence":"n","satellite":"N","instrument":"VIIRS","version":"2.0NRT","bright_ti4":308.01,"frp":2.48,"daynight":"N"},"geometry":{"type":"Point","coordinates":[-116.92653,42.40978]}},{"type":"Feature","properties":{"acq_date":"2026-08-02","acq_time":1108,"confidence":"n","satellite":"N","instrument":"VIIRS","version":"2.0NRT","bright_ti4":313.76,"frp":4.39,"daynight":"N"},"geometry":{"type":"Point","coordinates":[-116.90255,42.41106]}},{"type":"Feature","properties":{"acq_date":"2026-08-02","acq_time":1108,"confidence":"n","satellite":"N","instrument":"VIIRS","version":"2.0NRT","bright_ti4":321.95,"frp":3.4,"daynight":"N"},"geometry":{"type":"Point","coordinates":[-116.90821,42.41118]}},{"type":"Feature","properties":{"acq_date":"2026-08-02","acq_time":1108,"confidence":"n","satellite":"N","instrument":"VIIRS","version":"2.0NRT","bright_ti4":307.53,"frp":3.09,"daynight":"N"},"geometry":{"type":"Point","coordinates":[-116.92741,42.41201]}},{"type":"Feature","properties":{"acq_date":"2026-08-02","acq_time":1108,"confidence":"n","satellite":"N","instrument":"VIIRS","version":"2.0NRT","bright_ti4":303.2,"frp":2.48,"daynight":"N"},"geometry":{"type":"Point","coordinates":[-116.93343,42.41212]}},{"type":"Feature","properties":{"acq_date":"2026-08-02","acq_time":1108,"confidence":"n","satellite":"N","instrument":"VIIRS","version":"2.0NRT","bright_ti4":324.51,"frp":4.39,"daynight":"N"},"geometry":{"type":"Point","coordinates":[-116.90951,42.41346]}},{"type":"Feature","properties":{"acq_date":"2026-08-02","acq_time":1108,"confidence":"n","satellite":"N","instrument":"VIIRS","version":"2.0NRT","bright_ti4":311.82,"frp":3.4,"daynight":"N"},"geometry":{"type":"Point","coordinates":[-116.91544,42.41363]}},{"type":"Feature","properties":{"acq_date":"2026-08-02","acq_time":1108,"confidence":"n","satellite":"N","instrument":"VIIRS","version":"2.0NRT","bright_ti4":302.56,"frp":4.22,"daynight":"N"},"geometry":{"type":"Point","coordinates":[-116.9345,42.41446]}},{"type":"Feature","properties":{"acq_date":"2026-08-02","acq_time":1108,"confidence":"n","satellite":"N","instrument":"VIIRS","version":"2.0NRT","bright_ti4":299.8,"frp":2,"daynight":"N"},"geometry":{"type":"Point","coordinates":[-116.94057,42.41455]}},{"type":"Feature","properties":{"acq_date":"2026-08-02","acq_time":1108,"confidence":"n","satellite":"N","instrument":"VIIRS","version":"2.0NRT","bright_ti4":311.03,"frp":3.09,"daynight":"N"},"geometry":{"type":"Point","coordinates":[-116.91711,42.41609]}},{"type":"Feature","properties":{"acq_date":"2026-08-02","acq_time":1108,"confidence":"n","satellite":"N","instrument":"VIIRS","version":"2.0NRT","bright_ti4":302.77,"frp":2.02,"daynight":"N"},"geometry":{"type":"Point","coordinates":[-116.92303,42.41621]}},{"type":"Feature","properties":{"acq_date":"2026-08-02","acq_time":1108,"confidence":"n","satellite":"N","instrument":"VIIRS","version":"2.0NRT","bright_ti4":309.75,"frp":3.4,"daynight":"N"},"geometry":{"type":"Point","coordinates":[-116.90538,42.41784]}},{"type":"Feature","properties":{"acq_date":"2026-08-02","acq_time":1108,"confidence":"n","satellite":"N","instrument":"VIIRS","version":"2.0NRT","bright_ti4":296.94,"frp":2.02,"daynight":"N"},"geometry":{"type":"Point","coordinates":[-116.93026,42.41866]}},{"type":"Feature","properties":{"acq_date":"2026-08-02","acq_time":1108,"confidence":"n","satellite":"N","instrument":"VIIRS","version":"2.0NRT","bright_ti4":298.71,"frp":3.09,"daynight":"N"},"geometry":{"type":"Point","coordinates":[-116.92459,42.41867]}},{"type":"Feature","properties":{"acq_date":"2026-08-02","acq_time":1108,"confidence":"n","satellite":"N","instrument":"VIIRS","version":"2.0NRT","bright_ti4":309.28,"frp":3.4,"daynight":"N"},"geometry":{"type":"Point","coordinates":[-116.91315,42.42047]}},{"type":"Feature","properties":{"acq_date":"2026-08-02","acq_time":1108,"confidence":"n","satellite":"N","instrument":"VIIRS","version":"2.0NRT","bright_ti4":301.48,"frp":2.02,"daynight":"N"},"geometry":{"type":"Point","coordinates":[-116.92009,42.42282]}},{"type":"Feature","properties":{"acq_date":"2026-08-02","acq_time":1108,"confidence":"n","satellite":"N","instrument":"VIIRS","version":"2.0NRT","bright_ti4":303.58,"frp":1.16,"daynight":"N"},"geometry":{"type":"Point","coordinates":[-116.91452,42.42283]}},{"type":"Feature","properties":{"acq_date":"2026-08-02","acq_time":1108,"confidence":"n","satellite":"N","instrument":"VIIRS","version":"2.0NRT","bright_ti4":296.77,"frp":1.16,"daynight":"N"},"geometry":{"type":"Point","coordinates":[-116.92105,42.42508]}},{"type":"Feature","properties":{"acq_date":"2026-08-02","acq_time":1108,"confidence":"n","satellite":"N","instrument":"VIIRS","version":"2.0NRT","bright_ti4":297.5,"frp":2.75,"daynight":"N"},"geometry":{"type":"Point","coordinates":[-116.82861,42.43913]}},{"type":"Feature","properties":{"acq_date":"2026-08-02","acq_time":1108,"confidence":"n","satellite":"N","instrument":"VIIRS","version":"2.0NRT","bright_ti4":312.94,"frp":2.75,"daynight":"N"},"geometry":{"type":"Point","coordinates":[-116.8233,42.44497]}},{"type":"Feature","properties":{"acq_date":"2026-08-02","acq_time":1108,"confidence":"n","satellite":"N","instrument":"VIIRS","version":"2.0NRT","bright_ti4":297.49,"frp":2.44,"daynight":"N"},"geometry":{"type":"Point","coordinates":[-116.96243,42.44695]}},{"type":"Feature","properties":{"acq_date":"2026-08-02","acq_time":1108,"confidence":"n","satellite":"N","instrument":"VIIRS","version":"2.0NRT","bright_ti4":322.49,"frp":2.75,"daynight":"N"},"geometry":{"type":"Point","coordinates":[-116.83159,42.44781]}},{"type":"Feature","properties":{"acq_date":"2026-08-02","acq_time":1108,"confidence":"n","satellite":"N","instrument":"VIIRS","version":"2.0NRT","bright_ti4":318.53,"frp":4.08,"daynight":"N"},"geometry":{"type":"Point","coordinates":[-116.81789,42.45077]}},{"type":"Feature","properties":{"acq_date":"2026-08-02","acq_time":1108,"confidence":"n","satellite":"N","instrument":"VIIRS","version":"2.0NRT","bright_ti4":302.25,"frp":1.83,"daynight":"N"},"geometry":{"type":"Point","coordinates":[-116.95798,42.45084]}},{"type":"Feature","properties":{"acq_date":"2026-08-02","acq_time":1108,"confidence":"n","satellite":"N","instrument":"VIIRS","version":"2.0NRT","bright_ti4":301.74,"frp":3.24,"daynight":"N"},"geometry":{"type":"Point","coordinates":[-116.84052,42.45087]}},{"type":"Feature","properties":{"acq_date":"2026-08-02","acq_time":1108,"confidence":"n","satellite":"N","instrument":"VIIRS","version":"2.0NRT","bright_ti4":318.85,"frp":4.08,"daynight":"N"},"geometry":{"type":"Point","coordinates":[-116.82626,42.45363]}},{"type":"Feature","properties":{"acq_date":"2026-08-02","acq_time":1108,"confidence":"n","satellite":"N","instrument":"VIIRS","version":"2.0NRT","bright_ti4":311.22,"frp":3.97,"daynight":"N"},"geometry":{"type":"Point","coordinates":[-116.83492,42.4566]}},{"type":"Feature","properties":{"acq_date":"2026-08-02","acq_time":1108,"confidence":"n","satellite":"N","instrument":"VIIRS","version":"2.0NRT","bright_ti4":330.92,"frp":6.75,"daynight":"N"},"geometry":{"type":"Point","coordinates":[-116.90266,42.45691]}},{"type":"Feature","properties":{"acq_date":"2026-08-02","acq_time":1108,"confidence":"n","satellite":"N","instrument":"VIIRS","version":"2.0NRT","bright_ti4":315.89,"frp":4.08,"daynight":"N"},"geometry":{"type":"Point","coordinates":[-116.82063,42.45935]}},{"type":"Feature","properties":{"acq_date":"2026-08-02","acq_time":1108,"confidence":"n","satellite":"N","instrument":"VIIRS","version":"2.0NRT","bright_ti4":309.29,"frp":3.97,"daynight":"N"},"geometry":{"type":"Point","coordinates":[-116.84308,42.45939]}},{"type":"Feature","properties":{"acq_date":"2026-08-02","acq_time":1108,"confidence":"n","satellite":"N","instrument":"VIIRS","version":"2.0NRT","bright_ti4":316.44,"frp":6.95,"daynight":"N"},"geometry":{"type":"Point","coordinates":[-116.91034,42.45954]}},{"type":"Feature","properties":{"acq_date":"2026-08-02","acq_time":1108,"confidence":"n","satellite":"N","instrument":"VIIRS","version":"2.0NRT","bright_ti4":314.73,"frp":5.19,"daynight":"N"},"geometry":{"type":"Point","coordinates":[-116.85137,42.46223]}},{"type":"Feature","properties":{"acq_date":"2026-08-02","acq_time":1108,"confidence":"n","satellite":"N","instrument":"VIIRS","version":"2.0NRT","bright_ti4":317.64,"frp":3.97,"daynight":"N"},"geometry":{"type":"Point","coordinates":[-116.82967,42.46245]}},{"type":"Feature","properties":{"acq_date":"2026-08-02","acq_time":1108,"confidence":"n","satellite":"N","instrument":"VIIRS","version":"2.0NRT","bright_ti4":320.51,"frp":4.47,"daynight":"N"},"geometry":{"type":"Point","coordinates":[-116.87507,42.4627]}},{"type":"Feature","properties":{"acq_date":"2026-08-02","acq_time":1108,"confidence":"n","satellite":"N","instrument":"VIIRS","version":"2.0NRT","bright_ti4":327.85,"frp":6.37,"daynight":"N"},"geometry":{"type":"Point","coordinates":[-116.89817,42.46299]}},{"type":"Feature","properties":{"acq_date":"2026-08-02","acq_time":1108,"confidence":"n","satellite":"N","instrument":"VIIRS","version":"2.0NRT","bright_ti4":318.24,"frp":4.47,"daynight":"N"},"geometry":{"type":"Point","coordinates":[-116.8819,42.46505]}},{"type":"Feature","properties":{"acq_date":"2026-08-02","acq_time":1108,"confidence":"n","satellite":"N","instrument":"VIIRS","version":"2.0NRT","bright_ti4":323.12,"frp":3.97,"daynight":"N"},"geometry":{"type":"Point","coordinates":[-116.83804,42.46531]}},{"type":"Feature","properties":{"acq_date":"2026-08-02","acq_time":1108,"confidence":"n","satellite":"N","instrument":"VIIRS","version":"2.0NRT","bright_ti4":324.46,"frp":5.19,"daynight":"N"},"geometry":{"type":"Point","coordinates":[-116.86073,42.46543]}},{"type":"Feature","properties":{"acq_date":"2026-08-02","acq_time":1108,"confidence":"n","satellite":"N","instrument":"VIIRS","version":"2.0NRT","bright_ti4":331.84,"frp":6.08,"daynight":"N"},"geometry":{"type":"Point","coordinates":[-116.90569,42.46557]}},{"type":"Feature","properties":{"acq_date":"2026-08-02","acq_time":1108,"confidence":"n","satellite":"N","instrument":"VIIRS","version":"2.0NRT","bright_ti4":317.06,"frp":6.37,"daynight":"N"},"geometry":{"type":"Point","coordinates":[-116.88821,42.46721]}},{"type":"Feature","properties":{"acq_date":"2026-08-02","acq_time":1108,"confidence":"n","satellite":"N","instrument":"VIIRS","version":"2.0NRT","bright_ti4":320.32,"frp":6.08,"daynight":"N"},"geometry":{"type":"Point","coordinates":[-116.91312,42.46811]}},{"type":"Feature","properties":{"acq_date":"2026-08-02","acq_time":1108,"confidence":"n","satellite":"N","instrument":"VIIRS","version":"2.0NRT","bright_ti4":318.86,"frp":5.19,"daynight":"N"},"geometry":{"type":"Point","coordinates":[-116.84624,42.46812]}},{"type":"Feature","properties":{"acq_date":"2026-08-02","acq_time":1108,"confidence":"n","satellite":"N","instrument":"VIIRS","version":"2.0NRT","bright_ti4":324.37,"frp":5.82,"daynight":"N"},"geometry":{"type":"Point","coordinates":[-116.82455,42.46835]}},{"type":"Feature","properties":{"acq_date":"2026-08-02","acq_time":1108,"confidence":"n","satellite":"N","instrument":"VIIRS","version":"2.0NRT","bright_ti4":314,"frp":4.23,"daynight":"N"},"geometry":{"type":"Point","coordinates":[-116.87015,42.46865]}},{"type":"Feature","properties":{"acq_date":"2026-08-02","acq_time":1108,"confidence":"n","satellite":"N","instrument":"VIIRS","version":"2.0NRT","bright_ti4":331.13,"frp":6.37,"daynight":"N"},"geometry":{"type":"Point","coordinates":[-116.89453,42.46938]}},{"type":"Feature","properties":{"acq_date":"2026-08-02","acq_time":1108,"confidence":"n","satellite":"N","instrument":"VIIRS","version":"2.0NRT","bright_ti4":326.79,"frp":5.19,"daynight":"N"},"geometry":{"type":"Point","coordinates":[-116.8549,42.47108]}},{"type":"Feature","properties":{"acq_date":"2026-08-02","acq_time":1108,"confidence":"n","satellite":"N","instrument":"VIIRS","version":"2.0NRT","bright_ti4":337.63,"frp":5.82,"daynight":"N"},"geometry":{"type":"Point","coordinates":[-116.83337,42.47136]}},{"type":"Feature","properties":{"acq_date":"2026-08-02","acq_time":1108,"confidence":"n","satellite":"N","instrument":"VIIRS","version":"2.0NRT","bright_ti4":299.23,"frp":4.23,"daynight":"N"},"geometry":{"type":"Point","coordinates":[-116.87856,42.47152]}},{"type":"Feature","properties":{"acq_date":"2026-08-02","acq_time":1108,"confidence":"n","satellite":"N","instrument":"VIIRS","version":"2.0NRT","bright_ti4":319.23,"frp":6.08,"daynight":"N"},"geometry":{"type":"Point","coordinates":[-116.90151,42.47176]}},{"type":"Feature","properties":{"acq_date":"2026-08-02","acq_time":1108,"confidence":"n","satellite":"N","instrument":"VIIRS","version":"2.0NRT","bright_ti4":305.26,"frp":2.07,"daynight":"N"},"geometry":{"type":"Point","coordinates":[-116.88549,42.4739]}},{"type":"Feature","properties":{"acq_date":"2026-08-02","acq_time":1108,"confidence":"n","satellite":"N","instrument":"VIIRS","version":"2.0NRT","bright_ti4":316.78,"frp":6.08,"daynight":"N"},"geometry":{"type":"Point","coordinates":[-116.90847,42.47414]}},{"type":"Feature","properties":{"acq_date":"2026-08-02","acq_time":1108,"confidence":"n","satellite":"N","instrument":"VIIRS","version":"2.0NRT","bright_ti4":324.11,"frp":7.41,"daynight":"N"},"geometry":{"type":"Point","coordinates":[-116.84163,42.47418]}},{"type":"Feature","properties":{"acq_date":"2026-08-02","acq_time":1108,"confidence":"n","satellite":"N","instrument":"VIIRS","version":"2.0NRT","bright_ti4":312.89,"frp":5.82,"daynight":"N"},"geometry":{"type":"Point","coordinates":[-116.81935,42.47421]}},{"type":"Feature","properties":{"acq_date":"2026-08-02","acq_time":1108,"confidence":"n","satellite":"N","instrument":"VIIRS","version":"2.0NRT","bright_ti4":331.37,"frp":4.23,"daynight":"N"},"geometry":{"type":"Point","coordinates":[-116.86439,42.47432]}},{"type":"Feature","properties":{"acq_date":"2026-08-02","acq_time":1108,"confidence":"n","satellite":"N","instrument":"VIIRS","version":"2.0NRT","bright_ti4":304.28,"frp":2.41,"daynight":"N"},"geometry":{"type":"Point","coordinates":[-116.81754,42.47432]}},{"type":"Feature","properties":{"acq_date":"2026-08-02","acq_time":1108,"confidence":"n","satellite":"N","instrument":"VIIRS","version":"2.0NRT","bright_ti4":315.3,"frp":2.07,"daynight":"N"},"geometry":{"type":"Point","coordinates":[-116.89205,42.47614]}},{"type":"Feature","properties":{"acq_date":"2026-08-02","acq_time":1108,"confidence":"n","satellite":"N","instrument":"VIIRS","version":"2.0NRT","bright_ti4":295.41,"frp":1.47,"daynight":"N"},"geometry":{"type":"Point","coordinates":[-116.93662,42.47616]}},{"type":"Feature","properties":{"acq_date":"2026-08-02","acq_time":1108,"confidence":"n","satellite":"N","instrument":"VIIRS","version":"2.0NRT","bright_ti4":304.44,"frp":3.53,"daynight":"N"},"geometry":{"type":"Point","coordinates":[-116.91544,42.47652]}},{"type":"Feature","properties":{"acq_date":"2026-08-02","acq_time":1108,"confidence":"n","satellite":"N","instrument":"VIIRS","version":"2.0NRT","bright_ti4":329.01,"frp":7.41,"daynight":"N"},"geometry":{"type":"Point","coordinates":[-116.85013,42.47708]}},{"type":"Feature","properties":{"acq_date":"2026-08-02","acq_time":1108,"confidence":"n","satellite":"N","instrument":"VIIRS","version":"2.0NRT","bright_ti4":330.97,"frp":5.82,"daynight":"N"},"geometry":{"type":"Point","coordinates":[-116.82794,42.47714]}},{"type":"Feature","properties":{"acq_date":"2026-08-02","acq_time":1108,"confidence":"n","satellite":"N","instrument":"VIIRS","version":"2.0NRT","bright_ti4":325.32,"frp":4.21,"daynight":"N"},"geometry":{"type":"Point","coordinates":[-116.826,42.47725]}},{"type":"Feature","properties":{"acq_date":"2026-08-02","acq_time":1108,"confidence":"n","satellite":"N","instrument":"VIIRS","version":"2.0NRT","bright_ti4":308.85,"frp":4.23,"daynight":"N"},"geometry":{"type":"Point","coordinates":[-116.87337,42.47738]}},{"type":"Feature","properties":{"acq_date":"2026-08-02","acq_time":1108,"confidence":"n","satellite":"N","instrument":"VIIRS","version":"2.0NRT","bright_ti4":316.15,"frp":2.51,"daynight":"N"},"geometry":{"type":"Point","coordinates":[-116.89851,42.47835]}},{"type":"Feature","properties":{"acq_date":"2026-08-02","acq_time":1108,"confidence":"n","satellite":"N","instrument":"VIIRS","version":"2.0NRT","bright_ti4":297,"frp":1.47,"daynight":"N"},"geometry":{"type":"Point","coordinates":[-116.94497,42.47901]}},{"type":"Feature","properties":{"acq_date":"2026-08-02","acq_time":1108,"confidence":"n","satellite":"N","instrument":"VIIRS","version":"2.0NRT","bright_ti4":299.41,"frp":3.53,"daynight":"N"},"geometry":{"type":"Point","coordinates":[-116.9229,42.47907]}},{"type":"Feature","properties":{"acq_date":"2026-08-02","acq_time":1108,"confidence":"n","satellite":"N","instrument":"VIIRS","version":"2.0NRT","bright_ti4":295.78,"frp":1.12,"daynight":"N"},"geometry":{"type":"Point","coordinates":[-116.96925,42.47972]}},{"type":"Feature","properties":{"acq_date":"2026-08-02","acq_time":1108,"confidence":"n","satellite":"N","instrument":"VIIRS","version":"2.0NRT","bright_ti4":298.38,"frp":2.07,"daynight":"N"},"geometry":{"type":"Point","coordinates":[-116.88129,42.48008]}},{"type":"Feature","properties":{"acq_date":"2026-08-02","acq_time":1108,"confidence":"n","satellite":"N","instrument":"VIIRS","version":"2.0NRT","bright_ti4":338.65,"frp":7.41,"daynight":"N"},"geometry":{"type":"Point","coordinates":[-116.83664,42.48011]}},{"type":"Feature","properties":{"acq_date":"2026-08-02","acq_time":1108,"confidence":"n","satellite":"N","instrument":"VIIRS","version":"2.0NRT","bright_ti4":327.67,"frp":5.56,"daynight":"N"},"geometry":{"type":"Point","coordinates":[-116.85913,42.48014]}},{"type":"Feature","properties":{"acq_date":"2026-08-02","acq_time":1108,"confidence":"n","satellite":"N","instrument":"VIIRS","version":"2.0NRT","bright_ti4":298.22,"frp":1.87,"daynight":"N"},"geometry":{"type":"Point","coordinates":[-116.81462,42.48024]}},{"type":"Feature","properties":{"acq_date":"2026-08-02","acq_time":1108,"confidence":"n","satellite":"N","instrument":"VIIRS","version":"2.0NRT","bright_ti4":338.21,"frp":4.21,"daynight":"N"},"geometry":{"type":"Point","coordinates":[-116.83466,42.48026]}},{"type":"Feature","properties":{"acq_date":"2026-08-02","acq_time":1108,"confidence":"n","satellite":"N","instrument":"VIIRS","version":"2.0NRT","bright_ti4":297.87,"frp":2.41,"daynight":"N"},"geometry":{"type":"Point","coordinates":[-116.81298,42.4804]}},{"type":"Feature","properties":{"acq_date":"2026-08-02","acq_time":1108,"confidence":"n","satellite":"N","instrument":"VIIRS","version":"2.0NRT","bright_ti4":308.23,"frp":2.51,"daynight":"N"},"geometry":{"type":"Point","coordinates":[-116.90489,42.48053]}},{"type":"Feature","properties":{"acq_date":"2026-08-02","acq_time":1108,"confidence":"n","satellite":"N","instrument":"VIIRS","version":"2.0NRT","bright_ti4":295.01,"frp":1.12,"daynight":"N"},"geometry":{"type":"Point","coordinates":[-116.97644,42.48217]}},{"type":"Feature","properties":{"acq_date":"2026-08-02","acq_time":1108,"confidence":"n","satellite":"N","instrument":"VIIRS","version":"2.0NRT","bright_ti4":296.84,"frp":2.07,"daynight":"N"},"geometry":{"type":"Point","coordinates":[-116.88865,42.4826]}},{"type":"Feature","properties":{"acq_date":"2026-08-02","acq_time":1108,"confidence":"n","satellite":"N","instrument":"VIIRS","version":"2.0NRT","bright_ti4":307.25,"frp":2.97,"daynight":"N"},"geometry":{"type":"Point","coordinates":[-116.91186,42.48291]}},{"type":"Feature","properties":{"acq_date":"2026-08-02","acq_time":1108,"confidence":"n","satellite":"N","instrument":"VIIRS","version":"2.0NRT","bright_ti4":316.35,"frp":7.41,"daynight":"N"},"geometry":{"type":"Point","coordinates":[-116.84484,42.48291]}},{"type":"Feature","properties":{"acq_date":"2026-08-02","acq_time":1108,"confidence":"n","satellite":"N","instrument":"VIIRS","version":"2.0NRT","bright_ti4":300.14,"frp":1.87,"daynight":"N"},"geometry":{"type":"Point","coordinates":[-116.82295,42.48308]}},{"type":"Feature","properties":{"acq_date":"2026-08-02","acq_time":1108,"confidence":"n","satellite":"N","instrument":"VIIRS","version":"2.0NRT","bright_ti4":322.01,"frp":5.04,"daynight":"N"},"geometry":{"type":"Point","coordinates":[-116.84291,42.48312]}},{"type":"Feature","properties":{"acq_date":"2026-08-02","acq_time":1108,"confidence":"n","satellite":"N","instrument":"VIIRS","version":"2.0NRT","bright_ti4":315.92,"frp":5.56,"daynight":"N"},"geometry":{"type":"Point","coordinates":[-116.86797,42.48317]}},{"type":"Feature","properties":{"acq_date":"2026-08-02","acq_time":1108,"confidence":"n","satellite":"N","instrument":"VIIRS","version":"2.0NRT","bright_ti4":299.78,"frp":4.21,"daynight":"N"},"geometry":{"type":"Point","coordinates":[-116.82121,42.48325]}},{"type":"Feature","properties":{"acq_date":"2026-08-02","acq_time":1108,"confidence":"n","satellite":"N","instrument":"VIIRS","version":"2.0NRT","bright_ti4":301.77,"frp":2.51,"daynight":"N"},"geometry":{"type":"Point","coordinates":[-116.89545,42.48492]}},{"type":"Feature","properties":{"acq_date":"2026-08-02","acq_time":1108,"confidence":"n","satellite":"N","instrument":"VIIRS","version":"2.0NRT","bright_ti4":314.73,"frp":5.56,"daynight":"N"},"geometry":{"type":"Point","coordinates":[-116.85303,42.4857]}},{"type":"Feature","properties":{"acq_date":"2026-08-02","acq_time":1108,"confidence":"n","satellite":"N","instrument":"VIIRS","version":"2.0NRT","bright_ti4":310.28,"frp":4.29,"daynight":"N"},"geometry":{"type":"Point","coordinates":[-116.87602,42.48591]}},{"type":"Feature","properties":{"acq_date":"2026-08-02","acq_time":1108,"confidence":"n","satellite":"N","instrument":"VIIRS","version":"2.0NRT","bright_ti4":312.67,"frp":5.04,"daynight":"N"},"geometry":{"type":"Point","coordinates":[-116.85098,42.48592]}},{"type":"Feature","properties":{"acq_date":"2026-08-02","acq_time":1108,"confidence":"n","satellite":"N","instrument":"VIIRS","version":"2.0NRT","bright_ti4":314.03,"frp":2.17,"daynight":"N"},"geometry":{"type":"Point","coordinates":[-116.83128,42.48592]}},{"type":"Feature","properties":{"acq_date":"2026-08-02","acq_time":1108,"confidence":"n","satellite":"N","instrument":"VIIRS","version":"2.0NRT","bright_ti4":305.53,"frp":1.45,"daynight":"N"},"geometry":{"type":"Point","coordinates":[-116.96557,42.48605]}},{"type":"Feature","properties":{"acq_date":"2026-08-02","acq_time":1108,"confidence":"n","satellite":"N","instrument":"VIIRS","version":"2.0NRT","bright_ti4":307.36,"frp":4.21,"daynight":"N"},"geometry":{"type":"Point","coordinates":[-116.82948,42.48612]}},{"type":"Feature","properties":{"acq_date":"2026-08-02","acq_time":1108,"confidence":"n","satellite":"N","instrument":"VIIRS","version":"2.0NRT","bright_ti4":305.59,"frp":2.51,"daynight":"N"},"geometry":{"type":"Point","coordinates":[-116.90229,42.48726]}},{"type":"Feature","properties":{"acq_date":"2026-08-02","acq_time":1108,"confidence":"n","satellite":"N","instrument":"VIIRS","version":"2.0NRT","bright_ti4":295.16,"frp":1.45,"daynight":"N"},"geometry":{"type":"Point","coordinates":[-116.97217,42.4883]}},{"type":"Feature","properties":{"acq_date":"2026-08-02","acq_time":1108,"confidence":"n","satellite":"N","instrument":"VIIRS","version":"2.0NRT","bright_ti4":301.98,"frp":4.29,"daynight":"N"},"geometry":{"type":"Point","coordinates":[-116.88371,42.48853]}},{"type":"Feature","properties":{"acq_date":"2026-08-02","acq_time":1108,"confidence":"n","satellite":"N","instrument":"VIIRS","version":"2.0NRT","bright_ti4":304.66,"frp":2.17,"daynight":"N"},"geometry":{"type":"Point","coordinates":[-116.83958,42.48875]}},{"type":"Feature","properties":{"acq_date":"2026-08-02","acq_time":1108,"confidence":"n","satellite":"N","instrument":"VIIRS","version":"2.0NRT","bright_ti4":328.16,"frp":5.56,"daynight":"N"},"geometry":{"type":"Point","coordinates":[-116.86205,42.48877]}},{"type":"Feature","properties":{"acq_date":"2026-08-02","acq_time":1108,"confidence":"n","satellite":"N","instrument":"VIIRS","version":"2.0NRT","bright_ti4":323.77,"frp":5.07,"daynight":"N"},"geometry":{"type":"Point","coordinates":[-116.85967,42.48894]}},{"type":"Feature","properties":{"acq_date":"2026-08-02","acq_time":1108,"confidence":"n","satellite":"N","instrument":"VIIRS","version":"2.0NRT","bright_ti4":305.84,"frp":5.04,"daynight":"N"},"geometry":{"type":"Point","coordinates":[-116.83776,42.48899]}},{"type":"Feature","properties":{"acq_date":"2026-08-02","acq_time":1108,"confidence":"n","satellite":"N","instrument":"VIIRS","version":"2.0NRT","bright_ti4":309.98,"frp":1.87,"daynight":"N"},"geometry":{"type":"Point","coordinates":[-116.81895,42.48936]}},{"type":"Feature","properties":{"acq_date":"2026-08-02","acq_time":1108,"confidence":"n","satellite":"N","instrument":"VIIRS","version":"2.0NRT","bright_ti4":306.98,"frp":2.31,"daynight":"N"},"geometry":{"type":"Point","coordinates":[-116.81735,42.48957]}},{"type":"Feature","properties":{"acq_date":"2026-08-02","acq_time":1108,"confidence":"n","satellite":"N","instrument":"VIIRS","version":"2.0NRT","bright_ti4":298.04,"frp":2.97,"daynight":"N"},"geometry":{"type":"Point","coordinates":[-116.90914,42.48959]}},{"type":"Feature","properties":{"acq_date":"2026-08-02","acq_time":1108,"confidence":"n","satellite":"N","instrument":"VIIRS","version":"2.0NRT","bright_ti4":297.63,"frp":2.94,"daynight":"N"},"geometry":{"type":"Point","coordinates":[-116.95493,42.49001]}},{"type":"Feature","properties":{"acq_date":"2026-08-02","acq_time":1108,"confidence":"n","satellite":"N","instrument":"VIIRS","version":"2.0NRT","bright_ti4":305.78,"frp":3.9,"daynight":"N"},"geometry":{"type":"Point","coordinates":[-116.89111,42.49106]}},{"type":"Feature","properties":{"acq_date":"2026-08-02","acq_time":1108,"confidence":"n","satellite":"N","instrument":"VIIRS","version":"2.0NRT","bright_ti4":323.18,"frp":4.29,"daynight":"N"},"geometry":{"type":"Point","coordinates":[-116.87075,42.49174]}},{"type":"Feature","properties":{"acq_date":"2026-08-02","acq_time":1108,"confidence":"n","satellite":"N","instrument":"VIIRS","version":"2.0NRT","bright_ti4":326.05,"frp":5.07,"daynight":"N"},"geometry":{"type":"Point","coordinates":[-116.86857,42.49202]}},{"type":"Feature","properties":{"acq_date":"2026-08-02","acq_time":1108,"confidence":"n","satellite":"N","instrument":"VIIRS","version":"2.0NRT","bright_ti4":297.13,"frp":1.45,"daynight":"N"},"geometry":{"type":"Point","coordinates":[-116.96092,42.49206]}},{"type":"Feature","properties":{"acq_date":"2026-08-02","acq_time":1108,"confidence":"n","satellite":"N","instrument":"VIIRS","version":"2.0NRT","bright_ti4":305.81,"frp":2.17,"daynight":"N"},"geometry":{"type":"Point","coordinates":[-116.82718,42.49215]}},{"type":"Feature","properties":{"acq_date":"2026-08-02","acq_time":1108,"confidence":"n","satellite":"N","instrument":"VIIRS","version":"2.0NRT","bright_ti4":306.4,"frp":2.31,"daynight":"N"},"geometry":{"type":"Point","coordinates":[-116.82555,42.49241]}},{"type":"Feature","properties":{"acq_date":"2026-08-02","acq_time":1108,"confidence":"n","satellite":"N","instrument":"VIIRS","version":"2.0NRT","bright_ti4":296.8,"frp":1.46,"daynight":"N"},"geometry":{"type":"Point","coordinates":[-116.9418,42.49313]}},{"type":"Feature","properties":{"acq_date":"2026-08-02","acq_time":1108,"confidence":"n","satellite":"N","instrument":"VIIRS","version":"2.0NRT","bright_ti4":299.81,"frp":4.46,"daynight":"N"},"geometry":{"type":"Point","coordinates":[-116.85567,42.49423]}},{"type":"Feature","properties":{"acq_date":"2026-08-02","acq_time":1108,"confidence":"n","satellite":"N","instrument":"VIIRS","version":"2.0NRT","bright_ti4":322.47,"frp":4.29,"daynight":"N"},"geometry":{"type":"Point","coordinates":[-116.87851,42.49438]}},{"type":"Feature","properties":{"acq_date":"2026-08-02","acq_time":1108,"confidence":"n","satellite":"N","instrument":"VIIRS","version":"2.0NRT","bright_ti4":323.08,"frp":4.94,"daynight":"N"},"geometry":{"type":"Point","coordinates":[-116.87652,42.49478]}},{"type":"Feature","properties":{"acq_date":"2026-08-02","acq_time":1108,"confidence":"n","satellite":"N","instrument":"VIIRS","version":"2.0NRT","bright_ti4":301.39,"frp":2.17,"daynight":"N"},"geometry":{"type":"Point","coordinates":[-116.83534,42.49493]}},{"type":"Feature","properties":{"acq_date":"2026-08-02","acq_time":1108,"confidence":"n","satellite":"N","instrument":"VIIRS","version":"2.0NRT","bright_ti4":302.24,"frp":2.75,"daynight":"N"},"geometry":{"type":"Point","coordinates":[-116.83365,42.49522]}},{"type":"Feature","properties":{"acq_date":"2026-08-02","acq_time":1108,"confidence":"n","satellite":"N","instrument":"VIIRS","version":"2.0NRT","bright_ti4":314.09,"frp":3.9,"daynight":"N"},"geometry":{"type":"Point","coordinates":[-116.8862,42.497]}},{"type":"Feature","properties":{"acq_date":"2026-08-02","acq_time":1108,"confidence":"n","satellite":"N","instrument":"VIIRS","version":"2.0NRT","bright_ti4":315.23,"frp":4.31,"daynight":"N"},"geometry":{"type":"Point","coordinates":[-116.86485,42.49735]}},{"type":"Feature","properties":{"acq_date":"2026-08-02","acq_time":1108,"confidence":"n","satellite":"N","instrument":"VIIRS","version":"2.0NRT","bright_ti4":318.55,"frp":4.94,"daynight":"N"},"geometry":{"type":"Point","coordinates":[-116.88419,42.49744]}},{"type":"Feature","properties":{"acq_date":"2026-08-02","acq_time":1108,"confidence":"n","satellite":"N","instrument":"VIIRS","version":"2.0NRT","bright_ti4":308.94,"frp":5.07,"daynight":"N"},"geometry":{"type":"Point","coordinates":[-116.86254,42.49758]}},{"type":"Feature","properties":{"acq_date":"2026-08-02","acq_time":1108,"confidence":"n","satellite":"N","instrument":"VIIRS","version":"2.0NRT","bright_ti4":299.38,"frp":2.48,"daynight":"N"},"geometry":{"type":"Point","coordinates":[-116.89175,42.50006]}},{"type":"Feature","properties":{"acq_date":"2026-08-02","acq_time":1108,"confidence":"n","satellite":"N","instrument":"VIIRS","version":"2.0NRT","bright_ti4":329.1,"frp":4.31,"daynight":"N"},"geometry":{"type":"Point","coordinates":[-116.8736,42.50033]}},{"type":"Feature","properties":{"acq_date":"2026-08-02","acq_time":1108,"confidence":"n","satellite":"N","instrument":"VIIRS","version":"2.0NRT","bright_ti4":328.71,"frp":4.94,"daynight":"N"},"geometry":{"type":"Point","coordinates":[-116.87157,42.50071]}},{"type":"Feature","properties":{"acq_date":"2026-08-02","acq_time":1108,"confidence":"n","satellite":"N","instrument":"VIIRS","version":"2.0NRT","bright_ti4":313.59,"frp":2.89,"daynight":"N"},"geometry":{"type":"Point","coordinates":[-116.88136,42.50297]}},{"type":"Feature","properties":{"acq_date":"2026-08-02","acq_time":1108,"confidence":"n","satellite":"N","instrument":"VIIRS","version":"2.0NRT","bright_ti4":314.11,"frp":4.94,"daynight":"N"},"geometry":{"type":"Point","coordinates":[-116.87934,42.5034]}},{"type":"Feature","properties":{"acq_date":"2026-08-02","acq_time":1108,"confidence":"n","satellite":"N","instrument":"VIIRS","version":"2.0NRT","bright_ti4":305.9,"frp":2.89,"daynight":"N"},"geometry":{"type":"Point","coordinates":[-116.88908,42.5056]}},{"type":"Feature","properties":{"acq_date":"2026-08-02","acq_time":1108,"confidence":"n","satellite":"N","instrument":"VIIRS","version":"2.0NRT","bright_ti4":306.04,"frp":2.48,"daynight":"N"},"geometry":{"type":"Point","coordinates":[-116.8871,42.50608]}},{"type":"Feature","properties":{"acq_date":"2026-08-02","acq_time":1108,"confidence":"n","satellite":"N","instrument":"VIIRS","version":"2.0NRT","bright_ti4":318.92,"frp":4.31,"daynight":"N"},"geometry":{"type":"Point","coordinates":[-116.86829,42.50614]}},{"type":"Feature","properties":{"acq_date":"2026-08-02","acq_time":1108,"confidence":"n","satellite":"N","instrument":"VIIRS","version":"2.0NRT","bright_ti4":310.19,"frp":2.11,"daynight":"N"},"geometry":{"type":"Point","coordinates":[-116.86613,42.50647]}},{"type":"Feature","properties":{"acq_date":"2026-08-02","acq_time":1108,"confidence":"n","satellite":"N","instrument":"VIIRS","version":"2.0NRT","bright_ti4":299.71,"frp":2.41,"daynight":"N"},"geometry":{"type":"Point","coordinates":[-116.8962,42.50802]}},{"type":"Feature","properties":{"acq_date":"2026-08-02","acq_time":1108,"confidence":"n","satellite":"N","instrument":"VIIRS","version":"2.0NRT","bright_ti4":302.67,"frp":2.48,"daynight":"N"},"geometry":{"type":"Point","coordinates":[-116.89427,42.50856]}},{"type":"Feature","properties":{"acq_date":"2026-08-02","acq_time":1108,"confidence":"n","satellite":"N","instrument":"VIIRS","version":"2.0NRT","bright_ti4":305.4,"frp":2.89,"daynight":"N"},"geometry":{"type":"Point","coordinates":[-116.87627,42.50886]}},{"type":"Feature","properties":{"acq_date":"2026-08-02","acq_time":1108,"confidence":"n","satellite":"N","instrument":"VIIRS","version":"2.0NRT","bright_ti4":307.27,"frp":2.11,"daynight":"N"},"geometry":{"type":"Point","coordinates":[-116.87428,42.50927]}},{"type":"Feature","properties":{"acq_date":"2026-08-02","acq_time":1108,"confidence":"n","satellite":"N","instrument":"VIIRS","version":"2.0NRT","bright_ti4":301.69,"frp":2.89,"daynight":"N"},"geometry":{"type":"Point","coordinates":[-116.88409,42.51151]}},{"type":"Feature","properties":{"acq_date":"2026-08-02","acq_time":1108,"confidence":"n","satellite":"N","instrument":"VIIRS","version":"2.0NRT","bright_ti4":299.89,"frp":2.22,"daynight":"N"},"geometry":{"type":"Point","coordinates":[-116.88205,42.51197]}},{"type":"Feature","properties":{"acq_date":"2026-08-02","acq_time":1108,"confidence":"n","satellite":"N","instrument":"VIIRS","version":"2.0NRT","bright_ti4":301.22,"frp":1.57,"daynight":"N"},"geometry":{"type":"Point","coordinates":[-116.89982,42.54096]}},{"type":"Feature","properties":{"acq_date":"2026-08-02","acq_time":1108,"confidence":"n","satellite":"N","instrument":"VIIRS","version":"2.0NRT","bright_ti4":300.91,"frp":2.74,"daynight":"N"},"geometry":{"type":"Point","coordinates":[-116.90949,42.54293]}},{"type":"Feature","properties":{"acq_date":"2026-08-02","acq_time":1108,"confidence":"n","satellite":"N","instrument":"VIIRS","version":"2.0NRT","bright_ti4":304.06,"frp":1.57,"daynight":"N"},"geometry":{"type":"Point","coordinates":[-116.90758,42.54364]}},{"type":"Feature","properties":{"acq_date":"2026-08-02","acq_time":1108,"confidence":"n","satellite":"N","instrument":"VIIRS","version":"2.0NRT","bright_ti4":303.13,"frp":3.52,"daynight":"N"},"geometry":{"type":"Point","coordinates":[-116.86997,42.54476]}},{"type":"Feature","properties":{"acq_date":"2026-08-02","acq_time":1108,"confidence":"n","satellite":"N","instrument":"VIIRS","version":"2.0NRT","bright_ti4":301.66,"frp":2.83,"daynight":"N"},"geometry":{"type":"Point","coordinates":[-116.91505,42.54621]}},{"type":"Feature","properties":{"acq_date":"2026-08-02","acq_time":1108,"confidence":"n","satellite":"N","instrument":"VIIRS","version":"2.0NRT","bright_ti4":311.48,"frp":4.83,"daynight":"N"},"geometry":{"type":"Point","coordinates":[-116.8974,42.54643]}},{"type":"Feature","properties":{"acq_date":"2026-08-02","acq_time":1108,"confidence":"n","satellite":"N","instrument":"VIIRS","version":"2.0NRT","bright_ti4":308.13,"frp":2.27,"daynight":"N"},"geometry":{"type":"Point","coordinates":[-116.89552,42.5471]}},{"type":"Feature","properties":{"acq_date":"2026-08-02","acq_time":1108,"confidence":"n","satellite":"N","instrument":"VIIRS","version":"2.0NRT","bright_ti4":316.64,"frp":3.52,"daynight":"N"},"geometry":{"type":"Point","coordinates":[-116.87787,42.54742]}},{"type":"Feature","properties":{"acq_date":"2026-08-02","acq_time":1108,"confidence":"n","satellite":"N","instrument":"VIIRS","version":"2.0NRT","bright_ti4":314.15,"frp":4.47,"daynight":"N"},"geometry":{"type":"Point","coordinates":[-116.87604,42.54802]}},{"type":"Feature","properties":{"acq_date":"2026-08-02","acq_time":1108,"confidence":"n","satellite":"N","instrument":"VIIRS","version":"2.0NRT","bright_ti4":309.19,"frp":2.74,"daynight":"N"},"geometry":{"type":"Point","coordinates":[-116.9051,42.54903]}},{"type":"Feature","properties":{"acq_date":"2026-08-02","acq_time":1108,"confidence":"n","satellite":"N","instrument":"VIIRS","version":"2.0NRT","bright_ti4":309.61,"frp":2.27,"daynight":"N"},"geometry":{"type":"Point","coordinates":[-116.90313,42.54972]}},{"type":"Feature","properties":{"acq_date":"2026-08-02","acq_time":1108,"confidence":"n","satellite":"N","instrument":"VIIRS","version":"2.0NRT","bright_ti4":313.06,"frp":3.45,"daynight":"N"},"geometry":{"type":"Point","coordinates":[-116.88547,42.54999]}},{"type":"Feature","properties":{"acq_date":"2026-08-02","acq_time":1108,"confidence":"n","satellite":"N","instrument":"VIIRS","version":"2.0NRT","bright_ti4":312.44,"frp":4.47,"daynight":"N"},"geometry":{"type":"Point","coordinates":[-116.88364,42.55064]}},{"type":"Feature","properties":{"acq_date":"2026-08-02","acq_time":1108,"confidence":"n","satellite":"N","instrument":"VIIRS","version":"2.0NRT","bright_ti4":311.19,"frp":2.74,"daynight":"N"},"geometry":{"type":"Point","coordinates":[-116.9125,42.55153]}},{"type":"Feature","properties":{"acq_date":"2026-08-02","acq_time":1108,"confidence":"n","satellite":"N","instrument":"VIIRS","version":"2.0NRT","bright_ti4":309.89,"frp":2.76,"daynight":"N"},"geometry":{"type":"Point","coordinates":[-116.91058,42.55228]}},{"type":"Feature","properties":{"acq_date":"2026-08-02","acq_time":1108,"confidence":"n","satellite":"N","instrument":"VIIRS","version":"2.0NRT","bright_ti4":306.34,"frp":3.45,"daynight":"N"},"geometry":{"type":"Point","coordinates":[-116.89295,42.55252]}},{"type":"Feature","properties":{"acq_date":"2026-08-02","acq_time":1108,"confidence":"n","satellite":"N","instrument":"VIIRS","version":"2.0NRT","bright_ti4":305.5,"frp":2.27,"daynight":"N"},"geometry":{"type":"Point","coordinates":[-116.89114,42.55321]}},{"type":"Feature","properties":{"acq_date":"2026-08-02","acq_time":1108,"confidence":"n","satellite":"N","instrument":"VIIRS","version":"2.0NRT","bright_ti4":301.12,"frp":3.23,"daynight":"N"},"geometry":{"type":"Point","coordinates":[-116.91974,42.55398]}},{"type":"Feature","properties":{"acq_date":"2026-08-02","acq_time":1108,"confidence":"n","satellite":"N","instrument":"VIIRS","version":"2.0NRT","bright_ti4":302.19,"frp":2.76,"daynight":"N"},"geometry":{"type":"Point","coordinates":[-116.91781,42.55477]}},{"type":"Feature","properties":{"acq_date":"2026-08-02","acq_time":1108,"confidence":"n","satellite":"N","instrument":"VIIRS","version":"2.0NRT","bright_ti4":304.37,"frp":2.7,"daynight":"N"},"geometry":{"type":"Point","coordinates":[-116.90047,42.55506]}},{"type":"Feature","properties":{"acq_date":"2026-08-02","acq_time":1108,"confidence":"n","satellite":"N","instrument":"VIIRS","version":"2.0NRT","bright_ti4":301.99,"frp":2.27,"daynight":"N"},"geometry":{"type":"Point","coordinates":[-116.89866,42.55579]}},{"type":"Feature","properties":{"acq_date":"2026-08-02","acq_time":1108,"confidence":"n","satellite":"N","instrument":"VIIRS","version":"2.0NRT","bright_ti4":300.76,"frp":2.23,"daynight":"N"},"geometry":{"type":"Point","coordinates":[-116.78927,42.58891]}},{"type":"Feature","properties":{"acq_date":"2026-08-02","acq_time":1108,"confidence":"n","satellite":"N","instrument":"VIIRS","version":"2.0NRT","bright_ti4":298.68,"frp":2.29,"daynight":"N"},"geometry":{"type":"Point","coordinates":[-116.82138,42.59026]}},{"type":"Feature","properties":{"acq_date":"2026-08-02","acq_time":1108,"confidence":"n","satellite":"N","instrument":"VIIRS","version":"2.0NRT","bright_ti4":299.48,"frp":1.83,"daynight":"N"},"geometry":{"type":"Point","coordinates":[-116.81574,42.59044]}},{"type":"Feature","properties":{"acq_date":"2026-08-02","acq_time":1108,"confidence":"n","satellite":"N","instrument":"VIIRS","version":"2.0NRT","bright_ti4":297.92,"frp":3.14,"daynight":"N"},"geometry":{"type":"Point","coordinates":[-116.7339,42.59097]}},{"type":"Feature","properties":{"acq_date":"2026-08-02","acq_time":1108,"confidence":"n","satellite":"N","instrument":"VIIRS","version":"2.0NRT","bright_ti4":297.69,"frp":1.87,"daynight":"N"},"geometry":{"type":"Point","coordinates":[-116.84804,42.59174]}},{"type":"Feature","properties":{"acq_date":"2026-08-02","acq_time":1108,"confidence":"n","satellite":"N","instrument":"VIIRS","version":"2.0NRT","bright_ti4":299,"frp":4.22,"daynight":"N"},"geometry":{"type":"Point","coordinates":[-116.82884,42.5928]}},{"type":"Feature","properties":{"acq_date":"2026-08-02","acq_time":1108,"confidence":"n","satellite":"N","instrument":"VIIRS","version":"2.0NRT","bright_ti4":304.86,"frp":1.98,"daynight":"N"},"geometry":{"type":"Point","coordinates":[-116.82304,42.59298]}},{"type":"Feature","properties":{"acq_date":"2026-08-02","acq_time":1108,"confidence":"n","satellite":"N","instrument":"VIIRS","version":"2.0NRT","bright_ti4":302.85,"frp":3.14,"daynight":"N"},"geometry":{"type":"Point","coordinates":[-116.73673,42.59366]}},{"type":"Feature","properties":{"acq_date":"2026-08-02","acq_time":1108,"confidence":"n","satellite":"N","instrument":"VIIRS","version":"2.0NRT","bright_ti4":317.63,"frp":3.14,"daynight":"N"},"geometry":{"type":"Point","coordinates":[-116.74235,42.59385]}},{"type":"Feature","properties":{"acq_date":"2026-08-02","acq_time":1108,"confidence":"n","satellite":"N","instrument":"VIIRS","version":"2.0NRT","bright_ti4":299.24,"frp":2.38,"daynight":"N"},"geometry":{"type":"Point","coordinates":[-116.81006,42.59402]}},{"type":"Feature","properties":{"acq_date":"2026-08-02","acq_time":1108,"confidence":"n","satellite":"N","instrument":"VIIRS","version":"2.0NRT","bright_ti4":305.43,"frp":2.69,"daynight":"N"},"geometry":{"type":"Point","coordinates":[-116.79156,42.59534]}},{"type":"Feature","properties":{"acq_date":"2026-08-02","acq_time":1108,"confidence":"n","satellite":"N","instrument":"VIIRS","version":"2.0NRT","bright_ti4":299.67,"frp":1.98,"daynight":"N"},"geometry":{"type":"Point","coordinates":[-116.8306,42.5956]}},{"type":"Feature","properties":{"acq_date":"2026-08-02","acq_time":1108,"confidence":"n","satellite":"N","instrument":"VIIRS","version":"2.0NRT","bright_ti4":308.54,"frp":2.38,"daynight":"N"},"geometry":{"type":"Point","coordinates":[-116.81733,42.5965]}},{"type":"Feature","properties":{"acq_date":"2026-08-02","acq_time":1108,"confidence":"n","satellite":"N","instrument":"VIIRS","version":"2.0NRT","bright_ti4":324.5,"frp":4.34,"daynight":"N"},"geometry":{"type":"Point","coordinates":[-116.74494,42.5965]}},{"type":"Feature","properties":{"acq_date":"2026-08-02","acq_time":1108,"confidence":"n","satellite":"N","instrument":"VIIRS","version":"2.0NRT","bright_ti4":327.32,"frp":5.63,"daynight":"N"},"geometry":{"type":"Point","coordinates":[-116.75077,42.59671]}},{"type":"Feature","properties":{"acq_date":"2026-08-02","acq_time":1108,"confidence":"n","satellite":"N","instrument":"VIIRS","version":"2.0NRT","bright_ti4":301.52,"frp":1.83,"daynight":"N"},"geometry":{"type":"Point","coordinates":[-116.81186,42.59674]}},{"type":"Feature","properties":{"acq_date":"2026-08-02","acq_time":1108,"confidence":"n","satellite":"N","instrument":"VIIRS","version":"2.0NRT","bright_ti4":304.52,"frp":1.87,"daynight":"N"},"geometry":{"type":"Point","coordinates":[-116.84387,42.59793]}},{"type":"Feature","properties":{"acq_date":"2026-08-02","acq_time":1108,"confidence":"n","satellite":"N","instrument":"VIIRS","version":"2.0NRT","bright_ti4":298.38,"frp":2.69,"daynight":"N"},"geometry":{"type":"Point","coordinates":[-116.79942,42.59801]}},{"type":"Feature","properties":{"acq_date":"2026-08-02","acq_time":1108,"confidence":"n","satellite":"N","instrument":"VIIRS","version":"2.0NRT","bright_ti4":300.6,"frp":2.11,"daynight":"N"},"geometry":{"type":"Point","coordinates":[-116.79387,42.59815]}},{"type":"Feature","properties":{"acq_date":"2026-08-02","acq_time":1108,"confidence":"n","satellite":"N","instrument":"VIIRS","version":"2.0NRT","bright_ti4":301.86,"frp":1.73,"daynight":"N"},"geometry":{"type":"Point","coordinates":[-116.8382,42.59823]}},{"type":"Feature","properties":{"acq_date":"2026-08-02","acq_time":1108,"confidence":"n","satellite":"N","instrument":"VIIRS","version":"2.0NRT","bright_ti4":304.06,"frp":2.37,"daynight":"N"},"geometry":{"type":"Point","coordinates":[-116.82521,42.59918]}},{"type":"Feature","properties":{"acq_date":"2026-08-02","acq_time":1108,"confidence":"n","satellite":"N","instrument":"VIIRS","version":"2.0NRT","bright_ti4":311.04,"frp":1.98,"daynight":"N"},"geometry":{"type":"Point","coordinates":[-116.81947,42.59938]}},{"type":"Feature","properties":{"acq_date":"2026-08-02","acq_time":1108,"confidence":"n","satellite":"N","instrument":"VIIRS","version":"2.0NRT","bright_ti4":325.3,"frp":4.34,"daynight":"N"},"geometry":{"type":"Point","coordinates":[-116.75326,42.59938]}},{"type":"Feature","properties":{"acq_date":"2026-08-02","acq_time":1108,"confidence":"n","satellite":"N","instrument":"VIIRS","version":"2.0NRT","bright_ti4":307.84,"frp":5.63,"daynight":"N"},"geometry":{"type":"Point","coordinates":[-116.75939,42.59964]}},{"type":"Feature","properties":{"acq_date":"2026-08-02","acq_time":1108,"confidence":"n","satellite":"N","instrument":"VIIRS","version":"2.0NRT","bright_ti4":311.74,"frp":2.38,"daynight":"N"},"geometry":{"type":"Point","coordinates":[-116.80677,42.60052]}},{"type":"Feature","properties":{"acq_date":"2026-08-02","acq_time":1108,"confidence":"n","satellite":"N","instrument":"VIIRS","version":"2.0NRT","bright_ti4":299.41,"frp":2.23,"daynight":"N"},"geometry":{"type":"Point","coordinates":[-116.73952,42.60052]}},{"type":"Feature","properties":{"acq_date":"2026-08-02","acq_time":1108,"confidence":"n","satellite":"N","instrument":"VIIRS","version":"2.0NRT","bright_ti4":299.62,"frp":1.87,"daynight":"N"},"geometry":{"type":"Point","coordinates":[-116.85159,42.60056]}},{"type":"Feature","properties":{"acq_date":"2026-08-02","acq_time":1108,"confidence":"n","satellite":"N","instrument":"VIIRS","version":"2.0NRT","bright_ti4":303.93,"frp":1.73,"daynight":"N"},"geometry":{"type":"Point","coordinates":[-116.84583,42.60087]}},{"type":"Feature","properties":{"acq_date":"2026-08-02","acq_time":1108,"confidence":"n","satellite":"N","instrument":"VIIRS","version":"2.0NRT","bright_ti4":300.91,"frp":2.11,"daynight":"N"},"geometry":{"type":"Point","coordinates":[-116.78237,42.60181]}},{"type":"Feature","properties":{"acq_date":"2026-08-02","acq_time":1108,"confidence":"n","satellite":"N","instrument":"VIIRS","version":"2.0NRT","bright_ti4":304.75,"frp":2.37,"daynight":"N"},"geometry":{"type":"Point","coordinates":[-116.83308,42.60186]}},{"type":"Feature","properties":{"acq_date":"2026-08-02","acq_time":1108,"confidence":"n","satellite":"N","instrument":"VIIRS","version":"2.0NRT","bright_ti4":300.93,"frp":1.98,"daynight":"N"},"geometry":{"type":"Point","coordinates":[-116.82744,42.60214]}},{"type":"Feature","properties":{"acq_date":"2026-08-02","acq_time":1108,"confidence":"n","satellite":"N","instrument":"VIIRS","version":"2.0NRT","bright_ti4":311.16,"frp":3.17,"daynight":"N"},"geometry":{"type":"Point","coordinates":[-116.76158,42.60227]}},{"type":"Feature","properties":{"acq_date":"2026-08-02","acq_time":1108,"confidence":"n","satellite":"N","instrument":"VIIRS","version":"2.0NRT","bright_ti4":312.25,"frp":3.77,"daynight":"N"},"geometry":{"type":"Point","coordinates":[-116.76767,42.60246]}},{"type":"Feature","properties":{"acq_date":"2026-08-02","acq_time":1108,"confidence":"n","satellite":"N","instrument":"VIIRS","version":"2.0NRT","bright_ti4":311.51,"frp":2.38,"daynight":"N"},"geometry":{"type":"Point","coordinates":[-116.81407,42.603]}},{"type":"Feature","properties":{"acq_date":"2026-08-02","acq_time":1108,"confidence":"n","satellite":"N","instrument":"VIIRS","version":"2.0NRT","bright_ti4":307.65,"frp":2.89,"daynight":"N"},"geometry":{"type":"Point","coordinates":[-116.74737,42.60319]}},{"type":"Feature","properties":{"acq_date":"2026-08-02","acq_time":1108,"confidence":"n","satellite":"N","instrument":"VIIRS","version":"2.0NRT","bright_ti4":316.06,"frp":3.11,"daynight":"N"},"geometry":{"type":"Point","coordinates":[-116.80866,42.60327]}},{"type":"Feature","properties":{"acq_date":"2026-08-02","acq_time":1108,"confidence":"n","satellite":"N","instrument":"VIIRS","version":"2.0NRT","bright_ti4":303.57,"frp":2.75,"daynight":"N"},"geometry":{"type":"Point","coordinates":[-116.84073,42.60446]}},{"type":"Feature","properties":{"acq_date":"2026-08-02","acq_time":1108,"confidence":"n","satellite":"N","instrument":"VIIRS","version":"2.0NRT","bright_ti4":304.4,"frp":1.73,"daynight":"N"},"geometry":{"type":"Point","coordinates":[-116.83511,42.60479]}},{"type":"Feature","properties":{"acq_date":"2026-08-02","acq_time":1108,"confidence":"n","satellite":"N","instrument":"VIIRS","version":"2.0NRT","bright_ti4":314.7,"frp":3.17,"daynight":"N"},"geometry":{"type":"Point","coordinates":[-116.76994,42.60516]}},{"type":"Feature","properties":{"acq_date":"2026-08-02","acq_time":1108,"confidence":"n","satellite":"N","instrument":"VIIRS","version":"2.0NRT","bright_ti4":312.83,"frp":3.77,"daynight":"N"},"geometry":{"type":"Point","coordinates":[-116.77598,42.60528]}},{"type":"Feature","properties":{"acq_date":"2026-08-02","acq_time":1108,"confidence":"n","satellite":"N","instrument":"VIIRS","version":"2.0NRT","bright_ti4":306.68,"frp":2.37,"daynight":"N"},"geometry":{"type":"Point","coordinates":[-116.82216,42.60575]}},{"type":"Feature","properties":{"acq_date":"2026-08-02","acq_time":1108,"confidence":"n","satellite":"N","instrument":"VIIRS","version":"2.0NRT","bright_ti4":308.83,"frp":2.89,"daynight":"N"},"geometry":{"type":"Point","coordinates":[-116.75507,42.60581]}},{"type":"Feature","properties":{"acq_date":"2026-08-02","acq_time":1108,"confidence":"n","satellite":"N","instrument":"VIIRS","version":"2.0NRT","bright_ti4":302.81,"frp":4.34,"daynight":"N"},"geometry":{"type":"Point","coordinates":[-116.74978,42.60583]}},{"type":"Feature","properties":{"acq_date":"2026-08-02","acq_time":1108,"confidence":"n","satellite":"N","instrument":"VIIRS","version":"2.0NRT","bright_ti4":298.91,"frp":3.58,"daynight":"N"},"geometry":{"type":"Point","coordinates":[-116.86716,42.60586]}},{"type":"Feature","properties":{"acq_date":"2026-08-02","acq_time":1108,"confidence":"n","satellite":"N","instrument":"VIIRS","version":"2.0NRT","bright_ti4":313.53,"frp":2.48,"daynight":"N"},"geometry":{"type":"Point","coordinates":[-116.81628,42.60591]}},{"type":"Feature","properties":{"acq_date":"2026-08-02","acq_time":1108,"confidence":"n","satellite":"N","instrument":"VIIRS","version":"2.0NRT","bright_ti4":309.3,"frp":2.64,"daynight":"N"},"geometry":{"type":"Point","coordinates":[-116.80339,42.60699]}},{"type":"Feature","properties":{"acq_date":"2026-08-02","acq_time":1108,"confidence":"n","satellite":"N","instrument":"VIIRS","version":"2.0NRT","bright_ti4":303.33,"frp":3.11,"daynight":"N"},"geometry":{"type":"Point","coordinates":[-116.7981,42.60725]}},{"type":"Feature","properties":{"acq_date":"2026-08-02","acq_time":1108,"confidence":"n","satellite":"N","instrument":"VIIRS","version":"2.0NRT","bright_ti4":304.55,"frp":1.73,"daynight":"N"},"geometry":{"type":"Point","coordinates":[-116.84267,42.60741]}},{"type":"Feature","properties":{"acq_date":"2026-08-02","acq_time":1108,"confidence":"n","satellite":"N","instrument":"VIIRS","version":"2.0NRT","bright_ti4":311.72,"frp":3.08,"daynight":"N"},"geometry":{"type":"Point","coordinates":[-116.77828,42.60804]}},{"type":"Feature","properties":{"acq_date":"2026-08-02","acq_time":1108,"confidence":"n","satellite":"N","instrument":"VIIRS","version":"2.0NRT","bright_ti4":307.48,"frp":3.59,"daynight":"N"},"geometry":{"type":"Point","coordinates":[-116.78442,42.60815]}},{"type":"Feature","properties":{"acq_date":"2026-08-02","acq_time":1108,"confidence":"n","satellite":"N","instrument":"VIIRS","version":"2.0NRT","bright_ti4":301.95,"frp":2.37,"daynight":"N"},"geometry":{"type":"Point","coordinates":[-116.82996,42.60841]}},{"type":"Feature","properties":{"acq_date":"2026-08-02","acq_time":1108,"confidence":"n","satellite":"N","instrument":"VIIRS","version":"2.0NRT","bright_ti4":304.47,"frp":3.17,"daynight":"N"},"geometry":{"type":"Point","coordinates":[-116.75761,42.60854]}},{"type":"Feature","properties":{"acq_date":"2026-08-02","acq_time":1108,"confidence":"n","satellite":"N","instrument":"VIIRS","version":"2.0NRT","bright_ti4":307.43,"frp":2.8,"daynight":"N"},"geometry":{"type":"Point","coordinates":[-116.76331,42.6086]}},{"type":"Feature","properties":{"acq_date":"2026-08-02","acq_time":1108,"confidence":"n","satellite":"N","instrument":"VIIRS","version":"2.0NRT","bright_ti4":304.15,"frp":2.48,"daynight":"N"},"geometry":{"type":"Point","coordinates":[-116.82436,42.6087]}},{"type":"Feature","properties":{"acq_date":"2026-08-02","acq_time":1108,"confidence":"n","satellite":"N","instrument":"VIIRS","version":"2.0NRT","bright_ti4":310.41,"frp":2.64,"daynight":"N"},"geometry":{"type":"Point","coordinates":[-116.81073,42.60948]}},{"type":"Feature","properties":{"acq_date":"2026-08-02","acq_time":1108,"confidence":"n","satellite":"N","instrument":"VIIRS","version":"2.0NRT","bright_ti4":312,"frp":3.11,"daynight":"N"},"geometry":{"type":"Point","coordinates":[-116.80521,42.60971]}},{"type":"Feature","properties":{"acq_date":"2026-08-02","acq_time":1108,"confidence":"n","satellite":"N","instrument":"VIIRS","version":"2.0NRT","bright_ti4":304.2,"frp":3.59,"daynight":"N"},"geometry":{"type":"Point","coordinates":[-116.79219,42.61079]}},{"type":"Feature","properties":{"acq_date":"2026-08-02","acq_time":1108,"confidence":"n","satellite":"N","instrument":"VIIRS","version":"2.0NRT","bright_ti4":303.79,"frp":3.08,"daynight":"N"},"geometry":{"type":"Point","coordinates":[-116.78663,42.61093]}},{"type":"Feature","properties":{"acq_date":"2026-08-02","acq_time":1108,"confidence":"n","satellite":"N","instrument":"VIIRS","version":"2.0NRT","bright_ti4":311.52,"frp":2.75,"daynight":"N"},"geometry":{"type":"Point","coordinates":[-116.83745,42.61096]}},{"type":"Feature","properties":{"acq_date":"2026-08-02","acq_time":1108,"confidence":"n","satellite":"N","instrument":"VIIRS","version":"2.0NRT","bright_ti4":304.64,"frp":2.35,"daynight":"N"},"geometry":{"type":"Point","coordinates":[-116.83195,42.61133]}},{"type":"Feature","properties":{"acq_date":"2026-08-02","acq_time":1108,"confidence":"n","satellite":"N","instrument":"VIIRS","version":"2.0NRT","bright_ti4":312.06,"frp":3.17,"daynight":"N"},"geometry":{"type":"Point","coordinates":[-116.76575,42.61136]}},{"type":"Feature","properties":{"acq_date":"2026-08-02","acq_time":1108,"confidence":"n","satellite":"N","instrument":"VIIRS","version":"2.0NRT","bright_ti4":308.58,"frp":2.8,"daynight":"N"},"geometry":{"type":"Point","coordinates":[-116.77171,42.61146]}},{"type":"Feature","properties":{"acq_date":"2026-08-02","acq_time":1108,"confidence":"n","satellite":"N","instrument":"VIIRS","version":"2.0NRT","bright_ti4":305.79,"frp":2.48,"daynight":"N"},"geometry":{"type":"Point","coordinates":[-116.8189,42.61226]}},{"type":"Feature","properties":{"acq_date":"2026-08-02","acq_time":1108,"confidence":"n","satellite":"N","instrument":"VIIRS","version":"2.0NRT","bright_ti4":300.52,"frp":1.61,"daynight":"N"},"geometry":{"type":"Point","coordinates":[-116.86391,42.61235]}},{"type":"Feature","properties":{"acq_date":"2026-08-02","acq_time":1108,"confidence":"n","satellite":"N","instrument":"VIIRS","version":"2.0NRT","bright_ti4":306.27,"frp":2.48,"daynight":"N"},"geometry":{"type":"Point","coordinates":[-116.81291,42.61238]}},{"type":"Feature","properties":{"acq_date":"2026-08-02","acq_time":1108,"confidence":"n","satellite":"N","instrument":"VIIRS","version":"2.0NRT","bright_ti4":312.97,"frp":2.64,"daynight":"N"},"geometry":{"type":"Point","coordinates":[-116.79951,42.61328]}},{"type":"Feature","properties":{"acq_date":"2026-08-02","acq_time":1108,"confidence":"n","satellite":"N","instrument":"VIIRS","version":"2.0NRT","bright_ti4":304.69,"frp":2.51,"daynight":"N"},"geometry":{"type":"Point","coordinates":[-116.79413,42.61352]}},{"type":"Feature","properties":{"acq_date":"2026-08-02","acq_time":1108,"confidence":"n","satellite":"N","instrument":"VIIRS","version":"2.0NRT","bright_ti4":310.52,"frp":2.75,"daynight":"N"},"geometry":{"type":"Point","coordinates":[-116.84512,42.61356]}},{"type":"Feature","properties":{"acq_date":"2026-08-02","acq_time":1108,"confidence":"n","satellite":"N","instrument":"VIIRS","version":"2.0NRT","bright_ti4":312.94,"frp":2.35,"daynight":"N"},"geometry":{"type":"Point","coordinates":[-116.83943,42.61391]}},{"type":"Feature","properties":{"acq_date":"2026-08-02","acq_time":1108,"confidence":"n","satellite":"N","instrument":"VIIRS","version":"2.0NRT","bright_ti4":312.43,"frp":3.08,"daynight":"N"},"geometry":{"type":"Point","coordinates":[-116.77431,42.61432]}},{"type":"Feature","properties":{"acq_date":"2026-08-02","acq_time":1108,"confidence":"n","satellite":"N","instrument":"VIIRS","version":"2.0NRT","bright_ti4":310.9,"frp":2.22,"daynight":"N"},"geometry":{"type":"Point","coordinates":[-116.78027,42.61436]}},{"type":"Feature","properties":{"acq_date":"2026-08-02","acq_time":1108,"confidence":"n","satellite":"N","instrument":"VIIRS","version":"2.0NRT","bright_ti4":304.58,"frp":2.48,"daynight":"N"},"geometry":{"type":"Point","coordinates":[-116.82663,42.61488]}},{"type":"Feature","properties":{"acq_date":"2026-08-02","acq_time":1108,"confidence":"n","satellite":"N","instrument":"VIIRS","version":"2.0NRT","bright_ti4":301.36,"frp":2.48,"daynight":"N"},"geometry":{"type":"Point","coordinates":[-116.82098,42.61517]}},{"type":"Feature","properties":{"acq_date":"2026-08-02","acq_time":1108,"confidence":"n","satellite":"N","instrument":"VIIRS","version":"2.0NRT","bright_ti4":308.15,"frp":2.64,"daynight":"N"},"geometry":{"type":"Point","coordinates":[-116.80746,42.61598]}},{"type":"Feature","properties":{"acq_date":"2026-08-02","acq_time":1108,"confidence":"n","satellite":"N","instrument":"VIIRS","version":"2.0NRT","bright_ti4":313.29,"frp":2.51,"daynight":"N"},"geometry":{"type":"Point","coordinates":[-116.8018,42.61617]}},{"type":"Feature","properties":{"acq_date":"2026-08-02","acq_time":1108,"confidence":"n","satellite":"N","instrument":"VIIRS","version":"2.0NRT","bright_ti4":300.56,"frp":1.61,"daynight":"N"},"geometry":{"type":"Point","coordinates":[-116.85281,42.61618]}},{"type":"Feature","properties":{"acq_date":"2026-08-02","acq_time":1108,"confidence":"n","satellite":"N","instrument":"VIIRS","version":"2.0NRT","bright_ti4":310.62,"frp":3.01,"daynight":"N"},"geometry":{"type":"Point","coordinates":[-116.84707,42.61656]}},{"type":"Feature","properties":{"acq_date":"2026-08-02","acq_time":1108,"confidence":"n","satellite":"N","instrument":"VIIRS","version":"2.0NRT","bright_ti4":306.79,"frp":2.22,"daynight":"N"},"geometry":{"type":"Point","coordinates":[-116.78837,42.61711]}},{"type":"Feature","properties":{"acq_date":"2026-08-02","acq_time":1108,"confidence":"n","satellite":"N","instrument":"VIIRS","version":"2.0NRT","bright_ti4":313.44,"frp":3.08,"daynight":"N"},"geometry":{"type":"Point","coordinates":[-116.78265,42.6172]}},{"type":"Feature","properties":{"acq_date":"2026-08-02","acq_time":1108,"confidence":"n","satellite":"N","instrument":"VIIRS","version":"2.0NRT","bright_ti4":311.71,"frp":2.6,"daynight":"N"},"geometry":{"type":"Point","coordinates":[-116.83411,42.61743]}},{"type":"Feature","properties":{"acq_date":"2026-08-02","acq_time":1108,"confidence":"n","satellite":"N","instrument":"VIIRS","version":"2.0NRT","bright_ti4":306.38,"frp":2.35,"daynight":"N"},"geometry":{"type":"Point","coordinates":[-116.82848,42.61776]}},{"type":"Feature","properties":{"acq_date":"2026-08-02","acq_time":1108,"confidence":"n","satellite":"N","instrument":"VIIRS","version":"2.0NRT","bright_ti4":305.95,"frp":2.8,"daynight":"N"},"geometry":{"type":"Point","coordinates":[-116.76855,42.61801]}},{"type":"Feature","properties":{"acq_date":"2026-08-02","acq_time":1108,"confidence":"n","satellite":"N","instrument":"VIIRS","version":"2.0NRT","bright_ti4":300.77,"frp":2.48,"daynight":"N"},"geometry":{"type":"Point","coordinates":[-116.81548,42.6187]}},{"type":"Feature","properties":{"acq_date":"2026-08-02","acq_time":1108,"confidence":"n","satellite":"N","instrument":"VIIRS","version":"2.0NRT","bright_ti4":299.33,"frp":1.61,"daynight":"N"},"geometry":{"type":"Point","coordinates":[-116.8605,42.61879]}},{"type":"Feature","properties":{"acq_date":"2026-08-02","acq_time":1108,"confidence":"n","satellite":"N","instrument":"VIIRS","version":"2.0NRT","bright_ti4":308.19,"frp":5.23,"daynight":"N"},"geometry":{"type":"Point","coordinates":[-116.80987,42.61895]}},{"type":"Feature","properties":{"acq_date":"2026-08-02","acq_time":1108,"confidence":"n","satellite":"N","instrument":"VIIRS","version":"2.0NRT","bright_ti4":303.22,"frp":3.01,"daynight":"N"},"geometry":{"type":"Point","coordinates":[-116.85456,42.61915]}},{"type":"Feature","properties":{"acq_date":"2026-08-02","acq_time":1108,"confidence":"n","satellite":"N","instrument":"VIIRS","version":"2.0NRT","bright_ti4":309.7,"frp":2.07,"daynight":"N"},"geometry":{"type":"Point","coordinates":[-116.79613,42.61974]}},{"type":"Feature","properties":{"acq_date":"2026-08-02","acq_time":1108,"confidence":"n","satellite":"N","instrument":"VIIRS","version":"2.0NRT","bright_ti4":308.37,"frp":2.51,"daynight":"N"},"geometry":{"type":"Point","coordinates":[-116.79055,42.61992]}},{"type":"Feature","properties":{"acq_date":"2026-08-02","acq_time":1108,"confidence":"n","satellite":"N","instrument":"VIIRS","version":"2.0NRT","bright_ti4":304.5,"frp":2.6,"daynight":"N"},"geometry":{"type":"Point","coordinates":[-116.84179,42.62003]}},{"type":"Feature","properties":{"acq_date":"2026-08-02","acq_time":1108,"confidence":"n","satellite":"N","instrument":"VIIRS","version":"2.0NRT","bright_ti4":307.66,"frp":2.35,"daynight":"N"},"geometry":{"type":"Point","coordinates":[-116.83607,42.62038]}},{"type":"Feature","properties":{"acq_date":"2026-08-02","acq_time":1108,"confidence":"n","satellite":"N","instrument":"VIIRS","version":"2.0NRT","bright_ti4":306.39,"frp":2.22,"daynight":"N"},"geometry":{"type":"Point","coordinates":[-116.77689,42.62083]}},{"type":"Feature","properties":{"acq_date":"2026-08-02","acq_time":1108,"confidence":"n","satellite":"N","instrument":"VIIRS","version":"2.0NRT","bright_ti4":306.67,"frp":2.07,"daynight":"N"},"geometry":{"type":"Point","coordinates":[-116.80439,42.62255]}},{"type":"Feature","properties":{"acq_date":"2026-08-02","acq_time":1108,"confidence":"n","satellite":"N","instrument":"VIIRS","version":"2.0NRT","bright_ti4":310.8,"frp":2.51,"daynight":"N"},"geometry":{"type":"Point","coordinates":[-116.79862,42.62271]}},{"type":"Feature","properties":{"acq_date":"2026-08-02","acq_time":1108,"confidence":"n","satellite":"N","instrument":"VIIRS","version":"2.0NRT","bright_ti4":300.73,"frp":2.22,"daynight":"N"},"geometry":{"type":"Point","coordinates":[-116.78486,42.62353]}},{"type":"Feature","properties":{"acq_date":"2026-08-02","acq_time":1108,"confidence":"n","satellite":"N","instrument":"VIIRS","version":"2.0NRT","bright_ti4":301.56,"frp":2.07,"daynight":"N"},"geometry":{"type":"Point","coordinates":[-116.79301,42.6263]}},{"type":"Feature","properties":{"acq_date":"2026-08-02","acq_time":1108,"confidence":"n","satellite":"N","instrument":"VIIRS","version":"2.0NRT","bright_ti4":300.44,"frp":1.19,"daynight":"N"},"geometry":{"type":"Point","coordinates":[-116.84213,42.63535]}},{"type":"Feature","properties":{"acq_date":"2026-08-02","acq_time":1108,"confidence":"n","satellite":"N","instrument":"VIIRS","version":"2.0NRT","bright_ti4":298.02,"frp":1.48,"daynight":"N"},"geometry":{"type":"Point","coordinates":[-116.8364,42.63573]}},{"type":"Feature","properties":{"acq_date":"2026-08-02","acq_time":1108,"confidence":"n","satellite":"N","instrument":"VIIRS","version":"2.0NRT","bright_ti4":296.79,"frp":1.19,"daynight":"N"},"geometry":{"type":"Point","coordinates":[-116.85025,42.63809]}},{"type":"Feature","properties":{"acq_date":"2026-08-02","acq_time":1108,"confidence":"n","satellite":"N","instrument":"VIIRS","version":"2.0NRT","bright_ti4":304.45,"frp":1.48,"daynight":"N"},"geometry":{"type":"Point","coordinates":[-116.84429,42.63845]}},{"type":"Feature","properties":{"acq_date":"2026-08-02","acq_time":1108,"confidence":"n","satellite":"N","instrument":"VIIRS","version":"2.0NRT","bright_ti4":302.91,"frp":2.38,"daynight":"N"},"geometry":{"type":"Point","coordinates":[-116.83131,42.63927]}},{"type":"Feature","properties":{"acq_date":"2026-08-02","acq_time":1108,"confidence":"n","satellite":"N","instrument":"VIIRS","version":"2.0NRT","bright_ti4":301.15,"frp":1.19,"daynight":"N"},"geometry":{"type":"Point","coordinates":[-116.83858,42.64174]}},{"type":"Feature","properties":{"acq_date":"2026-08-02","acq_time":1108,"confidence":"n","satellite":"N","instrument":"VIIRS","version":"2.0NRT","bright_ti4":304.19,"frp":1.64,"daynight":"N"},"geometry":{"type":"Point","coordinates":[-116.83323,42.64226]}},{"type":"Feature","properties":{"acq_date":"2026-08-02","acq_time":1108,"confidence":"n","satellite":"N","instrument":"VIIRS","version":"2.0NRT","bright_ti4":300.15,"frp":1.17,"daynight":"N"},"geometry":{"type":"Point","coordinates":[-116.82091,42.64334]}},{"type":"Feature","properties":{"acq_date":"2026-08-02","acq_time":1108,"confidence":"n","satellite":"N","instrument":"VIIRS","version":"2.0NRT","bright_ti4":299.38,"frp":1.19,"daynight":"N"},"geometry":{"type":"Point","coordinates":[-116.84686,42.64454]}},{"type":"Feature","properties":{"acq_date":"2026-08-02","acq_time":1108,"confidence":"n","satellite":"N","instrument":"VIIRS","version":"2.0NRT","bright_ti4":297.19,"frp":1.64,"daynight":"N"},"geometry":{"type":"Point","coordinates":[-116.84075,42.64485]}},{"type":"Feature","properties":{"acq_date":"2026-08-02","acq_time":1108,"confidence":"n","satellite":"N","instrument":"VIIRS","version":"2.0NRT","bright_ti4":305.21,"frp":1.17,"daynight":"N"},"geometry":{"type":"Point","coordinates":[-116.82816,42.6458]}},{"type":"Feature","properties":{"acq_date":"2026-08-02","acq_time":1108,"confidence":"n","satellite":"N","instrument":"VIIRS","version":"2.0NRT","bright_ti4":302.37,"frp":2.38,"daynight":"N"},"geometry":{"type":"Point","coordinates":[-116.82283,42.6463]}},{"type":"Feature","properties":{"acq_date":"2026-08-02","acq_time":1108,"confidence":"n","satellite":"N","instrument":"VIIRS","version":"2.0NRT","bright_ti4":301.39,"frp":1.64,"daynight":"N"},"geometry":{"type":"Point","coordinates":[-116.83,42.64877]}},{"type":"Feature","properties":{"acq_date":"2026-08-02","acq_time":1108,"confidence":"n","satellite":"N","instrument":"VIIRS","version":"2.0NRT","bright_ti4":302.98,"frp":3.93,"daynight":"N"},"geometry":{"type":"Point","coordinates":[-116.77531,42.73656]}},{"type":"Feature","properties":{"acq_date":"2026-08-02","acq_time":1108,"confidence":"n","satellite":"N","instrument":"VIIRS","version":"2.0NRT","bright_ti4":319.32,"frp":5.35,"daynight":"N"},"geometry":{"type":"Point","coordinates":[-116.77783,42.73877]}},{"type":"Feature","properties":{"acq_date":"2026-08-02","acq_time":1108,"confidence":"n","satellite":"N","instrument":"VIIRS","version":"2.0NRT","bright_ti4":327.5,"frp":3.93,"daynight":"N"},"geometry":{"type":"Point","coordinates":[-116.78317,42.73923]}},{"type":"Feature","properties":{"acq_date":"2026-08-02","acq_time":1108,"confidence":"n","satellite":"N","instrument":"VIIRS","version":"2.0NRT","bright_ti4":327.12,"frp":6.34,"daynight":"N"},"geometry":{"type":"Point","coordinates":[-116.78559,42.74144]}},{"type":"Feature","properties":{"acq_date":"2026-08-02","acq_time":1108,"confidence":"n","satellite":"N","instrument":"VIIRS","version":"2.0NRT","bright_ti4":315.54,"frp":5.41,"daynight":"N"},"geometry":{"type":"Point","coordinates":[-116.79081,42.74182]}},{"type":"Feature","properties":{"acq_date":"2026-08-02","acq_time":1108,"confidence":"n","satellite":"N","instrument":"VIIRS","version":"2.0NRT","bright_ti4":313.63,"frp":6.34,"daynight":"N"},"geometry":{"type":"Point","coordinates":[-116.79346,42.74416]}},{"type":"Feature","properties":{"acq_date":"2026-08-02","acq_time":1108,"confidence":"n","satellite":"N","instrument":"VIIRS","version":"2.0NRT","bright_ti4":327.56,"frp":4.99,"daynight":"N"},"geometry":{"type":"Point","coordinates":[-116.7855,42.74761]}},{"type":"Feature","properties":{"acq_date":"2026-08-02","acq_time":1108,"confidence":"n","satellite":"N","instrument":"VIIRS","version":"2.0NRT","bright_ti4":327.65,"frp":6.34,"daynight":"N"},"geometry":{"type":"Point","coordinates":[-116.78806,42.74991]}},{"type":"Feature","properties":{"acq_date":"2026-08-02","acq_time":1108,"confidence":"n","satellite":"N","instrument":"VIIRS","version":"2.0NRT","bright_ti4":328.75,"frp":4.99,"daynight":"N"},"geometry":{"type":"Point","coordinates":[-116.79371,42.75039]}},{"type":"Feature","properties":{"acq_date":"2026-08-02","acq_time":1108,"confidence":"n","satellite":"N","instrument":"VIIRS","version":"2.0NRT","bright_ti4":327.99,"frp":9.38,"daynight":"N"},"geometry":{"type":"Point","coordinates":[-116.7962,42.7527]}},{"type":"Feature","properties":{"acq_date":"2026-08-02","acq_time":1108,"confidence":"n","satellite":"N","instrument":"VIIRS","version":"2.0NRT","bright_ti4":297.41,"frp":1.5,"daynight":"N"},"geometry":{"type":"Point","coordinates":[-116.78369,42.75602]}},{"type":"Feature","properties":{"acq_date":"2026-08-02","acq_time":1108,"confidence":"n","satellite":"N","instrument":"VIIRS","version":"2.0NRT","bright_ti4":309.88,"frp":4.99,"daynight":"N"},"geometry":{"type":"Point","coordinates":[-116.78845,42.75619]}},{"type":"Feature","properties":{"acq_date":"2026-08-02","acq_time":1108,"confidence":"n","satellite":"N","instrument":"VIIRS","version":"2.0NRT","bright_ti4":316.32,"frp":2.77,"daynight":"N"},"geometry":{"type":"Point","coordinates":[-116.79095,42.75851]}},{"type":"Feature","properties":{"acq_date":"2026-08-02","acq_time":1108,"confidence":"n","satellite":"N","instrument":"VIIRS","version":"2.0NRT","bright_ti4":316.61,"frp":4.7,"daynight":"N"},"geometry":{"type":"Point","coordinates":[-116.79633,42.75885]}},{"type":"Feature","properties":{"acq_date":"2026-08-02","acq_time":1108,"confidence":"n","satellite":"N","instrument":"VIIRS","version":"2.0NRT","bright_ti4":312.43,"frp":2.77,"daynight":"N"},"geometry":{"type":"Point","coordinates":[-116.79887,42.76123]}},{"type":"Feature","properties":{"acq_date":"2026-08-02","acq_time":1108,"confidence":"n","satellite":"N","instrument":"VIIRS","version":"2.0NRT","bright_ti4":297.43,"frp":4.7,"daynight":"N"},"geometry":{"type":"Point","coordinates":[-116.80403,42.76146]}},{"type":"Feature","properties":{"acq_date":"2026-08-02","acq_time":1108,"confidence":"n","satellite":"N","instrument":"VIIRS","version":"2.0NRT","bright_ti4":297.48,"frp":1.5,"daynight":"N"},"geometry":{"type":"Point","coordinates":[-116.78033,42.76247]}},{"type":"Feature","properties":{"acq_date":"2026-08-02","acq_time":1108,"confidence":"n","satellite":"N","instrument":"VIIRS","version":"2.0NRT","bright_ti4":296.44,"frp":2.55,"daynight":"N"},"geometry":{"type":"Point","coordinates":[-116.8065,42.76385]}},{"type":"Feature","properties":{"acq_date":"2026-08-02","acq_time":1108,"confidence":"n","satellite":"N","instrument":"VIIRS","version":"2.0NRT","bright_ti4":303.12,"frp":1.8,"daynight":"N"},"geometry":{"type":"Point","coordinates":[-116.81129,42.76391]}},{"type":"Feature","properties":{"acq_date":"2026-08-02","acq_time":1108,"confidence":"n","satellite":"N","instrument":"VIIRS","version":"2.0NRT","bright_ti4":304.86,"frp":2.77,"daynight":"N"},"geometry":{"type":"Point","coordinates":[-116.787,42.76476]}},{"type":"Feature","properties":{"acq_date":"2026-08-02","acq_time":1108,"confidence":"n","satellite":"N","instrument":"VIIRS","version":"2.0NRT","bright_ti4":301.26,"frp":2.55,"daynight":"N"},"geometry":{"type":"Point","coordinates":[-116.8138,42.76636]}},{"type":"Feature","properties":{"acq_date":"2026-08-02","acq_time":1108,"confidence":"n","satellite":"N","instrument":"VIIRS","version":"2.0NRT","bright_ti4":300.05,"frp":1.8,"daynight":"N"},"geometry":{"type":"Point","coordinates":[-116.81909,42.76654]}},{"type":"Feature","properties":{"acq_date":"2026-08-02","acq_time":1108,"confidence":"n","satellite":"N","instrument":"VIIRS","version":"2.0NRT","bright_ti4":312.88,"frp":2.77,"daynight":"N"},"geometry":{"type":"Point","coordinates":[-116.7939,42.76712]}},{"type":"Feature","properties":{"acq_date":"2026-08-02","acq_time":1108,"confidence":"n","satellite":"N","instrument":"VIIRS","version":"2.0NRT","bright_ti4":299.05,"frp":2.86,"daynight":"N"},"geometry":{"type":"Point","coordinates":[-116.8214,42.76897]}},{"type":"Feature","properties":{"acq_date":"2026-08-02","acq_time":1108,"confidence":"n","satellite":"N","instrument":"VIIRS","version":"2.0NRT","bright_ti4":305.79,"frp":2.55,"daynight":"N"},"geometry":{"type":"Point","coordinates":[-116.80185,42.76985]}},{"type":"Feature","properties":{"acq_date":"2026-08-02","acq_time":1108,"confidence":"n","satellite":"N","instrument":"VIIRS","version":"2.0NRT","bright_ti4":308.41,"frp":2.86,"daynight":"N"},"geometry":{"type":"Point","coordinates":[-116.81663,42.77492]}},{"type":"Feature","properties":{"acq_date":"2026-08-02","acq_time":1108,"confidence":"n","satellite":"N","instrument":"VIIRS","version":"2.0NRT","bright_ti4":313.31,"frp":2.54,"daynight":"N"},"geometry":{"type":"Point","coordinates":[-116.7723,42.78253]}},{"type":"Feature","properties":{"acq_date":"2026-08-02","acq_time":1108,"confidence":"n","satellite":"N","instrument":"VIIRS","version":"2.0NRT","bright_ti4":305.08,"frp":2.54,"daynight":"N"},"geometry":{"type":"Point","coordinates":[-116.78028,42.78526]}},{"type":"Feature","properties":{"acq_date":"2026-08-02","acq_time":1108,"confidence":"n","satellite":"N","instrument":"VIIRS","version":"2.0NRT","bright_ti4":300.01,"frp":1.36,"daynight":"N"},"geometry":{"type":"Point","coordinates":[-116.74313,42.78776]}},{"type":"Feature","properties":{"acq_date":"2026-08-02","acq_time":1108,"confidence":"n","satellite":"N","instrument":"VIIRS","version":"2.0NRT","bright_ti4":298.2,"frp":4.23,"daynight":"N"},"geometry":{"type":"Point","coordinates":[-116.83389,42.78843]}},{"type":"Feature","properties":{"acq_date":"2026-08-02","acq_time":1108,"confidence":"n","satellite":"N","instrument":"VIIRS","version":"2.0NRT","bright_ti4":303.35,"frp":2.19,"daynight":"N"},"geometry":{"type":"Point","coordinates":[-116.78256,42.79364]}},{"type":"Feature","properties":{"acq_date":"2026-08-02","acq_time":1108,"confidence":"n","satellite":"N","instrument":"VIIRS","version":"2.0NRT","bright_ti4":299.78,"frp":2.59,"daynight":"N"},"geometry":{"type":"Point","coordinates":[-116.78506,42.80208]}},{"type":"Feature","properties":{"acq_date":"2026-08-02","acq_time":1108,"confidence":"n","satellite":"N","instrument":"VIIRS","version":"2.0NRT","bright_ti4":298.39,"frp":2.12,"daynight":"N"},"geometry":{"type":"Point","coordinates":[-116.79276,42.80471]}},{"type":"Feature","properties":{"acq_date":"2026-08-02","acq_time":1108,"confidence":"n","satellite":"N","instrument":"VIIRS","version":"2.0NRT","bright_ti4":297.8,"frp":2.35,"daynight":"N"},"geometry":{"type":"Point","coordinates":[-116.77099,42.81246]}},{"type":"Feature","properties":{"acq_date":"2026-08-02","acq_time":1108,"confidence":"n","satellite":"N","instrument":"VIIRS","version":"2.0NRT","bright_ti4":295.25,"frp":2.12,"daynight":"N"},"geometry":{"type":"Point","coordinates":[-116.79613,42.81344]}},{"type":"Feature","properties":{"acq_date":"2026-08-02","acq_time":1108,"confidence":"n","satellite":"N","instrument":"VIIRS","version":"2.0NRT","bright_ti4":297.01,"frp":2.15,"daynight":"N"},"geometry":{"type":"Point","coordinates":[-116.77136,42.81522]}},{"type":"Feature","properties":{"acq_date":"2026-08-02","acq_time":1108,"confidence":"n","satellite":"N","instrument":"VIIRS","version":"2.0NRT","bright_ti4":299.86,"frp":2.31,"daynight":"N"},"geometry":{"type":"Point","coordinates":[-116.81101,42.81852]}},{"type":"Feature","properties":{"acq_date":"2026-08-02","acq_time":1108,"confidence":"n","satellite":"N","instrument":"VIIRS","version":"2.0NRT","bright_ti4":296.07,"frp":2.44,"daynight":"N"},"geometry":{"type":"Point","coordinates":[-116.79121,42.81935]}},{"type":"Feature","properties":{"acq_date":"2026-08-02","acq_time":1108,"confidence":"n","satellite":"N","instrument":"VIIRS","version":"2.0NRT","bright_ti4":297.35,"frp":1.31,"daynight":"N"},"geometry":{"type":"Point","coordinates":[-116.81153,42.82153]}},{"type":"Feature","properties":{"acq_date":"2026-08-02","acq_time":1108,"confidence":"n","satellite":"N","instrument":"VIIRS","version":"2.0NRT","bright_ti4":295.57,"frp":3.17,"daynight":"N"},"geometry":{"type":"Point","coordinates":[-116.79196,42.82236]}},{"type":"Feature","properties":{"acq_date":"2026-08-02","acq_time":1108,"confidence":"n","satellite":"N","instrument":"VIIRS","version":"2.0NRT","bright_ti4":296.13,"frp":1.32,"daynight":"N"},"geometry":{"type":"Point","coordinates":[-122.54631,43.12597]}},{"type":"Feature","properties":{"acq_date":"2026-08-02","acq_time":1108,"confidence":"n","satellite":"N","instrument":"VIIRS","version":"2.0NRT","bright_ti4":306.98,"frp":1.46,"daynight":"N"},"geometry":{"type":"Point","coordinates":[-122.53889,43.1288]}},{"type":"Feature","properties":{"acq_date":"2026-08-02","acq_time":1108,"confidence":"n","satellite":"N","instrument":"VIIRS","version":"2.0NRT","bright_ti4":304.22,"frp":1.59,"daynight":"N"},"geometry":{"type":"Point","coordinates":[-122.53615,43.12886]}},{"type":"Feature","properties":{"acq_date":"2026-08-02","acq_time":1108,"confidence":"n","satellite":"N","instrument":"VIIRS","version":"2.0NRT","bright_ti4":302.64,"frp":0.79,"daynight":"N"},"geometry":{"type":"Point","coordinates":[-122.532,43.13256]}},{"type":"Feature","properties":{"acq_date":"2026-08-02","acq_time":1108,"confidence":"n","satellite":"N","instrument":"VIIRS","version":"2.0NRT","bright_ti4":301.99,"frp":0.56,"daynight":"N"},"geometry":{"type":"Point","coordinates":[-122.53271,43.13361]}},{"type":"Feature","properties":{"acq_date":"2026-08-02","acq_time":1110,"confidence":"n","satellite":"N","instrument":"VIIRS","version":"2.0NRT","bright_ti4":303.03,"frp":1.1,"daynight":"N"},"geometry":{"type":"Point","coordinates":[-122.11462,38.01511]}},{"type":"Feature","properties":{"acq_date":"2026-08-02","acq_time":1110,"confidence":"n","satellite":"N","instrument":"VIIRS","version":"2.0NRT","bright_ti4":302.95,"frp":1.8,"daynight":"N"},"geometry":{"type":"Point","coordinates":[-122.11433,38.0159]}},{"type":"Feature","properties":{"acq_date":"2026-08-02","acq_time":1110,"confidence":"n","satellite":"N","instrument":"VIIRS","version":"2.0NRT","bright_ti4":300.37,"frp":0.88,"daynight":"N"},"geometry":{"type":"Point","coordinates":[-123.15304,38.99781]}},{"type":"Feature","properties":{"acq_date":"2026-08-02","acq_time":1110,"confidence":"n","satellite":"N","instrument":"VIIRS","version":"2.0NRT","bright_ti4":299.09,"frp":0.9,"daynight":"N"},"geometry":{"type":"Point","coordinates":[-119.3041,39.22205]}},{"type":"Feature","properties":{"acq_date":"2026-08-02","acq_time":1110,"confidence":"n","satellite":"N","instrument":"VIIRS","version":"2.0NRT","bright_ti4":306.65,"frp":3.17,"daynight":"N"},"geometry":{"type":"Point","coordinates":[-117.47893,39.5817]}},{"type":"Feature","properties":{"acq_date":"2026-08-02","acq_time":1110,"confidence":"n","satellite":"N","instrument":"VIIRS","version":"2.0NRT","bright_ti4":297.72,"frp":3.17,"daynight":"N"},"geometry":{"type":"Point","coordinates":[-117.472,39.58265]}},{"type":"Feature","properties":{"acq_date":"2026-08-02","acq_time":1110,"confidence":"n","satellite":"N","instrument":"VIIRS","version":"2.0NRT","bright_ti4":310.81,"frp":3.82,"daynight":"N"},"geometry":{"type":"Point","coordinates":[-117.48085,39.58574]}},{"type":"Feature","properties":{"acq_date":"2026-08-02","acq_time":1110,"confidence":"n","satellite":"N","instrument":"VIIRS","version":"2.0NRT","bright_ti4":305.79,"frp":3.17,"daynight":"N"},"geometry":{"type":"Point","coordinates":[-117.47627,39.58878]}},{"type":"Feature","properties":{"acq_date":"2026-08-02","acq_time":1110,"confidence":"n","satellite":"N","instrument":"VIIRS","version":"2.0NRT","bright_ti4":301.01,"frp":6.85,"daynight":"N"},"geometry":{"type":"Point","coordinates":[-117.48534,39.59187]}},{"type":"Feature","properties":{"acq_date":"2026-08-02","acq_time":1110,"confidence":"n","satellite":"N","instrument":"VIIRS","version":"2.0NRT","bright_ti4":309.92,"frp":3.82,"daynight":"N"},"geometry":{"type":"Point","coordinates":[-117.47829,39.59285]}},{"type":"Feature","properties":{"acq_date":"2026-08-02","acq_time":1110,"confidence":"n","satellite":"N","instrument":"VIIRS","version":"2.0NRT","bright_ti4":308.18,"frp":3.82,"daynight":"N"},"geometry":{"type":"Point","coordinates":[-117.48716,39.59593]}},{"type":"Feature","properties":{"acq_date":"2026-08-02","acq_time":1110,"confidence":"n","satellite":"N","instrument":"VIIRS","version":"2.0NRT","bright_ti4":314.27,"frp":6.52,"daynight":"N"},"geometry":{"type":"Point","coordinates":[-117.49547,39.59881]}},{"type":"Feature","properties":{"acq_date":"2026-08-02","acq_time":1110,"confidence":"n","satellite":"N","instrument":"VIIRS","version":"2.0NRT","bright_ti4":297.68,"frp":3.66,"daynight":"N"},"geometry":{"type":"Point","coordinates":[-117.48263,39.59893]}},{"type":"Feature","properties":{"acq_date":"2026-08-02","acq_time":1110,"confidence":"n","satellite":"N","instrument":"VIIRS","version":"2.0NRT","bright_ti4":320.35,"frp":3.66,"daynight":"N"},"geometry":{"type":"Point","coordinates":[-117.49085,39.60173]}},{"type":"Feature","properties":{"acq_date":"2026-08-02","acq_time":1110,"confidence":"n","satellite":"N","instrument":"VIIRS","version":"2.0NRT","bright_ti4":303.48,"frp":3.49,"daynight":"N"},"geometry":{"type":"Point","coordinates":[-117.49837,39.6043]}},{"type":"Feature","properties":{"acq_date":"2026-08-02","acq_time":1110,"confidence":"n","satellite":"N","instrument":"VIIRS","version":"2.0NRT","bright_ti4":305.08,"frp":2.35,"daynight":"N"},"geometry":{"type":"Point","coordinates":[-117.4923,39.60571]}},{"type":"Feature","properties":{"acq_date":"2026-08-02","acq_time":1110,"confidence":"n","satellite":"N","instrument":"VIIRS","version":"2.0NRT","bright_ti4":302.38,"frp":2.35,"daynight":"N"},"geometry":{"type":"Point","coordinates":[-117.49989,39.60834]}},{"type":"Feature","properties":{"acq_date":"2026-08-02","acq_time":1110,"confidence":"n","satellite":"N","instrument":"VIIRS","version":"2.0NRT","bright_ti4":298.25,"frp":3.49,"daynight":"N"},"geometry":{"type":"Point","coordinates":[-117.49635,39.61158]}},{"type":"Feature","properties":{"acq_date":"2026-08-02","acq_time":1110,"confidence":"n","satellite":"N","instrument":"VIIRS","version":"2.0NRT","bright_ti4":304.97,"frp":1.28,"daynight":"N"},"geometry":{"type":"Point","coordinates":[-119.26472,39.61841]}}]}