{"type":"FeatureCollection","name":"FIRMS VIIRS CA (last 1 day)","crs":{"type":"name","properties":{"name":"EPSG:4326"}},"fetched_at_utc":"2026-08-09T14:38:13.077Z","source":{"url":"https://firms.modaps.eosdis.nasa.gov/api/area/csv/8c4af552cf654445dd280dfb3ad9337c/VIIRS_SNPP_NRT/-125,32,-113,43.5/1","dataset":"VIIRS_SNPP_NRT","bbox":"-125,32,-113,43.5","day_range":"1"},"features":[{"type":"Feature","properties":{"acq_date":"2026-08-09","acq_time":856,"confidence":"n","satellite":"N","instrument":"VIIRS","version":"2.0NRT","bright_ti4":330.35,"frp":4.57,"daynight":"N"},"geometry":{"type":"Point","coordinates":[-116.58234,42.10569]}},{"type":"Feature","properties":{"acq_date":"2026-08-09","acq_time":856,"confidence":"n","satellite":"N","instrument":"VIIRS","version":"2.0NRT","bright_ti4":308.91,"frp":5.24,"daynight":"N"},"geometry":{"type":"Point","coordinates":[-116.58831,42.10588]}},{"type":"Feature","properties":{"acq_date":"2026-08-09","acq_time":856,"confidence":"n","satellite":"N","instrument":"VIIRS","version":"2.0NRT","bright_ti4":298.51,"frp":1.9,"daynight":"N"},"geometry":{"type":"Point","coordinates":[-116.57922,42.10722]}},{"type":"Feature","properties":{"acq_date":"2026-08-09","acq_time":856,"confidence":"n","satellite":"N","instrument":"VIIRS","version":"2.0NRT","bright_ti4":336.02,"frp":1.9,"daynight":"N"},"geometry":{"type":"Point","coordinates":[-116.5851,42.10739]}},{"type":"Feature","properties":{"acq_date":"2026-08-09","acq_time":856,"confidence":"n","satellite":"N","instrument":"VIIRS","version":"2.0NRT","bright_ti4":305.61,"frp":1.41,"daynight":"N"},"geometry":{"type":"Point","coordinates":[-116.57592,42.1115]}},{"type":"Feature","properties":{"acq_date":"2026-08-09","acq_time":856,"confidence":"n","satellite":"N","instrument":"VIIRS","version":"2.0NRT","bright_ti4":300.4,"frp":1.9,"daynight":"N"},"geometry":{"type":"Point","coordinates":[-116.57865,42.11324]}},{"type":"Feature","properties":{"acq_date":"2026-08-09","acq_time":856,"confidence":"n","satellite":"N","instrument":"VIIRS","version":"2.0NRT","bright_ti4":310.98,"frp":5.63,"daynight":"N"},"geometry":{"type":"Point","coordinates":[-116.49451,42.15286]}},{"type":"Feature","properties":{"acq_date":"2026-08-09","acq_time":856,"confidence":"h","satellite":"N","instrument":"VIIRS","version":"2.0NRT","bright_ti4":367,"frp":5.63,"daynight":"N"},"geometry":{"type":"Point","coordinates":[-116.50016,42.15304]}},{"type":"Feature","properties":{"acq_date":"2026-08-09","acq_time":856,"confidence":"n","satellite":"N","instrument":"VIIRS","version":"2.0NRT","bright_ti4":312.54,"frp":9.86,"daynight":"N"},"geometry":{"type":"Point","coordinates":[-116.50542,42.15321]}},{"type":"Feature","properties":{"acq_date":"2026-08-09","acq_time":856,"confidence":"n","satellite":"N","instrument":"VIIRS","version":"2.0NRT","bright_ti4":321.68,"frp":5.63,"daynight":"N"},"geometry":{"type":"Point","coordinates":[-116.49453,42.15887]}},{"type":"Feature","properties":{"acq_date":"2026-08-09","acq_time":856,"confidence":"n","satellite":"N","instrument":"VIIRS","version":"2.0NRT","bright_ti4":301.5,"frp":1.28,"daynight":"N"},"geometry":{"type":"Point","coordinates":[-116.50536,42.18327]}},{"type":"Feature","properties":{"acq_date":"2026-08-09","acq_time":856,"confidence":"n","satellite":"N","instrument":"VIIRS","version":"2.0NRT","bright_ti4":298.99,"frp":1.28,"daynight":"N"},"geometry":{"type":"Point","coordinates":[-116.51089,42.18345]}},{"type":"Feature","properties":{"acq_date":"2026-08-09","acq_time":856,"confidence":"n","satellite":"N","instrument":"VIIRS","version":"2.0NRT","bright_ti4":298.18,"frp":1.01,"daynight":"N"},"geometry":{"type":"Point","coordinates":[-116.48601,42.18865]}},{"type":"Feature","properties":{"acq_date":"2026-08-09","acq_time":856,"confidence":"n","satellite":"N","instrument":"VIIRS","version":"2.0NRT","bright_ti4":311.04,"frp":1.85,"daynight":"N"},"geometry":{"type":"Point","coordinates":[-116.49187,42.18884]}},{"type":"Feature","properties":{"acq_date":"2026-08-09","acq_time":856,"confidence":"n","satellite":"N","instrument":"VIIRS","version":"2.0NRT","bright_ti4":312.54,"frp":1.85,"daynight":"N"},"geometry":{"type":"Point","coordinates":[-116.49828,42.18905]}},{"type":"Feature","properties":{"acq_date":"2026-08-09","acq_time":856,"confidence":"n","satellite":"N","instrument":"VIIRS","version":"2.0NRT","bright_ti4":316.53,"frp":3.19,"daynight":"N"},"geometry":{"type":"Point","coordinates":[-116.50504,42.18928]}},{"type":"Feature","properties":{"acq_date":"2026-08-09","acq_time":856,"confidence":"n","satellite":"N","instrument":"VIIRS","version":"2.0NRT","bright_ti4":304.37,"frp":1.85,"daynight":"N"},"geometry":{"type":"Point","coordinates":[-116.49199,42.19485]}},{"type":"Feature","properties":{"acq_date":"2026-08-09","acq_time":856,"confidence":"n","satellite":"N","instrument":"VIIRS","version":"2.0NRT","bright_ti4":308.31,"frp":1.85,"daynight":"N"},"geometry":{"type":"Point","coordinates":[-116.49807,42.19506]}},{"type":"Feature","properties":{"acq_date":"2026-08-09","acq_time":856,"confidence":"n","satellite":"N","instrument":"VIIRS","version":"2.0NRT","bright_ti4":308.52,"frp":3.19,"daynight":"N"},"geometry":{"type":"Point","coordinates":[-116.50436,42.19527]}},{"type":"Feature","properties":{"acq_date":"2026-08-09","acq_time":856,"confidence":"n","satellite":"N","instrument":"VIIRS","version":"2.0NRT","bright_ti4":308.71,"frp":1.38,"daynight":"N"},"geometry":{"type":"Point","coordinates":[-116.49294,42.19623]}},{"type":"Feature","properties":{"acq_date":"2026-08-09","acq_time":856,"confidence":"n","satellite":"N","instrument":"VIIRS","version":"2.0NRT","bright_ti4":305.77,"frp":3.13,"daynight":"N"},"geometry":{"type":"Point","coordinates":[-116.49908,42.1964]}},{"type":"Feature","properties":{"acq_date":"2026-08-09","acq_time":856,"confidence":"n","satellite":"N","instrument":"VIIRS","version":"2.0NRT","bright_ti4":311.69,"frp":2.37,"daynight":"N"},"geometry":{"type":"Point","coordinates":[-116.50954,42.21951]}},{"type":"Feature","properties":{"acq_date":"2026-08-09","acq_time":856,"confidence":"n","satellite":"N","instrument":"VIIRS","version":"2.0NRT","bright_ti4":307.22,"frp":1.5,"daynight":"N"},"geometry":{"type":"Point","coordinates":[-116.51035,42.22078]}},{"type":"Feature","properties":{"acq_date":"2026-08-09","acq_time":856,"confidence":"n","satellite":"N","instrument":"VIIRS","version":"2.0NRT","bright_ti4":305.49,"frp":1.51,"daynight":"N"},"geometry":{"type":"Point","coordinates":[-116.90934,42.22647]}},{"type":"Feature","properties":{"acq_date":"2026-08-09","acq_time":856,"confidence":"n","satellite":"N","instrument":"VIIRS","version":"2.0NRT","bright_ti4":302.84,"frp":1.51,"daynight":"N"},"geometry":{"type":"Point","coordinates":[-116.50258,42.2313]}},{"type":"Feature","properties":{"acq_date":"2026-08-09","acq_time":856,"confidence":"n","satellite":"N","instrument":"VIIRS","version":"2.0NRT","bright_ti4":300.42,"frp":1.91,"daynight":"N"},"geometry":{"type":"Point","coordinates":[-116.9056,42.23162]}},{"type":"Feature","properties":{"acq_date":"2026-08-09","acq_time":856,"confidence":"n","satellite":"N","instrument":"VIIRS","version":"2.0NRT","bright_ti4":308.03,"frp":3.31,"daynight":"N"},"geometry":{"type":"Point","coordinates":[-116.91084,42.23175]}},{"type":"Feature","properties":{"acq_date":"2026-08-09","acq_time":856,"confidence":"n","satellite":"N","instrument":"VIIRS","version":"2.0NRT","bright_ti4":313.78,"frp":1.66,"daynight":"N"},"geometry":{"type":"Point","coordinates":[-116.50319,42.23261]}},{"type":"Feature","properties":{"acq_date":"2026-08-09","acq_time":856,"confidence":"n","satellite":"N","instrument":"VIIRS","version":"2.0NRT","bright_ti4":306.23,"frp":1.51,"daynight":"N"},"geometry":{"type":"Point","coordinates":[-116.90999,42.23262]}},{"type":"Feature","properties":{"acq_date":"2026-08-09","acq_time":856,"confidence":"n","satellite":"N","instrument":"VIIRS","version":"2.0NRT","bright_ti4":307.88,"frp":1.66,"daynight":"N"},"geometry":{"type":"Point","coordinates":[-116.50204,42.23859]}},{"type":"Feature","properties":{"acq_date":"2026-08-09","acq_time":856,"confidence":"n","satellite":"N","instrument":"VIIRS","version":"2.0NRT","bright_ti4":309.84,"frp":2.07,"daynight":"N"},"geometry":{"type":"Point","coordinates":[-116.92641,42.26285]}},{"type":"Feature","properties":{"acq_date":"2026-08-09","acq_time":856,"confidence":"n","satellite":"N","instrument":"VIIRS","version":"2.0NRT","bright_ti4":304.69,"frp":1.43,"daynight":"N"},"geometry":{"type":"Point","coordinates":[-116.6513,42.26722]}},{"type":"Feature","properties":{"acq_date":"2026-08-09","acq_time":856,"confidence":"n","satellite":"N","instrument":"VIIRS","version":"2.0NRT","bright_ti4":301.61,"frp":1.43,"daynight":"N"},"geometry":{"type":"Point","coordinates":[-116.65771,42.26741]}},{"type":"Feature","properties":{"acq_date":"2026-08-09","acq_time":856,"confidence":"n","satellite":"N","instrument":"VIIRS","version":"2.0NRT","bright_ti4":337.65,"frp":8.34,"daynight":"N"},"geometry":{"type":"Point","coordinates":[-116.92079,42.26883]}},{"type":"Feature","properties":{"acq_date":"2026-08-09","acq_time":856,"confidence":"h","satellite":"N","instrument":"VIIRS","version":"2.0NRT","bright_ti4":367,"frp":8.34,"daynight":"N"},"geometry":{"type":"Point","coordinates":[-116.9261,42.26898]}},{"type":"Feature","properties":{"acq_date":"2026-08-09","acq_time":856,"confidence":"n","satellite":"N","instrument":"VIIRS","version":"2.0NRT","bright_ti4":299.17,"frp":10.69,"daynight":"N"},"geometry":{"type":"Point","coordinates":[-116.93153,42.26913]}},{"type":"Feature","properties":{"acq_date":"2026-08-09","acq_time":856,"confidence":"n","satellite":"N","instrument":"VIIRS","version":"2.0NRT","bright_ti4":309.01,"frp":3.23,"daynight":"N"},"geometry":{"type":"Point","coordinates":[-116.90968,42.27467]}},{"type":"Feature","properties":{"acq_date":"2026-08-09","acq_time":856,"confidence":"n","satellite":"N","instrument":"VIIRS","version":"2.0NRT","bright_ti4":315.08,"frp":3.23,"daynight":"N"},"geometry":{"type":"Point","coordinates":[-116.91515,42.27482]}},{"type":"Feature","properties":{"acq_date":"2026-08-09","acq_time":856,"confidence":"n","satellite":"N","instrument":"VIIRS","version":"2.0NRT","bright_ti4":338.35,"frp":8.34,"daynight":"N"},"geometry":{"type":"Point","coordinates":[-116.92042,42.27496]}},{"type":"Feature","properties":{"acq_date":"2026-08-09","acq_time":856,"confidence":"n","satellite":"N","instrument":"VIIRS","version":"2.0NRT","bright_ti4":344.38,"frp":8.34,"daynight":"N"},"geometry":{"type":"Point","coordinates":[-116.92572,42.27511]}},{"type":"Feature","properties":{"acq_date":"2026-08-09","acq_time":856,"confidence":"n","satellite":"N","instrument":"VIIRS","version":"2.0NRT","bright_ti4":298.4,"frp":1.03,"daynight":"N"},"geometry":{"type":"Point","coordinates":[-116.52353,42.27537]}},{"type":"Feature","properties":{"acq_date":"2026-08-09","acq_time":856,"confidence":"n","satellite":"N","instrument":"VIIRS","version":"2.0NRT","bright_ti4":301.5,"frp":0.7,"daynight":"N"},"geometry":{"type":"Point","coordinates":[-116.77615,42.27699]}},{"type":"Feature","properties":{"acq_date":"2026-08-09","acq_time":856,"confidence":"n","satellite":"N","instrument":"VIIRS","version":"2.0NRT","bright_ti4":302.36,"frp":2.12,"daynight":"N"},"geometry":{"type":"Point","coordinates":[-116.78316,42.27719]}},{"type":"Feature","properties":{"acq_date":"2026-08-09","acq_time":856,"confidence":"n","satellite":"N","instrument":"VIIRS","version":"2.0NRT","bright_ti4":319.4,"frp":4.16,"daynight":"N"},"geometry":{"type":"Point","coordinates":[-116.90907,42.28079]}},{"type":"Feature","properties":{"acq_date":"2026-08-09","acq_time":856,"confidence":"n","satellite":"N","instrument":"VIIRS","version":"2.0NRT","bright_ti4":304.88,"frp":1.44,"daynight":"N"},"geometry":{"type":"Point","coordinates":[-116.63203,42.28481]}},{"type":"Feature","properties":{"acq_date":"2026-08-09","acq_time":856,"confidence":"n","satellite":"N","instrument":"VIIRS","version":"2.0NRT","bright_ti4":322.16,"frp":3.13,"daynight":"N"},"geometry":{"type":"Point","coordinates":[-116.61652,42.33273]}},{"type":"Feature","properties":{"acq_date":"2026-08-09","acq_time":856,"confidence":"n","satellite":"N","instrument":"VIIRS","version":"2.0NRT","bright_ti4":321.61,"frp":2.36,"daynight":"N"},"geometry":{"type":"Point","coordinates":[-116.61618,42.334]}},{"type":"Feature","properties":{"acq_date":"2026-08-09","acq_time":856,"confidence":"n","satellite":"N","instrument":"VIIRS","version":"2.0NRT","bright_ti4":303.58,"frp":0.87,"daynight":"N"},"geometry":{"type":"Point","coordinates":[-116.83729,42.38895]}},{"type":"Feature","properties":{"acq_date":"2026-08-09","acq_time":856,"confidence":"n","satellite":"N","instrument":"VIIRS","version":"2.0NRT","bright_ti4":324.65,"frp":3.89,"daynight":"N"},"geometry":{"type":"Point","coordinates":[-116.86169,42.40189]}},{"type":"Feature","properties":{"acq_date":"2026-08-09","acq_time":856,"confidence":"n","satellite":"N","instrument":"VIIRS","version":"2.0NRT","bright_ti4":312.01,"frp":2.31,"daynight":"N"},"geometry":{"type":"Point","coordinates":[-116.86034,42.40797]}},{"type":"Feature","properties":{"acq_date":"2026-08-09","acq_time":856,"confidence":"n","satellite":"N","instrument":"VIIRS","version":"2.0NRT","bright_ti4":316.2,"frp":2.31,"daynight":"N"},"geometry":{"type":"Point","coordinates":[-116.86615,42.40814]}},{"type":"Feature","properties":{"acq_date":"2026-08-09","acq_time":856,"confidence":"n","satellite":"N","instrument":"VIIRS","version":"2.0NRT","bright_ti4":300.41,"frp":1.49,"daynight":"N"},"geometry":{"type":"Point","coordinates":[-116.8604,42.41351]}},{"type":"Feature","properties":{"acq_date":"2026-08-09","acq_time":856,"confidence":"n","satellite":"N","instrument":"VIIRS","version":"2.0NRT","bright_ti4":301.02,"frp":0.91,"daynight":"N"},"geometry":{"type":"Point","coordinates":[-116.76307,42.42331]}},{"type":"Feature","properties":{"acq_date":"2026-08-09","acq_time":856,"confidence":"n","satellite":"N","instrument":"VIIRS","version":"2.0NRT","bright_ti4":298.31,"frp":1.28,"daynight":"N"},"geometry":{"type":"Point","coordinates":[-116.76192,42.42334]}},{"type":"Feature","properties":{"acq_date":"2026-08-09","acq_time":856,"confidence":"n","satellite":"N","instrument":"VIIRS","version":"2.0NRT","bright_ti4":303.11,"frp":1.23,"daynight":"N"},"geometry":{"type":"Point","coordinates":[-116.85079,42.43777]}},{"type":"Feature","properties":{"acq_date":"2026-08-09","acq_time":856,"confidence":"n","satellite":"N","instrument":"VIIRS","version":"2.0NRT","bright_ti4":303.86,"frp":1.23,"daynight":"N"},"geometry":{"type":"Point","coordinates":[-116.85664,42.43792]}},{"type":"Feature","properties":{"acq_date":"2026-08-09","acq_time":856,"confidence":"n","satellite":"N","instrument":"VIIRS","version":"2.0NRT","bright_ti4":300.1,"frp":1.07,"daynight":"N"},"geometry":{"type":"Point","coordinates":[-116.84959,42.43826]}},{"type":"Feature","properties":{"acq_date":"2026-08-09","acq_time":856,"confidence":"n","satellite":"N","instrument":"VIIRS","version":"2.0NRT","bright_ti4":304.32,"frp":1.76,"daynight":"N"},"geometry":{"type":"Point","coordinates":[-116.85535,42.43844]}},{"type":"Feature","properties":{"acq_date":"2026-08-09","acq_time":856,"confidence":"n","satellite":"N","instrument":"VIIRS","version":"2.0NRT","bright_ti4":320.56,"frp":2.4,"daynight":"N"},"geometry":{"type":"Point","coordinates":[-116.89448,42.43887]}},{"type":"Feature","properties":{"acq_date":"2026-08-09","acq_time":856,"confidence":"n","satellite":"N","instrument":"VIIRS","version":"2.0NRT","bright_ti4":313.27,"frp":4.13,"daynight":"N"},"geometry":{"type":"Point","coordinates":[-116.90187,42.43906]}},{"type":"Feature","properties":{"acq_date":"2026-08-09","acq_time":856,"confidence":"n","satellite":"N","instrument":"VIIRS","version":"2.0NRT","bright_ti4":316.08,"frp":2.69,"daynight":"N"},"geometry":{"type":"Point","coordinates":[-116.89299,42.43959]}},{"type":"Feature","properties":{"acq_date":"2026-08-09","acq_time":856,"confidence":"n","satellite":"N","instrument":"VIIRS","version":"2.0NRT","bright_ti4":322.78,"frp":2.69,"daynight":"N"},"geometry":{"type":"Point","coordinates":[-116.90033,42.43982]}},{"type":"Feature","properties":{"acq_date":"2026-08-09","acq_time":856,"confidence":"n","satellite":"N","instrument":"VIIRS","version":"2.0NRT","bright_ti4":307.96,"frp":1.25,"daynight":"N"},"geometry":{"type":"Point","coordinates":[-116.86219,42.44419]}},{"type":"Feature","properties":{"acq_date":"2026-08-09","acq_time":856,"confidence":"n","satellite":"N","instrument":"VIIRS","version":"2.0NRT","bright_ti4":298.61,"frp":1.25,"daynight":"N"},"geometry":{"type":"Point","coordinates":[-116.86809,42.44434]}},{"type":"Feature","properties":{"acq_date":"2026-08-09","acq_time":856,"confidence":"n","satellite":"N","instrument":"VIIRS","version":"2.0NRT","bright_ti4":303.68,"frp":1.61,"daynight":"N"},"geometry":{"type":"Point","coordinates":[-116.8609,42.44474]}},{"type":"Feature","properties":{"acq_date":"2026-08-09","acq_time":856,"confidence":"n","satellite":"N","instrument":"VIIRS","version":"2.0NRT","bright_ti4":307.39,"frp":1.85,"daynight":"N"},"geometry":{"type":"Point","coordinates":[-116.86682,42.44492]}},{"type":"Feature","properties":{"acq_date":"2026-08-09","acq_time":856,"confidence":"n","satellite":"N","instrument":"VIIRS","version":"2.0NRT","bright_ti4":314.69,"frp":2.4,"daynight":"N"},"geometry":{"type":"Point","coordinates":[-116.8952,42.44503]}},{"type":"Feature","properties":{"acq_date":"2026-08-09","acq_time":856,"confidence":"n","satellite":"N","instrument":"VIIRS","version":"2.0NRT","bright_ti4":319.82,"frp":4.13,"daynight":"N"},"geometry":{"type":"Point","coordinates":[-116.90235,42.4452]}},{"type":"Feature","properties":{"acq_date":"2026-08-09","acq_time":856,"confidence":"n","satellite":"N","instrument":"VIIRS","version":"2.0NRT","bright_ti4":303.06,"frp":1.91,"daynight":"N"},"geometry":{"type":"Point","coordinates":[-116.89368,42.44575]}},{"type":"Feature","properties":{"acq_date":"2026-08-09","acq_time":856,"confidence":"n","satellite":"N","instrument":"VIIRS","version":"2.0NRT","bright_ti4":318.89,"frp":1.91,"daynight":"N"},"geometry":{"type":"Point","coordinates":[-116.90099,42.44597]}},{"type":"Feature","properties":{"acq_date":"2026-08-09","acq_time":856,"confidence":"n","satellite":"N","instrument":"VIIRS","version":"2.0NRT","bright_ti4":307.53,"frp":2.26,"daynight":"N"},"geometry":{"type":"Point","coordinates":[-116.90749,42.44617]}},{"type":"Feature","properties":{"acq_date":"2026-08-09","acq_time":856,"confidence":"n","satellite":"N","instrument":"VIIRS","version":"2.0NRT","bright_ti4":296.96,"frp":0.63,"daynight":"N"},"geometry":{"type":"Point","coordinates":[-116.74553,42.57577]}},{"type":"Feature","properties":{"acq_date":"2026-08-09","acq_time":856,"confidence":"n","satellite":"N","instrument":"VIIRS","version":"2.0NRT","bright_ti4":299.95,"frp":0.63,"daynight":"N"},"geometry":{"type":"Point","coordinates":[-116.75115,42.57593]}},{"type":"Feature","properties":{"acq_date":"2026-08-09","acq_time":856,"confidence":"n","satellite":"N","instrument":"VIIRS","version":"2.0NRT","bright_ti4":313.49,"frp":1.81,"daynight":"N"},"geometry":{"type":"Point","coordinates":[-116.5845,42.58935]}},{"type":"Feature","properties":{"acq_date":"2026-08-09","acq_time":856,"confidence":"n","satellite":"N","instrument":"VIIRS","version":"2.0NRT","bright_ti4":313.7,"frp":1.81,"daynight":"N"},"geometry":{"type":"Point","coordinates":[-116.59074,42.58953]}},{"type":"Feature","properties":{"acq_date":"2026-08-09","acq_time":856,"confidence":"n","satellite":"N","instrument":"VIIRS","version":"2.0NRT","bright_ti4":299.84,"frp":0.9,"daynight":"N"},"geometry":{"type":"Point","coordinates":[-116.58397,42.59538]}},{"type":"Feature","properties":{"acq_date":"2026-08-09","acq_time":856,"confidence":"n","satellite":"N","instrument":"VIIRS","version":"2.0NRT","bright_ti4":297.29,"frp":0.9,"daynight":"N"},"geometry":{"type":"Point","coordinates":[-116.5899,42.59556]}},{"type":"Feature","properties":{"acq_date":"2026-08-09","acq_time":856,"confidence":"n","satellite":"N","instrument":"VIIRS","version":"2.0NRT","bright_ti4":302.17,"frp":0.9,"daynight":"N"},"geometry":{"type":"Point","coordinates":[-116.58378,42.60143]}},{"type":"Feature","properties":{"acq_date":"2026-08-09","acq_time":856,"confidence":"n","satellite":"N","instrument":"VIIRS","version":"2.0NRT","bright_ti4":303.83,"frp":0.9,"daynight":"N"},"geometry":{"type":"Point","coordinates":[-116.59,42.60162]}},{"type":"Feature","properties":{"acq_date":"2026-08-09","acq_time":856,"confidence":"n","satellite":"N","instrument":"VIIRS","version":"2.0NRT","bright_ti4":303.01,"frp":2.66,"daynight":"N"},"geometry":{"type":"Point","coordinates":[-116.59614,42.60181]}},{"type":"Feature","properties":{"acq_date":"2026-08-09","acq_time":856,"confidence":"n","satellite":"N","instrument":"VIIRS","version":"2.0NRT","bright_ti4":305.07,"frp":1.39,"daynight":"N"},"geometry":{"type":"Point","coordinates":[-116.58304,42.60745]}},{"type":"Feature","properties":{"acq_date":"2026-08-09","acq_time":856,"confidence":"n","satellite":"N","instrument":"VIIRS","version":"2.0NRT","bright_ti4":297.17,"frp":1.39,"daynight":"N"},"geometry":{"type":"Point","coordinates":[-116.58961,42.60766]}},{"type":"Feature","properties":{"acq_date":"2026-08-09","acq_time":856,"confidence":"n","satellite":"N","instrument":"VIIRS","version":"2.0NRT","bright_ti4":308.45,"frp":0.95,"daynight":"N"},"geometry":{"type":"Point","coordinates":[-116.59577,42.60785]}},{"type":"Feature","properties":{"acq_date":"2026-08-09","acq_time":856,"confidence":"n","satellite":"N","instrument":"VIIRS","version":"2.0NRT","bright_ti4":303.59,"frp":0.95,"daynight":"N"},"geometry":{"type":"Point","coordinates":[-116.60217,42.60804]}},{"type":"Feature","properties":{"acq_date":"2026-08-09","acq_time":856,"confidence":"n","satellite":"N","instrument":"VIIRS","version":"2.0NRT","bright_ti4":315.28,"frp":2.23,"daynight":"N"},"geometry":{"type":"Point","coordinates":[-116.72852,42.61186]}},{"type":"Feature","properties":{"acq_date":"2026-08-09","acq_time":856,"confidence":"n","satellite":"N","instrument":"VIIRS","version":"2.0NRT","bright_ti4":311.79,"frp":2.23,"daynight":"N"},"geometry":{"type":"Point","coordinates":[-116.73447,42.61203]}},{"type":"Feature","properties":{"acq_date":"2026-08-09","acq_time":856,"confidence":"n","satellite":"N","instrument":"VIIRS","version":"2.0NRT","bright_ti4":298.63,"frp":0.95,"daynight":"N"},"geometry":{"type":"Point","coordinates":[-116.59514,42.61388]}},{"type":"Feature","properties":{"acq_date":"2026-08-09","acq_time":856,"confidence":"n","satellite":"N","instrument":"VIIRS","version":"2.0NRT","bright_ti4":297.52,"frp":0.95,"daynight":"N"},"geometry":{"type":"Point","coordinates":[-116.60168,42.61409]}},{"type":"Feature","properties":{"acq_date":"2026-08-09","acq_time":856,"confidence":"n","satellite":"N","instrument":"VIIRS","version":"2.0NRT","bright_ti4":298.35,"frp":1.83,"daynight":"N"},"geometry":{"type":"Point","coordinates":[-116.59383,42.61468]}},{"type":"Feature","properties":{"acq_date":"2026-08-09","acq_time":856,"confidence":"n","satellite":"N","instrument":"VIIRS","version":"2.0NRT","bright_ti4":302.04,"frp":2.14,"daynight":"N"},"geometry":{"type":"Point","coordinates":[-116.68649,42.62277]}},{"type":"Feature","properties":{"acq_date":"2026-08-09","acq_time":856,"confidence":"n","satellite":"N","instrument":"VIIRS","version":"2.0NRT","bright_ti4":314.97,"frp":3.86,"daynight":"N"},"geometry":{"type":"Point","coordinates":[-116.69267,42.62296]}},{"type":"Feature","properties":{"acq_date":"2026-08-09","acq_time":856,"confidence":"n","satellite":"N","instrument":"VIIRS","version":"2.0NRT","bright_ti4":317.34,"frp":2.58,"daynight":"N"},"geometry":{"type":"Point","coordinates":[-116.6915,42.62324]}},{"type":"Feature","properties":{"acq_date":"2026-08-09","acq_time":856,"confidence":"n","satellite":"N","instrument":"VIIRS","version":"2.0NRT","bright_ti4":299.98,"frp":2.21,"daynight":"N"},"geometry":{"type":"Point","coordinates":[-116.6973,42.62339]}},{"type":"Feature","properties":{"acq_date":"2026-08-09","acq_time":856,"confidence":"n","satellite":"N","instrument":"VIIRS","version":"2.0NRT","bright_ti4":307.62,"frp":2.63,"daynight":"N"},"geometry":{"type":"Point","coordinates":[-116.60037,42.62616]}},{"type":"Feature","properties":{"acq_date":"2026-08-09","acq_time":856,"confidence":"n","satellite":"N","instrument":"VIIRS","version":"2.0NRT","bright_ti4":318.07,"frp":2.15,"daynight":"N"},"geometry":{"type":"Point","coordinates":[-116.60667,42.62636]}},{"type":"Feature","properties":{"acq_date":"2026-08-09","acq_time":856,"confidence":"n","satellite":"N","instrument":"VIIRS","version":"2.0NRT","bright_ti4":303.28,"frp":2.15,"daynight":"N"},"geometry":{"type":"Point","coordinates":[-116.61282,42.62656]}},{"type":"Feature","properties":{"acq_date":"2026-08-09","acq_time":856,"confidence":"n","satellite":"N","instrument":"VIIRS","version":"2.0NRT","bright_ti4":301.49,"frp":2.65,"daynight":"N"},"geometry":{"type":"Point","coordinates":[-116.59894,42.62692]}},{"type":"Feature","properties":{"acq_date":"2026-08-09","acq_time":856,"confidence":"n","satellite":"N","instrument":"VIIRS","version":"2.0NRT","bright_ti4":322.06,"frp":2.65,"daynight":"N"},"geometry":{"type":"Point","coordinates":[-116.60529,42.62709]}},{"type":"Feature","properties":{"acq_date":"2026-08-09","acq_time":856,"confidence":"n","satellite":"N","instrument":"VIIRS","version":"2.0NRT","bright_ti4":315.58,"frp":4.14,"daynight":"N"},"geometry":{"type":"Point","coordinates":[-116.61143,42.62725]}},{"type":"Feature","properties":{"acq_date":"2026-08-09","acq_time":856,"confidence":"n","satellite":"N","instrument":"VIIRS","version":"2.0NRT","bright_ti4":315.25,"frp":4.28,"daynight":"N"},"geometry":{"type":"Point","coordinates":[-116.59946,42.63219]}},{"type":"Feature","properties":{"acq_date":"2026-08-09","acq_time":856,"confidence":"n","satellite":"N","instrument":"VIIRS","version":"2.0NRT","bright_ti4":332.1,"frp":6.22,"daynight":"N"},"geometry":{"type":"Point","coordinates":[-116.60552,42.63238]}},{"type":"Feature","properties":{"acq_date":"2026-08-09","acq_time":856,"confidence":"n","satellite":"N","instrument":"VIIRS","version":"2.0NRT","bright_ti4":309.73,"frp":2.67,"daynight":"N"},"geometry":{"type":"Point","coordinates":[-116.81802,42.63249]}},{"type":"Feature","properties":{"acq_date":"2026-08-09","acq_time":856,"confidence":"n","satellite":"N","instrument":"VIIRS","version":"2.0NRT","bright_ti4":318.27,"frp":6.22,"daynight":"N"},"geometry":{"type":"Point","coordinates":[-116.61147,42.63257]}},{"type":"Feature","properties":{"acq_date":"2026-08-09","acq_time":856,"confidence":"n","satellite":"N","instrument":"VIIRS","version":"2.0NRT","bright_ti4":321.44,"frp":2.67,"daynight":"N"},"geometry":{"type":"Point","coordinates":[-116.82475,42.63265]}},{"type":"Feature","properties":{"acq_date":"2026-08-09","acq_time":856,"confidence":"n","satellite":"N","instrument":"VIIRS","version":"2.0NRT","bright_ti4":321.67,"frp":5.46,"daynight":"N"},"geometry":{"type":"Point","coordinates":[-116.61781,42.63277]}},{"type":"Feature","properties":{"acq_date":"2026-08-09","acq_time":856,"confidence":"n","satellite":"N","instrument":"VIIRS","version":"2.0NRT","bright_ti4":323.06,"frp":4.5,"daynight":"N"},"geometry":{"type":"Point","coordinates":[-116.81902,42.63287]}},{"type":"Feature","properties":{"acq_date":"2026-08-09","acq_time":856,"confidence":"n","satellite":"N","instrument":"VIIRS","version":"2.0NRT","bright_ti4":310.05,"frp":2.65,"daynight":"N"},"geometry":{"type":"Point","coordinates":[-116.59811,42.63296]}},{"type":"Feature","properties":{"acq_date":"2026-08-09","acq_time":856,"confidence":"n","satellite":"N","instrument":"VIIRS","version":"2.0NRT","bright_ti4":311.53,"frp":4.04,"daynight":"N"},"geometry":{"type":"Point","coordinates":[-116.82575,42.63306]}},{"type":"Feature","properties":{"acq_date":"2026-08-09","acq_time":856,"confidence":"n","satellite":"N","instrument":"VIIRS","version":"2.0NRT","bright_ti4":328.54,"frp":2.65,"daynight":"N"},"geometry":{"type":"Point","coordinates":[-116.60419,42.63312]}},{"type":"Feature","properties":{"acq_date":"2026-08-09","acq_time":856,"confidence":"n","satellite":"N","instrument":"VIIRS","version":"2.0NRT","bright_ti4":325.42,"frp":4.14,"daynight":"N"},"geometry":{"type":"Point","coordinates":[-116.61008,42.63328]}},{"type":"Feature","properties":{"acq_date":"2026-08-09","acq_time":856,"confidence":"n","satellite":"N","instrument":"VIIRS","version":"2.0NRT","bright_ti4":328.93,"frp":4.14,"daynight":"N"},"geometry":{"type":"Point","coordinates":[-116.61636,42.63344]}},{"type":"Feature","properties":{"acq_date":"2026-08-09","acq_time":856,"confidence":"n","satellite":"N","instrument":"VIIRS","version":"2.0NRT","bright_ti4":320.27,"frp":4.28,"daynight":"N"},"geometry":{"type":"Point","coordinates":[-116.59884,42.63823]}},{"type":"Feature","properties":{"acq_date":"2026-08-09","acq_time":856,"confidence":"n","satellite":"N","instrument":"VIIRS","version":"2.0NRT","bright_ti4":354.1,"frp":6.22,"daynight":"N"},"geometry":{"type":"Point","coordinates":[-116.60469,42.63841]}},{"type":"Feature","properties":{"acq_date":"2026-08-09","acq_time":856,"confidence":"n","satellite":"N","instrument":"VIIRS","version":"2.0NRT","bright_ti4":325.29,"frp":6.22,"daynight":"N"},"geometry":{"type":"Point","coordinates":[-116.61031,42.63859]}},{"type":"Feature","properties":{"acq_date":"2026-08-09","acq_time":856,"confidence":"n","satellite":"N","instrument":"VIIRS","version":"2.0NRT","bright_ti4":303.67,"frp":5.03,"daynight":"N"},"geometry":{"type":"Point","coordinates":[-116.59747,42.639]}},{"type":"Feature","properties":{"acq_date":"2026-08-09","acq_time":856,"confidence":"n","satellite":"N","instrument":"VIIRS","version":"2.0NRT","bright_ti4":352.72,"frp":5.03,"daynight":"N"},"geometry":{"type":"Point","coordinates":[-116.60345,42.63916]}},{"type":"Feature","properties":{"acq_date":"2026-08-09","acq_time":856,"confidence":"n","satellite":"N","instrument":"VIIRS","version":"2.0NRT","bright_ti4":345.47,"frp":10.83,"daynight":"N"},"geometry":{"type":"Point","coordinates":[-116.60906,42.63931]}},{"type":"Feature","properties":{"acq_date":"2026-08-09","acq_time":856,"confidence":"n","satellite":"N","instrument":"VIIRS","version":"2.0NRT","bright_ti4":318.81,"frp":6.65,"daynight":"N"},"geometry":{"type":"Point","coordinates":[-116.59837,42.64426]}},{"type":"Feature","properties":{"acq_date":"2026-08-09","acq_time":856,"confidence":"n","satellite":"N","instrument":"VIIRS","version":"2.0NRT","bright_ti4":352.37,"frp":5.95,"daynight":"N"},"geometry":{"type":"Point","coordinates":[-116.60429,42.64445]}},{"type":"Feature","properties":{"acq_date":"2026-08-09","acq_time":856,"confidence":"n","satellite":"N","instrument":"VIIRS","version":"2.0NRT","bright_ti4":322.06,"frp":5.95,"daynight":"N"},"geometry":{"type":"Point","coordinates":[-116.60969,42.64463]}},{"type":"Feature","properties":{"acq_date":"2026-08-09","acq_time":856,"confidence":"n","satellite":"N","instrument":"VIIRS","version":"2.0NRT","bright_ti4":300.92,"frp":5.03,"daynight":"N"},"geometry":{"type":"Point","coordinates":[-116.59688,42.64504]}},{"type":"Feature","properties":{"acq_date":"2026-08-09","acq_time":856,"confidence":"n","satellite":"N","instrument":"VIIRS","version":"2.0NRT","bright_ti4":345.87,"frp":5.03,"daynight":"N"},"geometry":{"type":"Point","coordinates":[-116.60308,42.64521]}},{"type":"Feature","properties":{"acq_date":"2026-08-09","acq_time":856,"confidence":"n","satellite":"N","instrument":"VIIRS","version":"2.0NRT","bright_ti4":334.02,"frp":10.83,"daynight":"N"},"geometry":{"type":"Point","coordinates":[-116.60854,42.64536]}},{"type":"Feature","properties":{"acq_date":"2026-08-09","acq_time":856,"confidence":"n","satellite":"N","instrument":"VIIRS","version":"2.0NRT","bright_ti4":321.34,"frp":5.95,"daynight":"N"},"geometry":{"type":"Point","coordinates":[-116.60388,42.6505]}},{"type":"Feature","properties":{"acq_date":"2026-08-09","acq_time":856,"confidence":"n","satellite":"N","instrument":"VIIRS","version":"2.0NRT","bright_ti4":306.33,"frp":2.06,"daynight":"N"},"geometry":{"type":"Point","coordinates":[-116.60252,42.65125]}},{"type":"Feature","properties":{"acq_date":"2026-08-09","acq_time":856,"confidence":"n","satellite":"N","instrument":"VIIRS","version":"2.0NRT","bright_ti4":308.16,"frp":1.77,"daynight":"N"},"geometry":{"type":"Point","coordinates":[-116.60829,42.65141]}},{"type":"Feature","properties":{"acq_date":"2026-08-09","acq_time":856,"confidence":"n","satellite":"N","instrument":"VIIRS","version":"2.0NRT","bright_ti4":299.89,"frp":1.77,"daynight":"N"},"geometry":{"type":"Point","coordinates":[-116.6135,42.65762]}},{"type":"Feature","properties":{"acq_date":"2026-08-09","acq_time":856,"confidence":"n","satellite":"N","instrument":"VIIRS","version":"2.0NRT","bright_ti4":308.9,"frp":1.61,"daynight":"N"},"geometry":{"type":"Point","coordinates":[-116.61943,42.65778]}},{"type":"Feature","properties":{"acq_date":"2026-08-09","acq_time":856,"confidence":"n","satellite":"N","instrument":"VIIRS","version":"2.0NRT","bright_ti4":301.1,"frp":1.61,"daynight":"N"},"geometry":{"type":"Point","coordinates":[-116.62583,42.65796]}},{"type":"Feature","properties":{"acq_date":"2026-08-09","acq_time":856,"confidence":"n","satellite":"N","instrument":"VIIRS","version":"2.0NRT","bright_ti4":300.55,"frp":1.21,"daynight":"N"},"geometry":{"type":"Point","coordinates":[-116.62519,42.66401]}},{"type":"Feature","properties":{"acq_date":"2026-08-09","acq_time":856,"confidence":"n","satellite":"N","instrument":"VIIRS","version":"2.0NRT","bright_ti4":296.46,"frp":1.27,"daynight":"N"},"geometry":{"type":"Point","coordinates":[-116.6317,42.66418]}},{"type":"Feature","properties":{"acq_date":"2026-08-09","acq_time":856,"confidence":"n","satellite":"N","instrument":"VIIRS","version":"2.0NRT","bright_ti4":304.2,"frp":1.27,"daynight":"N"},"geometry":{"type":"Point","coordinates":[-116.63744,42.67041]}},{"type":"Feature","properties":{"acq_date":"2026-08-09","acq_time":856,"confidence":"n","satellite":"N","instrument":"VIIRS","version":"2.0NRT","bright_ti4":310.64,"frp":1.9,"daynight":"N"},"geometry":{"type":"Point","coordinates":[-116.83088,42.74303]}},{"type":"Feature","properties":{"acq_date":"2026-08-09","acq_time":856,"confidence":"n","satellite":"N","instrument":"VIIRS","version":"2.0NRT","bright_ti4":312.71,"frp":1.26,"daynight":"N"},"geometry":{"type":"Point","coordinates":[-116.83022,42.74304]}},{"type":"Feature","properties":{"acq_date":"2026-08-09","acq_time":856,"confidence":"n","satellite":"N","instrument":"VIIRS","version":"2.0NRT","bright_ti4":314.41,"frp":1.76,"daynight":"N"},"geometry":{"type":"Point","coordinates":[-116.75464,42.74689]}},{"type":"Feature","properties":{"acq_date":"2026-08-09","acq_time":856,"confidence":"n","satellite":"N","instrument":"VIIRS","version":"2.0NRT","bright_ti4":315.19,"frp":1.8,"daynight":"N"},"geometry":{"type":"Point","coordinates":[-116.75513,42.74727]}},{"type":"Feature","properties":{"acq_date":"2026-08-09","acq_time":856,"confidence":"n","satellite":"N","instrument":"VIIRS","version":"2.0NRT","bright_ti4":300.95,"frp":1.2,"daynight":"N"},"geometry":{"type":"Point","coordinates":[-116.83033,42.74914]}},{"type":"Feature","properties":{"acq_date":"2026-08-09","acq_time":856,"confidence":"n","satellite":"N","instrument":"VIIRS","version":"2.0NRT","bright_ti4":299.02,"frp":1.26,"daynight":"N"},"geometry":{"type":"Point","coordinates":[-116.82969,42.74915]}},{"type":"Feature","properties":{"acq_date":"2026-08-09","acq_time":856,"confidence":"n","satellite":"N","instrument":"VIIRS","version":"2.0NRT","bright_ti4":301.1,"frp":1.2,"daynight":"N"},"geometry":{"type":"Point","coordinates":[-116.83793,42.74933]}},{"type":"Feature","properties":{"acq_date":"2026-08-09","acq_time":856,"confidence":"n","satellite":"N","instrument":"VIIRS","version":"2.0NRT","bright_ti4":300.91,"frp":1.82,"daynight":"N"},"geometry":{"type":"Point","coordinates":[-116.83735,42.74938]}},{"type":"Feature","properties":{"acq_date":"2026-08-09","acq_time":856,"confidence":"n","satellite":"N","instrument":"VIIRS","version":"2.0NRT","bright_ti4":317.12,"frp":3.17,"daynight":"N"},"geometry":{"type":"Point","coordinates":[-116.84412,42.74948]}},{"type":"Feature","properties":{"acq_date":"2026-08-09","acq_time":856,"confidence":"n","satellite":"N","instrument":"VIIRS","version":"2.0NRT","bright_ti4":318,"frp":1.82,"daynight":"N"},"geometry":{"type":"Point","coordinates":[-116.84361,42.74957]}},{"type":"Feature","properties":{"acq_date":"2026-08-09","acq_time":856,"confidence":"n","satellite":"N","instrument":"VIIRS","version":"2.0NRT","bright_ti4":306.6,"frp":1.13,"daynight":"N"},"geometry":{"type":"Point","coordinates":[-116.75497,42.753]}},{"type":"Feature","properties":{"acq_date":"2026-08-09","acq_time":856,"confidence":"n","satellite":"N","instrument":"VIIRS","version":"2.0NRT","bright_ti4":305.27,"frp":1.8,"daynight":"N"},"geometry":{"type":"Point","coordinates":[-116.75546,42.75339]}},{"type":"Feature","properties":{"acq_date":"2026-08-09","acq_time":856,"confidence":"n","satellite":"N","instrument":"VIIRS","version":"2.0NRT","bright_ti4":305.62,"frp":1.2,"daynight":"N"},"geometry":{"type":"Point","coordinates":[-116.83781,42.75546]}},{"type":"Feature","properties":{"acq_date":"2026-08-09","acq_time":856,"confidence":"n","satellite":"N","instrument":"VIIRS","version":"2.0NRT","bright_ti4":303.53,"frp":1.79,"daynight":"N"},"geometry":{"type":"Point","coordinates":[-116.83724,42.7555]}},{"type":"Feature","properties":{"acq_date":"2026-08-09","acq_time":856,"confidence":"n","satellite":"N","instrument":"VIIRS","version":"2.0NRT","bright_ti4":320.41,"frp":3.17,"daynight":"N"},"geometry":{"type":"Point","coordinates":[-116.84417,42.75561]}},{"type":"Feature","properties":{"acq_date":"2026-08-09","acq_time":856,"confidence":"n","satellite":"N","instrument":"VIIRS","version":"2.0NRT","bright_ti4":322,"frp":1.79,"daynight":"N"},"geometry":{"type":"Point","coordinates":[-116.84367,42.7557]}},{"type":"Feature","properties":{"acq_date":"2026-08-09","acq_time":856,"confidence":"n","satellite":"N","instrument":"VIIRS","version":"2.0NRT","bright_ti4":298.02,"frp":0.88,"daynight":"N"},"geometry":{"type":"Point","coordinates":[-116.81425,42.80386]}},{"type":"Feature","properties":{"acq_date":"2026-08-09","acq_time":856,"confidence":"n","satellite":"N","instrument":"VIIRS","version":"2.0NRT","bright_ti4":298.33,"frp":1.02,"daynight":"N"},"geometry":{"type":"Point","coordinates":[-115.66965,43.14858]}},{"type":"Feature","properties":{"acq_date":"2026-08-09","acq_time":856,"confidence":"n","satellite":"N","instrument":"VIIRS","version":"2.0NRT","bright_ti4":301.37,"frp":0.34,"daynight":"N"},"geometry":{"type":"Point","coordinates":[-115.73402,43.17993]}},{"type":"Feature","properties":{"acq_date":"2026-08-09","acq_time":856,"confidence":"n","satellite":"N","instrument":"VIIRS","version":"2.0NRT","bright_ti4":298.15,"frp":0.92,"daynight":"N"},"geometry":{"type":"Point","coordinates":[-115.33614,43.26935]}},{"type":"Feature","properties":{"acq_date":"2026-08-09","acq_time":856,"confidence":"n","satellite":"N","instrument":"VIIRS","version":"2.0NRT","bright_ti4":299.21,"frp":0.92,"daynight":"N"},"geometry":{"type":"Point","coordinates":[-115.3409,43.26953]}},{"type":"Feature","properties":{"acq_date":"2026-08-09","acq_time":856,"confidence":"n","satellite":"N","instrument":"VIIRS","version":"2.0NRT","bright_ti4":300.66,"frp":1.66,"daynight":"N"},"geometry":{"type":"Point","coordinates":[-115.34571,43.26971]}},{"type":"Feature","properties":{"acq_date":"2026-08-09","acq_time":856,"confidence":"n","satellite":"N","instrument":"VIIRS","version":"2.0NRT","bright_ti4":312.49,"frp":1.66,"daynight":"N"},"geometry":{"type":"Point","coordinates":[-115.35099,43.26992]}},{"type":"Feature","properties":{"acq_date":"2026-08-09","acq_time":856,"confidence":"n","satellite":"N","instrument":"VIIRS","version":"2.0NRT","bright_ti4":301.74,"frp":0.92,"daynight":"N"},"geometry":{"type":"Point","coordinates":[-115.33587,43.27506]}},{"type":"Feature","properties":{"acq_date":"2026-08-09","acq_time":856,"confidence":"n","satellite":"N","instrument":"VIIRS","version":"2.0NRT","bright_ti4":302.14,"frp":0.92,"daynight":"N"},"geometry":{"type":"Point","coordinates":[-115.34071,43.27525]}},{"type":"Feature","properties":{"acq_date":"2026-08-09","acq_time":858,"confidence":"n","satellite":"N","instrument":"VIIRS","version":"2.0NRT","bright_ti4":308.2,"frp":2.17,"daynight":"N"},"geometry":{"type":"Point","coordinates":[-117.3388,34.60981]}},{"type":"Feature","properties":{"acq_date":"2026-08-09","acq_time":858,"confidence":"n","satellite":"N","instrument":"VIIRS","version":"2.0NRT","bright_ti4":305.64,"frp":1.35,"daynight":"N"},"geometry":{"type":"Point","coordinates":[-117.10224,34.62034]}},{"type":"Feature","properties":{"acq_date":"2026-08-09","acq_time":858,"confidence":"n","satellite":"N","instrument":"VIIRS","version":"2.0NRT","bright_ti4":324,"frp":3.79,"daynight":"N"},"geometry":{"type":"Point","coordinates":[-120.19912,35.7615]}},{"type":"Feature","properties":{"acq_date":"2026-08-09","acq_time":858,"confidence":"n","satellite":"N","instrument":"VIIRS","version":"2.0NRT","bright_ti4":309.74,"frp":3.79,"daynight":"N"},"geometry":{"type":"Point","coordinates":[-120.20917,35.7617]}},{"type":"Feature","properties":{"acq_date":"2026-08-09","acq_time":858,"confidence":"n","satellite":"N","instrument":"VIIRS","version":"2.0NRT","bright_ti4":335.99,"frp":5.57,"daynight":"N"},"geometry":{"type":"Point","coordinates":[-120.20132,35.76241]}},{"type":"Feature","properties":{"acq_date":"2026-08-09","acq_time":858,"confidence":"n","satellite":"N","instrument":"VIIRS","version":"2.0NRT","bright_ti4":302.74,"frp":1.93,"daynight":"N"},"geometry":{"type":"Point","coordinates":[-120.19849,35.77538]}},{"type":"Feature","properties":{"acq_date":"2026-08-09","acq_time":858,"confidence":"n","satellite":"N","instrument":"VIIRS","version":"2.0NRT","bright_ti4":319.19,"frp":6.27,"daynight":"N"},"geometry":{"type":"Point","coordinates":[-114.91297,36.35536]}},{"type":"Feature","properties":{"acq_date":"2026-08-09","acq_time":858,"confidence":"n","satellite":"N","instrument":"VIIRS","version":"2.0NRT","bright_ti4":299.63,"frp":0.7,"daynight":"N"},"geometry":{"type":"Point","coordinates":[-116.18159,37.23181]}},{"type":"Feature","properties":{"acq_date":"2026-08-09","acq_time":858,"confidence":"n","satellite":"N","instrument":"VIIRS","version":"2.0NRT","bright_ti4":298.34,"frp":0.84,"daynight":"N"},"geometry":{"type":"Point","coordinates":[-116.18102,37.2375]}},{"type":"Feature","properties":{"acq_date":"2026-08-09","acq_time":858,"confidence":"n","satellite":"N","instrument":"VIIRS","version":"2.0NRT","bright_ti4":307.89,"frp":2.69,"daynight":"N"},"geometry":{"type":"Point","coordinates":[-116.1851,37.23771]}},{"type":"Feature","properties":{"acq_date":"2026-08-09","acq_time":858,"confidence":"n","satellite":"N","instrument":"VIIRS","version":"2.0NRT","bright_ti4":299.78,"frp":1.77,"daynight":"N"},"geometry":{"type":"Point","coordinates":[-119.55518,38.85052]}},{"type":"Feature","properties":{"acq_date":"2026-08-09","acq_time":858,"confidence":"n","satellite":"N","instrument":"VIIRS","version":"2.0NRT","bright_ti4":305.37,"frp":4.02,"daynight":"N"},"geometry":{"type":"Point","coordinates":[-119.93797,39.69938]}},{"type":"Feature","properties":{"acq_date":"2026-08-09","acq_time":858,"confidence":"n","satellite":"N","instrument":"VIIRS","version":"2.0NRT","bright_ti4":301.88,"frp":2.2,"daynight":"N"},"geometry":{"type":"Point","coordinates":[-119.9125,39.70058]}},{"type":"Feature","properties":{"acq_date":"2026-08-09","acq_time":858,"confidence":"n","satellite":"N","instrument":"VIIRS","version":"2.0NRT","bright_ti4":302.79,"frp":2.97,"daynight":"N"},"geometry":{"type":"Point","coordinates":[-119.93549,39.70089]}},{"type":"Feature","properties":{"acq_date":"2026-08-09","acq_time":858,"confidence":"n","satellite":"N","instrument":"VIIRS","version":"2.0NRT","bright_ti4":305.13,"frp":3.27,"daynight":"N"},"geometry":{"type":"Point","coordinates":[-119.90642,39.70608]}},{"type":"Feature","properties":{"acq_date":"2026-08-09","acq_time":858,"confidence":"n","satellite":"N","instrument":"VIIRS","version":"2.0NRT","bright_ti4":324.03,"frp":4.97,"daynight":"N"},"geometry":{"type":"Point","coordinates":[-119.9142,39.70615]}},{"type":"Feature","properties":{"acq_date":"2026-08-09","acq_time":858,"confidence":"n","satellite":"N","instrument":"VIIRS","version":"2.0NRT","bright_ti4":303.23,"frp":4.97,"daynight":"N"},"geometry":{"type":"Point","coordinates":[-119.92268,39.70623]}},{"type":"Feature","properties":{"acq_date":"2026-08-09","acq_time":858,"confidence":"n","satellite":"N","instrument":"VIIRS","version":"2.0NRT","bright_ti4":320.73,"frp":7.46,"daynight":"N"},"geometry":{"type":"Point","coordinates":[-119.91126,39.70753]}},{"type":"Feature","properties":{"acq_date":"2026-08-09","acq_time":858,"confidence":"n","satellite":"N","instrument":"VIIRS","version":"2.0NRT","bright_ti4":314.53,"frp":4,"daynight":"N"},"geometry":{"type":"Point","coordinates":[-119.91994,39.70765]}},{"type":"Feature","properties":{"acq_date":"2026-08-09","acq_time":858,"confidence":"n","satellite":"N","instrument":"VIIRS","version":"2.0NRT","bright_ti4":299.11,"frp":4,"daynight":"N"},"geometry":{"type":"Point","coordinates":[-119.92807,39.70777]}},{"type":"Feature","properties":{"acq_date":"2026-08-09","acq_time":858,"confidence":"n","satellite":"N","instrument":"VIIRS","version":"2.0NRT","bright_ti4":308.1,"frp":3.06,"daynight":"N"},"geometry":{"type":"Point","coordinates":[-119.91262,39.71311]}},{"type":"Feature","properties":{"acq_date":"2026-08-09","acq_time":858,"confidence":"n","satellite":"N","instrument":"VIIRS","version":"2.0NRT","bright_ti4":313.64,"frp":3.06,"daynight":"N"},"geometry":{"type":"Point","coordinates":[-119.92223,39.7132]}},{"type":"Feature","properties":{"acq_date":"2026-08-09","acq_time":858,"confidence":"n","satellite":"N","instrument":"VIIRS","version":"2.0NRT","bright_ti4":301.72,"frp":2.03,"daynight":"N"},"geometry":{"type":"Point","coordinates":[-119.93079,39.71328]}},{"type":"Feature","properties":{"acq_date":"2026-08-09","acq_time":858,"confidence":"n","satellite":"N","instrument":"VIIRS","version":"2.0NRT","bright_ti4":305.02,"frp":2.03,"daynight":"N"},"geometry":{"type":"Point","coordinates":[-119.93916,39.71336]}},{"type":"Feature","properties":{"acq_date":"2026-08-09","acq_time":858,"confidence":"n","satellite":"N","instrument":"VIIRS","version":"2.0NRT","bright_ti4":321.35,"frp":4,"daynight":"N"},"geometry":{"type":"Point","coordinates":[-119.91915,39.71461]}},{"type":"Feature","properties":{"acq_date":"2026-08-09","acq_time":858,"confidence":"n","satellite":"N","instrument":"VIIRS","version":"2.0NRT","bright_ti4":312.94,"frp":3.22,"daynight":"N"},"geometry":{"type":"Point","coordinates":[-119.93636,39.71487]}},{"type":"Feature","properties":{"acq_date":"2026-08-09","acq_time":858,"confidence":"n","satellite":"N","instrument":"VIIRS","version":"2.0NRT","bright_ti4":329.84,"frp":6.42,"daynight":"N"},"geometry":{"type":"Point","coordinates":[-119.98696,39.72779]}},{"type":"Feature","properties":{"acq_date":"2026-08-09","acq_time":858,"confidence":"n","satellite":"N","instrument":"VIIRS","version":"2.0NRT","bright_ti4":299.89,"frp":1.89,"daynight":"N"},"geometry":{"type":"Point","coordinates":[-119.96476,39.72925]}},{"type":"Feature","properties":{"acq_date":"2026-08-09","acq_time":858,"confidence":"n","satellite":"N","instrument":"VIIRS","version":"2.0NRT","bright_ti4":303.16,"frp":1.89,"daynight":"N"},"geometry":{"type":"Point","coordinates":[-119.97031,39.72932]}},{"type":"Feature","properties":{"acq_date":"2026-08-09","acq_time":858,"confidence":"n","satellite":"N","instrument":"VIIRS","version":"2.0NRT","bright_ti4":337.14,"frp":11.31,"daynight":"N"},"geometry":{"type":"Point","coordinates":[-119.9838,39.72952]}},{"type":"Feature","properties":{"acq_date":"2026-08-09","acq_time":858,"confidence":"n","satellite":"N","instrument":"VIIRS","version":"2.0NRT","bright_ti4":337.65,"frp":14.67,"daynight":"N"},"geometry":{"type":"Point","coordinates":[-119.99398,39.72967]}},{"type":"Feature","properties":{"acq_date":"2026-08-09","acq_time":858,"confidence":"n","satellite":"N","instrument":"VIIRS","version":"2.0NRT","bright_ti4":305.75,"frp":2.27,"daynight":"N"},"geometry":{"type":"Point","coordinates":[-119.96659,39.73458]}},{"type":"Feature","properties":{"acq_date":"2026-08-09","acq_time":858,"confidence":"n","satellite":"N","instrument":"VIIRS","version":"2.0NRT","bright_ti4":300.18,"frp":6.49,"daynight":"N"},"geometry":{"type":"Point","coordinates":[-119.97798,39.7347]}},{"type":"Feature","properties":{"acq_date":"2026-08-09","acq_time":858,"confidence":"n","satellite":"N","instrument":"VIIRS","version":"2.0NRT","bright_ti4":338.88,"frp":6.42,"daynight":"N"},"geometry":{"type":"Point","coordinates":[-119.98745,39.73479]}},{"type":"Feature","properties":{"acq_date":"2026-08-09","acq_time":858,"confidence":"n","satellite":"N","instrument":"VIIRS","version":"2.0NRT","bright_ti4":307.03,"frp":6.42,"daynight":"N"},"geometry":{"type":"Point","coordinates":[-120.00117,39.73492]}},{"type":"Feature","properties":{"acq_date":"2026-08-09","acq_time":900,"confidence":"n","satellite":"N","instrument":"VIIRS","version":"2.0NRT","bright_ti4":336.82,"frp":4.15,"daynight":"N"},"geometry":{"type":"Point","coordinates":[-116.8328,32.49669]}},{"type":"Feature","properties":{"acq_date":"2026-08-09","acq_time":900,"confidence":"n","satellite":"N","instrument":"VIIRS","version":"2.0NRT","bright_ti4":316.88,"frp":4.62,"daynight":"N"},"geometry":{"type":"Point","coordinates":[-116.83731,32.49699]}},{"type":"Feature","properties":{"acq_date":"2026-08-09","acq_time":900,"confidence":"n","satellite":"N","instrument":"VIIRS","version":"2.0NRT","bright_ti4":296.03,"frp":8.22,"daynight":"N"},"geometry":{"type":"Point","coordinates":[-114.72936,33.17846]}},{"type":"Feature","properties":{"acq_date":"2026-08-09","acq_time":900,"confidence":"n","satellite":"N","instrument":"VIIRS","version":"2.0NRT","bright_ti4":302.27,"frp":0.59,"daynight":"N"},"geometry":{"type":"Point","coordinates":[-117.71293,33.71441]}},{"type":"Feature","properties":{"acq_date":"2026-08-09","acq_time":900,"confidence":"n","satellite":"N","instrument":"VIIRS","version":"2.0NRT","bright_ti4":302.79,"frp":0.62,"daynight":"N"},"geometry":{"type":"Point","coordinates":[-117.71313,33.71579]}},{"type":"Feature","properties":{"acq_date":"2026-08-09","acq_time":900,"confidence":"n","satellite":"N","instrument":"VIIRS","version":"2.0NRT","bright_ti4":307.71,"frp":1.29,"daynight":"N"},"geometry":{"type":"Point","coordinates":[-118.33344,33.85138]}},{"type":"Feature","properties":{"acq_date":"2026-08-09","acq_time":900,"confidence":"n","satellite":"N","instrument":"VIIRS","version":"2.0NRT","bright_ti4":302.45,"frp":0.57,"daynight":"N"},"geometry":{"type":"Point","coordinates":[-118.19672,34.15125]}},{"type":"Feature","properties":{"acq_date":"2026-08-09","acq_time":900,"confidence":"n","satellite":"N","instrument":"VIIRS","version":"2.0NRT","bright_ti4":301.71,"frp":0.78,"daynight":"N"},"geometry":{"type":"Point","coordinates":[-118.52005,34.33695]}},{"type":"Feature","properties":{"acq_date":"2026-08-09","acq_time":1038,"confidence":"n","satellite":"N","instrument":"VIIRS","version":"2.0NRT","bright_ti4":309.98,"frp":5.79,"daynight":"N"},"geometry":{"type":"Point","coordinates":[-114.91074,36.35548]}},{"type":"Feature","properties":{"acq_date":"2026-08-09","acq_time":1038,"confidence":"n","satellite":"N","instrument":"VIIRS","version":"2.0NRT","bright_ti4":299.33,"frp":1.5,"daynight":"N"},"geometry":{"type":"Point","coordinates":[-116.18138,37.23426]}},{"type":"Feature","properties":{"acq_date":"2026-08-09","acq_time":1038,"confidence":"n","satellite":"N","instrument":"VIIRS","version":"2.0NRT","bright_ti4":304.76,"frp":0.68,"daynight":"N"},"geometry":{"type":"Point","coordinates":[-121.18714,37.88206]}},{"type":"Feature","properties":{"acq_date":"2026-08-09","acq_time":1038,"confidence":"n","satellite":"N","instrument":"VIIRS","version":"2.0NRT","bright_ti4":305.16,"frp":1.12,"daynight":"N"},"geometry":{"type":"Point","coordinates":[-122.11243,38.01436]}},{"type":"Feature","properties":{"acq_date":"2026-08-09","acq_time":1038,"confidence":"n","satellite":"N","instrument":"VIIRS","version":"2.0NRT","bright_ti4":301.95,"frp":1.46,"daynight":"N"},"geometry":{"type":"Point","coordinates":[-122.11408,38.01601]}},{"type":"Feature","properties":{"acq_date":"2026-08-09","acq_time":1038,"confidence":"n","satellite":"N","instrument":"VIIRS","version":"2.0NRT","bright_ti4":317.91,"frp":2.05,"daynight":"N"},"geometry":{"type":"Point","coordinates":[-119.91064,39.70741]}},{"type":"Feature","properties":{"acq_date":"2026-08-09","acq_time":1038,"confidence":"n","satellite":"N","instrument":"VIIRS","version":"2.0NRT","bright_ti4":306.66,"frp":2.05,"daynight":"N"},"geometry":{"type":"Point","coordinates":[-119.91621,39.70871]}},{"type":"Feature","properties":{"acq_date":"2026-08-09","acq_time":1038,"confidence":"n","satellite":"N","instrument":"VIIRS","version":"2.0NRT","bright_ti4":311.94,"frp":2.05,"daynight":"N"},"geometry":{"type":"Point","coordinates":[-119.91483,39.71307]}},{"type":"Feature","properties":{"acq_date":"2026-08-09","acq_time":1038,"confidence":"n","satellite":"N","instrument":"VIIRS","version":"2.0NRT","bright_ti4":301.33,"frp":2.03,"daynight":"N"},"geometry":{"type":"Point","coordinates":[-119.91995,39.71426]}},{"type":"Feature","properties":{"acq_date":"2026-08-09","acq_time":1038,"confidence":"n","satellite":"N","instrument":"VIIRS","version":"2.0NRT","bright_ti4":312.1,"frp":2.27,"daynight":"N"},"geometry":{"type":"Point","coordinates":[-119.91323,39.71737]}},{"type":"Feature","properties":{"acq_date":"2026-08-09","acq_time":1038,"confidence":"n","satellite":"N","instrument":"VIIRS","version":"2.0NRT","bright_ti4":307.66,"frp":1.21,"daynight":"N"},"geometry":{"type":"Point","coordinates":[-119.91843,39.71858]}},{"type":"Feature","properties":{"acq_date":"2026-08-09","acq_time":1038,"confidence":"n","satellite":"N","instrument":"VIIRS","version":"2.0NRT","bright_ti4":301.58,"frp":1.21,"daynight":"N"},"geometry":{"type":"Point","coordinates":[-119.92368,39.7198]}},{"type":"Feature","properties":{"acq_date":"2026-08-09","acq_time":1038,"confidence":"n","satellite":"N","instrument":"VIIRS","version":"2.0NRT","bright_ti4":338.96,"frp":10.25,"daynight":"N"},"geometry":{"type":"Point","coordinates":[-119.98379,39.72913]}},{"type":"Feature","properties":{"acq_date":"2026-08-09","acq_time":1038,"confidence":"n","satellite":"N","instrument":"VIIRS","version":"2.0NRT","bright_ti4":342.53,"frp":7.01,"daynight":"N"},"geometry":{"type":"Point","coordinates":[-119.98888,39.73032]}},{"type":"Feature","properties":{"acq_date":"2026-08-09","acq_time":1038,"confidence":"n","satellite":"N","instrument":"VIIRS","version":"2.0NRT","bright_ti4":301.9,"frp":7.01,"daynight":"N"},"geometry":{"type":"Point","coordinates":[-119.99383,39.73147]}},{"type":"Feature","properties":{"acq_date":"2026-08-09","acq_time":1038,"confidence":"n","satellite":"N","instrument":"VIIRS","version":"2.0NRT","bright_ti4":301.56,"frp":1.34,"daynight":"N"},"geometry":{"type":"Point","coordinates":[-119.99839,39.73254]}},{"type":"Feature","properties":{"acq_date":"2026-08-09","acq_time":1038,"confidence":"n","satellite":"N","instrument":"VIIRS","version":"2.0NRT","bright_ti4":330.96,"frp":6.27,"daynight":"N"},"geometry":{"type":"Point","coordinates":[-119.98219,39.73341]}},{"type":"Feature","properties":{"acq_date":"2026-08-09","acq_time":1038,"confidence":"n","satellite":"N","instrument":"VIIRS","version":"2.0NRT","bright_ti4":340.25,"frp":8.07,"daynight":"N"},"geometry":{"type":"Point","coordinates":[-119.98709,39.73456]}},{"type":"Feature","properties":{"acq_date":"2026-08-09","acq_time":1038,"confidence":"n","satellite":"N","instrument":"VIIRS","version":"2.0NRT","bright_ti4":308.96,"frp":1.44,"daynight":"N"},"geometry":{"type":"Point","coordinates":[-119.96759,39.73468]}},{"type":"Feature","properties":{"acq_date":"2026-08-09","acq_time":1038,"confidence":"n","satellite":"N","instrument":"VIIRS","version":"2.0NRT","bright_ti4":306.27,"frp":0.7,"daynight":"N"},"geometry":{"type":"Point","coordinates":[-123.6519,41.1109]}},{"type":"Feature","properties":{"acq_date":"2026-08-09","acq_time":1038,"confidence":"n","satellite":"N","instrument":"VIIRS","version":"2.0NRT","bright_ti4":307.07,"frp":1.77,"daynight":"N"},"geometry":{"type":"Point","coordinates":[-123.65731,41.11197]}},{"type":"Feature","properties":{"acq_date":"2026-08-09","acq_time":1038,"confidence":"n","satellite":"N","instrument":"VIIRS","version":"2.0NRT","bright_ti4":312.22,"frp":8.75,"daynight":"N"},"geometry":{"type":"Point","coordinates":[-123.66882,41.11426]}},{"type":"Feature","properties":{"acq_date":"2026-08-09","acq_time":1038,"confidence":"n","satellite":"N","instrument":"VIIRS","version":"2.0NRT","bright_ti4":349.9,"frp":8.75,"daynight":"N"},"geometry":{"type":"Point","coordinates":[-123.67433,41.11536]}},{"type":"Feature","properties":{"acq_date":"2026-08-09","acq_time":1038,"confidence":"n","satellite":"N","instrument":"VIIRS","version":"2.0NRT","bright_ti4":344.75,"frp":4.33,"daynight":"N"},"geometry":{"type":"Point","coordinates":[-123.65659,41.11562]}},{"type":"Feature","properties":{"acq_date":"2026-08-09","acq_time":1038,"confidence":"n","satellite":"N","instrument":"VIIRS","version":"2.0NRT","bright_ti4":333.73,"frp":9.49,"daynight":"N"},"geometry":{"type":"Point","coordinates":[-123.67929,41.11634]}},{"type":"Feature","properties":{"acq_date":"2026-08-09","acq_time":1038,"confidence":"n","satellite":"N","instrument":"VIIRS","version":"2.0NRT","bright_ti4":337.5,"frp":4.33,"daynight":"N"},"geometry":{"type":"Point","coordinates":[-123.66254,41.1168]}},{"type":"Feature","properties":{"acq_date":"2026-08-09","acq_time":1038,"confidence":"n","satellite":"N","instrument":"VIIRS","version":"2.0NRT","bright_ti4":353.27,"frp":6.39,"daynight":"N"},"geometry":{"type":"Point","coordinates":[-123.66821,41.11793]}},{"type":"Feature","properties":{"acq_date":"2026-08-09","acq_time":1038,"confidence":"n","satellite":"N","instrument":"VIIRS","version":"2.0NRT","bright_ti4":329.38,"frp":6.39,"daynight":"N"},"geometry":{"type":"Point","coordinates":[-123.67342,41.11895]}},{"type":"Feature","properties":{"acq_date":"2026-08-09","acq_time":1038,"confidence":"n","satellite":"N","instrument":"VIIRS","version":"2.0NRT","bright_ti4":329.07,"frp":4.33,"daynight":"N"},"geometry":{"type":"Point","coordinates":[-123.65588,41.11926]}},{"type":"Feature","properties":{"acq_date":"2026-08-09","acq_time":1038,"confidence":"n","satellite":"N","instrument":"VIIRS","version":"2.0NRT","bright_ti4":354.08,"frp":6.3,"daynight":"N"},"geometry":{"type":"Point","coordinates":[-123.67818,41.11989]}},{"type":"Feature","properties":{"acq_date":"2026-08-09","acq_time":1038,"confidence":"n","satellite":"N","instrument":"VIIRS","version":"2.0NRT","bright_ti4":329.47,"frp":4.33,"daynight":"N"},"geometry":{"type":"Point","coordinates":[-123.66197,41.12047]}},{"type":"Feature","properties":{"acq_date":"2026-08-09","acq_time":1038,"confidence":"n","satellite":"N","instrument":"VIIRS","version":"2.0NRT","bright_ti4":323.45,"frp":6.39,"daynight":"N"},"geometry":{"type":"Point","coordinates":[-123.66744,41.12156]}},{"type":"Feature","properties":{"acq_date":"2026-08-09","acq_time":1038,"confidence":"n","satellite":"N","instrument":"VIIRS","version":"2.0NRT","bright_ti4":337.04,"frp":22.09,"daynight":"N"},"geometry":{"type":"Point","coordinates":[-123.65501,41.12287]}},{"type":"Feature","properties":{"acq_date":"2026-08-09","acq_time":1038,"confidence":"n","satellite":"N","instrument":"VIIRS","version":"2.0NRT","bright_ti4":305.21,"frp":6.3,"daynight":"N"},"geometry":{"type":"Point","coordinates":[-123.67717,41.12347]}},{"type":"Feature","properties":{"acq_date":"2026-08-09","acq_time":1038,"confidence":"h","satellite":"N","instrument":"VIIRS","version":"2.0NRT","bright_ti4":367,"frp":22.09,"daynight":"N"},"geometry":{"type":"Point","coordinates":[-123.66093,41.12405]}},{"type":"Feature","properties":{"acq_date":"2026-08-09","acq_time":1038,"confidence":"n","satellite":"N","instrument":"VIIRS","version":"2.0NRT","bright_ti4":313.72,"frp":8.23,"daynight":"N"},"geometry":{"type":"Point","coordinates":[-123.6663,41.12511]}},{"type":"Feature","properties":{"acq_date":"2026-08-09","acq_time":1038,"confidence":"n","satellite":"N","instrument":"VIIRS","version":"2.0NRT","bright_ti4":303.94,"frp":0.85,"daynight":"N"},"geometry":{"type":"Point","coordinates":[-123.68662,41.12534]}},{"type":"Feature","properties":{"acq_date":"2026-08-09","acq_time":1038,"confidence":"n","satellite":"N","instrument":"VIIRS","version":"2.0NRT","bright_ti4":351.94,"frp":8.23,"daynight":"N"},"geometry":{"type":"Point","coordinates":[-123.6651,41.12864]}},{"type":"Feature","properties":{"acq_date":"2026-08-09","acq_time":1038,"confidence":"n","satellite":"N","instrument":"VIIRS","version":"2.0NRT","bright_ti4":355.4,"frp":8.23,"daynight":"N"},"geometry":{"type":"Point","coordinates":[-123.67001,41.12962]}},{"type":"Feature","properties":{"acq_date":"2026-08-09","acq_time":1038,"confidence":"n","satellite":"N","instrument":"VIIRS","version":"2.0NRT","bright_ti4":350.7,"frp":5.65,"daynight":"N"},"geometry":{"type":"Point","coordinates":[-123.67478,41.13055]}},{"type":"Feature","properties":{"acq_date":"2026-08-09","acq_time":1038,"confidence":"n","satellite":"N","instrument":"VIIRS","version":"2.0NRT","bright_ti4":307.36,"frp":5.65,"daynight":"N"},"geometry":{"type":"Point","coordinates":[-123.67948,41.13148]}},{"type":"Feature","properties":{"acq_date":"2026-08-09","acq_time":1038,"confidence":"n","satellite":"N","instrument":"VIIRS","version":"2.0NRT","bright_ti4":317.72,"frp":2.3,"daynight":"N"},"geometry":{"type":"Point","coordinates":[-123.68408,41.13239]}},{"type":"Feature","properties":{"acq_date":"2026-08-09","acq_time":1038,"confidence":"n","satellite":"N","instrument":"VIIRS","version":"2.0NRT","bright_ti4":313.54,"frp":1.46,"daynight":"N"},"geometry":{"type":"Point","coordinates":[-123.67803,41.13497]}},{"type":"Feature","properties":{"acq_date":"2026-08-09","acq_time":1038,"confidence":"n","satellite":"N","instrument":"VIIRS","version":"2.0NRT","bright_ti4":325.75,"frp":2.86,"daynight":"N"},"geometry":{"type":"Point","coordinates":[-123.68277,41.1359]}},{"type":"Feature","properties":{"acq_date":"2026-08-09","acq_time":1038,"confidence":"n","satellite":"N","instrument":"VIIRS","version":"2.0NRT","bright_ti4":318.71,"frp":4.28,"daynight":"N"},"geometry":{"type":"Point","coordinates":[-116.58427,42.10621]}},{"type":"Feature","properties":{"acq_date":"2026-08-09","acq_time":1038,"confidence":"n","satellite":"N","instrument":"VIIRS","version":"2.0NRT","bright_ti4":308.53,"frp":1.83,"daynight":"N"},"geometry":{"type":"Point","coordinates":[-116.5749,42.10905]}},{"type":"Feature","properties":{"acq_date":"2026-08-09","acq_time":1038,"confidence":"n","satellite":"N","instrument":"VIIRS","version":"2.0NRT","bright_ti4":295.59,"frp":1.61,"daynight":"N"},"geometry":{"type":"Point","coordinates":[-116.5006,42.14901]}},{"type":"Feature","properties":{"acq_date":"2026-08-09","acq_time":1038,"confidence":"n","satellite":"N","instrument":"VIIRS","version":"2.0NRT","bright_ti4":310.84,"frp":1.61,"daynight":"N"},"geometry":{"type":"Point","coordinates":[-116.49781,42.15357]}},{"type":"Feature","properties":{"acq_date":"2026-08-09","acq_time":1038,"confidence":"n","satellite":"N","instrument":"VIIRS","version":"2.0NRT","bright_ti4":306.34,"frp":4.43,"daynight":"N"},"geometry":{"type":"Point","coordinates":[-116.50508,42.18725]}},{"type":"Feature","properties":{"acq_date":"2026-08-09","acq_time":1038,"confidence":"n","satellite":"N","instrument":"VIIRS","version":"2.0NRT","bright_ti4":327.1,"frp":4.43,"daynight":"N"},"geometry":{"type":"Point","coordinates":[-116.51237,42.18916]}},{"type":"Feature","properties":{"acq_date":"2026-08-09","acq_time":1038,"confidence":"n","satellite":"N","instrument":"VIIRS","version":"2.0NRT","bright_ti4":308.89,"frp":2.98,"daynight":"N"},"geometry":{"type":"Point","coordinates":[-116.49651,42.19029]}},{"type":"Feature","properties":{"acq_date":"2026-08-09","acq_time":1038,"confidence":"n","satellite":"N","instrument":"VIIRS","version":"2.0NRT","bright_ti4":322.07,"frp":6.21,"daynight":"N"},"geometry":{"type":"Point","coordinates":[-116.50307,42.19201]}},{"type":"Feature","properties":{"acq_date":"2026-08-09","acq_time":1038,"confidence":"n","satellite":"N","instrument":"VIIRS","version":"2.0NRT","bright_ti4":297.29,"frp":1.13,"daynight":"N"},"geometry":{"type":"Point","coordinates":[-116.908,42.22638]}},{"type":"Feature","properties":{"acq_date":"2026-08-09","acq_time":1038,"confidence":"n","satellite":"N","instrument":"VIIRS","version":"2.0NRT","bright_ti4":321.73,"frp":4.59,"daynight":"N"},"geometry":{"type":"Point","coordinates":[-116.90688,42.22973]}},{"type":"Feature","properties":{"acq_date":"2026-08-09","acq_time":1038,"confidence":"n","satellite":"N","instrument":"VIIRS","version":"2.0NRT","bright_ti4":318.32,"frp":1.13,"daynight":"N"},"geometry":{"type":"Point","coordinates":[-116.90512,42.23082]}},{"type":"Feature","properties":{"acq_date":"2026-08-09","acq_time":1038,"confidence":"n","satellite":"N","instrument":"VIIRS","version":"2.0NRT","bright_ti4":309.12,"frp":3.97,"daynight":"N"},"geometry":{"type":"Point","coordinates":[-116.4994,42.23332]}},{"type":"Feature","properties":{"acq_date":"2026-08-09","acq_time":1038,"confidence":"n","satellite":"N","instrument":"VIIRS","version":"2.0NRT","bright_ti4":322.62,"frp":4.13,"daynight":"N"},"geometry":{"type":"Point","coordinates":[-116.49783,42.23502]}},{"type":"Feature","properties":{"acq_date":"2026-08-09","acq_time":1038,"confidence":"n","satellite":"N","instrument":"VIIRS","version":"2.0NRT","bright_ti4":315.1,"frp":5.29,"daynight":"N"},"geometry":{"type":"Point","coordinates":[-116.50494,42.23691]}},{"type":"Feature","properties":{"acq_date":"2026-08-09","acq_time":1038,"confidence":"n","satellite":"N","instrument":"VIIRS","version":"2.0NRT","bright_ti4":325.78,"frp":3.97,"daynight":"N"},"geometry":{"type":"Point","coordinates":[-116.49743,42.23808]}},{"type":"Feature","properties":{"acq_date":"2026-08-09","acq_time":1038,"confidence":"n","satellite":"N","instrument":"VIIRS","version":"2.0NRT","bright_ti4":302.29,"frp":2.13,"daynight":"N"},"geometry":{"type":"Point","coordinates":[-116.65171,42.26226]}},{"type":"Feature","properties":{"acq_date":"2026-08-09","acq_time":1038,"confidence":"n","satellite":"N","instrument":"VIIRS","version":"2.0NRT","bright_ti4":298.7,"frp":1.75,"daynight":"N"},"geometry":{"type":"Point","coordinates":[-116.92161,42.2646]}},{"type":"Feature","properties":{"acq_date":"2026-08-09","acq_time":1038,"confidence":"n","satellite":"N","instrument":"VIIRS","version":"2.0NRT","bright_ti4":307.7,"frp":1.75,"daynight":"N"},"geometry":{"type":"Point","coordinates":[-116.92914,42.26656]}},{"type":"Feature","properties":{"acq_date":"2026-08-09","acq_time":1038,"confidence":"n","satellite":"N","instrument":"VIIRS","version":"2.0NRT","bright_ti4":317.29,"frp":2.39,"daynight":"N"},"geometry":{"type":"Point","coordinates":[-116.91919,42.26914]}},{"type":"Feature","properties":{"acq_date":"2026-08-09","acq_time":1038,"confidence":"n","satellite":"N","instrument":"VIIRS","version":"2.0NRT","bright_ti4":307.7,"frp":2.39,"daynight":"N"},"geometry":{"type":"Point","coordinates":[-116.92677,42.27111]}},{"type":"Feature","properties":{"acq_date":"2026-08-09","acq_time":1038,"confidence":"n","satellite":"N","instrument":"VIIRS","version":"2.0NRT","bright_ti4":301.65,"frp":1.18,"daynight":"N"},"geometry":{"type":"Point","coordinates":[-116.52005,42.27261]}},{"type":"Feature","properties":{"acq_date":"2026-08-09","acq_time":1038,"confidence":"n","satellite":"N","instrument":"VIIRS","version":"2.0NRT","bright_ti4":298.72,"frp":1.45,"daynight":"N"},"geometry":{"type":"Point","coordinates":[-116.77983,42.27451]}},{"type":"Feature","properties":{"acq_date":"2026-08-09","acq_time":1038,"confidence":"n","satellite":"N","instrument":"VIIRS","version":"2.0NRT","bright_ti4":303.69,"frp":2.39,"daynight":"N"},"geometry":{"type":"Point","coordinates":[-116.92442,42.27566]}},{"type":"Feature","properties":{"acq_date":"2026-08-09","acq_time":1038,"confidence":"n","satellite":"N","instrument":"VIIRS","version":"2.0NRT","bright_ti4":312.39,"frp":3.39,"daynight":"N"},"geometry":{"type":"Point","coordinates":[-116.90707,42.27633]}},{"type":"Feature","properties":{"acq_date":"2026-08-09","acq_time":1038,"confidence":"n","satellite":"N","instrument":"VIIRS","version":"2.0NRT","bright_ti4":304.3,"frp":2.42,"daynight":"N"},"geometry":{"type":"Point","coordinates":[-116.91429,42.27819]}},{"type":"Feature","properties":{"acq_date":"2026-08-09","acq_time":1038,"confidence":"n","satellite":"N","instrument":"VIIRS","version":"2.0NRT","bright_ti4":300.81,"frp":1.45,"daynight":"N"},"geometry":{"type":"Point","coordinates":[-116.77767,42.27915]}},{"type":"Feature","properties":{"acq_date":"2026-08-09","acq_time":1038,"confidence":"n","satellite":"N","instrument":"VIIRS","version":"2.0NRT","bright_ti4":309.99,"frp":2.42,"daynight":"N"},"geometry":{"type":"Point","coordinates":[-116.92194,42.28018]}},{"type":"Feature","properties":{"acq_date":"2026-08-09","acq_time":1038,"confidence":"n","satellite":"N","instrument":"VIIRS","version":"2.0NRT","bright_ti4":303.83,"frp":2.53,"daynight":"N"},"geometry":{"type":"Point","coordinates":[-116.63342,42.28371]}},{"type":"Feature","properties":{"acq_date":"2026-08-09","acq_time":1038,"confidence":"n","satellite":"N","instrument":"VIIRS","version":"2.0NRT","bright_ti4":305.83,"frp":1.81,"daynight":"N"},"geometry":{"type":"Point","coordinates":[-116.63138,42.28617]}},{"type":"Feature","properties":{"acq_date":"2026-08-09","acq_time":1038,"confidence":"n","satellite":"N","instrument":"VIIRS","version":"2.0NRT","bright_ti4":299.5,"frp":0.87,"daynight":"N"},"geometry":{"type":"Point","coordinates":[-116.63818,42.28796]}},{"type":"Feature","properties":{"acq_date":"2026-08-09","acq_time":1038,"confidence":"n","satellite":"N","instrument":"VIIRS","version":"2.0NRT","bright_ti4":325.08,"frp":4.01,"daynight":"N"},"geometry":{"type":"Point","coordinates":[-116.61646,42.33466]}},{"type":"Feature","properties":{"acq_date":"2026-08-09","acq_time":1038,"confidence":"n","satellite":"N","instrument":"VIIRS","version":"2.0NRT","bright_ti4":317.54,"frp":8.84,"daynight":"N"},"geometry":{"type":"Point","coordinates":[-121.56232,42.36413]}},{"type":"Feature","properties":{"acq_date":"2026-08-09","acq_time":1038,"confidence":"n","satellite":"N","instrument":"VIIRS","version":"2.0NRT","bright_ti4":346.07,"frp":8.84,"daynight":"N"},"geometry":{"type":"Point","coordinates":[-121.56889,42.36553]}},{"type":"Feature","properties":{"acq_date":"2026-08-09","acq_time":1038,"confidence":"n","satellite":"N","instrument":"VIIRS","version":"2.0NRT","bright_ti4":325.54,"frp":15.88,"daynight":"N"},"geometry":{"type":"Point","coordinates":[-121.56062,42.36782]}},{"type":"Feature","properties":{"acq_date":"2026-08-09","acq_time":1038,"confidence":"h","satellite":"N","instrument":"VIIRS","version":"2.0NRT","bright_ti4":367,"frp":15.88,"daynight":"N"},"geometry":{"type":"Point","coordinates":[-121.56718,42.36922]}},{"type":"Feature","properties":{"acq_date":"2026-08-09","acq_time":1038,"confidence":"n","satellite":"N","instrument":"VIIRS","version":"2.0NRT","bright_ti4":309.71,"frp":3.87,"daynight":"N"},"geometry":{"type":"Point","coordinates":[-121.5321,42.36985]}},{"type":"Feature","properties":{"acq_date":"2026-08-09","acq_time":1038,"confidence":"n","satellite":"N","instrument":"VIIRS","version":"2.0NRT","bright_ti4":304.92,"frp":2.11,"daynight":"N"},"geometry":{"type":"Point","coordinates":[-121.55254,42.37016]}},{"type":"Feature","properties":{"acq_date":"2026-08-09","acq_time":1038,"confidence":"n","satellite":"N","instrument":"VIIRS","version":"2.0NRT","bright_ti4":334.26,"frp":8.98,"daynight":"N"},"geometry":{"type":"Point","coordinates":[-121.57376,42.37062]}},{"type":"Feature","properties":{"acq_date":"2026-08-09","acq_time":1038,"confidence":"n","satellite":"N","instrument":"VIIRS","version":"2.0NRT","bright_ti4":306.65,"frp":2,"daynight":"N"},"geometry":{"type":"Point","coordinates":[-121.52448,42.37228]}},{"type":"Feature","properties":{"acq_date":"2026-08-09","acq_time":1038,"confidence":"n","satellite":"N","instrument":"VIIRS","version":"2.0NRT","bright_ti4":349.11,"frp":9.26,"daynight":"N"},"geometry":{"type":"Point","coordinates":[-121.54472,42.37254]}},{"type":"Feature","properties":{"acq_date":"2026-08-09","acq_time":1038,"confidence":"n","satellite":"N","instrument":"VIIRS","version":"2.0NRT","bright_ti4":349.89,"frp":15.88,"daynight":"N"},"geometry":{"type":"Point","coordinates":[-121.56552,42.37292]}},{"type":"Feature","properties":{"acq_date":"2026-08-09","acq_time":1038,"confidence":"n","satellite":"N","instrument":"VIIRS","version":"2.0NRT","bright_ti4":328.45,"frp":3.87,"daynight":"N"},"geometry":{"type":"Point","coordinates":[-121.53077,42.37363]}},{"type":"Feature","properties":{"acq_date":"2026-08-09","acq_time":1038,"confidence":"n","satellite":"N","instrument":"VIIRS","version":"2.0NRT","bright_ti4":341.72,"frp":9.26,"daynight":"N"},"geometry":{"type":"Point","coordinates":[-121.55106,42.37389]}},{"type":"Feature","properties":{"acq_date":"2026-08-09","acq_time":1038,"confidence":"n","satellite":"N","instrument":"VIIRS","version":"2.0NRT","bright_ti4":352.58,"frp":8.98,"daynight":"N"},"geometry":{"type":"Point","coordinates":[-121.57211,42.37432]}},{"type":"Feature","properties":{"acq_date":"2026-08-09","acq_time":1038,"confidence":"n","satellite":"N","instrument":"VIIRS","version":"2.0NRT","bright_ti4":333.25,"frp":11.95,"daynight":"N"},"geometry":{"type":"Point","coordinates":[-121.55746,42.37525]}},{"type":"Feature","properties":{"acq_date":"2026-08-09","acq_time":1038,"confidence":"n","satellite":"N","instrument":"VIIRS","version":"2.0NRT","bright_ti4":304.61,"frp":8.98,"daynight":"N"},"geometry":{"type":"Point","coordinates":[-121.57864,42.37571]}},{"type":"Feature","properties":{"acq_date":"2026-08-09","acq_time":1038,"confidence":"n","satellite":"N","instrument":"VIIRS","version":"2.0NRT","bright_ti4":312.95,"frp":2.25,"daynight":"N"},"geometry":{"type":"Point","coordinates":[-121.52312,42.37606]}},{"type":"Feature","properties":{"acq_date":"2026-08-09","acq_time":1038,"confidence":"n","satellite":"N","instrument":"VIIRS","version":"2.0NRT","bright_ti4":321.09,"frp":9.26,"daynight":"N"},"geometry":{"type":"Point","coordinates":[-121.54337,42.37631]}},{"type":"Feature","properties":{"acq_date":"2026-08-09","acq_time":1038,"confidence":"n","satellite":"N","instrument":"VIIRS","version":"2.0NRT","bright_ti4":353.4,"frp":11.95,"daynight":"N"},"geometry":{"type":"Point","coordinates":[-121.5639,42.37663]}},{"type":"Feature","properties":{"acq_date":"2026-08-09","acq_time":1038,"confidence":"n","satellite":"N","instrument":"VIIRS","version":"2.0NRT","bright_ti4":308.83,"frp":3.17,"daynight":"N"},"geometry":{"type":"Point","coordinates":[-121.52946,42.37741]}},{"type":"Feature","properties":{"acq_date":"2026-08-09","acq_time":1038,"confidence":"n","satellite":"N","instrument":"VIIRS","version":"2.0NRT","bright_ti4":308.8,"frp":5.03,"daynight":"N"},"geometry":{"type":"Point","coordinates":[-121.6066,42.37762]}},{"type":"Feature","properties":{"acq_date":"2026-08-09","acq_time":1038,"confidence":"n","satellite":"N","instrument":"VIIRS","version":"2.0NRT","bright_ti4":353.22,"frp":9.26,"daynight":"N"},"geometry":{"type":"Point","coordinates":[-121.54965,42.37765]}},{"type":"Feature","properties":{"acq_date":"2026-08-09","acq_time":1038,"confidence":"n","satellite":"N","instrument":"VIIRS","version":"2.0NRT","bright_ti4":357.45,"frp":16.11,"daynight":"N"},"geometry":{"type":"Point","coordinates":[-121.57048,42.37803]}},{"type":"Feature","properties":{"acq_date":"2026-08-09","acq_time":1038,"confidence":"n","satellite":"N","instrument":"VIIRS","version":"2.0NRT","bright_ti4":310.96,"frp":3.17,"daynight":"N"},"geometry":{"type":"Point","coordinates":[-121.53587,42.37877]}},{"type":"Feature","properties":{"acq_date":"2026-08-09","acq_time":1038,"confidence":"n","satellite":"N","instrument":"VIIRS","version":"2.0NRT","bright_ti4":344.75,"frp":11.95,"daynight":"N"},"geometry":{"type":"Point","coordinates":[-121.55596,42.37899]}},{"type":"Feature","properties":{"acq_date":"2026-08-09","acq_time":1038,"confidence":"n","satellite":"N","instrument":"VIIRS","version":"2.0NRT","bright_ti4":357.62,"frp":16.11,"daynight":"N"},"geometry":{"type":"Point","coordinates":[-121.57703,42.37942]}},{"type":"Feature","properties":{"acq_date":"2026-08-09","acq_time":1038,"confidence":"n","satellite":"N","instrument":"VIIRS","version":"2.0NRT","bright_ti4":306.76,"frp":5.03,"daynight":"N"},"geometry":{"type":"Point","coordinates":[-121.59837,42.37992]}},{"type":"Feature","properties":{"acq_date":"2026-08-09","acq_time":1038,"confidence":"n","satellite":"N","instrument":"VIIRS","version":"2.0NRT","bright_ti4":313.87,"frp":7.18,"daynight":"N"},"geometry":{"type":"Point","coordinates":[-121.54212,42.3801]}},{"type":"Feature","properties":{"acq_date":"2026-08-09","acq_time":1038,"confidence":"n","satellite":"N","instrument":"VIIRS","version":"2.0NRT","bright_ti4":349.54,"frp":11.95,"daynight":"N"},"geometry":{"type":"Point","coordinates":[-121.56237,42.38035]}},{"type":"Feature","properties":{"acq_date":"2026-08-09","acq_time":1038,"confidence":"n","satellite":"N","instrument":"VIIRS","version":"2.0NRT","bright_ti4":302.73,"frp":6.27,"daynight":"N"},"geometry":{"type":"Point","coordinates":[-121.58351,42.3808]}},{"type":"Feature","properties":{"acq_date":"2026-08-09","acq_time":1038,"confidence":"n","satellite":"N","instrument":"VIIRS","version":"2.0NRT","bright_ti4":331.81,"frp":3.17,"daynight":"N"},"geometry":{"type":"Point","coordinates":[-121.52834,42.38122]}},{"type":"Feature","properties":{"acq_date":"2026-08-09","acq_time":1038,"confidence":"n","satellite":"N","instrument":"VIIRS","version":"2.0NRT","bright_ti4":355.32,"frp":5.03,"daynight":"N"},"geometry":{"type":"Point","coordinates":[-121.60496,42.38131]}},{"type":"Feature","properties":{"acq_date":"2026-08-09","acq_time":1038,"confidence":"n","satellite":"N","instrument":"VIIRS","version":"2.0NRT","bright_ti4":339.02,"frp":7.18,"daynight":"N"},"geometry":{"type":"Point","coordinates":[-121.54829,42.38141]}},{"type":"Feature","properties":{"acq_date":"2026-08-09","acq_time":1038,"confidence":"n","satellite":"N","instrument":"VIIRS","version":"2.0NRT","bright_ti4":345.44,"frp":16.11,"daynight":"N"},"geometry":{"type":"Point","coordinates":[-121.5689,42.38174]}},{"type":"Feature","properties":{"acq_date":"2026-08-09","acq_time":1038,"confidence":"n","satellite":"N","instrument":"VIIRS","version":"2.0NRT","bright_ti4":322.38,"frp":3.17,"daynight":"N"},"geometry":{"type":"Point","coordinates":[-121.53486,42.38261]}},{"type":"Feature","properties":{"acq_date":"2026-08-09","acq_time":1038,"confidence":"n","satellite":"N","instrument":"VIIRS","version":"2.0NRT","bright_ti4":310.41,"frp":2.92,"daynight":"N"},"geometry":{"type":"Point","coordinates":[-121.61148,42.3827]}},{"type":"Feature","properties":{"acq_date":"2026-08-09","acq_time":1038,"confidence":"n","satellite":"N","instrument":"VIIRS","version":"2.0NRT","bright_ti4":339.37,"frp":4.37,"daynight":"N"},"geometry":{"type":"Point","coordinates":[-121.55458,42.38275]}},{"type":"Feature","properties":{"acq_date":"2026-08-09","acq_time":1038,"confidence":"n","satellite":"N","instrument":"VIIRS","version":"2.0NRT","bright_ti4":303.47,"frp":0.56,"daynight":"N"},"geometry":{"type":"Point","coordinates":[-122.77544,42.383]}},{"type":"Feature","properties":{"acq_date":"2026-08-09","acq_time":1038,"confidence":"n","satellite":"N","instrument":"VIIRS","version":"2.0NRT","bright_ti4":352.4,"frp":16.11,"daynight":"N"},"geometry":{"type":"Point","coordinates":[-121.57552,42.38315]}},{"type":"Feature","properties":{"acq_date":"2026-08-09","acq_time":1038,"confidence":"n","satellite":"N","instrument":"VIIRS","version":"2.0NRT","bright_ti4":338,"frp":7.18,"daynight":"N"},"geometry":{"type":"Point","coordinates":[-121.54103,42.38392]}},{"type":"Feature","properties":{"acq_date":"2026-08-09","acq_time":1038,"confidence":"n","satellite":"N","instrument":"VIIRS","version":"2.0NRT","bright_ti4":327.47,"frp":4.37,"daynight":"N"},"geometry":{"type":"Point","coordinates":[-121.56094,42.3841]}},{"type":"Feature","properties":{"acq_date":"2026-08-09","acq_time":1038,"confidence":"n","satellite":"N","instrument":"VIIRS","version":"2.0NRT","bright_ti4":335.21,"frp":6.27,"daynight":"N"},"geometry":{"type":"Point","coordinates":[-121.58208,42.38454]}},{"type":"Feature","properties":{"acq_date":"2026-08-09","acq_time":1038,"confidence":"n","satellite":"N","instrument":"VIIRS","version":"2.0NRT","bright_ti4":328.76,"frp":6.06,"daynight":"N"},"geometry":{"type":"Point","coordinates":[-121.60329,42.385]}},{"type":"Feature","properties":{"acq_date":"2026-08-09","acq_time":1038,"confidence":"n","satellite":"N","instrument":"VIIRS","version":"2.0NRT","bright_ti4":306.29,"frp":6.09,"daynight":"N"},"geometry":{"type":"Point","coordinates":[-121.52731,42.38506]}},{"type":"Feature","properties":{"acq_date":"2026-08-09","acq_time":1038,"confidence":"n","satellite":"N","instrument":"VIIRS","version":"2.0NRT","bright_ti4":348.88,"frp":7.18,"daynight":"N"},"geometry":{"type":"Point","coordinates":[-121.54701,42.38519]}},{"type":"Feature","properties":{"acq_date":"2026-08-09","acq_time":1038,"confidence":"n","satellite":"N","instrument":"VIIRS","version":"2.0NRT","bright_ti4":311.58,"frp":4.39,"daynight":"N"},"geometry":{"type":"Point","coordinates":[-121.56735,42.38546]}},{"type":"Feature","properties":{"acq_date":"2026-08-09","acq_time":1038,"confidence":"n","satellite":"N","instrument":"VIIRS","version":"2.0NRT","bright_ti4":320.16,"frp":7.61,"daynight":"N"},"geometry":{"type":"Point","coordinates":[-121.60981,42.38638]}},{"type":"Feature","properties":{"acq_date":"2026-08-09","acq_time":1038,"confidence":"n","satellite":"N","instrument":"VIIRS","version":"2.0NRT","bright_ti4":334.73,"frp":6.09,"daynight":"N"},"geometry":{"type":"Point","coordinates":[-121.53386,42.38645]}},{"type":"Feature","properties":{"acq_date":"2026-08-09","acq_time":1038,"confidence":"n","satellite":"N","instrument":"VIIRS","version":"2.0NRT","bright_ti4":309.66,"frp":4.37,"daynight":"N"},"geometry":{"type":"Point","coordinates":[-121.55323,42.38651]}},{"type":"Feature","properties":{"acq_date":"2026-08-09","acq_time":1038,"confidence":"n","satellite":"N","instrument":"VIIRS","version":"2.0NRT","bright_ti4":337.2,"frp":4.39,"daynight":"N"},"geometry":{"type":"Point","coordinates":[-121.57397,42.38687]}},{"type":"Feature","properties":{"acq_date":"2026-08-09","acq_time":1038,"confidence":"n","satellite":"N","instrument":"VIIRS","version":"2.0NRT","bright_ti4":317.11,"frp":6.06,"daynight":"N"},"geometry":{"type":"Point","coordinates":[-121.59507,42.3873]}},{"type":"Feature","properties":{"acq_date":"2026-08-09","acq_time":1038,"confidence":"n","satellite":"N","instrument":"VIIRS","version":"2.0NRT","bright_ti4":353.43,"frp":18.96,"daynight":"N"},"geometry":{"type":"Point","coordinates":[-121.53994,42.38774]}},{"type":"Feature","properties":{"acq_date":"2026-08-09","acq_time":1038,"confidence":"n","satellite":"N","instrument":"VIIRS","version":"2.0NRT","bright_ti4":324.27,"frp":4.37,"daynight":"N"},"geometry":{"type":"Point","coordinates":[-121.55952,42.38785]}},{"type":"Feature","properties":{"acq_date":"2026-08-09","acq_time":1038,"confidence":"n","satellite":"N","instrument":"VIIRS","version":"2.0NRT","bright_ti4":348.03,"frp":7.65,"daynight":"N"},"geometry":{"type":"Point","coordinates":[-121.58057,42.38827]}},{"type":"Feature","properties":{"acq_date":"2026-08-09","acq_time":1038,"confidence":"n","satellite":"N","instrument":"VIIRS","version":"2.0NRT","bright_ti4":350.49,"frp":6.06,"daynight":"N"},"geometry":{"type":"Point","coordinates":[-121.60162,42.38869]}},{"type":"Feature","properties":{"acq_date":"2026-08-09","acq_time":1038,"confidence":"n","satellite":"N","instrument":"VIIRS","version":"2.0NRT","bright_ti4":340.42,"frp":6.09,"daynight":"N"},"geometry":{"type":"Point","coordinates":[-121.52624,42.38889]}},{"type":"Feature","properties":{"acq_date":"2026-08-09","acq_time":1038,"confidence":"n","satellite":"N","instrument":"VIIRS","version":"2.0NRT","bright_ti4":354.9,"frp":18.96,"daynight":"N"},"geometry":{"type":"Point","coordinates":[-121.54573,42.38897]}},{"type":"Feature","properties":{"acq_date":"2026-08-09","acq_time":1038,"confidence":"n","satellite":"N","instrument":"VIIRS","version":"2.0NRT","bright_ti4":324.99,"frp":4.39,"daynight":"N"},"geometry":{"type":"Point","coordinates":[-121.56588,42.38919]}},{"type":"Feature","properties":{"acq_date":"2026-08-09","acq_time":1038,"confidence":"n","satellite":"N","instrument":"VIIRS","version":"2.0NRT","bright_ti4":305.65,"frp":7.65,"daynight":"N"},"geometry":{"type":"Point","coordinates":[-121.58691,42.38961]}},{"type":"Feature","properties":{"acq_date":"2026-08-09","acq_time":1038,"confidence":"n","satellite":"N","instrument":"VIIRS","version":"2.0NRT","bright_ti4":350.15,"frp":7.61,"daynight":"N"},"geometry":{"type":"Point","coordinates":[-121.60812,42.39007]}},{"type":"Feature","properties":{"acq_date":"2026-08-09","acq_time":1038,"confidence":"n","satellite":"N","instrument":"VIIRS","version":"2.0NRT","bright_ti4":350.54,"frp":6.09,"daynight":"N"},"geometry":{"type":"Point","coordinates":[-121.53263,42.39024]}},{"type":"Feature","properties":{"acq_date":"2026-08-09","acq_time":1038,"confidence":"h","satellite":"N","instrument":"VIIRS","version":"2.0NRT","bright_ti4":367,"frp":14.9,"daynight":"N"},"geometry":{"type":"Point","coordinates":[-121.55185,42.39027]}},{"type":"Feature","properties":{"acq_date":"2026-08-09","acq_time":1038,"confidence":"n","satellite":"N","instrument":"VIIRS","version":"2.0NRT","bright_ti4":329.61,"frp":4.39,"daynight":"N"},"geometry":{"type":"Point","coordinates":[-121.57234,42.39057]}},{"type":"Feature","properties":{"acq_date":"2026-08-09","acq_time":1038,"confidence":"n","satellite":"N","instrument":"VIIRS","version":"2.0NRT","bright_ti4":325.86,"frp":5.67,"daynight":"N"},"geometry":{"type":"Point","coordinates":[-121.59336,42.39098]}},{"type":"Feature","properties":{"acq_date":"2026-08-09","acq_time":1038,"confidence":"n","satellite":"N","instrument":"VIIRS","version":"2.0NRT","bright_ti4":330.57,"frp":7.61,"daynight":"N"},"geometry":{"type":"Point","coordinates":[-121.61456,42.39144]}},{"type":"Feature","properties":{"acq_date":"2026-08-09","acq_time":1038,"confidence":"n","satellite":"N","instrument":"VIIRS","version":"2.0NRT","bright_ti4":356.2,"frp":18.96,"daynight":"N"},"geometry":{"type":"Point","coordinates":[-121.53858,42.3915]}},{"type":"Feature","properties":{"acq_date":"2026-08-09","acq_time":1038,"confidence":"n","satellite":"N","instrument":"VIIRS","version":"2.0NRT","bright_ti4":324.25,"frp":14.9,"daynight":"N"},"geometry":{"type":"Point","coordinates":[-121.55814,42.3916]}},{"type":"Feature","properties":{"acq_date":"2026-08-09","acq_time":1038,"confidence":"n","satellite":"N","instrument":"VIIRS","version":"2.0NRT","bright_ti4":348.42,"frp":7.65,"daynight":"N"},"geometry":{"type":"Point","coordinates":[-121.57894,42.39196]}},{"type":"Feature","properties":{"acq_date":"2026-08-09","acq_time":1038,"confidence":"n","satellite":"N","instrument":"VIIRS","version":"2.0NRT","bright_ti4":345.38,"frp":5.67,"daynight":"N"},"geometry":{"type":"Point","coordinates":[-121.59989,42.39236]}},{"type":"Feature","properties":{"acq_date":"2026-08-09","acq_time":1038,"confidence":"n","satellite":"N","instrument":"VIIRS","version":"2.0NRT","bright_ti4":353.44,"frp":8.65,"daynight":"N"},"geometry":{"type":"Point","coordinates":[-121.52513,42.39271]}},{"type":"Feature","properties":{"acq_date":"2026-08-09","acq_time":1038,"confidence":"n","satellite":"N","instrument":"VIIRS","version":"2.0NRT","bright_ti4":353.34,"frp":18.96,"daynight":"N"},"geometry":{"type":"Point","coordinates":[-121.54435,42.39273]}},{"type":"Feature","properties":{"acq_date":"2026-08-09","acq_time":1038,"confidence":"n","satellite":"N","instrument":"VIIRS","version":"2.0NRT","bright_ti4":325.57,"frp":5.15,"daynight":"N"},"geometry":{"type":"Point","coordinates":[-121.56445,42.39294]}},{"type":"Feature","properties":{"acq_date":"2026-08-09","acq_time":1038,"confidence":"n","satellite":"N","instrument":"VIIRS","version":"2.0NRT","bright_ti4":336.53,"frp":7.65,"daynight":"N"},"geometry":{"type":"Point","coordinates":[-121.58529,42.39331]}},{"type":"Feature","properties":{"acq_date":"2026-08-09","acq_time":1038,"confidence":"n","satellite":"N","instrument":"VIIRS","version":"2.0NRT","bright_ti4":344.74,"frp":10.94,"daynight":"N"},"geometry":{"type":"Point","coordinates":[-121.60639,42.39375]}},{"type":"Feature","properties":{"acq_date":"2026-08-09","acq_time":1038,"confidence":"n","satellite":"N","instrument":"VIIRS","version":"2.0NRT","bright_ti4":350.96,"frp":14.9,"daynight":"N"},"geometry":{"type":"Point","coordinates":[-121.55045,42.39402]}},{"type":"Feature","properties":{"acq_date":"2026-08-09","acq_time":1038,"confidence":"n","satellite":"N","instrument":"VIIRS","version":"2.0NRT","bright_ti4":347.55,"frp":8.65,"daynight":"N"},"geometry":{"type":"Point","coordinates":[-121.53132,42.39402]}},{"type":"Feature","properties":{"acq_date":"2026-08-09","acq_time":1038,"confidence":"n","satellite":"N","instrument":"VIIRS","version":"2.0NRT","bright_ti4":319.8,"frp":5.15,"daynight":"N"},"geometry":{"type":"Point","coordinates":[-121.57082,42.39429]}},{"type":"Feature","properties":{"acq_date":"2026-08-09","acq_time":1038,"confidence":"n","satellite":"N","instrument":"VIIRS","version":"2.0NRT","bright_ti4":326.44,"frp":5.67,"daynight":"N"},"geometry":{"type":"Point","coordinates":[-121.59168,42.39467]}},{"type":"Feature","properties":{"acq_date":"2026-08-09","acq_time":1038,"confidence":"h","satellite":"N","instrument":"VIIRS","version":"2.0NRT","bright_ti4":367,"frp":10.94,"daynight":"N"},"geometry":{"type":"Point","coordinates":[-121.61285,42.39511]}},{"type":"Feature","properties":{"acq_date":"2026-08-09","acq_time":1038,"confidence":"n","satellite":"N","instrument":"VIIRS","version":"2.0NRT","bright_ti4":353.87,"frp":11.06,"daynight":"N"},"geometry":{"type":"Point","coordinates":[-121.53714,42.39525]}},{"type":"Feature","properties":{"acq_date":"2026-08-09","acq_time":1038,"confidence":"n","satellite":"N","instrument":"VIIRS","version":"2.0NRT","bright_ti4":353.41,"frp":14.9,"daynight":"N"},"geometry":{"type":"Point","coordinates":[-121.55672,42.39535]}},{"type":"Feature","properties":{"acq_date":"2026-08-09","acq_time":1038,"confidence":"n","satellite":"N","instrument":"VIIRS","version":"2.0NRT","bright_ti4":326.74,"frp":5.74,"daynight":"N"},"geometry":{"type":"Point","coordinates":[-121.57725,42.39565]}},{"type":"Feature","properties":{"acq_date":"2026-08-09","acq_time":1038,"confidence":"n","satellite":"N","instrument":"VIIRS","version":"2.0NRT","bright_ti4":332.65,"frp":5.67,"daynight":"N"},"geometry":{"type":"Point","coordinates":[-121.59818,42.39604]}},{"type":"Feature","properties":{"acq_date":"2026-08-09","acq_time":1038,"confidence":"n","satellite":"N","instrument":"VIIRS","version":"2.0NRT","bright_ti4":353.18,"frp":11.06,"daynight":"N"},"geometry":{"type":"Point","coordinates":[-121.54293,42.39648]}},{"type":"Feature","properties":{"acq_date":"2026-08-09","acq_time":1038,"confidence":"n","satellite":"N","instrument":"VIIRS","version":"2.0NRT","bright_ti4":334.81,"frp":8.65,"daynight":"N"},"geometry":{"type":"Point","coordinates":[-121.52406,42.39654]}},{"type":"Feature","properties":{"acq_date":"2026-08-09","acq_time":1038,"confidence":"n","satellite":"N","instrument":"VIIRS","version":"2.0NRT","bright_ti4":339.6,"frp":5.15,"daynight":"N"},"geometry":{"type":"Point","coordinates":[-121.56305,42.39669]}},{"type":"Feature","properties":{"acq_date":"2026-08-09","acq_time":1038,"confidence":"n","satellite":"N","instrument":"VIIRS","version":"2.0NRT","bright_ti4":352.04,"frp":5.74,"daynight":"N"},"geometry":{"type":"Point","coordinates":[-121.58368,42.39701]}},{"type":"Feature","properties":{"acq_date":"2026-08-09","acq_time":1038,"confidence":"n","satellite":"N","instrument":"VIIRS","version":"2.0NRT","bright_ti4":338.44,"frp":10.94,"daynight":"N"},"geometry":{"type":"Point","coordinates":[-121.60469,42.39742]}},{"type":"Feature","properties":{"acq_date":"2026-08-09","acq_time":1038,"confidence":"n","satellite":"N","instrument":"VIIRS","version":"2.0NRT","bright_ti4":331.86,"frp":3.65,"daynight":"N"},"geometry":{"type":"Point","coordinates":[-121.54898,42.39776]}},{"type":"Feature","properties":{"acq_date":"2026-08-09","acq_time":1038,"confidence":"n","satellite":"N","instrument":"VIIRS","version":"2.0NRT","bright_ti4":337.27,"frp":8.65,"daynight":"N"},"geometry":{"type":"Point","coordinates":[-121.53001,42.3978]}},{"type":"Feature","properties":{"acq_date":"2026-08-09","acq_time":1038,"confidence":"n","satellite":"N","instrument":"VIIRS","version":"2.0NRT","bright_ti4":322.29,"frp":5.15,"daynight":"N"},"geometry":{"type":"Point","coordinates":[-121.5694,42.39803]}},{"type":"Feature","properties":{"acq_date":"2026-08-09","acq_time":1038,"confidence":"n","satellite":"N","instrument":"VIIRS","version":"2.0NRT","bright_ti4":313.97,"frp":2.49,"daynight":"N"},"geometry":{"type":"Point","coordinates":[-121.59011,42.39838]}},{"type":"Feature","properties":{"acq_date":"2026-08-09","acq_time":1038,"confidence":"n","satellite":"N","instrument":"VIIRS","version":"2.0NRT","bright_ti4":346.54,"frp":10.94,"daynight":"N"},"geometry":{"type":"Point","coordinates":[-121.61112,42.39878]}},{"type":"Feature","properties":{"acq_date":"2026-08-09","acq_time":1038,"confidence":"n","satellite":"N","instrument":"VIIRS","version":"2.0NRT","bright_ti4":345.56,"frp":11.06,"daynight":"N"},"geometry":{"type":"Point","coordinates":[-121.53571,42.399]}},{"type":"Feature","properties":{"acq_date":"2026-08-09","acq_time":1038,"confidence":"n","satellite":"N","instrument":"VIIRS","version":"2.0NRT","bright_ti4":317.68,"frp":3.65,"daynight":"N"},"geometry":{"type":"Point","coordinates":[-121.55529,42.3991]}},{"type":"Feature","properties":{"acq_date":"2026-08-09","acq_time":1038,"confidence":"n","satellite":"N","instrument":"VIIRS","version":"2.0NRT","bright_ti4":323.06,"frp":5.74,"daynight":"N"},"geometry":{"type":"Point","coordinates":[-121.57577,42.39939]}},{"type":"Feature","properties":{"acq_date":"2026-08-09","acq_time":1038,"confidence":"n","satellite":"N","instrument":"VIIRS","version":"2.0NRT","bright_ti4":309.07,"frp":2.49,"daynight":"N"},"geometry":{"type":"Point","coordinates":[-121.59653,42.39974]}},{"type":"Feature","properties":{"acq_date":"2026-08-09","acq_time":1038,"confidence":"n","satellite":"N","instrument":"VIIRS","version":"2.0NRT","bright_ti4":307.01,"frp":2.02,"daynight":"N"},"geometry":{"type":"Point","coordinates":[-116.76871,42.40011]}},{"type":"Feature","properties":{"acq_date":"2026-08-09","acq_time":1038,"confidence":"n","satellite":"N","instrument":"VIIRS","version":"2.0NRT","bright_ti4":354.14,"frp":9.17,"daynight":"N"},"geometry":{"type":"Point","coordinates":[-121.61755,42.40014]}},{"type":"Feature","properties":{"acq_date":"2026-08-09","acq_time":1038,"confidence":"n","satellite":"N","instrument":"VIIRS","version":"2.0NRT","bright_ti4":350.11,"frp":11.06,"daynight":"N"},"geometry":{"type":"Point","coordinates":[-121.54151,42.40023]}},{"type":"Feature","properties":{"acq_date":"2026-08-09","acq_time":1038,"confidence":"n","satellite":"N","instrument":"VIIRS","version":"2.0NRT","bright_ti4":355.09,"frp":17.28,"daynight":"N"},"geometry":{"type":"Point","coordinates":[-121.52275,42.40031]}},{"type":"Feature","properties":{"acq_date":"2026-08-09","acq_time":1038,"confidence":"n","satellite":"N","instrument":"VIIRS","version":"2.0NRT","bright_ti4":308.54,"frp":1.14,"daynight":"N"},"geometry":{"type":"Point","coordinates":[-121.56166,42.40045]}},{"type":"Feature","properties":{"acq_date":"2026-08-09","acq_time":1038,"confidence":"n","satellite":"N","instrument":"VIIRS","version":"2.0NRT","bright_ti4":318.61,"frp":5.74,"daynight":"N"},"geometry":{"type":"Point","coordinates":[-121.58218,42.40074]}},{"type":"Feature","properties":{"acq_date":"2026-08-09","acq_time":1038,"confidence":"n","satellite":"N","instrument":"VIIRS","version":"2.0NRT","bright_ti4":330.02,"frp":4.61,"daynight":"N"},"geometry":{"type":"Point","coordinates":[-121.603,42.4011]}},{"type":"Feature","properties":{"acq_date":"2026-08-09","acq_time":1038,"confidence":"n","satellite":"N","instrument":"VIIRS","version":"2.0NRT","bright_ti4":321.04,"frp":3.65,"daynight":"N"},"geometry":{"type":"Point","coordinates":[-121.54752,42.4015]}},{"type":"Feature","properties":{"acq_date":"2026-08-09","acq_time":1038,"confidence":"n","satellite":"N","instrument":"VIIRS","version":"2.0NRT","bright_ti4":297.88,"frp":9.17,"daynight":"N"},"geometry":{"type":"Point","coordinates":[-121.62399,42.40151]}},{"type":"Feature","properties":{"acq_date":"2026-08-09","acq_time":1038,"confidence":"n","satellite":"N","instrument":"VIIRS","version":"2.0NRT","bright_ti4":351.38,"frp":17.28,"daynight":"N"},"geometry":{"type":"Point","coordinates":[-121.52866,42.40156]}},{"type":"Feature","properties":{"acq_date":"2026-08-09","acq_time":1038,"confidence":"n","satellite":"N","instrument":"VIIRS","version":"2.0NRT","bright_ti4":301.76,"frp":1.14,"daynight":"N"},"geometry":{"type":"Point","coordinates":[-121.56799,42.40179]}},{"type":"Feature","properties":{"acq_date":"2026-08-09","acq_time":1038,"confidence":"n","satellite":"N","instrument":"VIIRS","version":"2.0NRT","bright_ti4":302.14,"frp":2.31,"daynight":"N"},"geometry":{"type":"Point","coordinates":[-116.77636,42.40207]}},{"type":"Feature","properties":{"acq_date":"2026-08-09","acq_time":1038,"confidence":"n","satellite":"N","instrument":"VIIRS","version":"2.0NRT","bright_ti4":313.16,"frp":2.49,"daynight":"N"},"geometry":{"type":"Point","coordinates":[-121.58858,42.4021]}},{"type":"Feature","properties":{"acq_date":"2026-08-09","acq_time":1038,"confidence":"n","satellite":"N","instrument":"VIIRS","version":"2.0NRT","bright_ti4":334.02,"frp":4.61,"daynight":"N"},"geometry":{"type":"Point","coordinates":[-121.60938,42.40246]}},{"type":"Feature","properties":{"acq_date":"2026-08-09","acq_time":1038,"confidence":"n","satellite":"N","instrument":"VIIRS","version":"2.0NRT","bright_ti4":336.16,"frp":6.97,"daynight":"N"},"geometry":{"type":"Point","coordinates":[-121.53435,42.40277]}},{"type":"Feature","properties":{"acq_date":"2026-08-09","acq_time":1038,"confidence":"n","satellite":"N","instrument":"VIIRS","version":"2.0NRT","bright_ti4":312.54,"frp":3.65,"daynight":"N"},"geometry":{"type":"Point","coordinates":[-121.55384,42.40284]}},{"type":"Feature","properties":{"acq_date":"2026-08-09","acq_time":1038,"confidence":"n","satellite":"N","instrument":"VIIRS","version":"2.0NRT","bright_ti4":318.84,"frp":2.99,"daynight":"N"},"geometry":{"type":"Point","coordinates":[-116.86031,42.40301]}},{"type":"Feature","properties":{"acq_date":"2026-08-09","acq_time":1038,"confidence":"n","satellite":"N","instrument":"VIIRS","version":"2.0NRT","bright_ti4":312.35,"frp":1.52,"daynight":"N"},"geometry":{"type":"Point","coordinates":[-121.57433,42.40313]}},{"type":"Feature","properties":{"acq_date":"2026-08-09","acq_time":1038,"confidence":"n","satellite":"N","instrument":"VIIRS","version":"2.0NRT","bright_ti4":310.54,"frp":2.49,"daynight":"N"},"geometry":{"type":"Point","coordinates":[-121.59499,42.40345]}},{"type":"Feature","properties":{"acq_date":"2026-08-09","acq_time":1038,"confidence":"n","satellite":"N","instrument":"VIIRS","version":"2.0NRT","bright_ti4":345.54,"frp":8.04,"daynight":"N"},"geometry":{"type":"Point","coordinates":[-121.61579,42.40381]}},{"type":"Feature","properties":{"acq_date":"2026-08-09","acq_time":1038,"confidence":"n","satellite":"N","instrument":"VIIRS","version":"2.0NRT","bright_ti4":340.1,"frp":6.97,"daynight":"N"},"geometry":{"type":"Point","coordinates":[-121.54012,42.40399]}},{"type":"Feature","properties":{"acq_date":"2026-08-09","acq_time":1038,"confidence":"n","satellite":"N","instrument":"VIIRS","version":"2.0NRT","bright_ti4":304.71,"frp":1.14,"daynight":"N"},"geometry":{"type":"Point","coordinates":[-121.56025,42.4042]}},{"type":"Feature","properties":{"acq_date":"2026-08-09","acq_time":1038,"confidence":"n","satellite":"N","instrument":"VIIRS","version":"2.0NRT","bright_ti4":304.26,"frp":1.52,"daynight":"N"},"geometry":{"type":"Point","coordinates":[-121.58069,42.40447]}},{"type":"Feature","properties":{"acq_date":"2026-08-09","acq_time":1038,"confidence":"n","satellite":"N","instrument":"VIIRS","version":"2.0NRT","bright_ti4":327.16,"frp":4.61,"daynight":"N"},"geometry":{"type":"Point","coordinates":[-121.60136,42.4048]}},{"type":"Feature","properties":{"acq_date":"2026-08-09","acq_time":1038,"confidence":"n","satellite":"N","instrument":"VIIRS","version":"2.0NRT","bright_ti4":300.06,"frp":2.05,"daynight":"N"},"geometry":{"type":"Point","coordinates":[-116.8676,42.40488]}},{"type":"Feature","properties":{"acq_date":"2026-08-09","acq_time":1038,"confidence":"n","satellite":"N","instrument":"VIIRS","version":"2.0NRT","bright_ti4":350.97,"frp":8.04,"daynight":"N"},"geometry":{"type":"Point","coordinates":[-121.62227,42.40518]}},{"type":"Feature","properties":{"acq_date":"2026-08-09","acq_time":1038,"confidence":"n","satellite":"N","instrument":"VIIRS","version":"2.0NRT","bright_ti4":331.85,"frp":8.28,"daynight":"N"},"geometry":{"type":"Point","coordinates":[-121.54614,42.40526]}},{"type":"Feature","properties":{"acq_date":"2026-08-09","acq_time":1038,"confidence":"n","satellite":"N","instrument":"VIIRS","version":"2.0NRT","bright_ti4":341.37,"frp":17.28,"daynight":"N"},"geometry":{"type":"Point","coordinates":[-121.52724,42.40532]}},{"type":"Feature","properties":{"acq_date":"2026-08-09","acq_time":1038,"confidence":"n","satellite":"N","instrument":"VIIRS","version":"2.0NRT","bright_ti4":302.35,"frp":1.14,"daynight":"N"},"geometry":{"type":"Point","coordinates":[-121.5666,42.40554]}},{"type":"Feature","properties":{"acq_date":"2026-08-09","acq_time":1038,"confidence":"n","satellite":"N","instrument":"VIIRS","version":"2.0NRT","bright_ti4":309.62,"frp":1.65,"daynight":"N"},"geometry":{"type":"Point","coordinates":[-121.58707,42.40582]}},{"type":"Feature","properties":{"acq_date":"2026-08-09","acq_time":1038,"confidence":"n","satellite":"N","instrument":"VIIRS","version":"2.0NRT","bright_ti4":318.37,"frp":4.61,"daynight":"N"},"geometry":{"type":"Point","coordinates":[-121.60773,42.40614]}},{"type":"Feature","properties":{"acq_date":"2026-08-09","acq_time":1038,"confidence":"n","satellite":"N","instrument":"VIIRS","version":"2.0NRT","bright_ti4":336.49,"frp":6.97,"daynight":"N"},"geometry":{"type":"Point","coordinates":[-121.53296,42.40653]}},{"type":"Feature","properties":{"acq_date":"2026-08-09","acq_time":1038,"confidence":"n","satellite":"N","instrument":"VIIRS","version":"2.0NRT","bright_ti4":311.09,"frp":4.12,"daynight":"N"},"geometry":{"type":"Point","coordinates":[-121.62876,42.40655]}},{"type":"Feature","properties":{"acq_date":"2026-08-09","acq_time":1038,"confidence":"n","satellite":"N","instrument":"VIIRS","version":"2.0NRT","bright_ti4":322.08,"frp":8.28,"daynight":"N"},"geometry":{"type":"Point","coordinates":[-121.55241,42.40659]}},{"type":"Feature","properties":{"acq_date":"2026-08-09","acq_time":1038,"confidence":"n","satellite":"N","instrument":"VIIRS","version":"2.0NRT","bright_ti4":305.74,"frp":1.52,"daynight":"N"},"geometry":{"type":"Point","coordinates":[-121.57288,42.40687]}},{"type":"Feature","properties":{"acq_date":"2026-08-09","acq_time":1038,"confidence":"n","satellite":"N","instrument":"VIIRS","version":"2.0NRT","bright_ti4":311.18,"frp":1.65,"daynight":"N"},"geometry":{"type":"Point","coordinates":[-121.59343,42.40716]}},{"type":"Feature","properties":{"acq_date":"2026-08-09","acq_time":1038,"confidence":"n","satellite":"N","instrument":"VIIRS","version":"2.0NRT","bright_ti4":330.48,"frp":8.04,"daynight":"N"},"geometry":{"type":"Point","coordinates":[-121.61414,42.4075]}},{"type":"Feature","properties":{"acq_date":"2026-08-09","acq_time":1038,"confidence":"n","satellite":"N","instrument":"VIIRS","version":"2.0NRT","bright_ti4":306.66,"frp":1.84,"daynight":"N"},"geometry":{"type":"Point","coordinates":[-116.85857,42.40771]}},{"type":"Feature","properties":{"acq_date":"2026-08-09","acq_time":1038,"confidence":"n","satellite":"N","instrument":"VIIRS","version":"2.0NRT","bright_ti4":330.62,"frp":6.97,"daynight":"N"},"geometry":{"type":"Point","coordinates":[-121.53876,42.40776]}},{"type":"Feature","properties":{"acq_date":"2026-08-09","acq_time":1038,"confidence":"n","satellite":"N","instrument":"VIIRS","version":"2.0NRT","bright_ti4":305.5,"frp":1.85,"daynight":"N"},"geometry":{"type":"Point","coordinates":[-121.55879,42.40794]}},{"type":"Feature","properties":{"acq_date":"2026-08-09","acq_time":1038,"confidence":"n","satellite":"N","instrument":"VIIRS","version":"2.0NRT","bright_ti4":309.34,"frp":4.12,"daynight":"N"},"geometry":{"type":"Point","coordinates":[-121.63542,42.40796]}},{"type":"Feature","properties":{"acq_date":"2026-08-09","acq_time":1038,"confidence":"n","satellite":"N","instrument":"VIIRS","version":"2.0NRT","bright_ti4":306.45,"frp":1.52,"daynight":"N"},"geometry":{"type":"Point","coordinates":[-121.57921,42.4082]}},{"type":"Feature","properties":{"acq_date":"2026-08-09","acq_time":1038,"confidence":"n","satellite":"N","instrument":"VIIRS","version":"2.0NRT","bright_ti4":307.46,"frp":2.39,"daynight":"N"},"geometry":{"type":"Point","coordinates":[-121.5998,42.40851]}},{"type":"Feature","properties":{"acq_date":"2026-08-09","acq_time":1038,"confidence":"n","satellite":"N","instrument":"VIIRS","version":"2.0NRT","bright_ti4":336.28,"frp":8.04,"daynight":"N"},"geometry":{"type":"Point","coordinates":[-121.62059,42.40886]}},{"type":"Feature","properties":{"acq_date":"2026-08-09","acq_time":1038,"confidence":"n","satellite":"N","instrument":"VIIRS","version":"2.0NRT","bright_ti4":311.24,"frp":2.85,"daynight":"N"},"geometry":{"type":"Point","coordinates":[-121.52562,42.40902]}},{"type":"Feature","properties":{"acq_date":"2026-08-09","acq_time":1038,"confidence":"n","satellite":"N","instrument":"VIIRS","version":"2.0NRT","bright_ti4":346.05,"frp":8.28,"daynight":"N"},"geometry":{"type":"Point","coordinates":[-121.54483,42.40904]}},{"type":"Feature","properties":{"acq_date":"2026-08-09","acq_time":1038,"confidence":"n","satellite":"N","instrument":"VIIRS","version":"2.0NRT","bright_ti4":325.05,"frp":69.58,"daynight":"N"},"geometry":{"type":"Point","coordinates":[-121.6423,42.40941]}},{"type":"Feature","properties":{"acq_date":"2026-08-09","acq_time":1038,"confidence":"n","satellite":"N","instrument":"VIIRS","version":"2.0NRT","bright_ti4":304.4,"frp":1.65,"daynight":"N"},"geometry":{"type":"Point","coordinates":[-121.58555,42.40954]}},{"type":"Feature","properties":{"acq_date":"2026-08-09","acq_time":1038,"confidence":"n","satellite":"N","instrument":"VIIRS","version":"2.0NRT","bright_ti4":315.24,"frp":3.46,"daynight":"N"},"geometry":{"type":"Point","coordinates":[-116.86581,42.40957]}},{"type":"Feature","properties":{"acq_date":"2026-08-09","acq_time":1038,"confidence":"n","satellite":"N","instrument":"VIIRS","version":"2.0NRT","bright_ti4":305.85,"frp":2.39,"daynight":"N"},"geometry":{"type":"Point","coordinates":[-121.60616,42.40985]}},{"type":"Feature","properties":{"acq_date":"2026-08-09","acq_time":1038,"confidence":"n","satellite":"N","instrument":"VIIRS","version":"2.0NRT","bright_ti4":323.02,"frp":4.12,"daynight":"N"},"geometry":{"type":"Point","coordinates":[-121.62704,42.41022]}},{"type":"Feature","properties":{"acq_date":"2026-08-09","acq_time":1038,"confidence":"n","satellite":"N","instrument":"VIIRS","version":"2.0NRT","bright_ti4":339.3,"frp":5.2,"daynight":"N"},"geometry":{"type":"Point","coordinates":[-121.53148,42.41026]}},{"type":"Feature","properties":{"acq_date":"2026-08-09","acq_time":1038,"confidence":"n","satellite":"N","instrument":"VIIRS","version":"2.0NRT","bright_ti4":315.27,"frp":8.28,"daynight":"N"},"geometry":{"type":"Point","coordinates":[-121.55104,42.41035]}},{"type":"Feature","properties":{"acq_date":"2026-08-09","acq_time":1038,"confidence":"n","satellite":"N","instrument":"VIIRS","version":"2.0NRT","bright_ti4":306.89,"frp":1.34,"daynight":"N"},"geometry":{"type":"Point","coordinates":[-121.57146,42.41061]}},{"type":"Feature","properties":{"acq_date":"2026-08-09","acq_time":1038,"confidence":"n","satellite":"N","instrument":"VIIRS","version":"2.0NRT","bright_ti4":307.27,"frp":1.65,"daynight":"N"},"geometry":{"type":"Point","coordinates":[-121.5919,42.41088]}},{"type":"Feature","properties":{"acq_date":"2026-08-09","acq_time":1038,"confidence":"n","satellite":"N","instrument":"VIIRS","version":"2.0NRT","bright_ti4":330.98,"frp":69.58,"daynight":"N"},"geometry":{"type":"Point","coordinates":[-121.64938,42.4109]}},{"type":"Feature","properties":{"acq_date":"2026-08-09","acq_time":1038,"confidence":"n","satellite":"N","instrument":"VIIRS","version":"2.0NRT","bright_ti4":304.77,"frp":2.29,"daynight":"N"},"geometry":{"type":"Point","coordinates":[-121.61256,42.4112]}},{"type":"Feature","properties":{"acq_date":"2026-08-09","acq_time":1038,"confidence":"n","satellite":"N","instrument":"VIIRS","version":"2.0NRT","bright_ti4":310.42,"frp":5.2,"daynight":"N"},"geometry":{"type":"Point","coordinates":[-121.53745,42.41152]}},{"type":"Feature","properties":{"acq_date":"2026-08-09","acq_time":1038,"confidence":"n","satellite":"N","instrument":"VIIRS","version":"2.0NRT","bright_ti4":343.25,"frp":4.12,"daynight":"N"},"geometry":{"type":"Point","coordinates":[-121.63359,42.41161]}},{"type":"Feature","properties":{"acq_date":"2026-08-09","acq_time":1038,"confidence":"n","satellite":"N","instrument":"VIIRS","version":"2.0NRT","bright_ti4":306.28,"frp":1.85,"daynight":"N"},"geometry":{"type":"Point","coordinates":[-121.55734,42.41168]}},{"type":"Feature","properties":{"acq_date":"2026-08-09","acq_time":1038,"confidence":"n","satellite":"N","instrument":"VIIRS","version":"2.0NRT","bright_ti4":305.27,"frp":1.34,"daynight":"N"},"geometry":{"type":"Point","coordinates":[-121.57775,42.41194]}},{"type":"Feature","properties":{"acq_date":"2026-08-09","acq_time":1038,"confidence":"n","satellite":"N","instrument":"VIIRS","version":"2.0NRT","bright_ti4":313.33,"frp":2.29,"daynight":"N"},"geometry":{"type":"Point","coordinates":[-121.61895,42.41255]}},{"type":"Feature","properties":{"acq_date":"2026-08-09","acq_time":1038,"confidence":"n","satellite":"N","instrument":"VIIRS","version":"2.0NRT","bright_ti4":322.47,"frp":2.06,"daynight":"N"},"geometry":{"type":"Point","coordinates":[-121.5435,42.4128]}},{"type":"Feature","properties":{"acq_date":"2026-08-09","acq_time":1038,"confidence":"n","satellite":"N","instrument":"VIIRS","version":"2.0NRT","bright_ti4":333.53,"frp":69.58,"daynight":"N"},"geometry":{"type":"Point","coordinates":[-121.64031,42.41302]}},{"type":"Feature","properties":{"acq_date":"2026-08-09","acq_time":1038,"confidence":"n","satellite":"N","instrument":"VIIRS","version":"2.0NRT","bright_ti4":309.38,"frp":1.85,"daynight":"N"},"geometry":{"type":"Point","coordinates":[-121.56372,42.41302]}},{"type":"Feature","properties":{"acq_date":"2026-08-09","acq_time":1038,"confidence":"n","satellite":"N","instrument":"VIIRS","version":"2.0NRT","bright_ti4":301.36,"frp":1.16,"daynight":"N"},"geometry":{"type":"Point","coordinates":[-121.58406,42.41327]}},{"type":"Feature","properties":{"acq_date":"2026-08-09","acq_time":1038,"confidence":"n","satellite":"N","instrument":"VIIRS","version":"2.0NRT","bright_ti4":305.8,"frp":1.94,"daynight":"N"},"geometry":{"type":"Point","coordinates":[-121.6254,42.41391]}},{"type":"Feature","properties":{"acq_date":"2026-08-09","acq_time":1038,"confidence":"n","satellite":"N","instrument":"VIIRS","version":"2.0NRT","bright_ti4":336.02,"frp":5.2,"daynight":"N"},"geometry":{"type":"Point","coordinates":[-121.52988,42.41398]}},{"type":"Feature","properties":{"acq_date":"2026-08-09","acq_time":1038,"confidence":"n","satellite":"N","instrument":"VIIRS","version":"2.0NRT","bright_ti4":315,"frp":2.06,"daynight":"N"},"geometry":{"type":"Point","coordinates":[-121.54967,42.4141]}},{"type":"Feature","properties":{"acq_date":"2026-08-09","acq_time":1038,"confidence":"n","satellite":"N","instrument":"VIIRS","version":"2.0NRT","bright_ti4":306.09,"frp":1.34,"daynight":"N"},"geometry":{"type":"Point","coordinates":[-121.57001,42.41435]}},{"type":"Feature","properties":{"acq_date":"2026-08-09","acq_time":1038,"confidence":"n","satellite":"N","instrument":"VIIRS","version":"2.0NRT","bright_ti4":348.13,"frp":69.58,"daynight":"N"},"geometry":{"type":"Point","coordinates":[-121.64724,42.41448]}},{"type":"Feature","properties":{"acq_date":"2026-08-09","acq_time":1038,"confidence":"n","satellite":"N","instrument":"VIIRS","version":"2.0NRT","bright_ti4":304.6,"frp":1.16,"daynight":"N"},"geometry":{"type":"Point","coordinates":[-121.5904,42.4146]}},{"type":"Feature","properties":{"acq_date":"2026-08-09","acq_time":1038,"confidence":"n","satellite":"N","instrument":"VIIRS","version":"2.0NRT","bright_ti4":322.71,"frp":5.2,"daynight":"N"},"geometry":{"type":"Point","coordinates":[-121.53587,42.41525]}},{"type":"Feature","properties":{"acq_date":"2026-08-09","acq_time":1038,"confidence":"n","satellite":"N","instrument":"VIIRS","version":"2.0NRT","bright_ti4":305.66,"frp":1.94,"daynight":"N"},"geometry":{"type":"Point","coordinates":[-121.63187,42.41528]}},{"type":"Feature","properties":{"acq_date":"2026-08-09","acq_time":1038,"confidence":"n","satellite":"N","instrument":"VIIRS","version":"2.0NRT","bright_ti4":302.68,"frp":1.34,"daynight":"N"},"geometry":{"type":"Point","coordinates":[-121.57629,42.41567]}},{"type":"Feature","properties":{"acq_date":"2026-08-09","acq_time":1038,"confidence":"n","satellite":"N","instrument":"VIIRS","version":"2.0NRT","bright_ti4":303.65,"frp":2.06,"daynight":"N"},"geometry":{"type":"Point","coordinates":[-121.54195,42.41652]}},{"type":"Feature","properties":{"acq_date":"2026-08-09","acq_time":1038,"confidence":"n","satellite":"N","instrument":"VIIRS","version":"2.0NRT","bright_ti4":350.93,"frp":9.04,"daynight":"N"},"geometry":{"type":"Point","coordinates":[-121.63841,42.41665]}},{"type":"Feature","properties":{"acq_date":"2026-08-09","acq_time":1038,"confidence":"n","satellite":"N","instrument":"VIIRS","version":"2.0NRT","bright_ti4":302.97,"frp":1.16,"daynight":"N"},"geometry":{"type":"Point","coordinates":[-121.58257,42.417]}},{"type":"Feature","properties":{"acq_date":"2026-08-09","acq_time":1038,"confidence":"n","satellite":"N","instrument":"VIIRS","version":"2.0NRT","bright_ti4":304.74,"frp":2.06,"daynight":"N"},"geometry":{"type":"Point","coordinates":[-121.54817,42.41784]}},{"type":"Feature","properties":{"acq_date":"2026-08-09","acq_time":1038,"confidence":"n","satellite":"N","instrument":"VIIRS","version":"2.0NRT","bright_ti4":356.24,"frp":9.04,"daynight":"N"},"geometry":{"type":"Point","coordinates":[-121.64513,42.41807]}},{"type":"Feature","properties":{"acq_date":"2026-08-09","acq_time":1038,"confidence":"n","satellite":"N","instrument":"VIIRS","version":"2.0NRT","bright_ti4":303.67,"frp":1.16,"daynight":"N"},"geometry":{"type":"Point","coordinates":[-121.5889,42.41833]}},{"type":"Feature","properties":{"acq_date":"2026-08-09","acq_time":1038,"confidence":"n","satellite":"N","instrument":"VIIRS","version":"2.0NRT","bright_ti4":341.6,"frp":4.43,"daynight":"N"},"geometry":{"type":"Point","coordinates":[-121.53422,42.41895]}},{"type":"Feature","properties":{"acq_date":"2026-08-09","acq_time":1038,"confidence":"n","satellite":"N","instrument":"VIIRS","version":"2.0NRT","bright_ti4":303.36,"frp":3.02,"daynight":"N"},"geometry":{"type":"Point","coordinates":[-121.57484,42.41941]}},{"type":"Feature","properties":{"acq_date":"2026-08-09","acq_time":1038,"confidence":"n","satellite":"N","instrument":"VIIRS","version":"2.0NRT","bright_ti4":316,"frp":5.33,"daynight":"N"},"geometry":{"type":"Point","coordinates":[-121.65204,42.41952]}},{"type":"Feature","properties":{"acq_date":"2026-08-09","acq_time":1038,"confidence":"n","satellite":"N","instrument":"VIIRS","version":"2.0NRT","bright_ti4":302.39,"frp":1.92,"daynight":"N"},"geometry":{"type":"Point","coordinates":[-121.54031,42.42023]}},{"type":"Feature","properties":{"acq_date":"2026-08-09","acq_time":1038,"confidence":"n","satellite":"N","instrument":"VIIRS","version":"2.0NRT","bright_ti4":301.29,"frp":1.92,"daynight":"N"},"geometry":{"type":"Point","coordinates":[-121.54659,42.42156]}},{"type":"Feature","properties":{"acq_date":"2026-08-09","acq_time":1038,"confidence":"n","satellite":"N","instrument":"VIIRS","version":"2.0NRT","bright_ti4":316.76,"frp":33.11,"daynight":"N"},"geometry":{"type":"Point","coordinates":[-121.7,42.42157]}},{"type":"Feature","properties":{"acq_date":"2026-08-09","acq_time":1038,"confidence":"n","satellite":"N","instrument":"VIIRS","version":"2.0NRT","bright_ti4":302.93,"frp":9.04,"daynight":"N"},"geometry":{"type":"Point","coordinates":[-121.64318,42.42169]}},{"type":"Feature","properties":{"acq_date":"2026-08-09","acq_time":1038,"confidence":"n","satellite":"N","instrument":"VIIRS","version":"2.0NRT","bright_ti4":302.76,"frp":1.69,"daynight":"N"},"geometry":{"type":"Point","coordinates":[-121.58743,42.42206]}},{"type":"Feature","properties":{"acq_date":"2026-08-09","acq_time":1038,"confidence":"n","satellite":"N","instrument":"VIIRS","version":"2.0NRT","bright_ti4":307.53,"frp":4.43,"daynight":"N"},"geometry":{"type":"Point","coordinates":[-121.53262,42.42266]}},{"type":"Feature","properties":{"acq_date":"2026-08-09","acq_time":1038,"confidence":"n","satellite":"N","instrument":"VIIRS","version":"2.0NRT","bright_ti4":301.76,"frp":2.4,"daynight":"N"},"geometry":{"type":"Point","coordinates":[-121.55308,42.42292]}},{"type":"Feature","properties":{"acq_date":"2026-08-09","acq_time":1038,"confidence":"n","satellite":"N","instrument":"VIIRS","version":"2.0NRT","bright_ti4":343.39,"frp":5.33,"daynight":"N"},"geometry":{"type":"Point","coordinates":[-121.64989,42.4231]}},{"type":"Feature","properties":{"acq_date":"2026-08-09","acq_time":1038,"confidence":"n","satellite":"N","instrument":"VIIRS","version":"2.0NRT","bright_ti4":301.65,"frp":2.1,"daynight":"N"},"geometry":{"type":"Point","coordinates":[-121.5311,42.42364]}},{"type":"Feature","properties":{"acq_date":"2026-08-09","acq_time":1038,"confidence":"n","satellite":"N","instrument":"VIIRS","version":"2.0NRT","bright_ti4":317.43,"frp":1.92,"daynight":"N"},"geometry":{"type":"Point","coordinates":[-121.53871,42.42394]}},{"type":"Feature","properties":{"acq_date":"2026-08-09","acq_time":1038,"confidence":"n","satellite":"N","instrument":"VIIRS","version":"2.0NRT","bright_ti4":305.04,"frp":2.4,"daynight":"N"},"geometry":{"type":"Point","coordinates":[-121.55947,42.42427]}},{"type":"Feature","properties":{"acq_date":"2026-08-09","acq_time":1038,"confidence":"n","satellite":"N","instrument":"VIIRS","version":"2.0NRT","bright_ti4":301.42,"frp":1.69,"daynight":"N"},"geometry":{"type":"Point","coordinates":[-121.57969,42.42447]}},{"type":"Feature","properties":{"acq_date":"2026-08-09","acq_time":1038,"confidence":"n","satellite":"N","instrument":"VIIRS","version":"2.0NRT","bright_ti4":323.21,"frp":5.33,"daynight":"N"},"geometry":{"type":"Point","coordinates":[-121.65652,42.4245]}},{"type":"Feature","properties":{"acq_date":"2026-08-09","acq_time":1038,"confidence":"n","satellite":"N","instrument":"VIIRS","version":"2.0NRT","bright_ti4":320.83,"frp":2.1,"daynight":"N"},"geometry":{"type":"Point","coordinates":[-121.53718,42.42495]}},{"type":"Feature","properties":{"acq_date":"2026-08-09","acq_time":1038,"confidence":"n","satellite":"N","instrument":"VIIRS","version":"2.0NRT","bright_ti4":345.33,"frp":33.11,"daynight":"N"},"geometry":{"type":"Point","coordinates":[-121.69862,42.4253]}},{"type":"Feature","properties":{"acq_date":"2026-08-09","acq_time":1038,"confidence":"n","satellite":"N","instrument":"VIIRS","version":"2.0NRT","bright_ti4":303.94,"frp":2.28,"daynight":"N"},"geometry":{"type":"Point","coordinates":[-121.56581,42.42559]}},{"type":"Feature","properties":{"acq_date":"2026-08-09","acq_time":1038,"confidence":"n","satellite":"N","instrument":"VIIRS","version":"2.0NRT","bright_ti4":298.68,"frp":2.62,"daynight":"N"},"geometry":{"type":"Point","coordinates":[-121.54341,42.42628]}},{"type":"Feature","properties":{"acq_date":"2026-08-09","acq_time":1038,"confidence":"n","satellite":"N","instrument":"VIIRS","version":"2.0NRT","bright_ti4":300.97,"frp":1.02,"daynight":"N"},"geometry":{"type":"Point","coordinates":[-121.53102,42.42638]}},{"type":"Feature","properties":{"acq_date":"2026-08-09","acq_time":1038,"confidence":"n","satellite":"N","instrument":"VIIRS","version":"2.0NRT","bright_ti4":330.3,"frp":17.64,"daynight":"N"},"geometry":{"type":"Point","coordinates":[-121.70409,42.42646]}},{"type":"Feature","properties":{"acq_date":"2026-08-09","acq_time":1038,"confidence":"n","satellite":"N","instrument":"VIIRS","version":"2.0NRT","bright_ti4":329.46,"frp":2.4,"daynight":"N"},"geometry":{"type":"Point","coordinates":[-121.5514,42.42662]}},{"type":"Feature","properties":{"acq_date":"2026-08-09","acq_time":1038,"confidence":"n","satellite":"N","instrument":"VIIRS","version":"2.0NRT","bright_ti4":304.52,"frp":3.91,"daynight":"N"},"geometry":{"type":"Point","coordinates":[-121.64787,42.4267]}},{"type":"Feature","properties":{"acq_date":"2026-08-09","acq_time":1038,"confidence":"n","satellite":"N","instrument":"VIIRS","version":"2.0NRT","bright_ti4":308.04,"frp":2.28,"daynight":"N"},"geometry":{"type":"Point","coordinates":[-121.57204,42.42691]}},{"type":"Feature","properties":{"acq_date":"2026-08-09","acq_time":1038,"confidence":"n","satellite":"N","instrument":"VIIRS","version":"2.0NRT","bright_ti4":331.24,"frp":2.62,"daynight":"N"},"geometry":{"type":"Point","coordinates":[-121.54976,42.42766]}},{"type":"Feature","properties":{"acq_date":"2026-08-09","acq_time":1038,"confidence":"n","satellite":"N","instrument":"VIIRS","version":"2.0NRT","bright_ti4":310.71,"frp":1.65,"daynight":"N"},"geometry":{"type":"Point","coordinates":[-121.53715,42.42767]}},{"type":"Feature","properties":{"acq_date":"2026-08-09","acq_time":1038,"confidence":"n","satellite":"N","instrument":"VIIRS","version":"2.0NRT","bright_ti4":305.77,"frp":16.64,"daynight":"N"},"geometry":{"type":"Point","coordinates":[-121.6911,42.42774]}},{"type":"Feature","properties":{"acq_date":"2026-08-09","acq_time":1038,"confidence":"n","satellite":"N","instrument":"VIIRS","version":"2.0NRT","bright_ti4":312.82,"frp":2.4,"daynight":"N"},"geometry":{"type":"Point","coordinates":[-121.55791,42.42798]}},{"type":"Feature","properties":{"acq_date":"2026-08-09","acq_time":1038,"confidence":"n","satellite":"N","instrument":"VIIRS","version":"2.0NRT","bright_ti4":337.54,"frp":3.91,"daynight":"N"},"geometry":{"type":"Point","coordinates":[-121.65438,42.42808]}},{"type":"Feature","properties":{"acq_date":"2026-08-09","acq_time":1038,"confidence":"n","satellite":"N","instrument":"VIIRS","version":"2.0NRT","bright_ti4":313.01,"frp":4.76,"daynight":"N"},"geometry":{"type":"Point","coordinates":[-121.57827,42.42822]}},{"type":"Feature","properties":{"acq_date":"2026-08-09","acq_time":1038,"confidence":"n","satellite":"N","instrument":"VIIRS","version":"2.0NRT","bright_ti4":315.58,"frp":2.1,"daynight":"N"},"geometry":{"type":"Point","coordinates":[-121.53565,42.42867]}},{"type":"Feature","properties":{"acq_date":"2026-08-09","acq_time":1038,"confidence":"n","satellite":"N","instrument":"VIIRS","version":"2.0NRT","bright_ti4":331.63,"frp":16.64,"daynight":"N"},"geometry":{"type":"Point","coordinates":[-121.6972,42.42902]}},{"type":"Feature","properties":{"acq_date":"2026-08-09","acq_time":1038,"confidence":"n","satellite":"N","instrument":"VIIRS","version":"2.0NRT","bright_ti4":324.07,"frp":3.56,"daynight":"N"},"geometry":{"type":"Point","coordinates":[-121.55625,42.42906]}},{"type":"Feature","properties":{"acq_date":"2026-08-09","acq_time":1038,"confidence":"n","satellite":"N","instrument":"VIIRS","version":"2.0NRT","bright_ti4":320.62,"frp":2.28,"daynight":"N"},"geometry":{"type":"Point","coordinates":[-121.56439,42.42934]}},{"type":"Feature","properties":{"acq_date":"2026-08-09","acq_time":1038,"confidence":"n","satellite":"N","instrument":"VIIRS","version":"2.0NRT","bright_ti4":332.97,"frp":4.75,"daynight":"N"},"geometry":{"type":"Point","coordinates":[-121.66091,42.42945]}},{"type":"Feature","properties":{"acq_date":"2026-08-09","acq_time":1038,"confidence":"n","satellite":"N","instrument":"VIIRS","version":"2.0NRT","bright_ti4":333.26,"frp":4.76,"daynight":"N"},"geometry":{"type":"Point","coordinates":[-121.58456,42.42954]}},{"type":"Feature","properties":{"acq_date":"2026-08-09","acq_time":1038,"confidence":"n","satellite":"N","instrument":"VIIRS","version":"2.0NRT","bright_ti4":311.73,"frp":2.36,"daynight":"N"},"geometry":{"type":"Point","coordinates":[-121.68265,42.42999]}},{"type":"Feature","properties":{"acq_date":"2026-08-09","acq_time":1038,"confidence":"n","satellite":"N","instrument":"VIIRS","version":"2.0NRT","bright_ti4":355.04,"frp":24.34,"daynight":"N"},"geometry":{"type":"Point","coordinates":[-121.7027,42.43018]}},{"type":"Feature","properties":{"acq_date":"2026-08-09","acq_time":1038,"confidence":"n","satellite":"N","instrument":"VIIRS","version":"2.0NRT","bright_ti4":307.05,"frp":3.15,"daynight":"N"},"geometry":{"type":"Point","coordinates":[-121.54974,42.43031]}},{"type":"Feature","properties":{"acq_date":"2026-08-09","acq_time":1038,"confidence":"n","satellite":"N","instrument":"VIIRS","version":"2.0NRT","bright_ti4":317.93,"frp":3.56,"daynight":"N"},"geometry":{"type":"Point","coordinates":[-121.56277,42.43046]}},{"type":"Feature","properties":{"acq_date":"2026-08-09","acq_time":1038,"confidence":"n","satellite":"N","instrument":"VIIRS","version":"2.0NRT","bright_ti4":315.7,"frp":2.28,"daynight":"N"},"geometry":{"type":"Point","coordinates":[-121.57065,42.43066]}},{"type":"Feature","properties":{"acq_date":"2026-08-09","acq_time":1038,"confidence":"n","satellite":"N","instrument":"VIIRS","version":"2.0NRT","bright_ti4":316.66,"frp":4.75,"daynight":"N"},"geometry":{"type":"Point","coordinates":[-121.66758,42.43085]}},{"type":"Feature","properties":{"acq_date":"2026-08-09","acq_time":1038,"confidence":"n","satellite":"N","instrument":"VIIRS","version":"2.0NRT","bright_ti4":320.01,"frp":24.34,"daynight":"N"},"geometry":{"type":"Point","coordinates":[-121.70826,42.43135]}},{"type":"Feature","properties":{"acq_date":"2026-08-09","acq_time":1038,"confidence":"n","satellite":"N","instrument":"VIIRS","version":"2.0NRT","bright_ti4":318.67,"frp":2.62,"daynight":"N"},"geometry":{"type":"Point","coordinates":[-121.54813,42.43136]}},{"type":"Feature","properties":{"acq_date":"2026-08-09","acq_time":1038,"confidence":"n","satellite":"N","instrument":"VIIRS","version":"2.0NRT","bright_ti4":346.92,"frp":16.64,"daynight":"N"},"geometry":{"type":"Point","coordinates":[-121.68927,42.43137]}},{"type":"Feature","properties":{"acq_date":"2026-08-09","acq_time":1038,"confidence":"n","satellite":"N","instrument":"VIIRS","version":"2.0NRT","bright_ti4":304.18,"frp":1.65,"daynight":"N"},"geometry":{"type":"Point","coordinates":[-121.53562,42.4314]}},{"type":"Feature","properties":{"acq_date":"2026-08-09","acq_time":1038,"confidence":"n","satellite":"N","instrument":"VIIRS","version":"2.0NRT","bright_ti4":319.22,"frp":3.15,"daynight":"N"},"geometry":{"type":"Point","coordinates":[-121.55622,42.43167]}},{"type":"Feature","properties":{"acq_date":"2026-08-09","acq_time":1038,"confidence":"n","satellite":"N","instrument":"VIIRS","version":"2.0NRT","bright_ti4":317.52,"frp":2.11,"daynight":"N"},"geometry":{"type":"Point","coordinates":[-121.56909,42.43183]}},{"type":"Feature","properties":{"acq_date":"2026-08-09","acq_time":1038,"confidence":"n","satellite":"N","instrument":"VIIRS","version":"2.0NRT","bright_ti4":325.59,"frp":4.76,"daynight":"N"},"geometry":{"type":"Point","coordinates":[-121.5769,42.43197]}},{"type":"Feature","properties":{"acq_date":"2026-08-09","acq_time":1038,"confidence":"n","satellite":"N","instrument":"VIIRS","version":"2.0NRT","bright_ti4":340.49,"frp":3.76,"daynight":"N"},"geometry":{"type":"Point","coordinates":[-121.67426,42.43225]}},{"type":"Feature","properties":{"acq_date":"2026-08-09","acq_time":1038,"confidence":"n","satellite":"N","instrument":"VIIRS","version":"2.0NRT","bright_ti4":303.93,"frp":1.65,"daynight":"N"},"geometry":{"type":"Point","coordinates":[-121.54186,42.43271]}},{"type":"Feature","properties":{"acq_date":"2026-08-09","acq_time":1038,"confidence":"n","satellite":"N","instrument":"VIIRS","version":"2.0NRT","bright_ti4":325.54,"frp":16.64,"daynight":"N"},"geometry":{"type":"Point","coordinates":[-121.69569,42.43272]}},{"type":"Feature","properties":{"acq_date":"2026-08-09","acq_time":1038,"confidence":"n","satellite":"N","instrument":"VIIRS","version":"2.0NRT","bright_ti4":319.73,"frp":3.56,"daynight":"N"},"geometry":{"type":"Point","coordinates":[-121.55456,42.43274]}},{"type":"Feature","properties":{"acq_date":"2026-08-09","acq_time":1038,"confidence":"n","satellite":"N","instrument":"VIIRS","version":"2.0NRT","bright_ti4":322.81,"frp":2.52,"daynight":"N"},"geometry":{"type":"Point","coordinates":[-121.56281,42.43305]}},{"type":"Feature","properties":{"acq_date":"2026-08-09","acq_time":1038,"confidence":"n","satellite":"N","instrument":"VIIRS","version":"2.0NRT","bright_ti4":312.54,"frp":2.11,"daynight":"N"},"geometry":{"type":"Point","coordinates":[-121.57533,42.43317]}},{"type":"Feature","properties":{"acq_date":"2026-08-09","acq_time":1038,"confidence":"n","satellite":"N","instrument":"VIIRS","version":"2.0NRT","bright_ti4":339.19,"frp":4.76,"daynight":"N"},"geometry":{"type":"Point","coordinates":[-121.58316,42.43328]}},{"type":"Feature","properties":{"acq_date":"2026-08-09","acq_time":1038,"confidence":"n","satellite":"N","instrument":"VIIRS","version":"2.0NRT","bright_ti4":312.93,"frp":3.76,"daynight":"N"},"geometry":{"type":"Point","coordinates":[-121.68083,42.43362]}},{"type":"Feature","properties":{"acq_date":"2026-08-09","acq_time":1038,"confidence":"n","satellite":"N","instrument":"VIIRS","version":"2.0NRT","bright_ti4":307.19,"frp":2.49,"daynight":"N"},"geometry":{"type":"Point","coordinates":[-121.54034,42.43373]}},{"type":"Feature","properties":{"acq_date":"2026-08-09","acq_time":1038,"confidence":"n","satellite":"N","instrument":"VIIRS","version":"2.0NRT","bright_ti4":320.03,"frp":24.34,"daynight":"N"},"geometry":{"type":"Point","coordinates":[-121.70131,42.4339]}},{"type":"Feature","properties":{"acq_date":"2026-08-09","acq_time":1038,"confidence":"n","satellite":"N","instrument":"VIIRS","version":"2.0NRT","bright_ti4":320.58,"frp":3.15,"daynight":"N"},"geometry":{"type":"Point","coordinates":[-121.54817,42.43403]}},{"type":"Feature","properties":{"acq_date":"2026-08-09","acq_time":1038,"confidence":"n","satellite":"N","instrument":"VIIRS","version":"2.0NRT","bright_ti4":323.24,"frp":3.56,"daynight":"N"},"geometry":{"type":"Point","coordinates":[-121.56113,42.43416]}},{"type":"Feature","properties":{"acq_date":"2026-08-09","acq_time":1038,"confidence":"n","satellite":"N","instrument":"VIIRS","version":"2.0NRT","bright_ti4":308.65,"frp":2.52,"daynight":"N"},"geometry":{"type":"Point","coordinates":[-121.56924,42.4344]}},{"type":"Feature","properties":{"acq_date":"2026-08-09","acq_time":1038,"confidence":"n","satellite":"N","instrument":"VIIRS","version":"2.0NRT","bright_ti4":327.77,"frp":3.38,"daynight":"N"},"geometry":{"type":"Point","coordinates":[-121.58156,42.43451]}},{"type":"Feature","properties":{"acq_date":"2026-08-09","acq_time":1038,"confidence":"n","satellite":"N","instrument":"VIIRS","version":"2.0NRT","bright_ti4":325.08,"frp":24.34,"daynight":"N"},"geometry":{"type":"Point","coordinates":[-121.70681,42.43506]}},{"type":"Feature","properties":{"acq_date":"2026-08-09","acq_time":1038,"confidence":"n","satellite":"N","instrument":"VIIRS","version":"2.0NRT","bright_ti4":328.99,"frp":2.49,"daynight":"N"},"geometry":{"type":"Point","coordinates":[-121.5466,42.43508]}},{"type":"Feature","properties":{"acq_date":"2026-08-09","acq_time":1038,"confidence":"n","satellite":"N","instrument":"VIIRS","version":"2.0NRT","bright_ti4":331.14,"frp":3.15,"daynight":"N"},"geometry":{"type":"Point","coordinates":[-121.55456,42.43537]}},{"type":"Feature","properties":{"acq_date":"2026-08-09","acq_time":1038,"confidence":"n","satellite":"N","instrument":"VIIRS","version":"2.0NRT","bright_ti4":310.51,"frp":2.11,"daynight":"N"},"geometry":{"type":"Point","coordinates":[-121.56761,42.43556]}},{"type":"Feature","properties":{"acq_date":"2026-08-09","acq_time":1038,"confidence":"n","satellite":"N","instrument":"VIIRS","version":"2.0NRT","bright_ti4":310.21,"frp":1.75,"daynight":"N"},"geometry":{"type":"Point","coordinates":[-121.57552,42.43572]}},{"type":"Feature","properties":{"acq_date":"2026-08-09","acq_time":1038,"confidence":"n","satellite":"N","instrument":"VIIRS","version":"2.0NRT","bright_ti4":317.5,"frp":3.76,"daynight":"N"},"geometry":{"type":"Point","coordinates":[-121.6725,42.4359]}},{"type":"Feature","properties":{"acq_date":"2026-08-09","acq_time":1038,"confidence":"n","satellite":"N","instrument":"VIIRS","version":"2.0NRT","bright_ti4":310.35,"frp":2.39,"daynight":"N"},"geometry":{"type":"Point","coordinates":[-121.71225,42.43621]}},{"type":"Feature","properties":{"acq_date":"2026-08-09","acq_time":1038,"confidence":"n","satellite":"N","instrument":"VIIRS","version":"2.0NRT","bright_ti4":323.55,"frp":3.41,"daynight":"N"},"geometry":{"type":"Point","coordinates":[-121.69392,42.43637]}},{"type":"Feature","properties":{"acq_date":"2026-08-09","acq_time":1038,"confidence":"n","satellite":"N","instrument":"VIIRS","version":"2.0NRT","bright_ti4":313.1,"frp":2.07,"daynight":"N"},"geometry":{"type":"Point","coordinates":[-121.54034,42.43643]}},{"type":"Feature","properties":{"acq_date":"2026-08-09","acq_time":1038,"confidence":"n","satellite":"N","instrument":"VIIRS","version":"2.0NRT","bright_ti4":336.82,"frp":5.63,"daynight":"N"},"geometry":{"type":"Point","coordinates":[-121.5529,42.43644]}},{"type":"Feature","properties":{"acq_date":"2026-08-09","acq_time":1038,"confidence":"n","satellite":"N","instrument":"VIIRS","version":"2.0NRT","bright_ti4":318.83,"frp":2.52,"daynight":"N"},"geometry":{"type":"Point","coordinates":[-121.56113,42.43674]}},{"type":"Feature","properties":{"acq_date":"2026-08-09","acq_time":1038,"confidence":"n","satellite":"N","instrument":"VIIRS","version":"2.0NRT","bright_ti4":306.43,"frp":2.11,"daynight":"N"},"geometry":{"type":"Point","coordinates":[-121.57395,42.43692]}},{"type":"Feature","properties":{"acq_date":"2026-08-09","acq_time":1038,"confidence":"n","satellite":"N","instrument":"VIIRS","version":"2.0NRT","bright_ti4":307.26,"frp":1.75,"daynight":"N"},"geometry":{"type":"Point","coordinates":[-121.58175,42.43703]}},{"type":"Feature","properties":{"acq_date":"2026-08-09","acq_time":1038,"confidence":"n","satellite":"N","instrument":"VIIRS","version":"2.0NRT","bright_ti4":298.48,"frp":0.56,"daynight":"N"},"geometry":{"type":"Point","coordinates":[-116.89257,42.43703]}},{"type":"Feature","properties":{"acq_date":"2026-08-09","acq_time":1038,"confidence":"n","satellite":"N","instrument":"VIIRS","version":"2.0NRT","bright_ti4":321.03,"frp":3.76,"daynight":"N"},"geometry":{"type":"Point","coordinates":[-121.67904,42.43727]}},{"type":"Feature","properties":{"acq_date":"2026-08-09","acq_time":1038,"confidence":"n","satellite":"N","instrument":"VIIRS","version":"2.0NRT","bright_ti4":311.15,"frp":2.49,"daynight":"N"},"geometry":{"type":"Point","coordinates":[-121.53882,42.43746]}},{"type":"Feature","properties":{"acq_date":"2026-08-09","acq_time":1038,"confidence":"n","satellite":"N","instrument":"VIIRS","version":"2.0NRT","bright_ti4":302.47,"frp":1.3,"daynight":"N"},"geometry":{"type":"Point","coordinates":[-116.85426,42.43753]}},{"type":"Feature","properties":{"acq_date":"2026-08-09","acq_time":1038,"confidence":"n","satellite":"N","instrument":"VIIRS","version":"2.0NRT","bright_ti4":301.76,"frp":1.78,"daynight":"N"},"geometry":{"type":"Point","coordinates":[-121.69987,42.43762]}},{"type":"Feature","properties":{"acq_date":"2026-08-09","acq_time":1038,"confidence":"n","satellite":"N","instrument":"VIIRS","version":"2.0NRT","bright_ti4":331.6,"frp":4.57,"daynight":"N"},"geometry":{"type":"Point","coordinates":[-121.54663,42.43775]}},{"type":"Feature","properties":{"acq_date":"2026-08-09","acq_time":1038,"confidence":"n","satellite":"N","instrument":"VIIRS","version":"2.0NRT","bright_ti4":318.63,"frp":5.63,"daynight":"N"},"geometry":{"type":"Point","coordinates":[-121.55942,42.43784]}},{"type":"Feature","properties":{"acq_date":"2026-08-09","acq_time":1038,"confidence":"n","satellite":"N","instrument":"VIIRS","version":"2.0NRT","bright_ti4":312.97,"frp":2.52,"daynight":"N"},"geometry":{"type":"Point","coordinates":[-121.56767,42.43811]}},{"type":"Feature","properties":{"acq_date":"2026-08-09","acq_time":1038,"confidence":"n","satellite":"N","instrument":"VIIRS","version":"2.0NRT","bright_ti4":305.72,"frp":3.38,"daynight":"N"},"geometry":{"type":"Point","coordinates":[-121.58015,42.43826]}},{"type":"Feature","properties":{"acq_date":"2026-08-09","acq_time":1038,"confidence":"n","satellite":"N","instrument":"VIIRS","version":"2.0NRT","bright_ti4":325.55,"frp":3.32,"daynight":"N"},"geometry":{"type":"Point","coordinates":[-116.89877,42.43861]}},{"type":"Feature","properties":{"acq_date":"2026-08-09","acq_time":1038,"confidence":"n","satellite":"N","instrument":"VIIRS","version":"2.0NRT","bright_ti4":329.88,"frp":3.41,"daynight":"N"},"geometry":{"type":"Point","coordinates":[-121.68562,42.43865]}},{"type":"Feature","properties":{"acq_date":"2026-08-09","acq_time":1038,"confidence":"n","satellite":"N","instrument":"VIIRS","version":"2.0NRT","bright_ti4":316.58,"frp":2.49,"daynight":"N"},"geometry":{"type":"Point","coordinates":[-121.54509,42.43881]}},{"type":"Feature","properties":{"acq_date":"2026-08-09","acq_time":1038,"confidence":"n","satellite":"N","instrument":"VIIRS","version":"2.0NRT","bright_ti4":344.3,"frp":4.57,"daynight":"N"},"geometry":{"type":"Point","coordinates":[-121.55294,42.43908]}},{"type":"Feature","properties":{"acq_date":"2026-08-09","acq_time":1038,"confidence":"n","satellite":"N","instrument":"VIIRS","version":"2.0NRT","bright_ti4":315.52,"frp":2.33,"daynight":"N"},"geometry":{"type":"Point","coordinates":[-121.56592,42.43924]}},{"type":"Feature","properties":{"acq_date":"2026-08-09","acq_time":1038,"confidence":"n","satellite":"N","instrument":"VIIRS","version":"2.0NRT","bright_ti4":302.5,"frp":1.75,"daynight":"N"},"geometry":{"type":"Point","coordinates":[-121.57404,42.43945]}},{"type":"Feature","properties":{"acq_date":"2026-08-09","acq_time":1038,"confidence":"n","satellite":"N","instrument":"VIIRS","version":"2.0NRT","bright_ti4":299.24,"frp":1.92,"daynight":"N"},"geometry":{"type":"Point","coordinates":[-121.71083,42.43993]}},{"type":"Feature","properties":{"acq_date":"2026-08-09","acq_time":1038,"confidence":"n","satellite":"N","instrument":"VIIRS","version":"2.0NRT","bright_ti4":304.6,"frp":3.41,"daynight":"N"},"geometry":{"type":"Point","coordinates":[-121.69215,42.44002]}},{"type":"Feature","properties":{"acq_date":"2026-08-09","acq_time":1038,"confidence":"n","satellite":"N","instrument":"VIIRS","version":"2.0NRT","bright_ti4":339.14,"frp":5.63,"daynight":"N"},"geometry":{"type":"Point","coordinates":[-121.55136,42.44016]}},{"type":"Feature","properties":{"acq_date":"2026-08-09","acq_time":1038,"confidence":"n","satellite":"N","instrument":"VIIRS","version":"2.0NRT","bright_ti4":309.83,"frp":2.07,"daynight":"N"},"geometry":{"type":"Point","coordinates":[-121.53883,42.44017]}},{"type":"Feature","properties":{"acq_date":"2026-08-09","acq_time":1038,"confidence":"n","satellite":"N","instrument":"VIIRS","version":"2.0NRT","bright_ti4":299.84,"frp":3.32,"daynight":"N"},"geometry":{"type":"Point","coordinates":[-116.90485,42.44017]}},{"type":"Feature","properties":{"acq_date":"2026-08-09","acq_time":1038,"confidence":"n","satellite":"N","instrument":"VIIRS","version":"2.0NRT","bright_ti4":326.93,"frp":3.2,"daynight":"N"},"geometry":{"type":"Point","coordinates":[-121.55938,42.44042]}},{"type":"Feature","properties":{"acq_date":"2026-08-09","acq_time":1038,"confidence":"n","satellite":"N","instrument":"VIIRS","version":"2.0NRT","bright_ti4":306.19,"frp":2.33,"daynight":"N"},"geometry":{"type":"Point","coordinates":[-121.57236,42.44062]}},{"type":"Feature","properties":{"acq_date":"2026-08-09","acq_time":1038,"confidence":"n","satellite":"N","instrument":"VIIRS","version":"2.0NRT","bright_ti4":298.07,"frp":0.97,"daynight":"N"},"geometry":{"type":"Point","coordinates":[-121.53733,42.44119]}},{"type":"Feature","properties":{"acq_date":"2026-08-09","acq_time":1038,"confidence":"n","satellite":"N","instrument":"VIIRS","version":"2.0NRT","bright_ti4":303.09,"frp":1.78,"daynight":"N"},"geometry":{"type":"Point","coordinates":[-121.69841,42.44133]}},{"type":"Feature","properties":{"acq_date":"2026-08-09","acq_time":1038,"confidence":"n","satellite":"N","instrument":"VIIRS","version":"2.0NRT","bright_ti4":296.92,"frp":2.28,"daynight":"N"},"geometry":{"type":"Point","coordinates":[-116.85345,42.44136]}},{"type":"Feature","properties":{"acq_date":"2026-08-09","acq_time":1038,"confidence":"n","satellite":"N","instrument":"VIIRS","version":"2.0NRT","bright_ti4":300.88,"frp":4.57,"daynight":"N"},"geometry":{"type":"Point","coordinates":[-121.54511,42.44148]}},{"type":"Feature","properties":{"acq_date":"2026-08-09","acq_time":1038,"confidence":"n","satellite":"N","instrument":"VIIRS","version":"2.0NRT","bright_ti4":327.65,"frp":5.63,"daynight":"N"},"geometry":{"type":"Point","coordinates":[-121.55774,42.44152]}},{"type":"Feature","properties":{"acq_date":"2026-08-09","acq_time":1038,"confidence":"n","satellite":"N","instrument":"VIIRS","version":"2.0NRT","bright_ti4":316.23,"frp":3.2,"daynight":"N"},"geometry":{"type":"Point","coordinates":[-121.56586,42.44178]}},{"type":"Feature","properties":{"acq_date":"2026-08-09","acq_time":1038,"confidence":"n","satellite":"N","instrument":"VIIRS","version":"2.0NRT","bright_ti4":303.31,"frp":1.64,"daynight":"N"},"geometry":{"type":"Point","coordinates":[-121.57867,42.44198]}},{"type":"Feature","properties":{"acq_date":"2026-08-09","acq_time":1038,"confidence":"n","satellite":"N","instrument":"VIIRS","version":"2.0NRT","bright_ti4":317.28,"frp":1.53,"daynight":"N"},"geometry":{"type":"Point","coordinates":[-121.68389,42.44231]}},{"type":"Feature","properties":{"acq_date":"2026-08-09","acq_time":1038,"confidence":"n","satellite":"N","instrument":"VIIRS","version":"2.0NRT","bright_ti4":301.27,"frp":0.97,"daynight":"N"},"geometry":{"type":"Point","coordinates":[-121.54359,42.44254]}},{"type":"Feature","properties":{"acq_date":"2026-08-09","acq_time":1038,"confidence":"n","satellite":"N","instrument":"VIIRS","version":"2.0NRT","bright_ti4":328.29,"frp":4.57,"daynight":"N"},"geometry":{"type":"Point","coordinates":[-121.55138,42.4428]}},{"type":"Feature","properties":{"acq_date":"2026-08-09","acq_time":1038,"confidence":"n","satellite":"N","instrument":"VIIRS","version":"2.0NRT","bright_ti4":312.22,"frp":2.33,"daynight":"N"},"geometry":{"type":"Point","coordinates":[-121.56413,42.4429]}},{"type":"Feature","properties":{"acq_date":"2026-08-09","acq_time":1038,"confidence":"n","satellite":"N","instrument":"VIIRS","version":"2.0NRT","bright_ti4":310.89,"frp":1.64,"daynight":"N"},"geometry":{"type":"Point","coordinates":[-121.57231,42.44313]}},{"type":"Feature","properties":{"acq_date":"2026-08-09","acq_time":1038,"confidence":"n","satellite":"N","instrument":"VIIRS","version":"2.0NRT","bright_ti4":318.08,"frp":3.32,"daynight":"N"},"geometry":{"type":"Point","coordinates":[-116.89635,42.44313]}},{"type":"Feature","properties":{"acq_date":"2026-08-09","acq_time":1038,"confidence":"n","satellite":"N","instrument":"VIIRS","version":"2.0NRT","bright_ti4":300.23,"frp":1.21,"daynight":"N"},"geometry":{"type":"Point","coordinates":[-116.86043,42.44318]}},{"type":"Feature","properties":{"acq_date":"2026-08-09","acq_time":1038,"confidence":"n","satellite":"N","instrument":"VIIRS","version":"2.0NRT","bright_ti4":301.43,"frp":1.53,"daynight":"N"},"geometry":{"type":"Point","coordinates":[-121.69042,42.44367]}},{"type":"Feature","properties":{"acq_date":"2026-08-09","acq_time":1038,"confidence":"n","satellite":"N","instrument":"VIIRS","version":"2.0NRT","bright_ti4":309.88,"frp":2.07,"daynight":"N"},"geometry":{"type":"Point","coordinates":[-121.54984,42.44388]}},{"type":"Feature","properties":{"acq_date":"2026-08-09","acq_time":1038,"confidence":"n","satellite":"N","instrument":"VIIRS","version":"2.0NRT","bright_ti4":297.29,"frp":1.3,"daynight":"N"},"geometry":{"type":"Point","coordinates":[-116.85909,42.44391]}},{"type":"Feature","properties":{"acq_date":"2026-08-09","acq_time":1038,"confidence":"n","satellite":"N","instrument":"VIIRS","version":"2.0NRT","bright_ti4":311.4,"frp":2.33,"daynight":"N"},"geometry":{"type":"Point","coordinates":[-121.57058,42.44429]}},{"type":"Feature","properties":{"acq_date":"2026-08-09","acq_time":1038,"confidence":"n","satellite":"N","instrument":"VIIRS","version":"2.0NRT","bright_ti4":304.84,"frp":1.64,"daynight":"N"},"geometry":{"type":"Point","coordinates":[-121.57879,42.44448]}},{"type":"Feature","properties":{"acq_date":"2026-08-09","acq_time":1038,"confidence":"n","satellite":"N","instrument":"VIIRS","version":"2.0NRT","bright_ti4":315.42,"frp":3.32,"daynight":"N"},"geometry":{"type":"Point","coordinates":[-116.90255,42.44472]}},{"type":"Feature","properties":{"acq_date":"2026-08-09","acq_time":1038,"confidence":"n","satellite":"N","instrument":"VIIRS","version":"2.0NRT","bright_ti4":299.95,"frp":1.21,"daynight":"N"},"geometry":{"type":"Point","coordinates":[-116.86739,42.445]}},{"type":"Feature","properties":{"acq_date":"2026-08-09","acq_time":1038,"confidence":"n","satellite":"N","instrument":"VIIRS","version":"2.0NRT","bright_ti4":305.36,"frp":3.2,"daynight":"N"},"geometry":{"type":"Point","coordinates":[-121.56408,42.44545]}},{"type":"Feature","properties":{"acq_date":"2026-08-09","acq_time":1038,"confidence":"n","satellite":"N","instrument":"VIIRS","version":"2.0NRT","bright_ti4":303.59,"frp":1.94,"daynight":"N"},"geometry":{"type":"Point","coordinates":[-121.66077,42.44552]}},{"type":"Feature","properties":{"acq_date":"2026-08-09","acq_time":1038,"confidence":"n","satellite":"N","instrument":"VIIRS","version":"2.0NRT","bright_ti4":305.32,"frp":1.05,"daynight":"N"},"geometry":{"type":"Point","coordinates":[-116.86603,42.44568]}},{"type":"Feature","properties":{"acq_date":"2026-08-09","acq_time":1038,"confidence":"n","satellite":"N","instrument":"VIIRS","version":"2.0NRT","bright_ti4":306.24,"frp":1.64,"daynight":"N"},"geometry":{"type":"Point","coordinates":[-121.57711,42.44569]}},{"type":"Feature","properties":{"acq_date":"2026-08-09","acq_time":1038,"confidence":"n","satellite":"N","instrument":"VIIRS","version":"2.0NRT","bright_ti4":297.17,"frp":0.97,"daynight":"N"},"geometry":{"type":"Point","coordinates":[-121.5421,42.44627]}},{"type":"Feature","properties":{"acq_date":"2026-08-09","acq_time":1038,"confidence":"n","satellite":"N","instrument":"VIIRS","version":"2.0NRT","bright_ti4":297.75,"frp":0.89,"daynight":"N"},"geometry":{"type":"Point","coordinates":[-116.90908,42.44639]}},{"type":"Feature","properties":{"acq_date":"2026-08-09","acq_time":1038,"confidence":"n","satellite":"N","instrument":"VIIRS","version":"2.0NRT","bright_ti4":307.75,"frp":1.64,"daynight":"N"},"geometry":{"type":"Point","coordinates":[-121.57059,42.44681]}},{"type":"Feature","properties":{"acq_date":"2026-08-09","acq_time":1038,"confidence":"n","satellite":"N","instrument":"VIIRS","version":"2.0NRT","bright_ti4":303.46,"frp":1.64,"daynight":"N"},"geometry":{"type":"Point","coordinates":[-121.58347,42.44706]}},{"type":"Feature","properties":{"acq_date":"2026-08-09","acq_time":1038,"confidence":"n","satellite":"N","instrument":"VIIRS","version":"2.0NRT","bright_ti4":314.15,"frp":2.07,"daynight":"N"},"geometry":{"type":"Point","coordinates":[-121.54836,42.44761]}},{"type":"Feature","properties":{"acq_date":"2026-08-09","acq_time":1038,"confidence":"n","satellite":"N","instrument":"VIIRS","version":"2.0NRT","bright_ti4":306.37,"frp":3.76,"daynight":"N"},"geometry":{"type":"Point","coordinates":[-121.56887,42.44797]}},{"type":"Feature","properties":{"acq_date":"2026-08-09","acq_time":1038,"confidence":"n","satellite":"N","instrument":"VIIRS","version":"2.0NRT","bright_ti4":306.93,"frp":1.64,"daynight":"N"},"geometry":{"type":"Point","coordinates":[-121.57716,42.44818]}},{"type":"Feature","properties":{"acq_date":"2026-08-09","acq_time":1038,"confidence":"n","satellite":"N","instrument":"VIIRS","version":"2.0NRT","bright_ti4":299.94,"frp":2.14,"daynight":"N"},"geometry":{"type":"Point","coordinates":[-116.90125,42.4487]}},{"type":"Feature","properties":{"acq_date":"2026-08-09","acq_time":1038,"confidence":"n","satellite":"N","instrument":"VIIRS","version":"2.0NRT","bright_ti4":298.76,"frp":2.07,"daynight":"N"},"geometry":{"type":"Point","coordinates":[-121.5546,42.44895]}},{"type":"Feature","properties":{"acq_date":"2026-08-09","acq_time":1038,"confidence":"n","satellite":"N","instrument":"VIIRS","version":"2.0NRT","bright_ti4":307.8,"frp":1.48,"daynight":"N"},"geometry":{"type":"Point","coordinates":[-121.57542,42.44937]}},{"type":"Feature","properties":{"acq_date":"2026-08-09","acq_time":1038,"confidence":"n","satellite":"N","instrument":"VIIRS","version":"2.0NRT","bright_ti4":297.03,"frp":1.54,"daynight":"N"},"geometry":{"type":"Point","coordinates":[-116.86494,42.44952]}},{"type":"Feature","properties":{"acq_date":"2026-08-09","acq_time":1038,"confidence":"n","satellite":"N","instrument":"VIIRS","version":"2.0NRT","bright_ti4":303.08,"frp":1.95,"daynight":"N"},"geometry":{"type":"Point","coordinates":[-121.5836,42.44953]}},{"type":"Feature","properties":{"acq_date":"2026-08-09","acq_time":1038,"confidence":"n","satellite":"N","instrument":"VIIRS","version":"2.0NRT","bright_ti4":301.06,"frp":1.22,"daynight":"N"},"geometry":{"type":"Point","coordinates":[-121.5406,42.45]}},{"type":"Feature","properties":{"acq_date":"2026-08-09","acq_time":1038,"confidence":"n","satellite":"N","instrument":"VIIRS","version":"2.0NRT","bright_ti4":306.26,"frp":1.48,"daynight":"N"},"geometry":{"type":"Point","coordinates":[-121.58189,42.45076]}},{"type":"Feature","properties":{"acq_date":"2026-08-09","acq_time":1038,"confidence":"n","satellite":"N","instrument":"VIIRS","version":"2.0NRT","bright_ti4":350.76,"frp":8.15,"daynight":"N"},"geometry":{"type":"Point","coordinates":[-121.54689,42.45135]}},{"type":"Feature","properties":{"acq_date":"2026-08-09","acq_time":1038,"confidence":"n","satellite":"N","instrument":"VIIRS","version":"2.0NRT","bright_ti4":305.37,"frp":8.15,"daynight":"N"},"geometry":{"type":"Point","coordinates":[-121.55312,42.45269]}},{"type":"Feature","properties":{"acq_date":"2026-08-09","acq_time":1038,"confidence":"n","satellite":"N","instrument":"VIIRS","version":"2.0NRT","bright_ti4":306.41,"frp":1.48,"daynight":"N"},"geometry":{"type":"Point","coordinates":[-121.57375,42.45306]}},{"type":"Feature","properties":{"acq_date":"2026-08-09","acq_time":1038,"confidence":"n","satellite":"N","instrument":"VIIRS","version":"2.0NRT","bright_ti4":300.63,"frp":1.22,"daynight":"N"},"geometry":{"type":"Point","coordinates":[-121.53915,42.45374]}},{"type":"Feature","properties":{"acq_date":"2026-08-09","acq_time":1038,"confidence":"n","satellite":"N","instrument":"VIIRS","version":"2.0NRT","bright_ti4":303.29,"frp":1.48,"daynight":"N"},"geometry":{"type":"Point","coordinates":[-121.58026,42.45446]}},{"type":"Feature","properties":{"acq_date":"2026-08-09","acq_time":1038,"confidence":"n","satellite":"N","instrument":"VIIRS","version":"2.0NRT","bright_ti4":313.23,"frp":8.15,"daynight":"N"},"geometry":{"type":"Point","coordinates":[-121.54542,42.45508]}},{"type":"Feature","properties":{"acq_date":"2026-08-09","acq_time":1038,"confidence":"n","satellite":"N","instrument":"VIIRS","version":"2.0NRT","bright_ti4":304.28,"frp":1.69,"daynight":"N"},"geometry":{"type":"Point","coordinates":[-121.58667,42.45583]}},{"type":"Feature","properties":{"acq_date":"2026-08-09","acq_time":1038,"confidence":"n","satellite":"N","instrument":"VIIRS","version":"2.0NRT","bright_ti4":305.14,"frp":1.32,"daynight":"N"},"geometry":{"type":"Point","coordinates":[-121.57215,42.45676]}},{"type":"Feature","properties":{"acq_date":"2026-08-09","acq_time":1038,"confidence":"n","satellite":"N","instrument":"VIIRS","version":"2.0NRT","bright_ti4":304.83,"frp":1.32,"daynight":"N"},"geometry":{"type":"Point","coordinates":[-121.57861,42.45814]}},{"type":"Feature","properties":{"acq_date":"2026-08-09","acq_time":1038,"confidence":"n","satellite":"N","instrument":"VIIRS","version":"2.0NRT","bright_ti4":311.22,"frp":1.76,"daynight":"N"},"geometry":{"type":"Point","coordinates":[-121.54395,42.45882]}},{"type":"Feature","properties":{"acq_date":"2026-08-09","acq_time":1038,"confidence":"n","satellite":"N","instrument":"VIIRS","version":"2.0NRT","bright_ti4":306.49,"frp":2.21,"daynight":"N"},"geometry":{"type":"Point","coordinates":[-121.58504,42.45952]}},{"type":"Feature","properties":{"acq_date":"2026-08-09","acq_time":1038,"confidence":"n","satellite":"N","instrument":"VIIRS","version":"2.0NRT","bright_ti4":297.61,"frp":1.76,"daynight":"N"},"geometry":{"type":"Point","coordinates":[-121.55021,42.46016]}},{"type":"Feature","properties":{"acq_date":"2026-08-09","acq_time":1038,"confidence":"n","satellite":"N","instrument":"VIIRS","version":"2.0NRT","bright_ti4":303.62,"frp":1.32,"daynight":"N"},"geometry":{"type":"Point","coordinates":[-121.57062,42.46048]}},{"type":"Feature","properties":{"acq_date":"2026-08-09","acq_time":1038,"confidence":"n","satellite":"N","instrument":"VIIRS","version":"2.0NRT","bright_ti4":299.19,"frp":1.32,"daynight":"N"},"geometry":{"type":"Point","coordinates":[-121.57699,42.46184]}},{"type":"Feature","properties":{"acq_date":"2026-08-09","acq_time":1038,"confidence":"n","satellite":"N","instrument":"VIIRS","version":"2.0NRT","bright_ti4":307.75,"frp":1.76,"daynight":"N"},"geometry":{"type":"Point","coordinates":[-121.54876,42.4639]}},{"type":"Feature","properties":{"acq_date":"2026-08-09","acq_time":1038,"confidence":"n","satellite":"N","instrument":"VIIRS","version":"2.0NRT","bright_ti4":299.94,"frp":1.4,"daynight":"N"},"geometry":{"type":"Point","coordinates":[-121.5691,42.4642]}},{"type":"Feature","properties":{"acq_date":"2026-08-09","acq_time":1038,"confidence":"n","satellite":"N","instrument":"VIIRS","version":"2.0NRT","bright_ti4":306.65,"frp":2.21,"daynight":"N"},"geometry":{"type":"Point","coordinates":[-121.5898,42.46458]}},{"type":"Feature","properties":{"acq_date":"2026-08-09","acq_time":1038,"confidence":"n","satellite":"N","instrument":"VIIRS","version":"2.0NRT","bright_ti4":298.96,"frp":3.26,"daynight":"N"},"geometry":{"type":"Point","coordinates":[-121.55503,42.46524]}},{"type":"Feature","properties":{"acq_date":"2026-08-09","acq_time":1038,"confidence":"n","satellite":"N","instrument":"VIIRS","version":"2.0NRT","bright_ti4":299.75,"frp":1.4,"daynight":"N"},"geometry":{"type":"Point","coordinates":[-121.57542,42.46555]}},{"type":"Feature","properties":{"acq_date":"2026-08-09","acq_time":1038,"confidence":"n","satellite":"N","instrument":"VIIRS","version":"2.0NRT","bright_ti4":306.51,"frp":1.68,"daynight":"N"},"geometry":{"type":"Point","coordinates":[-121.59618,42.46595]}},{"type":"Feature","properties":{"acq_date":"2026-08-09","acq_time":1038,"confidence":"n","satellite":"N","instrument":"VIIRS","version":"2.0NRT","bright_ti4":300.13,"frp":2.03,"daynight":"N"},"geometry":{"type":"Point","coordinates":[-121.58175,42.4669]}},{"type":"Feature","properties":{"acq_date":"2026-08-09","acq_time":1038,"confidence":"n","satellite":"N","instrument":"VIIRS","version":"2.0NRT","bright_ti4":311.21,"frp":1.78,"daynight":"N"},"geometry":{"type":"Point","coordinates":[-121.54729,42.46763]}},{"type":"Feature","properties":{"acq_date":"2026-08-09","acq_time":1038,"confidence":"n","satellite":"N","instrument":"VIIRS","version":"2.0NRT","bright_ti4":309.1,"frp":2.03,"daynight":"N"},"geometry":{"type":"Point","coordinates":[-121.58812,42.46826]}},{"type":"Feature","properties":{"acq_date":"2026-08-09","acq_time":1038,"confidence":"n","satellite":"N","instrument":"VIIRS","version":"2.0NRT","bright_ti4":306.85,"frp":4.16,"daynight":"N"},"geometry":{"type":"Point","coordinates":[-121.55358,42.46898]}},{"type":"Feature","properties":{"acq_date":"2026-08-09","acq_time":1038,"confidence":"n","satellite":"N","instrument":"VIIRS","version":"2.0NRT","bright_ti4":300.55,"frp":1.4,"daynight":"N"},"geometry":{"type":"Point","coordinates":[-121.5739,42.46926]}},{"type":"Feature","properties":{"acq_date":"2026-08-09","acq_time":1038,"confidence":"n","satellite":"N","instrument":"VIIRS","version":"2.0NRT","bright_ti4":314.44,"frp":2.62,"daynight":"N"},"geometry":{"type":"Point","coordinates":[-121.59455,42.46964]}},{"type":"Feature","properties":{"acq_date":"2026-08-09","acq_time":1038,"confidence":"n","satellite":"N","instrument":"VIIRS","version":"2.0NRT","bright_ti4":298.96,"frp":1.52,"daynight":"N"},"geometry":{"type":"Point","coordinates":[-121.57238,42.47298]}},{"type":"Feature","properties":{"acq_date":"2026-08-09","acq_time":1038,"confidence":"n","satellite":"N","instrument":"VIIRS","version":"2.0NRT","bright_ti4":305.29,"frp":2.62,"daynight":"N"},"geometry":{"type":"Point","coordinates":[-121.59293,42.47333]}},{"type":"Feature","properties":{"acq_date":"2026-08-09","acq_time":1038,"confidence":"n","satellite":"N","instrument":"VIIRS","version":"2.0NRT","bright_ti4":299.26,"frp":1.52,"daynight":"N"},"geometry":{"type":"Point","coordinates":[-121.59134,42.47702]}},{"type":"Feature","properties":{"acq_date":"2026-08-09","acq_time":1038,"confidence":"n","satellite":"N","instrument":"VIIRS","version":"2.0NRT","bright_ti4":298.8,"frp":0.76,"daynight":"N"},"geometry":{"type":"Point","coordinates":[-121.55691,42.47778]}},{"type":"Feature","properties":{"acq_date":"2026-08-09","acq_time":1038,"confidence":"n","satellite":"N","instrument":"VIIRS","version":"2.0NRT","bright_ti4":301,"frp":1.52,"daynight":"N"},"geometry":{"type":"Point","coordinates":[-121.5898,42.48074]}},{"type":"Feature","properties":{"acq_date":"2026-08-09","acq_time":1038,"confidence":"n","satellite":"N","instrument":"VIIRS","version":"2.0NRT","bright_ti4":298.89,"frp":1.69,"daynight":"N"},"geometry":{"type":"Point","coordinates":[-121.59466,42.48581]}},{"type":"Feature","properties":{"acq_date":"2026-08-09","acq_time":1038,"confidence":"n","satellite":"N","instrument":"VIIRS","version":"2.0NRT","bright_ti4":316.06,"frp":4.31,"daynight":"N"},"geometry":{"type":"Point","coordinates":[-121.60574,42.4922]}},{"type":"Feature","properties":{"acq_date":"2026-08-09","acq_time":1038,"confidence":"n","satellite":"N","instrument":"VIIRS","version":"2.0NRT","bright_ti4":308.67,"frp":1.43,"daynight":"N"},"geometry":{"type":"Point","coordinates":[-121.60419,42.49591]}},{"type":"Feature","properties":{"acq_date":"2026-08-09","acq_time":1038,"confidence":"n","satellite":"N","instrument":"VIIRS","version":"2.0NRT","bright_ti4":299.88,"frp":1,"daynight":"N"},"geometry":{"type":"Point","coordinates":[-121.61052,42.49725]}},{"type":"Feature","properties":{"acq_date":"2026-08-09","acq_time":1038,"confidence":"n","satellite":"N","instrument":"VIIRS","version":"2.0NRT","bright_ti4":306.4,"frp":2.56,"daynight":"N"},"geometry":{"type":"Point","coordinates":[-121.71277,42.49881]}},{"type":"Feature","properties":{"acq_date":"2026-08-09","acq_time":1038,"confidence":"n","satellite":"N","instrument":"VIIRS","version":"2.0NRT","bright_ti4":309.23,"frp":3.76,"daynight":"N"},"geometry":{"type":"Point","coordinates":[-121.71821,42.49997]}},{"type":"Feature","properties":{"acq_date":"2026-08-09","acq_time":1038,"confidence":"n","satellite":"N","instrument":"VIIRS","version":"2.0NRT","bright_ti4":330.71,"frp":3.76,"daynight":"N"},"geometry":{"type":"Point","coordinates":[-121.72388,42.50117]}},{"type":"Feature","properties":{"acq_date":"2026-08-09","acq_time":1038,"confidence":"n","satellite":"N","instrument":"VIIRS","version":"2.0NRT","bright_ti4":314.52,"frp":8.33,"daynight":"N"},"geometry":{"type":"Point","coordinates":[-121.70541,42.50127]}},{"type":"Feature","properties":{"acq_date":"2026-08-09","acq_time":1038,"confidence":"n","satellite":"N","instrument":"VIIRS","version":"2.0NRT","bright_ti4":353.39,"frp":8.33,"daynight":"N"},"geometry":{"type":"Point","coordinates":[-121.71111,42.50248]}},{"type":"Feature","properties":{"acq_date":"2026-08-09","acq_time":1038,"confidence":"n","satellite":"N","instrument":"VIIRS","version":"2.0NRT","bright_ti4":298.43,"frp":4.97,"daynight":"N"},"geometry":{"type":"Point","coordinates":[-121.6922,42.50248]}},{"type":"Feature","properties":{"acq_date":"2026-08-09","acq_time":1038,"confidence":"n","satellite":"N","instrument":"VIIRS","version":"2.0NRT","bright_ti4":345.96,"frp":8.72,"daynight":"N"},"geometry":{"type":"Point","coordinates":[-121.71673,42.50366]}},{"type":"Feature","properties":{"acq_date":"2026-08-09","acq_time":1038,"confidence":"n","satellite":"N","instrument":"VIIRS","version":"2.0NRT","bright_ti4":344.12,"frp":4.97,"daynight":"N"},"geometry":{"type":"Point","coordinates":[-121.69811,42.50374]}},{"type":"Feature","properties":{"acq_date":"2026-08-09","acq_time":1038,"confidence":"n","satellite":"N","instrument":"VIIRS","version":"2.0NRT","bright_ti4":314.11,"frp":3.65,"daynight":"N"},"geometry":{"type":"Point","coordinates":[-121.68434,42.50484]}},{"type":"Feature","properties":{"acq_date":"2026-08-09","acq_time":1038,"confidence":"n","satellite":"N","instrument":"VIIRS","version":"2.0NRT","bright_ti4":336.62,"frp":8.72,"daynight":"N"},"geometry":{"type":"Point","coordinates":[-121.72243,42.50487]}},{"type":"Feature","properties":{"acq_date":"2026-08-09","acq_time":1038,"confidence":"h","satellite":"N","instrument":"VIIRS","version":"2.0NRT","bright_ti4":367,"frp":8.33,"daynight":"N"},"geometry":{"type":"Point","coordinates":[-121.70368,42.50492]}},{"type":"Feature","properties":{"acq_date":"2026-08-09","acq_time":1038,"confidence":"n","satellite":"N","instrument":"VIIRS","version":"2.0NRT","bright_ti4":323.27,"frp":8.33,"daynight":"N"},"geometry":{"type":"Point","coordinates":[-121.70943,42.50613]}},{"type":"Feature","properties":{"acq_date":"2026-08-09","acq_time":1038,"confidence":"n","satellite":"N","instrument":"VIIRS","version":"2.0NRT","bright_ti4":341.59,"frp":3.91,"daynight":"N"},"geometry":{"type":"Point","coordinates":[-121.69054,42.50616]}},{"type":"Feature","properties":{"acq_date":"2026-08-09","acq_time":1038,"confidence":"n","satellite":"N","instrument":"VIIRS","version":"2.0NRT","bright_ti4":322.82,"frp":4.07,"daynight":"N"},"geometry":{"type":"Point","coordinates":[-121.62016,42.50735]}},{"type":"Feature","properties":{"acq_date":"2026-08-09","acq_time":1038,"confidence":"n","satellite":"N","instrument":"VIIRS","version":"2.0NRT","bright_ti4":324.2,"frp":3.91,"daynight":"N"},"geometry":{"type":"Point","coordinates":[-121.69649,42.50741]}},{"type":"Feature","properties":{"acq_date":"2026-08-09","acq_time":1038,"confidence":"n","satellite":"N","instrument":"VIIRS","version":"2.0NRT","bright_ti4":334.22,"frp":3.65,"daynight":"N"},"geometry":{"type":"Point","coordinates":[-121.68272,42.50851]}},{"type":"Feature","properties":{"acq_date":"2026-08-09","acq_time":1038,"confidence":"n","satellite":"N","instrument":"VIIRS","version":"2.0NRT","bright_ti4":326.42,"frp":4.07,"daynight":"N"},"geometry":{"type":"Point","coordinates":[-121.62698,42.5088]}},{"type":"Feature","properties":{"acq_date":"2026-08-09","acq_time":1038,"confidence":"n","satellite":"N","instrument":"VIIRS","version":"2.0NRT","bright_ti4":299.65,"frp":3.91,"daynight":"N"},"geometry":{"type":"Point","coordinates":[-121.68887,42.50982]}},{"type":"Feature","properties":{"acq_date":"2026-08-09","acq_time":1038,"confidence":"n","satellite":"N","instrument":"VIIRS","version":"2.0NRT","bright_ti4":328.89,"frp":8.13,"daynight":"N"},"geometry":{"type":"Point","coordinates":[-121.67551,42.51101]}},{"type":"Feature","properties":{"acq_date":"2026-08-09","acq_time":1038,"confidence":"n","satellite":"N","instrument":"VIIRS","version":"2.0NRT","bright_ti4":296.87,"frp":4.07,"daynight":"N"},"geometry":{"type":"Point","coordinates":[-121.61871,42.51107]}},{"type":"Feature","properties":{"acq_date":"2026-08-09","acq_time":1038,"confidence":"n","satellite":"N","instrument":"VIIRS","version":"2.0NRT","bright_ti4":330.98,"frp":8.13,"daynight":"N"},"geometry":{"type":"Point","coordinates":[-121.68114,42.5122]}},{"type":"Feature","properties":{"acq_date":"2026-08-09","acq_time":1038,"confidence":"n","satellite":"N","instrument":"VIIRS","version":"2.0NRT","bright_ti4":311.54,"frp":6.32,"daynight":"N"},"geometry":{"type":"Point","coordinates":[-121.66286,42.51236]}},{"type":"Feature","properties":{"acq_date":"2026-08-09","acq_time":1038,"confidence":"n","satellite":"N","instrument":"VIIRS","version":"2.0NRT","bright_ti4":346.51,"frp":4.07,"daynight":"N"},"geometry":{"type":"Point","coordinates":[-121.6255,42.51251]}},{"type":"Feature","properties":{"acq_date":"2026-08-09","acq_time":1038,"confidence":"n","satellite":"N","instrument":"VIIRS","version":"2.0NRT","bright_ti4":320.37,"frp":6.46,"daynight":"N"},"geometry":{"type":"Point","coordinates":[-121.64805,42.51324]}},{"type":"Feature","properties":{"acq_date":"2026-08-09","acq_time":1038,"confidence":"n","satellite":"N","instrument":"VIIRS","version":"2.0NRT","bright_ti4":349.88,"frp":6.32,"daynight":"N"},"geometry":{"type":"Point","coordinates":[-121.66862,42.51357]}},{"type":"Feature","properties":{"acq_date":"2026-08-09","acq_time":1038,"confidence":"n","satellite":"N","instrument":"VIIRS","version":"2.0NRT","bright_ti4":333.25,"frp":10.19,"daynight":"N"},"geometry":{"type":"Point","coordinates":[-121.63243,42.51397]}},{"type":"Feature","properties":{"acq_date":"2026-08-09","acq_time":1038,"confidence":"n","satellite":"N","instrument":"VIIRS","version":"2.0NRT","bright_ti4":333.75,"frp":6.46,"daynight":"N"},"geometry":{"type":"Point","coordinates":[-121.6545,42.51461]}},{"type":"Feature","properties":{"acq_date":"2026-08-09","acq_time":1038,"confidence":"n","satellite":"N","instrument":"VIIRS","version":"2.0NRT","bright_ti4":356.96,"frp":8.13,"daynight":"N"},"geometry":{"type":"Point","coordinates":[-121.67407,42.51472]}},{"type":"Feature","properties":{"acq_date":"2026-08-09","acq_time":1038,"confidence":"n","satellite":"N","instrument":"VIIRS","version":"2.0NRT","bright_ti4":353.02,"frp":10.19,"daynight":"N"},"geometry":{"type":"Point","coordinates":[-121.63931,42.51542]}},{"type":"Feature","properties":{"acq_date":"2026-08-09","acq_time":1038,"confidence":"n","satellite":"N","instrument":"VIIRS","version":"2.0NRT","bright_ti4":343.43,"frp":4.69,"daynight":"N"},"geometry":{"type":"Point","coordinates":[-121.66084,42.51594]}},{"type":"Feature","properties":{"acq_date":"2026-08-09","acq_time":1038,"confidence":"n","satellite":"N","instrument":"VIIRS","version":"2.0NRT","bright_ti4":345.28,"frp":6.46,"daynight":"N"},"geometry":{"type":"Point","coordinates":[-121.64603,42.51684]}},{"type":"Feature","properties":{"acq_date":"2026-08-09","acq_time":1038,"confidence":"n","satellite":"N","instrument":"VIIRS","version":"2.0NRT","bright_ti4":303.58,"frp":4.69,"daynight":"N"},"geometry":{"type":"Point","coordinates":[-121.66669,42.51718]}},{"type":"Feature","properties":{"acq_date":"2026-08-09","acq_time":1038,"confidence":"n","satellite":"N","instrument":"VIIRS","version":"2.0NRT","bright_ti4":299.8,"frp":0.93,"daynight":"N"},"geometry":{"type":"Point","coordinates":[-116.57986,42.58708]}},{"type":"Feature","properties":{"acq_date":"2026-08-09","acq_time":1038,"confidence":"n","satellite":"N","instrument":"VIIRS","version":"2.0NRT","bright_ti4":303.88,"frp":0.93,"daynight":"N"},"geometry":{"type":"Point","coordinates":[-116.58675,42.58886]}},{"type":"Feature","properties":{"acq_date":"2026-08-09","acq_time":1038,"confidence":"n","satellite":"N","instrument":"VIIRS","version":"2.0NRT","bright_ti4":299.69,"frp":0.98,"daynight":"N"},"geometry":{"type":"Point","coordinates":[-116.57972,42.58995]}},{"type":"Feature","properties":{"acq_date":"2026-08-09","acq_time":1038,"confidence":"n","satellite":"N","instrument":"VIIRS","version":"2.0NRT","bright_ti4":302.64,"frp":1.11,"daynight":"N"},"geometry":{"type":"Point","coordinates":[-116.59364,42.59063]}},{"type":"Feature","properties":{"acq_date":"2026-08-09","acq_time":1038,"confidence":"n","satellite":"N","instrument":"VIIRS","version":"2.0NRT","bright_ti4":298.01,"frp":1.71,"daynight":"N"},"geometry":{"type":"Point","coordinates":[-116.57764,42.59171]}},{"type":"Feature","properties":{"acq_date":"2026-08-09","acq_time":1038,"confidence":"n","satellite":"N","instrument":"VIIRS","version":"2.0NRT","bright_ti4":301.07,"frp":1.32,"daynight":"N"},"geometry":{"type":"Point","coordinates":[-116.58672,42.59179]}},{"type":"Feature","properties":{"acq_date":"2026-08-09","acq_time":1038,"confidence":"n","satellite":"N","instrument":"VIIRS","version":"2.0NRT","bright_ti4":302.68,"frp":1.71,"daynight":"N"},"geometry":{"type":"Point","coordinates":[-116.5847,42.59353]}},{"type":"Feature","properties":{"acq_date":"2026-08-09","acq_time":1038,"confidence":"n","satellite":"N","instrument":"VIIRS","version":"2.0NRT","bright_ti4":303.81,"frp":1.32,"daynight":"N"},"geometry":{"type":"Point","coordinates":[-116.59357,42.5936]}},{"type":"Feature","properties":{"acq_date":"2026-08-09","acq_time":1038,"confidence":"n","satellite":"N","instrument":"VIIRS","version":"2.0NRT","bright_ti4":301.54,"frp":0.98,"daynight":"N"},"geometry":{"type":"Point","coordinates":[-116.57742,42.59455]}},{"type":"Feature","properties":{"acq_date":"2026-08-09","acq_time":1038,"confidence":"n","satellite":"N","instrument":"VIIRS","version":"2.0NRT","bright_ti4":299.07,"frp":0.98,"daynight":"N"},"geometry":{"type":"Point","coordinates":[-116.59167,42.59533]}},{"type":"Feature","properties":{"acq_date":"2026-08-09","acq_time":1038,"confidence":"n","satellite":"N","instrument":"VIIRS","version":"2.0NRT","bright_ti4":299.89,"frp":1.32,"daynight":"N"},"geometry":{"type":"Point","coordinates":[-116.58454,42.59643]}},{"type":"Feature","properties":{"acq_date":"2026-08-09","acq_time":1038,"confidence":"n","satellite":"N","instrument":"VIIRS","version":"2.0NRT","bright_ti4":297.68,"frp":0.98,"daynight":"N"},"geometry":{"type":"Point","coordinates":[-116.58931,42.59992]}},{"type":"Feature","properties":{"acq_date":"2026-08-09","acq_time":1038,"confidence":"n","satellite":"N","instrument":"VIIRS","version":"2.0NRT","bright_ti4":349.19,"frp":5.66,"daynight":"N"},"geometry":{"type":"Point","coordinates":[-116.58221,42.60103]}},{"type":"Feature","properties":{"acq_date":"2026-08-09","acq_time":1038,"confidence":"n","satellite":"N","instrument":"VIIRS","version":"2.0NRT","bright_ti4":298.53,"frp":0.98,"daynight":"N"},"geometry":{"type":"Point","coordinates":[-116.59608,42.60166]}},{"type":"Feature","properties":{"acq_date":"2026-08-09","acq_time":1038,"confidence":"n","satellite":"N","instrument":"VIIRS","version":"2.0NRT","bright_ti4":343.17,"frp":14.36,"daynight":"N"},"geometry":{"type":"Point","coordinates":[-116.58029,42.6028]}},{"type":"Feature","properties":{"acq_date":"2026-08-09","acq_time":1038,"confidence":"n","satellite":"N","instrument":"VIIRS","version":"2.0NRT","bright_ti4":302.7,"frp":5.66,"daynight":"N"},"geometry":{"type":"Point","coordinates":[-116.58894,42.60281]}},{"type":"Feature","properties":{"acq_date":"2026-08-09","acq_time":1038,"confidence":"n","satellite":"N","instrument":"VIIRS","version":"2.0NRT","bright_ti4":324.01,"frp":4.25,"daynight":"N"},"geometry":{"type":"Point","coordinates":[-116.58689,42.6045]}},{"type":"Feature","properties":{"acq_date":"2026-08-09","acq_time":1038,"confidence":"n","satellite":"N","instrument":"VIIRS","version":"2.0NRT","bright_ti4":316.01,"frp":1.6,"daynight":"N"},"geometry":{"type":"Point","coordinates":[-116.59578,42.60461]}},{"type":"Feature","properties":{"acq_date":"2026-08-09","acq_time":1038,"confidence":"n","satellite":"N","instrument":"VIIRS","version":"2.0NRT","bright_ti4":336.09,"frp":5.66,"daynight":"N"},"geometry":{"type":"Point","coordinates":[-116.58028,42.60574]}},{"type":"Feature","properties":{"acq_date":"2026-08-09","acq_time":1038,"confidence":"n","satellite":"N","instrument":"VIIRS","version":"2.0NRT","bright_ti4":315.67,"frp":4.25,"daynight":"N"},"geometry":{"type":"Point","coordinates":[-116.59383,42.60628]}},{"type":"Feature","properties":{"acq_date":"2026-08-09","acq_time":1038,"confidence":"n","satellite":"N","instrument":"VIIRS","version":"2.0NRT","bright_ti4":301.09,"frp":1.6,"daynight":"N"},"geometry":{"type":"Point","coordinates":[-116.60255,42.60639]}},{"type":"Feature","properties":{"acq_date":"2026-08-09","acq_time":1038,"confidence":"n","satellite":"N","instrument":"VIIRS","version":"2.0NRT","bright_ti4":304.76,"frp":5.66,"daynight":"N"},"geometry":{"type":"Point","coordinates":[-116.58689,42.60748]}},{"type":"Feature","properties":{"acq_date":"2026-08-09","acq_time":1038,"confidence":"n","satellite":"N","instrument":"VIIRS","version":"2.0NRT","bright_ti4":311.56,"frp":2.16,"daynight":"N"},"geometry":{"type":"Point","coordinates":[-116.60065,42.60804]}},{"type":"Feature","properties":{"acq_date":"2026-08-09","acq_time":1038,"confidence":"n","satellite":"N","instrument":"VIIRS","version":"2.0NRT","bright_ti4":300.98,"frp":1.6,"daynight":"N"},"geometry":{"type":"Point","coordinates":[-116.59372,42.60928]}},{"type":"Feature","properties":{"acq_date":"2026-08-09","acq_time":1038,"confidence":"n","satellite":"N","instrument":"VIIRS","version":"2.0NRT","bright_ti4":302.2,"frp":4.25,"daynight":"N"},"geometry":{"type":"Point","coordinates":[-116.59184,42.61097]}},{"type":"Feature","properties":{"acq_date":"2026-08-09","acq_time":1038,"confidence":"n","satellite":"N","instrument":"VIIRS","version":"2.0NRT","bright_ti4":310.47,"frp":1.6,"daynight":"N"},"geometry":{"type":"Point","coordinates":[-116.60047,42.61105]}},{"type":"Feature","properties":{"acq_date":"2026-08-09","acq_time":1038,"confidence":"n","satellite":"N","instrument":"VIIRS","version":"2.0NRT","bright_ti4":303.42,"frp":2.16,"daynight":"N"},"geometry":{"type":"Point","coordinates":[-116.59857,42.6127]}},{"type":"Feature","properties":{"acq_date":"2026-08-09","acq_time":1038,"confidence":"n","satellite":"N","instrument":"VIIRS","version":"2.0NRT","bright_ti4":303.55,"frp":2.11,"daynight":"N"},"geometry":{"type":"Point","coordinates":[-116.59171,42.61396]}},{"type":"Feature","properties":{"acq_date":"2026-08-09","acq_time":1038,"confidence":"n","satellite":"N","instrument":"VIIRS","version":"2.0NRT","bright_ti4":315.08,"frp":3.91,"daynight":"N"},"geometry":{"type":"Point","coordinates":[-116.73003,42.61538]}},{"type":"Feature","properties":{"acq_date":"2026-08-09","acq_time":1038,"confidence":"n","satellite":"N","instrument":"VIIRS","version":"2.0NRT","bright_ti4":301,"frp":2.37,"daynight":"N"},"geometry":{"type":"Point","coordinates":[-116.73692,42.61714]}},{"type":"Feature","properties":{"acq_date":"2026-08-09","acq_time":1038,"confidence":"n","satellite":"N","instrument":"VIIRS","version":"2.0NRT","bright_ti4":298.72,"frp":1.53,"daynight":"N"},"geometry":{"type":"Point","coordinates":[-116.69476,42.62182]}},{"type":"Feature","properties":{"acq_date":"2026-08-09","acq_time":1038,"confidence":"n","satellite":"N","instrument":"VIIRS","version":"2.0NRT","bright_ti4":298.14,"frp":1.09,"daynight":"N"},"geometry":{"type":"Point","coordinates":[-116.68736,42.6235]}},{"type":"Feature","properties":{"acq_date":"2026-08-09","acq_time":1038,"confidence":"n","satellite":"N","instrument":"VIIRS","version":"2.0NRT","bright_ti4":307.27,"frp":2.52,"daynight":"N"},"geometry":{"type":"Point","coordinates":[-116.69427,42.62532]}},{"type":"Feature","properties":{"acq_date":"2026-08-09","acq_time":1038,"confidence":"n","satellite":"N","instrument":"VIIRS","version":"2.0NRT","bright_ti4":306.88,"frp":1.68,"daynight":"N"},"geometry":{"type":"Point","coordinates":[-116.60796,42.62549]}},{"type":"Feature","properties":{"acq_date":"2026-08-09","acq_time":1038,"confidence":"n","satellite":"N","instrument":"VIIRS","version":"2.0NRT","bright_ti4":304.58,"frp":1.53,"daynight":"N"},"geometry":{"type":"Point","coordinates":[-116.69267,42.62646]}},{"type":"Feature","properties":{"acq_date":"2026-08-09","acq_time":1038,"confidence":"n","satellite":"N","instrument":"VIIRS","version":"2.0NRT","bright_ti4":306.82,"frp":3.87,"daynight":"N"},"geometry":{"type":"Point","coordinates":[-116.60107,42.62683]}},{"type":"Feature","properties":{"acq_date":"2026-08-09","acq_time":1038,"confidence":"n","satellite":"N","instrument":"VIIRS","version":"2.0NRT","bright_ti4":300.36,"frp":1.68,"daynight":"N"},"geometry":{"type":"Point","coordinates":[-116.61494,42.62728]}},{"type":"Feature","properties":{"acq_date":"2026-08-09","acq_time":1038,"confidence":"n","satellite":"N","instrument":"VIIRS","version":"2.0NRT","bright_ti4":332.21,"frp":3.87,"daynight":"N"},"geometry":{"type":"Point","coordinates":[-116.60799,42.62864]}},{"type":"Feature","properties":{"acq_date":"2026-08-09","acq_time":1038,"confidence":"n","satellite":"N","instrument":"VIIRS","version":"2.0NRT","bright_ti4":313.12,"frp":2.79,"daynight":"N"},"geometry":{"type":"Point","coordinates":[-116.62186,42.62904]}},{"type":"Feature","properties":{"acq_date":"2026-08-09","acq_time":1038,"confidence":"n","satellite":"N","instrument":"VIIRS","version":"2.0NRT","bright_ti4":335.13,"frp":12.87,"daynight":"N"},"geometry":{"type":"Point","coordinates":[-116.61499,42.63048]}},{"type":"Feature","properties":{"acq_date":"2026-08-09","acq_time":1038,"confidence":"n","satellite":"N","instrument":"VIIRS","version":"2.0NRT","bright_ti4":310.62,"frp":3.87,"daynight":"N"},"geometry":{"type":"Point","coordinates":[-116.59916,42.63153]}},{"type":"Feature","properties":{"acq_date":"2026-08-09","acq_time":1038,"confidence":"n","satellite":"N","instrument":"VIIRS","version":"2.0NRT","bright_ti4":338.19,"frp":12.87,"daynight":"N"},"geometry":{"type":"Point","coordinates":[-116.62177,42.63225]}},{"type":"Feature","properties":{"acq_date":"2026-08-09","acq_time":1038,"confidence":"n","satellite":"N","instrument":"VIIRS","version":"2.0NRT","bright_ti4":331.36,"frp":3.87,"daynight":"N"},"geometry":{"type":"Point","coordinates":[-116.60614,42.63336]}},{"type":"Feature","properties":{"acq_date":"2026-08-09","acq_time":1038,"confidence":"n","satellite":"N","instrument":"VIIRS","version":"2.0NRT","bright_ti4":324.79,"frp":3.21,"daynight":"N"},"geometry":{"type":"Point","coordinates":[-116.82089,42.63354]}},{"type":"Feature","properties":{"acq_date":"2026-08-09","acq_time":1038,"confidence":"n","satellite":"N","instrument":"VIIRS","version":"2.0NRT","bright_ti4":302.11,"frp":3.21,"daynight":"N"},"geometry":{"type":"Point","coordinates":[-116.82742,42.63522]}},{"type":"Feature","properties":{"acq_date":"2026-08-09","acq_time":1038,"confidence":"n","satellite":"N","instrument":"VIIRS","version":"2.0NRT","bright_ti4":302.85,"frp":12.87,"daynight":"N"},"geometry":{"type":"Point","coordinates":[-116.61331,42.63523]}},{"type":"Feature","properties":{"acq_date":"2026-08-09","acq_time":1038,"confidence":"n","satellite":"N","instrument":"VIIRS","version":"2.0NRT","bright_ti4":314.75,"frp":12.87,"daynight":"N"},"geometry":{"type":"Point","coordinates":[-116.61997,42.63698]}},{"type":"Feature","properties":{"acq_date":"2026-08-09","acq_time":1038,"confidence":"n","satellite":"N","instrument":"VIIRS","version":"2.0NRT","bright_ti4":342.24,"frp":8.27,"daynight":"N"},"geometry":{"type":"Point","coordinates":[-116.60413,42.63803]}},{"type":"Feature","properties":{"acq_date":"2026-08-09","acq_time":1038,"confidence":"n","satellite":"N","instrument":"VIIRS","version":"2.0NRT","bright_ti4":311.42,"frp":6.65,"daynight":"N"},"geometry":{"type":"Point","coordinates":[-116.61143,42.63995]}},{"type":"Feature","properties":{"acq_date":"2026-08-09","acq_time":1038,"confidence":"n","satellite":"N","instrument":"VIIRS","version":"2.0NRT","bright_ti4":335.83,"frp":8.27,"daynight":"N"},"geometry":{"type":"Point","coordinates":[-116.60186,42.64265]}},{"type":"Feature","properties":{"acq_date":"2026-08-09","acq_time":1038,"confidence":"n","satellite":"N","instrument":"VIIRS","version":"2.0NRT","bright_ti4":339.32,"frp":6.65,"daynight":"N"},"geometry":{"type":"Point","coordinates":[-116.60924,42.64457]}},{"type":"Feature","properties":{"acq_date":"2026-08-09","acq_time":1038,"confidence":"n","satellite":"N","instrument":"VIIRS","version":"2.0NRT","bright_ti4":306.09,"frp":3.32,"daynight":"N"},"geometry":{"type":"Point","coordinates":[-116.5997,42.64728]}},{"type":"Feature","properties":{"acq_date":"2026-08-09","acq_time":1038,"confidence":"n","satellite":"N","instrument":"VIIRS","version":"2.0NRT","bright_ti4":318.17,"frp":2.76,"daynight":"N"},"geometry":{"type":"Point","coordinates":[-116.6068,42.64913]}},{"type":"Feature","properties":{"acq_date":"2026-08-09","acq_time":1038,"confidence":"n","satellite":"N","instrument":"VIIRS","version":"2.0NRT","bright_ti4":303.03,"frp":2.76,"daynight":"N"},"geometry":{"type":"Point","coordinates":[-116.61175,42.65562]}},{"type":"Feature","properties":{"acq_date":"2026-08-09","acq_time":1038,"confidence":"n","satellite":"N","instrument":"VIIRS","version":"2.0NRT","bright_ti4":306.88,"frp":1.48,"daynight":"N"},"geometry":{"type":"Point","coordinates":[-116.61884,42.65746]}},{"type":"Feature","properties":{"acq_date":"2026-08-09","acq_time":1038,"confidence":"n","satellite":"N","instrument":"VIIRS","version":"2.0NRT","bright_ti4":306.84,"frp":1.48,"daynight":"N"},"geometry":{"type":"Point","coordinates":[-116.62556,42.65921]}},{"type":"Feature","properties":{"acq_date":"2026-08-09","acq_time":1038,"confidence":"n","satellite":"N","instrument":"VIIRS","version":"2.0NRT","bright_ti4":300.26,"frp":1.88,"daynight":"N"},"geometry":{"type":"Point","coordinates":[-116.63697,42.66737]}},{"type":"Feature","properties":{"acq_date":"2026-08-09","acq_time":1038,"confidence":"n","satellite":"N","instrument":"VIIRS","version":"2.0NRT","bright_ti4":308.21,"frp":1.88,"daynight":"N"},"geometry":{"type":"Point","coordinates":[-116.82431,42.74148]}},{"type":"Feature","properties":{"acq_date":"2026-08-09","acq_time":1038,"confidence":"n","satellite":"N","instrument":"VIIRS","version":"2.0NRT","bright_ti4":307.62,"frp":1.88,"daynight":"N"},"geometry":{"type":"Point","coordinates":[-116.83031,42.74302]}},{"type":"Feature","properties":{"acq_date":"2026-08-09","acq_time":1038,"confidence":"n","satellite":"N","instrument":"VIIRS","version":"2.0NRT","bright_ti4":314.93,"frp":2.64,"daynight":"N"},"geometry":{"type":"Point","coordinates":[-116.82843,42.74766]}},{"type":"Feature","properties":{"acq_date":"2026-08-09","acq_time":1038,"confidence":"n","satellite":"N","instrument":"VIIRS","version":"2.0NRT","bright_ti4":300.63,"frp":2.16,"daynight":"N"},"geometry":{"type":"Point","coordinates":[-116.75896,42.7504]}},{"type":"Feature","properties":{"acq_date":"2026-08-09","acq_time":1038,"confidence":"n","satellite":"N","instrument":"VIIRS","version":"2.0NRT","bright_ti4":300.94,"frp":3.04,"daynight":"N"},"geometry":{"type":"Point","coordinates":[-116.7595,42.7506]}},{"type":"Feature","properties":{"acq_date":"2026-08-09","acq_time":1038,"confidence":"n","satellite":"N","instrument":"VIIRS","version":"2.0NRT","bright_ti4":305.37,"frp":2.07,"daynight":"N"},"geometry":{"type":"Point","coordinates":[-116.84078,42.75082]}},{"type":"Feature","properties":{"acq_date":"2026-08-09","acq_time":1038,"confidence":"n","satellite":"N","instrument":"VIIRS","version":"2.0NRT","bright_ti4":312.68,"frp":3,"daynight":"N"},"geometry":{"type":"Point","coordinates":[-116.84509,42.75703]}},{"type":"Feature","properties":{"acq_date":"2026-08-09","acq_time":1038,"confidence":"n","satellite":"N","instrument":"VIIRS","version":"2.0NRT","bright_ti4":303.87,"frp":2.13,"daynight":"N"},"geometry":{"type":"Point","coordinates":[-116.81253,42.80547]}},{"type":"Feature","properties":{"acq_date":"2026-08-09","acq_time":1038,"confidence":"n","satellite":"N","instrument":"VIIRS","version":"2.0NRT","bright_ti4":301.04,"frp":1.3,"daynight":"N"},"geometry":{"type":"Point","coordinates":[-115.34034,43.27109]}},{"type":"Feature","properties":{"acq_date":"2026-08-09","acq_time":1038,"confidence":"n","satellite":"N","instrument":"VIIRS","version":"2.0NRT","bright_ti4":309.76,"frp":1.3,"daynight":"N"},"geometry":{"type":"Point","coordinates":[-115.34447,43.27219]}},{"type":"Feature","properties":{"acq_date":"2026-08-09","acq_time":1038,"confidence":"n","satellite":"N","instrument":"VIIRS","version":"2.0NRT","bright_ti4":300.54,"frp":1.65,"daynight":"N"},"geometry":{"type":"Point","coordinates":[-115.34843,43.27325]}},{"type":"Feature","properties":{"acq_date":"2026-08-09","acq_time":1038,"confidence":"n","satellite":"N","instrument":"VIIRS","version":"2.0NRT","bright_ti4":315.29,"frp":1.3,"daynight":"N"},"geometry":{"type":"Point","coordinates":[-115.33749,43.27578]}},{"type":"Feature","properties":{"acq_date":"2026-08-09","acq_time":1038,"confidence":"n","satellite":"N","instrument":"VIIRS","version":"2.0NRT","bright_ti4":296.97,"frp":0.49,"daynight":"N"},"geometry":{"type":"Point","coordinates":[-115.42409,43.28269]}},{"type":"Feature","properties":{"acq_date":"2026-08-09","acq_time":1038,"confidence":"n","satellite":"N","instrument":"VIIRS","version":"2.0NRT","bright_ti4":301.87,"frp":2.05,"daynight":"N"},"geometry":{"type":"Point","coordinates":[-121.65216,43.45688]}},{"type":"Feature","properties":{"acq_date":"2026-08-09","acq_time":1038,"confidence":"n","satellite":"N","instrument":"VIIRS","version":"2.0NRT","bright_ti4":295.54,"frp":1.79,"daynight":"N"},"geometry":{"type":"Point","coordinates":[-121.65049,43.45714]}},{"type":"Feature","properties":{"acq_date":"2026-08-09","acq_time":1038,"confidence":"n","satellite":"N","instrument":"VIIRS","version":"2.0NRT","bright_ti4":308.81,"frp":1.73,"daynight":"N"},"geometry":{"type":"Point","coordinates":[-121.65835,43.45816]}},{"type":"Feature","properties":{"acq_date":"2026-08-09","acq_time":1038,"confidence":"n","satellite":"N","instrument":"VIIRS","version":"2.0NRT","bright_ti4":312.92,"frp":1.79,"daynight":"N"},"geometry":{"type":"Point","coordinates":[-121.65668,43.45844]}},{"type":"Feature","properties":{"acq_date":"2026-08-09","acq_time":1038,"confidence":"n","satellite":"N","instrument":"VIIRS","version":"2.0NRT","bright_ti4":307.64,"frp":1.73,"daynight":"N"},"geometry":{"type":"Point","coordinates":[-121.66448,43.45942]}},{"type":"Feature","properties":{"acq_date":"2026-08-09","acq_time":1038,"confidence":"n","satellite":"N","instrument":"VIIRS","version":"2.0NRT","bright_ti4":310.73,"frp":1.79,"daynight":"N"},"geometry":{"type":"Point","coordinates":[-121.66283,43.45974]}},{"type":"Feature","properties":{"acq_date":"2026-08-09","acq_time":1038,"confidence":"n","satellite":"N","instrument":"VIIRS","version":"2.0NRT","bright_ti4":298.6,"frp":1.79,"daynight":"N"},"geometry":{"type":"Point","coordinates":[-121.66885,43.46101]}},{"type":"Feature","properties":{"acq_date":"2026-08-09","acq_time":1038,"confidence":"n","satellite":"N","instrument":"VIIRS","version":"2.0NRT","bright_ti4":297.36,"frp":1.73,"daynight":"N"},"geometry":{"type":"Point","coordinates":[-121.65707,43.46183]}},{"type":"Feature","properties":{"acq_date":"2026-08-09","acq_time":1041,"confidence":"n","satellite":"N","instrument":"VIIRS","version":"2.0NRT","bright_ti4":304.35,"frp":1.46,"daynight":"N"},"geometry":{"type":"Point","coordinates":[-116.83207,32.49519]}},{"type":"Feature","properties":{"acq_date":"2026-08-09","acq_time":1041,"confidence":"n","satellite":"N","instrument":"VIIRS","version":"2.0NRT","bright_ti4":326.82,"frp":2.39,"daynight":"N"},"geometry":{"type":"Point","coordinates":[-116.83572,32.49676]}},{"type":"Feature","properties":{"acq_date":"2026-08-09","acq_time":1041,"confidence":"n","satellite":"N","instrument":"VIIRS","version":"2.0NRT","bright_ti4":313.48,"frp":1.46,"daynight":"N"},"geometry":{"type":"Point","coordinates":[-116.83783,32.49681]}},{"type":"Feature","properties":{"acq_date":"2026-08-09","acq_time":1041,"confidence":"n","satellite":"N","instrument":"VIIRS","version":"2.0NRT","bright_ti4":299.95,"frp":0.25,"daynight":"N"},"geometry":{"type":"Point","coordinates":[-117.82358,33.61216]}},{"type":"Feature","properties":{"acq_date":"2026-08-09","acq_time":1041,"confidence":"n","satellite":"N","instrument":"VIIRS","version":"2.0NRT","bright_ti4":308.34,"frp":0.54,"daynight":"N"},"geometry":{"type":"Point","coordinates":[-118.19354,34.1538]}},{"type":"Feature","properties":{"acq_date":"2026-08-09","acq_time":1041,"confidence":"n","satellite":"N","instrument":"VIIRS","version":"2.0NRT","bright_ti4":309.45,"frp":0.56,"daynight":"N"},"geometry":{"type":"Point","coordinates":[-118.51944,34.33249]}},{"type":"Feature","properties":{"acq_date":"2026-08-09","acq_time":1041,"confidence":"n","satellite":"N","instrument":"VIIRS","version":"2.0NRT","bright_ti4":304.05,"frp":0.9,"daynight":"N"},"geometry":{"type":"Point","coordinates":[-116.85548,34.35314]}},{"type":"Feature","properties":{"acq_date":"2026-08-09","acq_time":1041,"confidence":"n","satellite":"N","instrument":"VIIRS","version":"2.0NRT","bright_ti4":303.17,"frp":0.71,"daynight":"N"},"geometry":{"type":"Point","coordinates":[-118.64615,34.43018]}},{"type":"Feature","properties":{"acq_date":"2026-08-09","acq_time":1041,"confidence":"n","satellite":"N","instrument":"VIIRS","version":"2.0NRT","bright_ti4":320.4,"frp":2.64,"daynight":"N"},"geometry":{"type":"Point","coordinates":[-117.3365,34.60659]}},{"type":"Feature","properties":{"acq_date":"2026-08-09","acq_time":1041,"confidence":"n","satellite":"N","instrument":"VIIRS","version":"2.0NRT","bright_ti4":305.92,"frp":1.03,"daynight":"N"},"geometry":{"type":"Point","coordinates":[-117.33451,34.6079]}},{"type":"Feature","properties":{"acq_date":"2026-08-09","acq_time":1041,"confidence":"n","satellite":"N","instrument":"VIIRS","version":"2.0NRT","bright_ti4":309.11,"frp":1.58,"daynight":"N"},"geometry":{"type":"Point","coordinates":[-117.33884,34.60909]}},{"type":"Feature","properties":{"acq_date":"2026-08-09","acq_time":1041,"confidence":"n","satellite":"N","instrument":"VIIRS","version":"2.0NRT","bright_ti4":307.49,"frp":1.53,"daynight":"N"},"geometry":{"type":"Point","coordinates":[-117.0996,34.62375]}},{"type":"Feature","properties":{"acq_date":"2026-08-09","acq_time":1041,"confidence":"n","satellite":"N","instrument":"VIIRS","version":"2.0NRT","bright_ti4":304.64,"frp":1.46,"daynight":"N"},"geometry":{"type":"Point","coordinates":[-120.19131,35.77439]}},{"type":"Feature","properties":{"acq_date":"2026-08-09","acq_time":1041,"confidence":"n","satellite":"N","instrument":"VIIRS","version":"2.0NRT","bright_ti4":304.6,"frp":1.46,"daynight":"N"},"geometry":{"type":"Point","coordinates":[-120.19765,35.77591]}},{"type":"Feature","properties":{"acq_date":"2026-08-09","acq_time":1041,"confidence":"n","satellite":"N","instrument":"VIIRS","version":"2.0NRT","bright_ti4":339.28,"frp":2.71,"daynight":"N"},"geometry":{"type":"Point","coordinates":[-118.83685,36.11916]}},{"type":"Feature","properties":{"acq_date":"2026-08-09","acq_time":1041,"confidence":"n","satellite":"N","instrument":"VIIRS","version":"2.0NRT","bright_ti4":344.1,"frp":4.33,"daynight":"N"},"geometry":{"type":"Point","coordinates":[-118.83691,36.12239]}},{"type":"Feature","properties":{"acq_date":"2026-08-09","acq_time":1041,"confidence":"n","satellite":"N","instrument":"VIIRS","version":"2.0NRT","bright_ti4":314.63,"frp":2.71,"daynight":"N"},"geometry":{"type":"Point","coordinates":[-118.83511,36.12415]}},{"type":"Feature","properties":{"acq_date":"2026-08-09","acq_time":1041,"confidence":"n","satellite":"N","instrument":"VIIRS","version":"2.0NRT","bright_ti4":344.67,"frp":10.4,"daynight":"N"},"geometry":{"type":"Point","coordinates":[-121.73091,36.21957]}},{"type":"Feature","properties":{"acq_date":"2026-08-09","acq_time":1041,"confidence":"n","satellite":"N","instrument":"VIIRS","version":"2.0NRT","bright_ti4":321.93,"frp":4.78,"daynight":"N"},"geometry":{"type":"Point","coordinates":[-121.73028,36.22401]}},{"type":"Feature","properties":{"acq_date":"2026-08-09","acq_time":1041,"confidence":"n","satellite":"N","instrument":"VIIRS","version":"2.0NRT","bright_ti4":309.81,"frp":1.08,"daynight":"N"},"geometry":{"type":"Point","coordinates":[-121.93095,37.4548]}}]}