{"type":"FeatureCollection","name":"FIRMS VIIRS CA (last 1 day)","crs":{"type":"name","properties":{"name":"EPSG:4326"}},"fetched_at_utc":"2026-07-27T16:23:45.552Z","source":{"url":"https://firms.modaps.eosdis.nasa.gov/api/area/csv/8c4af552cf654445dd280dfb3ad9337c/VIIRS_SNPP_NRT/-125,32,-113,43.5/1","dataset":"VIIRS_SNPP_NRT","bbox":"-125,32,-113,43.5","day_range":"1"},"features":[{"type":"Feature","properties":{"acq_date":"2026-07-27","acq_time":941,"confidence":"n","satellite":"N","instrument":"VIIRS","version":"2.0NRT","bright_ti4":319.84,"frp":1.7,"daynight":"N"},"geometry":{"type":"Point","coordinates":[-113.31295,35.51889]}},{"type":"Feature","properties":{"acq_date":"2026-07-27","acq_time":941,"confidence":"n","satellite":"N","instrument":"VIIRS","version":"2.0NRT","bright_ti4":297.32,"frp":0.29,"daynight":"N"},"geometry":{"type":"Point","coordinates":[-121.48572,37.40491]}},{"type":"Feature","properties":{"acq_date":"2026-07-27","acq_time":941,"confidence":"n","satellite":"N","instrument":"VIIRS","version":"2.0NRT","bright_ti4":304.8,"frp":0.71,"daynight":"N"},"geometry":{"type":"Point","coordinates":[-121.48621,37.40802]}},{"type":"Feature","properties":{"acq_date":"2026-07-27","acq_time":941,"confidence":"n","satellite":"N","instrument":"VIIRS","version":"2.0NRT","bright_ti4":299.67,"frp":0.71,"daynight":"N"},"geometry":{"type":"Point","coordinates":[-121.49088,37.4085]}},{"type":"Feature","properties":{"acq_date":"2026-07-27","acq_time":941,"confidence":"n","satellite":"N","instrument":"VIIRS","version":"2.0NRT","bright_ti4":304.03,"frp":0.74,"daynight":"N"},"geometry":{"type":"Point","coordinates":[-121.48948,37.40947]}},{"type":"Feature","properties":{"acq_date":"2026-07-27","acq_time":941,"confidence":"n","satellite":"N","instrument":"VIIRS","version":"2.0NRT","bright_ti4":307.98,"frp":0.74,"daynight":"N"},"geometry":{"type":"Point","coordinates":[-121.49403,37.40991]}},{"type":"Feature","properties":{"acq_date":"2026-07-27","acq_time":941,"confidence":"n","satellite":"N","instrument":"VIIRS","version":"2.0NRT","bright_ti4":300.97,"frp":0.77,"daynight":"N"},"geometry":{"type":"Point","coordinates":[-121.9328,37.45649]}},{"type":"Feature","properties":{"acq_date":"2026-07-27","acq_time":941,"confidence":"n","satellite":"N","instrument":"VIIRS","version":"2.0NRT","bright_ti4":304.46,"frp":0.46,"daynight":"N"},"geometry":{"type":"Point","coordinates":[-121.30786,37.78861]}},{"type":"Feature","properties":{"acq_date":"2026-07-27","acq_time":941,"confidence":"n","satellite":"N","instrument":"VIIRS","version":"2.0NRT","bright_ti4":305.34,"frp":0.49,"daynight":"N"},"geometry":{"type":"Point","coordinates":[-121.1832,37.88299]}},{"type":"Feature","properties":{"acq_date":"2026-07-27","acq_time":941,"confidence":"n","satellite":"N","instrument":"VIIRS","version":"2.0NRT","bright_ti4":306.67,"frp":1.64,"daynight":"N"},"geometry":{"type":"Point","coordinates":[-120.38957,37.9689]}},{"type":"Feature","properties":{"acq_date":"2026-07-27","acq_time":941,"confidence":"n","satellite":"N","instrument":"VIIRS","version":"2.0NRT","bright_ti4":310.49,"frp":1.64,"daynight":"N"},"geometry":{"type":"Point","coordinates":[-120.3888,37.97281]}},{"type":"Feature","properties":{"acq_date":"2026-07-27","acq_time":941,"confidence":"n","satellite":"N","instrument":"VIIRS","version":"2.0NRT","bright_ti4":305.36,"frp":1.8,"daynight":"N"},"geometry":{"type":"Point","coordinates":[-122.11194,38.0177]}},{"type":"Feature","properties":{"acq_date":"2026-07-27","acq_time":941,"confidence":"n","satellite":"N","instrument":"VIIRS","version":"2.0NRT","bright_ti4":299.39,"frp":0.42,"daynight":"N"},"geometry":{"type":"Point","coordinates":[-121.19301,38.51596]}},{"type":"Feature","properties":{"acq_date":"2026-07-27","acq_time":941,"confidence":"n","satellite":"N","instrument":"VIIRS","version":"2.0NRT","bright_ti4":313.36,"frp":1.79,"daynight":"N"},"geometry":{"type":"Point","coordinates":[-114.25828,40.8197]}},{"type":"Feature","properties":{"acq_date":"2026-07-27","acq_time":941,"confidence":"n","satellite":"N","instrument":"VIIRS","version":"2.0NRT","bright_ti4":306.25,"frp":1.09,"daynight":"N"},"geometry":{"type":"Point","coordinates":[-115.22069,40.88531]}},{"type":"Feature","properties":{"acq_date":"2026-07-27","acq_time":941,"confidence":"n","satellite":"N","instrument":"VIIRS","version":"2.0NRT","bright_ti4":318.59,"frp":2.35,"daynight":"N"},"geometry":{"type":"Point","coordinates":[-115.22533,40.88598]}},{"type":"Feature","properties":{"acq_date":"2026-07-27","acq_time":941,"confidence":"n","satellite":"N","instrument":"VIIRS","version":"2.0NRT","bright_ti4":317.34,"frp":2.58,"daynight":"N"},"geometry":{"type":"Point","coordinates":[-116.97337,41.44763]}},{"type":"Feature","properties":{"acq_date":"2026-07-27","acq_time":941,"confidence":"n","satellite":"N","instrument":"VIIRS","version":"2.0NRT","bright_ti4":341.58,"frp":6.01,"daynight":"N"},"geometry":{"type":"Point","coordinates":[-116.97855,41.44829]}},{"type":"Feature","properties":{"acq_date":"2026-07-27","acq_time":941,"confidence":"n","satellite":"N","instrument":"VIIRS","version":"2.0NRT","bright_ti4":301.74,"frp":1.9,"daynight":"N"},"geometry":{"type":"Point","coordinates":[-116.9727,41.45115]}},{"type":"Feature","properties":{"acq_date":"2026-07-27","acq_time":941,"confidence":"n","satellite":"N","instrument":"VIIRS","version":"2.0NRT","bright_ti4":318.32,"frp":2.82,"daynight":"N"},"geometry":{"type":"Point","coordinates":[-116.97784,41.45181]}},{"type":"Feature","properties":{"acq_date":"2026-07-27","acq_time":941,"confidence":"n","satellite":"N","instrument":"VIIRS","version":"2.0NRT","bright_ti4":326.26,"frp":2.82,"daynight":"N"},"geometry":{"type":"Point","coordinates":[-116.98304,41.45247]}},{"type":"Feature","properties":{"acq_date":"2026-07-27","acq_time":941,"confidence":"n","satellite":"N","instrument":"VIIRS","version":"2.0NRT","bright_ti4":318.95,"frp":1.9,"daynight":"N"},"geometry":{"type":"Point","coordinates":[-116.96685,41.454]}},{"type":"Feature","properties":{"acq_date":"2026-07-27","acq_time":941,"confidence":"n","satellite":"N","instrument":"VIIRS","version":"2.0NRT","bright_ti4":322.44,"frp":2.82,"daynight":"N"},"geometry":{"type":"Point","coordinates":[-116.97714,41.45532]}},{"type":"Feature","properties":{"acq_date":"2026-07-27","acq_time":941,"confidence":"n","satellite":"N","instrument":"VIIRS","version":"2.0NRT","bright_ti4":331.24,"frp":2.82,"daynight":"N"},"geometry":{"type":"Point","coordinates":[-116.98233,41.45598]}},{"type":"Feature","properties":{"acq_date":"2026-07-27","acq_time":941,"confidence":"n","satellite":"N","instrument":"VIIRS","version":"2.0NRT","bright_ti4":295.39,"frp":5.58,"daynight":"N"},"geometry":{"type":"Point","coordinates":[-116.95573,41.45618]}},{"type":"Feature","properties":{"acq_date":"2026-07-27","acq_time":941,"confidence":"n","satellite":"N","instrument":"VIIRS","version":"2.0NRT","bright_ti4":313.09,"frp":5.58,"daynight":"N"},"geometry":{"type":"Point","coordinates":[-116.96088,41.45684]}},{"type":"Feature","properties":{"acq_date":"2026-07-27","acq_time":941,"confidence":"n","satellite":"N","instrument":"VIIRS","version":"2.0NRT","bright_ti4":321.36,"frp":7.26,"daynight":"N"},"geometry":{"type":"Point","coordinates":[-116.96606,41.4575]}},{"type":"Feature","properties":{"acq_date":"2026-07-27","acq_time":941,"confidence":"n","satellite":"N","instrument":"VIIRS","version":"2.0NRT","bright_ti4":323.1,"frp":3.44,"daynight":"N"},"geometry":{"type":"Point","coordinates":[-116.9445,41.45833]}},{"type":"Feature","properties":{"acq_date":"2026-07-27","acq_time":941,"confidence":"n","satellite":"N","instrument":"VIIRS","version":"2.0NRT","bright_ti4":323.5,"frp":2.32,"daynight":"N"},"geometry":{"type":"Point","coordinates":[-116.97643,41.45883]}},{"type":"Feature","properties":{"acq_date":"2026-07-27","acq_time":941,"confidence":"n","satellite":"N","instrument":"VIIRS","version":"2.0NRT","bright_ti4":332.51,"frp":3.44,"daynight":"N"},"geometry":{"type":"Point","coordinates":[-116.94964,41.459]}},{"type":"Feature","properties":{"acq_date":"2026-07-27","acq_time":941,"confidence":"n","satellite":"N","instrument":"VIIRS","version":"2.0NRT","bright_ti4":342.8,"frp":5.58,"daynight":"N"},"geometry":{"type":"Point","coordinates":[-116.96,41.46032]}},{"type":"Feature","properties":{"acq_date":"2026-07-27","acq_time":941,"confidence":"n","satellite":"N","instrument":"VIIRS","version":"2.0NRT","bright_ti4":339.96,"frp":6.61,"daynight":"N"},"geometry":{"type":"Point","coordinates":[-116.9384,41.46115]}},{"type":"Feature","properties":{"acq_date":"2026-07-27","acq_time":941,"confidence":"n","satellite":"N","instrument":"VIIRS","version":"2.0NRT","bright_ti4":327.9,"frp":3.16,"daynight":"N"},"geometry":{"type":"Point","coordinates":[-116.94352,41.46181]}},{"type":"Feature","properties":{"acq_date":"2026-07-27","acq_time":941,"confidence":"n","satellite":"N","instrument":"VIIRS","version":"2.0NRT","bright_ti4":333.25,"frp":3.16,"daynight":"N"},"geometry":{"type":"Point","coordinates":[-116.9487,41.46247]}},{"type":"Feature","properties":{"acq_date":"2026-07-27","acq_time":941,"confidence":"n","satellite":"N","instrument":"VIIRS","version":"2.0NRT","bright_ti4":298.22,"frp":1.95,"daynight":"N"},"geometry":{"type":"Point","coordinates":[-116.95389,41.46314]}},{"type":"Feature","properties":{"acq_date":"2026-07-27","acq_time":941,"confidence":"n","satellite":"N","instrument":"VIIRS","version":"2.0NRT","bright_ti4":346.28,"frp":6.61,"daynight":"N"},"geometry":{"type":"Point","coordinates":[-116.93743,41.46463]}},{"type":"Feature","properties":{"acq_date":"2026-07-27","acq_time":941,"confidence":"n","satellite":"N","instrument":"VIIRS","version":"2.0NRT","bright_ti4":315.72,"frp":3.16,"daynight":"N"},"geometry":{"type":"Point","coordinates":[-116.94259,41.46529]}},{"type":"Feature","properties":{"acq_date":"2026-07-27","acq_time":941,"confidence":"n","satellite":"N","instrument":"VIIRS","version":"2.0NRT","bright_ti4":303.16,"frp":1.1,"daynight":"N"},"geometry":{"type":"Point","coordinates":[-116.86533,41.47687]}},{"type":"Feature","properties":{"acq_date":"2026-07-27","acq_time":941,"confidence":"n","satellite":"N","instrument":"VIIRS","version":"2.0NRT","bright_ti4":309.24,"frp":4.41,"daynight":"N"},"geometry":{"type":"Point","coordinates":[-117.1588,42.44948]}},{"type":"Feature","properties":{"acq_date":"2026-07-27","acq_time":941,"confidence":"n","satellite":"N","instrument":"VIIRS","version":"2.0NRT","bright_ti4":315.76,"frp":1.83,"daynight":"N"},"geometry":{"type":"Point","coordinates":[-117.14149,42.451]}},{"type":"Feature","properties":{"acq_date":"2026-07-27","acq_time":941,"confidence":"n","satellite":"N","instrument":"VIIRS","version":"2.0NRT","bright_ti4":319.57,"frp":2.1,"daynight":"N"},"geometry":{"type":"Point","coordinates":[-117.0288,42.45158]}},{"type":"Feature","properties":{"acq_date":"2026-07-27","acq_time":941,"confidence":"n","satellite":"N","instrument":"VIIRS","version":"2.0NRT","bright_ti4":330.37,"frp":3.35,"daynight":"N"},"geometry":{"type":"Point","coordinates":[-117.14698,42.45168]}},{"type":"Feature","properties":{"acq_date":"2026-07-27","acq_time":941,"confidence":"n","satellite":"N","instrument":"VIIRS","version":"2.0NRT","bright_ti4":328.3,"frp":2.46,"daynight":"N"},"geometry":{"type":"Point","coordinates":[-117.03428,42.45227]}},{"type":"Feature","properties":{"acq_date":"2026-07-27","acq_time":941,"confidence":"n","satellite":"N","instrument":"VIIRS","version":"2.0NRT","bright_ti4":318.81,"frp":3.35,"daynight":"N"},"geometry":{"type":"Point","coordinates":[-117.15246,42.45235]}},{"type":"Feature","properties":{"acq_date":"2026-07-27","acq_time":941,"confidence":"n","satellite":"N","instrument":"VIIRS","version":"2.0NRT","bright_ti4":303.47,"frp":2.46,"daynight":"N"},"geometry":{"type":"Point","coordinates":[-117.03977,42.45296]}},{"type":"Feature","properties":{"acq_date":"2026-07-27","acq_time":941,"confidence":"n","satellite":"N","instrument":"VIIRS","version":"2.0NRT","bright_ti4":342.12,"frp":4.41,"daynight":"N"},"geometry":{"type":"Point","coordinates":[-117.15792,42.45303]}},{"type":"Feature","properties":{"acq_date":"2026-07-27","acq_time":941,"confidence":"n","satellite":"N","instrument":"VIIRS","version":"2.0NRT","bright_ti4":333.21,"frp":4.18,"daynight":"N"},"geometry":{"type":"Point","coordinates":[-117.04528,42.45364]}},{"type":"Feature","properties":{"acq_date":"2026-07-27","acq_time":941,"confidence":"n","satellite":"N","instrument":"VIIRS","version":"2.0NRT","bright_ti4":305.79,"frp":1.21,"daynight":"N"},"geometry":{"type":"Point","coordinates":[-117.13523,42.45388]}},{"type":"Feature","properties":{"acq_date":"2026-07-27","acq_time":941,"confidence":"n","satellite":"N","instrument":"VIIRS","version":"2.0NRT","bright_ti4":304.82,"frp":1.13,"daynight":"N"},"geometry":{"type":"Point","coordinates":[-117.05631,42.45503]}},{"type":"Feature","properties":{"acq_date":"2026-07-27","acq_time":941,"confidence":"n","satellite":"N","instrument":"VIIRS","version":"2.0NRT","bright_ti4":331.43,"frp":3.44,"daynight":"N"},"geometry":{"type":"Point","coordinates":[-117.02804,42.45514]}},{"type":"Feature","properties":{"acq_date":"2026-07-27","acq_time":941,"confidence":"n","satellite":"N","instrument":"VIIRS","version":"2.0NRT","bright_ti4":310.14,"frp":1.73,"daynight":"N"},"geometry":{"type":"Point","coordinates":[-117.03352,42.45582]}},{"type":"Feature","properties":{"acq_date":"2026-07-27","acq_time":941,"confidence":"n","satellite":"N","instrument":"VIIRS","version":"2.0NRT","bright_ti4":326.07,"frp":5.78,"daynight":"N"},"geometry":{"type":"Point","coordinates":[-117.04454,42.4572]}},{"type":"Feature","properties":{"acq_date":"2026-07-27","acq_time":941,"confidence":"n","satellite":"N","instrument":"VIIRS","version":"2.0NRT","bright_ti4":296.59,"frp":0.81,"daynight":"N"},"geometry":{"type":"Point","coordinates":[-117.16252,42.45726]}},{"type":"Feature","properties":{"acq_date":"2026-07-27","acq_time":941,"confidence":"n","satellite":"N","instrument":"VIIRS","version":"2.0NRT","bright_ti4":303.46,"frp":1.98,"daynight":"N"},"geometry":{"type":"Point","coordinates":[-117.07814,42.45775]}},{"type":"Feature","properties":{"acq_date":"2026-07-27","acq_time":941,"confidence":"n","satellite":"N","instrument":"VIIRS","version":"2.0NRT","bright_ti4":336.66,"frp":5.78,"daynight":"N"},"geometry":{"type":"Point","coordinates":[-117.05007,42.45789]}},{"type":"Feature","properties":{"acq_date":"2026-07-27","acq_time":941,"confidence":"n","satellite":"N","instrument":"VIIRS","version":"2.0NRT","bright_ti4":322.98,"frp":1.98,"daynight":"N"},"geometry":{"type":"Point","coordinates":[-117.08363,42.45844]}},{"type":"Feature","properties":{"acq_date":"2026-07-27","acq_time":941,"confidence":"n","satellite":"N","instrument":"VIIRS","version":"2.0NRT","bright_ti4":333.22,"frp":4.36,"daynight":"N"},"geometry":{"type":"Point","coordinates":[-117.05556,42.45858]}},{"type":"Feature","properties":{"acq_date":"2026-07-27","acq_time":941,"confidence":"n","satellite":"N","instrument":"VIIRS","version":"2.0NRT","bright_ti4":314.21,"frp":1.73,"daynight":"N"},"geometry":{"type":"Point","coordinates":[-117.03279,42.45938]}},{"type":"Feature","properties":{"acq_date":"2026-07-27","acq_time":941,"confidence":"n","satellite":"N","instrument":"VIIRS","version":"2.0NRT","bright_ti4":307.86,"frp":2.07,"daynight":"N"},"geometry":{"type":"Point","coordinates":[-117.06644,42.45994]}},{"type":"Feature","properties":{"acq_date":"2026-07-27","acq_time":941,"confidence":"n","satellite":"N","instrument":"VIIRS","version":"2.0NRT","bright_ti4":307.05,"frp":1.73,"daynight":"N"},"geometry":{"type":"Point","coordinates":[-117.0383,42.46006]}},{"type":"Feature","properties":{"acq_date":"2026-07-27","acq_time":941,"confidence":"n","satellite":"N","instrument":"VIIRS","version":"2.0NRT","bright_ti4":322.58,"frp":2.07,"daynight":"N"},"geometry":{"type":"Point","coordinates":[-117.07186,42.46062]}},{"type":"Feature","properties":{"acq_date":"2026-07-27","acq_time":941,"confidence":"n","satellite":"N","instrument":"VIIRS","version":"2.0NRT","bright_ti4":305.18,"frp":0.81,"daynight":"N"},"geometry":{"type":"Point","coordinates":[-117.16167,42.46082]}},{"type":"Feature","properties":{"acq_date":"2026-07-27","acq_time":941,"confidence":"n","satellite":"N","instrument":"VIIRS","version":"2.0NRT","bright_ti4":327.89,"frp":2.79,"daynight":"N"},"geometry":{"type":"Point","coordinates":[-117.0155,42.46085]}},{"type":"Feature","properties":{"acq_date":"2026-07-27","acq_time":941,"confidence":"n","satellite":"N","instrument":"VIIRS","version":"2.0NRT","bright_ti4":335.24,"frp":5.64,"daynight":"N"},"geometry":{"type":"Point","coordinates":[-117.07732,42.4613]}},{"type":"Feature","properties":{"acq_date":"2026-07-27","acq_time":941,"confidence":"n","satellite":"N","instrument":"VIIRS","version":"2.0NRT","bright_ti4":321.29,"frp":5.78,"daynight":"N"},"geometry":{"type":"Point","coordinates":[-117.04933,42.46145]}},{"type":"Feature","properties":{"acq_date":"2026-07-27","acq_time":941,"confidence":"n","satellite":"N","instrument":"VIIRS","version":"2.0NRT","bright_ti4":337.3,"frp":4.35,"daynight":"N"},"geometry":{"type":"Point","coordinates":[-117.02102,42.46154]}},{"type":"Feature","properties":{"acq_date":"2026-07-27","acq_time":941,"confidence":"n","satellite":"N","instrument":"VIIRS","version":"2.0NRT","bright_ti4":309.16,"frp":1.26,"daynight":"N"},"geometry":{"type":"Point","coordinates":[-117.03203,42.46293]}},{"type":"Feature","properties":{"acq_date":"2026-07-27","acq_time":941,"confidence":"n","satellite":"N","instrument":"VIIRS","version":"2.0NRT","bright_ti4":297.89,"frp":1.9,"daynight":"N"},"geometry":{"type":"Point","coordinates":[-117.09386,42.46337]}},{"type":"Feature","properties":{"acq_date":"2026-07-27","acq_time":941,"confidence":"n","satellite":"N","instrument":"VIIRS","version":"2.0NRT","bright_ti4":306.3,"frp":1.26,"daynight":"N"},"geometry":{"type":"Point","coordinates":[-117.03753,42.46362]}},{"type":"Feature","properties":{"acq_date":"2026-07-27","acq_time":941,"confidence":"n","satellite":"N","instrument":"VIIRS","version":"2.0NRT","bright_ti4":296.6,"frp":0.72,"daynight":"N"},"geometry":{"type":"Point","coordinates":[-117.16083,42.46438]}},{"type":"Feature","properties":{"acq_date":"2026-07-27","acq_time":941,"confidence":"n","satellite":"N","instrument":"VIIRS","version":"2.0NRT","bright_ti4":302.5,"frp":2.79,"daynight":"N"},"geometry":{"type":"Point","coordinates":[-117.01465,42.46438]}},{"type":"Feature","properties":{"acq_date":"2026-07-27","acq_time":941,"confidence":"n","satellite":"N","instrument":"VIIRS","version":"2.0NRT","bright_ti4":319.32,"frp":4.35,"daynight":"N"},"geometry":{"type":"Point","coordinates":[-117.02018,42.46508]}},{"type":"Feature","properties":{"acq_date":"2026-07-27","acq_time":941,"confidence":"n","satellite":"N","instrument":"VIIRS","version":"2.0NRT","bright_ti4":305.95,"frp":4.35,"daynight":"N"},"geometry":{"type":"Point","coordinates":[-117.0257,42.46577]}},{"type":"Feature","properties":{"acq_date":"2026-07-27","acq_time":941,"confidence":"n","satellite":"N","instrument":"VIIRS","version":"2.0NRT","bright_ti4":307.82,"frp":1.26,"daynight":"N"},"geometry":{"type":"Point","coordinates":[-117.0312,42.46647]}},{"type":"Feature","properties":{"acq_date":"2026-07-27","acq_time":941,"confidence":"n","satellite":"N","instrument":"VIIRS","version":"2.0NRT","bright_ti4":319.96,"frp":1.9,"daynight":"N"},"geometry":{"type":"Point","coordinates":[-117.09301,42.46692]}},{"type":"Feature","properties":{"acq_date":"2026-07-27","acq_time":941,"confidence":"n","satellite":"N","instrument":"VIIRS","version":"2.0NRT","bright_ti4":306.4,"frp":1.26,"daynight":"N"},"geometry":{"type":"Point","coordinates":[-117.03666,42.46716]}},{"type":"Feature","properties":{"acq_date":"2026-07-27","acq_time":941,"confidence":"n","satellite":"N","instrument":"VIIRS","version":"2.0NRT","bright_ti4":331.04,"frp":3.81,"daynight":"N"},"geometry":{"type":"Point","coordinates":[-117.00819,42.46722]}},{"type":"Feature","properties":{"acq_date":"2026-07-27","acq_time":941,"confidence":"n","satellite":"N","instrument":"VIIRS","version":"2.0NRT","bright_ti4":321.52,"frp":3.81,"daynight":"N"},"geometry":{"type":"Point","coordinates":[-117.01373,42.46791]}},{"type":"Feature","properties":{"acq_date":"2026-07-27","acq_time":941,"confidence":"n","satellite":"N","instrument":"VIIRS","version":"2.0NRT","bright_ti4":326.57,"frp":2.49,"daynight":"N"},"geometry":{"type":"Point","coordinates":[-117.01928,42.46862]}},{"type":"Feature","properties":{"acq_date":"2026-07-27","acq_time":941,"confidence":"n","satellite":"N","instrument":"VIIRS","version":"2.0NRT","bright_ti4":311.9,"frp":2.49,"daynight":"N"},"geometry":{"type":"Point","coordinates":[-117.02484,42.46931]}},{"type":"Feature","properties":{"acq_date":"2026-07-27","acq_time":941,"confidence":"n","satellite":"N","instrument":"VIIRS","version":"2.0NRT","bright_ti4":308.8,"frp":1.72,"daynight":"N"},"geometry":{"type":"Point","coordinates":[-117.03033,42.47001]}},{"type":"Feature","properties":{"acq_date":"2026-07-27","acq_time":941,"confidence":"n","satellite":"N","instrument":"VIIRS","version":"2.0NRT","bright_ti4":342.75,"frp":3.81,"daynight":"N"},"geometry":{"type":"Point","coordinates":[-117.00726,42.47074]}},{"type":"Feature","properties":{"acq_date":"2026-07-27","acq_time":941,"confidence":"n","satellite":"N","instrument":"VIIRS","version":"2.0NRT","bright_ti4":299.76,"frp":0.92,"daynight":"N"},"geometry":{"type":"Point","coordinates":[-117.0073,42.47127]}},{"type":"Feature","properties":{"acq_date":"2026-07-27","acq_time":941,"confidence":"n","satellite":"N","instrument":"VIIRS","version":"2.0NRT","bright_ti4":325.25,"frp":3.81,"daynight":"N"},"geometry":{"type":"Point","coordinates":[-117.01279,42.47144]}},{"type":"Feature","properties":{"acq_date":"2026-07-27","acq_time":941,"confidence":"n","satellite":"N","instrument":"VIIRS","version":"2.0NRT","bright_ti4":318.71,"frp":1.6,"daynight":"N"},"geometry":{"type":"Point","coordinates":[-117.01285,42.47194]}},{"type":"Feature","properties":{"acq_date":"2026-07-27","acq_time":941,"confidence":"n","satellite":"N","instrument":"VIIRS","version":"2.0NRT","bright_ti4":301.99,"frp":2.28,"daynight":"N"},"geometry":{"type":"Point","coordinates":[-117.04684,42.47209]}},{"type":"Feature","properties":{"acq_date":"2026-07-27","acq_time":941,"confidence":"n","satellite":"N","instrument":"VIIRS","version":"2.0NRT","bright_ti4":313.74,"frp":2.49,"daynight":"N"},"geometry":{"type":"Point","coordinates":[-117.01836,42.47215]}},{"type":"Feature","properties":{"acq_date":"2026-07-27","acq_time":941,"confidence":"n","satellite":"N","instrument":"VIIRS","version":"2.0NRT","bright_ti4":317.67,"frp":1.6,"daynight":"N"},"geometry":{"type":"Point","coordinates":[-117.01845,42.47263]}},{"type":"Feature","properties":{"acq_date":"2026-07-27","acq_time":941,"confidence":"n","satellite":"N","instrument":"VIIRS","version":"2.0NRT","bright_ti4":323.32,"frp":2.49,"daynight":"N"},"geometry":{"type":"Point","coordinates":[-117.02393,42.47285]}},{"type":"Feature","properties":{"acq_date":"2026-07-27","acq_time":941,"confidence":"n","satellite":"N","instrument":"VIIRS","version":"2.0NRT","bright_ti4":323.1,"frp":2.43,"daynight":"N"},"geometry":{"type":"Point","coordinates":[-117.02402,42.4733]}},{"type":"Feature","properties":{"acq_date":"2026-07-27","acq_time":941,"confidence":"n","satellite":"N","instrument":"VIIRS","version":"2.0NRT","bright_ti4":318.09,"frp":1.72,"daynight":"N"},"geometry":{"type":"Point","coordinates":[-117.02944,42.47355]}},{"type":"Feature","properties":{"acq_date":"2026-07-27","acq_time":941,"confidence":"n","satellite":"N","instrument":"VIIRS","version":"2.0NRT","bright_ti4":323.96,"frp":2.43,"daynight":"N"},"geometry":{"type":"Point","coordinates":[-117.02954,42.47398]}},{"type":"Feature","properties":{"acq_date":"2026-07-27","acq_time":941,"confidence":"n","satellite":"N","instrument":"VIIRS","version":"2.0NRT","bright_ti4":305.19,"frp":0.92,"daynight":"N"},"geometry":{"type":"Point","coordinates":[-117.00098,42.47414]}},{"type":"Feature","properties":{"acq_date":"2026-07-27","acq_time":941,"confidence":"n","satellite":"N","instrument":"VIIRS","version":"2.0NRT","bright_ti4":303.29,"frp":1.72,"daynight":"N"},"geometry":{"type":"Point","coordinates":[-117.03491,42.47423]}},{"type":"Feature","properties":{"acq_date":"2026-07-27","acq_time":941,"confidence":"n","satellite":"N","instrument":"VIIRS","version":"2.0NRT","bright_ti4":310.41,"frp":1.16,"daynight":"N"},"geometry":{"type":"Point","coordinates":[-117.0064,42.47428]}},{"type":"Feature","properties":{"acq_date":"2026-07-27","acq_time":941,"confidence":"n","satellite":"N","instrument":"VIIRS","version":"2.0NRT","bright_ti4":303.47,"frp":2.3,"daynight":"N"},"geometry":{"type":"Point","coordinates":[-117.03502,42.47464]}},{"type":"Feature","properties":{"acq_date":"2026-07-27","acq_time":941,"confidence":"n","satellite":"N","instrument":"VIIRS","version":"2.0NRT","bright_ti4":310.23,"frp":0.92,"daynight":"N"},"geometry":{"type":"Point","coordinates":[-117.00645,42.47481]}},{"type":"Feature","properties":{"acq_date":"2026-07-27","acq_time":941,"confidence":"n","satellite":"N","instrument":"VIIRS","version":"2.0NRT","bright_ti4":311.25,"frp":1.16,"daynight":"N"},"geometry":{"type":"Point","coordinates":[-117.01192,42.47497]}},{"type":"Feature","properties":{"acq_date":"2026-07-27","acq_time":941,"confidence":"n","satellite":"N","instrument":"VIIRS","version":"2.0NRT","bright_ti4":304.76,"frp":1.6,"daynight":"N"},"geometry":{"type":"Point","coordinates":[-117.01197,42.47548]}},{"type":"Feature","properties":{"acq_date":"2026-07-27","acq_time":941,"confidence":"n","satellite":"N","instrument":"VIIRS","version":"2.0NRT","bright_ti4":317.35,"frp":2.54,"daynight":"N"},"geometry":{"type":"Point","coordinates":[-117.01748,42.47568]}},{"type":"Feature","properties":{"acq_date":"2026-07-27","acq_time":941,"confidence":"n","satellite":"N","instrument":"VIIRS","version":"2.0NRT","bright_ti4":307.15,"frp":1.6,"daynight":"N"},"geometry":{"type":"Point","coordinates":[-117.01755,42.47616]}},{"type":"Feature","properties":{"acq_date":"2026-07-27","acq_time":941,"confidence":"n","satellite":"N","instrument":"VIIRS","version":"2.0NRT","bright_ti4":329.04,"frp":2.54,"daynight":"N"},"geometry":{"type":"Point","coordinates":[-117.02303,42.47638]}},{"type":"Feature","properties":{"acq_date":"2026-07-27","acq_time":941,"confidence":"n","satellite":"N","instrument":"VIIRS","version":"2.0NRT","bright_ti4":303.59,"frp":1.36,"daynight":"N"},"geometry":{"type":"Point","coordinates":[-117.05163,42.47666]}},{"type":"Feature","properties":{"acq_date":"2026-07-27","acq_time":941,"confidence":"n","satellite":"N","instrument":"VIIRS","version":"2.0NRT","bright_ti4":316.61,"frp":2.43,"daynight":"N"},"geometry":{"type":"Point","coordinates":[-117.02311,42.47684]}},{"type":"Feature","properties":{"acq_date":"2026-07-27","acq_time":941,"confidence":"n","satellite":"N","instrument":"VIIRS","version":"2.0NRT","bright_ti4":314.42,"frp":2.09,"daynight":"N"},"geometry":{"type":"Point","coordinates":[-117.02853,42.47708]}},{"type":"Feature","properties":{"acq_date":"2026-07-27","acq_time":941,"confidence":"n","satellite":"N","instrument":"VIIRS","version":"2.0NRT","bright_ti4":309.06,"frp":1.54,"daynight":"N"},"geometry":{"type":"Point","coordinates":[-117.00009,42.47712]}},{"type":"Feature","properties":{"acq_date":"2026-07-27","acq_time":941,"confidence":"n","satellite":"N","instrument":"VIIRS","version":"2.0NRT","bright_ti4":301.63,"frp":1.45,"daynight":"N"},"geometry":{"type":"Point","coordinates":[-117.05719,42.47734]}},{"type":"Feature","properties":{"acq_date":"2026-07-27","acq_time":941,"confidence":"n","satellite":"N","instrument":"VIIRS","version":"2.0NRT","bright_ti4":317.29,"frp":2.43,"daynight":"N"},"geometry":{"type":"Point","coordinates":[-117.02861,42.47751]}},{"type":"Feature","properties":{"acq_date":"2026-07-27","acq_time":941,"confidence":"n","satellite":"N","instrument":"VIIRS","version":"2.0NRT","bright_ti4":309.49,"frp":1.16,"daynight":"N"},"geometry":{"type":"Point","coordinates":[-117.00557,42.47781]}},{"type":"Feature","properties":{"acq_date":"2026-07-27","acq_time":941,"confidence":"n","satellite":"N","instrument":"VIIRS","version":"2.0NRT","bright_ti4":312.78,"frp":1.72,"daynight":"N"},"geometry":{"type":"Point","coordinates":[-117.00561,42.47835]}},{"type":"Feature","properties":{"acq_date":"2026-07-27","acq_time":941,"confidence":"n","satellite":"N","instrument":"VIIRS","version":"2.0NRT","bright_ti4":301.37,"frp":1.16,"daynight":"N"},"geometry":{"type":"Point","coordinates":[-117.01107,42.47852]}},{"type":"Feature","properties":{"acq_date":"2026-07-27","acq_time":941,"confidence":"n","satellite":"N","instrument":"VIIRS","version":"2.0NRT","bright_ti4":302.34,"frp":1.05,"daynight":"N"},"geometry":{"type":"Point","coordinates":[-117.01112,42.47902]}},{"type":"Feature","properties":{"acq_date":"2026-07-27","acq_time":941,"confidence":"n","satellite":"N","instrument":"VIIRS","version":"2.0NRT","bright_ti4":301.89,"frp":1.36,"daynight":"N"},"geometry":{"type":"Point","coordinates":[-117.04517,42.47953]}},{"type":"Feature","properties":{"acq_date":"2026-07-27","acq_time":941,"confidence":"n","satellite":"N","instrument":"VIIRS","version":"2.0NRT","bright_ti4":303.97,"frp":1.13,"daynight":"N"},"geometry":{"type":"Point","coordinates":[-117.05062,42.47986]}},{"type":"Feature","properties":{"acq_date":"2026-07-27","acq_time":941,"confidence":"n","satellite":"N","instrument":"VIIRS","version":"2.0NRT","bright_ti4":310.23,"frp":2.54,"daynight":"N"},"geometry":{"type":"Point","coordinates":[-117.02213,42.47992]}},{"type":"Feature","properties":{"acq_date":"2026-07-27","acq_time":941,"confidence":"n","satellite":"N","instrument":"VIIRS","version":"2.0NRT","bright_ti4":306.97,"frp":1.13,"daynight":"N"},"geometry":{"type":"Point","coordinates":[-117.05618,42.48056]}},{"type":"Feature","properties":{"acq_date":"2026-07-27","acq_time":941,"confidence":"n","satellite":"N","instrument":"VIIRS","version":"2.0NRT","bright_ti4":309.35,"frp":2.09,"daynight":"N"},"geometry":{"type":"Point","coordinates":[-117.02764,42.48061]}},{"type":"Feature","properties":{"acq_date":"2026-07-27","acq_time":941,"confidence":"n","satellite":"N","instrument":"VIIRS","version":"2.0NRT","bright_ti4":310.43,"frp":1.72,"daynight":"N"},"geometry":{"type":"Point","coordinates":[-116.99927,42.48122]}},{"type":"Feature","properties":{"acq_date":"2026-07-27","acq_time":941,"confidence":"n","satellite":"N","instrument":"VIIRS","version":"2.0NRT","bright_ti4":304.6,"frp":1.45,"daynight":"N"},"geometry":{"type":"Point","coordinates":[-117.06186,42.48155]}},{"type":"Feature","properties":{"acq_date":"2026-07-27","acq_time":941,"confidence":"n","satellite":"N","instrument":"VIIRS","version":"2.0NRT","bright_ti4":316.87,"frp":1.72,"daynight":"N"},"geometry":{"type":"Point","coordinates":[-117.00476,42.48189]}},{"type":"Feature","properties":{"acq_date":"2026-07-27","acq_time":941,"confidence":"n","satellite":"N","instrument":"VIIRS","version":"2.0NRT","bright_ti4":301.57,"frp":2.36,"daynight":"N"},"geometry":{"type":"Point","coordinates":[-117.03867,42.48201]}},{"type":"Feature","properties":{"acq_date":"2026-07-27","acq_time":941,"confidence":"n","satellite":"N","instrument":"VIIRS","version":"2.0NRT","bright_ti4":306.72,"frp":2.8,"daynight":"N"},"geometry":{"type":"Point","coordinates":[-117.03879,42.4824]}},{"type":"Feature","properties":{"acq_date":"2026-07-27","acq_time":941,"confidence":"n","satellite":"N","instrument":"VIIRS","version":"2.0NRT","bright_ti4":301.54,"frp":1.05,"daynight":"N"},"geometry":{"type":"Point","coordinates":[-117.01027,42.48256]}},{"type":"Feature","properties":{"acq_date":"2026-07-27","acq_time":941,"confidence":"n","satellite":"N","instrument":"VIIRS","version":"2.0NRT","bright_ti4":303.51,"frp":1.05,"daynight":"N"},"geometry":{"type":"Point","coordinates":[-117.01581,42.48324]}},{"type":"Feature","properties":{"acq_date":"2026-07-27","acq_time":941,"confidence":"n","satellite":"N","instrument":"VIIRS","version":"2.0NRT","bright_ti4":304.39,"frp":2.23,"daynight":"N"},"geometry":{"type":"Point","coordinates":[-116.99293,42.48408]}},{"type":"Feature","properties":{"acq_date":"2026-07-27","acq_time":941,"confidence":"n","satellite":"N","instrument":"VIIRS","version":"2.0NRT","bright_ti4":306.11,"frp":1.13,"daynight":"N"},"geometry":{"type":"Point","coordinates":[-117.05529,42.4841]}},{"type":"Feature","properties":{"acq_date":"2026-07-27","acq_time":941,"confidence":"n","satellite":"N","instrument":"VIIRS","version":"2.0NRT","bright_ti4":332.21,"frp":2.91,"daynight":"N"},"geometry":{"type":"Point","coordinates":[-116.9984,42.48475]}},{"type":"Feature","properties":{"acq_date":"2026-07-27","acq_time":941,"confidence":"n","satellite":"N","instrument":"VIIRS","version":"2.0NRT","bright_ti4":319.36,"frp":2.91,"daynight":"N"},"geometry":{"type":"Point","coordinates":[-117.00393,42.48543]}},{"type":"Feature","properties":{"acq_date":"2026-07-27","acq_time":941,"confidence":"n","satellite":"N","instrument":"VIIRS","version":"2.0NRT","bright_ti4":301.49,"frp":1.06,"daynight":"N"},"geometry":{"type":"Point","coordinates":[-117.01495,42.48678]}},{"type":"Feature","properties":{"acq_date":"2026-07-27","acq_time":941,"confidence":"n","satellite":"N","instrument":"VIIRS","version":"2.0NRT","bright_ti4":326.96,"frp":2.23,"daynight":"N"},"geometry":{"type":"Point","coordinates":[-116.99207,42.48762]}},{"type":"Feature","properties":{"acq_date":"2026-07-27","acq_time":941,"confidence":"n","satellite":"N","instrument":"VIIRS","version":"2.0NRT","bright_ti4":302.46,"frp":2.37,"daynight":"N"},"geometry":{"type":"Point","coordinates":[-117.05458,42.48797]}},{"type":"Feature","properties":{"acq_date":"2026-07-27","acq_time":941,"confidence":"n","satellite":"N","instrument":"VIIRS","version":"2.0NRT","bright_ti4":328.73,"frp":2.91,"daynight":"N"},"geometry":{"type":"Point","coordinates":[-116.99755,42.48829]}},{"type":"Feature","properties":{"acq_date":"2026-07-27","acq_time":941,"confidence":"n","satellite":"N","instrument":"VIIRS","version":"2.0NRT","bright_ti4":308.19,"frp":1.51,"daynight":"N"},"geometry":{"type":"Point","coordinates":[-117.03153,42.48881]}},{"type":"Feature","properties":{"acq_date":"2026-07-27","acq_time":941,"confidence":"n","satellite":"N","instrument":"VIIRS","version":"2.0NRT","bright_ti4":308.52,"frp":2.91,"daynight":"N"},"geometry":{"type":"Point","coordinates":[-117.00304,42.48896]}},{"type":"Feature","properties":{"acq_date":"2026-07-27","acq_time":941,"confidence":"n","satellite":"N","instrument":"VIIRS","version":"2.0NRT","bright_ti4":300.57,"frp":0.94,"daynight":"N"},"geometry":{"type":"Point","coordinates":[-117.09399,42.48911]}},{"type":"Feature","properties":{"acq_date":"2026-07-27","acq_time":941,"confidence":"n","satellite":"N","instrument":"VIIRS","version":"2.0NRT","bright_ti4":306.88,"frp":1.51,"daynight":"N"},"geometry":{"type":"Point","coordinates":[-117.03709,42.48948]}},{"type":"Feature","properties":{"acq_date":"2026-07-27","acq_time":941,"confidence":"n","satellite":"N","instrument":"VIIRS","version":"2.0NRT","bright_ti4":306.04,"frp":1.06,"daynight":"N"},"geometry":{"type":"Point","coordinates":[-117.00856,42.48964]}},{"type":"Feature","properties":{"acq_date":"2026-07-27","acq_time":941,"confidence":"n","satellite":"N","instrument":"VIIRS","version":"2.0NRT","bright_ti4":296.48,"frp":0.8,"daynight":"N"},"geometry":{"type":"Point","coordinates":[-117.0994,42.48977]}},{"type":"Feature","properties":{"acq_date":"2026-07-27","acq_time":941,"confidence":"n","satellite":"N","instrument":"VIIRS","version":"2.0NRT","bright_ti4":310.97,"frp":2.01,"daynight":"N"},"geometry":{"type":"Point","coordinates":[-117.04266,42.49016]}},{"type":"Feature","properties":{"acq_date":"2026-07-27","acq_time":941,"confidence":"n","satellite":"N","instrument":"VIIRS","version":"2.0NRT","bright_ti4":302.75,"frp":1.06,"daynight":"N"},"geometry":{"type":"Point","coordinates":[-117.01405,42.49031]}},{"type":"Feature","properties":{"acq_date":"2026-07-27","acq_time":941,"confidence":"n","satellite":"N","instrument":"VIIRS","version":"2.0NRT","bright_ti4":304.14,"frp":0.8,"daynight":"N"},"geometry":{"type":"Point","coordinates":[-117.10484,42.49043]}},{"type":"Feature","properties":{"acq_date":"2026-07-27","acq_time":941,"confidence":"n","satellite":"N","instrument":"VIIRS","version":"2.0NRT","bright_ti4":310.99,"frp":2.33,"daynight":"N"},"geometry":{"type":"Point","coordinates":[-116.98582,42.49049]}},{"type":"Feature","properties":{"acq_date":"2026-07-27","acq_time":941,"confidence":"n","satellite":"N","instrument":"VIIRS","version":"2.0NRT","bright_ti4":309.86,"frp":1.92,"daynight":"N"},"geometry":{"type":"Point","coordinates":[-117.01955,42.49099]}},{"type":"Feature","properties":{"acq_date":"2026-07-27","acq_time":941,"confidence":"n","satellite":"N","instrument":"VIIRS","version":"2.0NRT","bright_ti4":327.18,"frp":2.33,"daynight":"N"},"geometry":{"type":"Point","coordinates":[-116.99123,42.49116]}},{"type":"Feature","properties":{"acq_date":"2026-07-27","acq_time":941,"confidence":"n","satellite":"N","instrument":"VIIRS","version":"2.0NRT","bright_ti4":309.66,"frp":1.92,"daynight":"N"},"geometry":{"type":"Point","coordinates":[-117.02509,42.49166]}},{"type":"Feature","properties":{"acq_date":"2026-07-27","acq_time":941,"confidence":"n","satellite":"N","instrument":"VIIRS","version":"2.0NRT","bright_ti4":322.03,"frp":2.24,"daynight":"N"},"geometry":{"type":"Point","coordinates":[-116.99667,42.49182]}},{"type":"Feature","properties":{"acq_date":"2026-07-27","acq_time":941,"confidence":"n","satellite":"N","instrument":"VIIRS","version":"2.0NRT","bright_ti4":306.42,"frp":1.51,"daynight":"N"},"geometry":{"type":"Point","coordinates":[-117.03063,42.49234]}},{"type":"Feature","properties":{"acq_date":"2026-07-27","acq_time":941,"confidence":"n","satellite":"N","instrument":"VIIRS","version":"2.0NRT","bright_ti4":315.58,"frp":2.24,"daynight":"N"},"geometry":{"type":"Point","coordinates":[-117.00217,42.4925]}},{"type":"Feature","properties":{"acq_date":"2026-07-27","acq_time":941,"confidence":"n","satellite":"N","instrument":"VIIRS","version":"2.0NRT","bright_ti4":310.54,"frp":1.07,"daynight":"N"},"geometry":{"type":"Point","coordinates":[-117.00764,42.49318]}},{"type":"Feature","properties":{"acq_date":"2026-07-27","acq_time":941,"confidence":"n","satellite":"N","instrument":"VIIRS","version":"2.0NRT","bright_ti4":303.1,"frp":0.8,"daynight":"N"},"geometry":{"type":"Point","coordinates":[-117.09861,42.49333]}},{"type":"Feature","properties":{"acq_date":"2026-07-27","acq_time":941,"confidence":"n","satellite":"N","instrument":"VIIRS","version":"2.0NRT","bright_ti4":304.41,"frp":1.07,"daynight":"N"},"geometry":{"type":"Point","coordinates":[-117.01315,42.49385]}},{"type":"Feature","properties":{"acq_date":"2026-07-27","acq_time":941,"confidence":"n","satellite":"N","instrument":"VIIRS","version":"2.0NRT","bright_ti4":299.16,"frp":0.8,"daynight":"N"},"geometry":{"type":"Point","coordinates":[-117.10406,42.494]}},{"type":"Feature","properties":{"acq_date":"2026-07-27","acq_time":941,"confidence":"n","satellite":"N","instrument":"VIIRS","version":"2.0NRT","bright_ti4":311.93,"frp":2.33,"daynight":"N"},"geometry":{"type":"Point","coordinates":[-116.98502,42.49403]}},{"type":"Feature","properties":{"acq_date":"2026-07-27","acq_time":941,"confidence":"n","satellite":"N","instrument":"VIIRS","version":"2.0NRT","bright_ti4":303.22,"frp":2.01,"daynight":"N"},"geometry":{"type":"Point","coordinates":[-117.04737,42.49439]}},{"type":"Feature","properties":{"acq_date":"2026-07-27","acq_time":941,"confidence":"n","satellite":"N","instrument":"VIIRS","version":"2.0NRT","bright_ti4":306.09,"frp":1.24,"daynight":"N"},"geometry":{"type":"Point","coordinates":[-117.01867,42.49452]}},{"type":"Feature","properties":{"acq_date":"2026-07-27","acq_time":941,"confidence":"n","satellite":"N","instrument":"VIIRS","version":"2.0NRT","bright_ti4":297.42,"frp":0.95,"daynight":"N"},"geometry":{"type":"Point","coordinates":[-117.10962,42.49467]}},{"type":"Feature","properties":{"acq_date":"2026-07-27","acq_time":941,"confidence":"n","satellite":"N","instrument":"VIIRS","version":"2.0NRT","bright_ti4":324.98,"frp":2.33,"daynight":"N"},"geometry":{"type":"Point","coordinates":[-116.9904,42.49469]}},{"type":"Feature","properties":{"acq_date":"2026-07-27","acq_time":941,"confidence":"n","satellite":"N","instrument":"VIIRS","version":"2.0NRT","bright_ti4":307.68,"frp":2.02,"daynight":"N"},"geometry":{"type":"Point","coordinates":[-117.05291,42.49506]}},{"type":"Feature","properties":{"acq_date":"2026-07-27","acq_time":941,"confidence":"n","satellite":"N","instrument":"VIIRS","version":"2.0NRT","bright_ti4":304.25,"frp":1.24,"daynight":"N"},"geometry":{"type":"Point","coordinates":[-117.0242,42.4952]}},{"type":"Feature","properties":{"acq_date":"2026-07-27","acq_time":941,"confidence":"n","satellite":"N","instrument":"VIIRS","version":"2.0NRT","bright_ti4":300.95,"frp":0.95,"daynight":"N"},"geometry":{"type":"Point","coordinates":[-117.1152,42.49534]}},{"type":"Feature","properties":{"acq_date":"2026-07-27","acq_time":941,"confidence":"n","satellite":"N","instrument":"VIIRS","version":"2.0NRT","bright_ti4":318.14,"frp":2.24,"daynight":"N"},"geometry":{"type":"Point","coordinates":[-116.9958,42.49536]}},{"type":"Feature","properties":{"acq_date":"2026-07-27","acq_time":941,"confidence":"n","satellite":"N","instrument":"VIIRS","version":"2.0NRT","bright_ti4":317.81,"frp":2.24,"daynight":"N"},"geometry":{"type":"Point","coordinates":[-117.00129,42.49603]}},{"type":"Feature","properties":{"acq_date":"2026-07-27","acq_time":941,"confidence":"n","satellite":"N","instrument":"VIIRS","version":"2.0NRT","bright_ti4":305.22,"frp":1.07,"daynight":"N"},"geometry":{"type":"Point","coordinates":[-117.00677,42.49671]}},{"type":"Feature","properties":{"acq_date":"2026-07-27","acq_time":941,"confidence":"n","satellite":"N","instrument":"VIIRS","version":"2.0NRT","bright_ti4":301.21,"frp":1.07,"daynight":"N"},"geometry":{"type":"Point","coordinates":[-117.01226,42.49738]}},{"type":"Feature","properties":{"acq_date":"2026-07-27","acq_time":941,"confidence":"n","satellite":"N","instrument":"VIIRS","version":"2.0NRT","bright_ti4":302.5,"frp":1.26,"daynight":"N"},"geometry":{"type":"Point","coordinates":[-116.98425,42.49758]}},{"type":"Feature","properties":{"acq_date":"2026-07-27","acq_time":941,"confidence":"n","satellite":"N","instrument":"VIIRS","version":"2.0NRT","bright_ti4":305.18,"frp":1.24,"daynight":"N"},"geometry":{"type":"Point","coordinates":[-117.01778,42.49806]}},{"type":"Feature","properties":{"acq_date":"2026-07-27","acq_time":941,"confidence":"n","satellite":"N","instrument":"VIIRS","version":"2.0NRT","bright_ti4":302,"frp":1.29,"daynight":"N"},"geometry":{"type":"Point","coordinates":[-117.10879,42.49822]}},{"type":"Feature","properties":{"acq_date":"2026-07-27","acq_time":941,"confidence":"n","satellite":"N","instrument":"VIIRS","version":"2.0NRT","bright_ti4":314.3,"frp":1.26,"daynight":"N"},"geometry":{"type":"Point","coordinates":[-116.98962,42.49824]}},{"type":"Feature","properties":{"acq_date":"2026-07-27","acq_time":941,"confidence":"n","satellite":"N","instrument":"VIIRS","version":"2.0NRT","bright_ti4":309.84,"frp":1.29,"daynight":"N"},"geometry":{"type":"Point","coordinates":[-117.11434,42.49889]}},{"type":"Feature","properties":{"acq_date":"2026-07-27","acq_time":941,"confidence":"n","satellite":"N","instrument":"VIIRS","version":"2.0NRT","bright_ti4":310.89,"frp":1.89,"daynight":"N"},"geometry":{"type":"Point","coordinates":[-116.99502,42.49891]}},{"type":"Feature","properties":{"acq_date":"2026-07-27","acq_time":941,"confidence":"n","satellite":"N","instrument":"VIIRS","version":"2.0NRT","bright_ti4":301.58,"frp":2.63,"daynight":"N"},"geometry":{"type":"Point","coordinates":[-117.02892,42.49943]}},{"type":"Feature","properties":{"acq_date":"2026-07-27","acq_time":941,"confidence":"n","satellite":"N","instrument":"VIIRS","version":"2.0NRT","bright_ti4":307.34,"frp":1.89,"daynight":"N"},"geometry":{"type":"Point","coordinates":[-117.00044,42.49958]}},{"type":"Feature","properties":{"acq_date":"2026-07-27","acq_time":941,"confidence":"n","satellite":"N","instrument":"VIIRS","version":"2.0NRT","bright_ti4":305.01,"frp":1,"daynight":"N"},"geometry":{"type":"Point","coordinates":[-117.00591,42.50024]}},{"type":"Feature","properties":{"acq_date":"2026-07-27","acq_time":941,"confidence":"n","satellite":"N","instrument":"VIIRS","version":"2.0NRT","bright_ti4":304.88,"frp":1,"daynight":"N"},"geometry":{"type":"Point","coordinates":[-117.01138,42.50092]}},{"type":"Feature","properties":{"acq_date":"2026-07-27","acq_time":941,"confidence":"n","satellite":"N","instrument":"VIIRS","version":"2.0NRT","bright_ti4":302.75,"frp":2.04,"daynight":"N"},"geometry":{"type":"Point","coordinates":[-117.01691,42.5016]}},{"type":"Feature","properties":{"acq_date":"2026-07-27","acq_time":941,"confidence":"n","satellite":"N","instrument":"VIIRS","version":"2.0NRT","bright_ti4":298.86,"frp":0.98,"daynight":"N"},"geometry":{"type":"Point","coordinates":[-117.11902,42.50312]}},{"type":"Feature","properties":{"acq_date":"2026-07-27","acq_time":941,"confidence":"n","satellite":"N","instrument":"VIIRS","version":"2.0NRT","bright_ti4":305.64,"frp":1,"daynight":"N"},"geometry":{"type":"Point","coordinates":[-117.00507,42.50379]}},{"type":"Feature","properties":{"acq_date":"2026-07-27","acq_time":941,"confidence":"n","satellite":"N","instrument":"VIIRS","version":"2.0NRT","bright_ti4":308.73,"frp":1,"daynight":"N"},"geometry":{"type":"Point","coordinates":[-117.01058,42.50447]}},{"type":"Feature","properties":{"acq_date":"2026-07-27","acq_time":941,"confidence":"n","satellite":"N","instrument":"VIIRS","version":"2.0NRT","bright_ti4":314.06,"frp":2.95,"daynight":"N"},"geometry":{"type":"Point","coordinates":[-117.20332,42.506]}},{"type":"Feature","properties":{"acq_date":"2026-07-27","acq_time":941,"confidence":"n","satellite":"N","instrument":"VIIRS","version":"2.0NRT","bright_ti4":307.23,"frp":1.08,"daynight":"N"},"geometry":{"type":"Point","coordinates":[-117.00435,42.50734]}},{"type":"Feature","properties":{"acq_date":"2026-07-27","acq_time":941,"confidence":"n","satellite":"N","instrument":"VIIRS","version":"2.0NRT","bright_ti4":309.63,"frp":1.08,"daynight":"N"},"geometry":{"type":"Point","coordinates":[-117.00991,42.50803]}},{"type":"Feature","properties":{"acq_date":"2026-07-27","acq_time":941,"confidence":"n","satellite":"N","instrument":"VIIRS","version":"2.0NRT","bright_ti4":307.49,"frp":1.91,"daynight":"N"},"geometry":{"type":"Point","coordinates":[-117.20268,42.50959]}},{"type":"Feature","properties":{"acq_date":"2026-07-27","acq_time":941,"confidence":"n","satellite":"N","instrument":"VIIRS","version":"2.0NRT","bright_ti4":301.22,"frp":1.08,"daynight":"N"},"geometry":{"type":"Point","coordinates":[-117.00365,42.5109]}},{"type":"Feature","properties":{"acq_date":"2026-07-27","acq_time":941,"confidence":"n","satellite":"N","instrument":"VIIRS","version":"2.0NRT","bright_ti4":309.05,"frp":1.08,"daynight":"N"},"geometry":{"type":"Point","coordinates":[-117.00924,42.51159]}},{"type":"Feature","properties":{"acq_date":"2026-07-27","acq_time":941,"confidence":"n","satellite":"N","instrument":"VIIRS","version":"2.0NRT","bright_ti4":319.97,"frp":1.91,"daynight":"N"},"geometry":{"type":"Point","coordinates":[-117.20199,42.51318]}},{"type":"Feature","properties":{"acq_date":"2026-07-27","acq_time":941,"confidence":"n","satellite":"N","instrument":"VIIRS","version":"2.0NRT","bright_ti4":302.37,"frp":1.77,"daynight":"N"},"geometry":{"type":"Point","coordinates":[-117.02596,42.51365]}},{"type":"Feature","properties":{"acq_date":"2026-07-27","acq_time":941,"confidence":"n","satellite":"N","instrument":"VIIRS","version":"2.0NRT","bright_ti4":304.46,"frp":0.97,"daynight":"N"},"geometry":{"type":"Point","coordinates":[-117.20731,42.51383]}},{"type":"Feature","properties":{"acq_date":"2026-07-27","acq_time":941,"confidence":"n","satellite":"N","instrument":"VIIRS","version":"2.0NRT","bright_ti4":298.11,"frp":0.97,"daynight":"N"},"geometry":{"type":"Point","coordinates":[-117.21249,42.51446]}},{"type":"Feature","properties":{"acq_date":"2026-07-27","acq_time":941,"confidence":"n","satellite":"N","instrument":"VIIRS","version":"2.0NRT","bright_ti4":310.38,"frp":1.38,"daynight":"N"},"geometry":{"type":"Point","coordinates":[-117.00851,42.51514]}},{"type":"Feature","properties":{"acq_date":"2026-07-27","acq_time":941,"confidence":"n","satellite":"N","instrument":"VIIRS","version":"2.0NRT","bright_ti4":302.18,"frp":1.04,"daynight":"N"},"geometry":{"type":"Point","coordinates":[-117.1957,42.51609]}},{"type":"Feature","properties":{"acq_date":"2026-07-27","acq_time":941,"confidence":"n","satellite":"N","instrument":"VIIRS","version":"2.0NRT","bright_ti4":300.06,"frp":1.04,"daynight":"N"},"geometry":{"type":"Point","coordinates":[-117.20123,42.51676]}},{"type":"Feature","properties":{"acq_date":"2026-07-27","acq_time":941,"confidence":"n","satellite":"N","instrument":"VIIRS","version":"2.0NRT","bright_ti4":301.01,"frp":1.16,"daynight":"N"},"geometry":{"type":"Point","coordinates":[-117.20655,42.51741]}},{"type":"Feature","properties":{"acq_date":"2026-07-27","acq_time":941,"confidence":"n","satellite":"N","instrument":"VIIRS","version":"2.0NRT","bright_ti4":298.5,"frp":0.65,"daynight":"N"},"geometry":{"type":"Point","coordinates":[-116.96934,42.51757]}},{"type":"Feature","properties":{"acq_date":"2026-07-27","acq_time":941,"confidence":"n","satellite":"N","instrument":"VIIRS","version":"2.0NRT","bright_ti4":312.96,"frp":1.16,"daynight":"N"},"geometry":{"type":"Point","coordinates":[-117.21172,42.51803]}},{"type":"Feature","properties":{"acq_date":"2026-07-27","acq_time":941,"confidence":"n","satellite":"N","instrument":"VIIRS","version":"2.0NRT","bright_ti4":301.91,"frp":1.38,"daynight":"N"},"geometry":{"type":"Point","coordinates":[-117.00777,42.5187]}},{"type":"Feature","properties":{"acq_date":"2026-07-27","acq_time":941,"confidence":"n","satellite":"N","instrument":"VIIRS","version":"2.0NRT","bright_ti4":303.97,"frp":2.7,"daynight":"N"},"geometry":{"type":"Point","coordinates":[-117.01333,42.51938]}},{"type":"Feature","properties":{"acq_date":"2026-07-27","acq_time":941,"confidence":"n","satellite":"N","instrument":"VIIRS","version":"2.0NRT","bright_ti4":312.19,"frp":1.04,"daynight":"N"},"geometry":{"type":"Point","coordinates":[-117.20047,42.52034]}},{"type":"Feature","properties":{"acq_date":"2026-07-27","acq_time":941,"confidence":"n","satellite":"N","instrument":"VIIRS","version":"2.0NRT","bright_ti4":299.03,"frp":0.65,"daynight":"N"},"geometry":{"type":"Point","coordinates":[-116.96857,42.52112]}},{"type":"Feature","properties":{"acq_date":"2026-07-27","acq_time":941,"confidence":"n","satellite":"N","instrument":"VIIRS","version":"2.0NRT","bright_ti4":305.08,"frp":1.1,"daynight":"N"},"geometry":{"type":"Point","coordinates":[-117.00162,42.52158]}},{"type":"Feature","properties":{"acq_date":"2026-07-27","acq_time":941,"confidence":"n","satellite":"N","instrument":"VIIRS","version":"2.0NRT","bright_ti4":304.65,"frp":1.16,"daynight":"N"},"geometry":{"type":"Point","coordinates":[-117.21094,42.52161]}},{"type":"Feature","properties":{"acq_date":"2026-07-27","acq_time":941,"confidence":"n","satellite":"N","instrument":"VIIRS","version":"2.0NRT","bright_ti4":301.16,"frp":1.31,"daynight":"N"},"geometry":{"type":"Point","coordinates":[-117.20487,42.52455]}},{"type":"Feature","properties":{"acq_date":"2026-07-27","acq_time":941,"confidence":"n","satellite":"N","instrument":"VIIRS","version":"2.0NRT","bright_ti4":303.71,"frp":0.72,"daynight":"N"},"geometry":{"type":"Point","coordinates":[-116.96783,42.52467]}},{"type":"Feature","properties":{"acq_date":"2026-07-27","acq_time":941,"confidence":"n","satellite":"N","instrument":"VIIRS","version":"2.0NRT","bright_ti4":307.7,"frp":1.1,"daynight":"N"},"geometry":{"type":"Point","coordinates":[-117.00101,42.52515]}},{"type":"Feature","properties":{"acq_date":"2026-07-27","acq_time":941,"confidence":"n","satellite":"N","instrument":"VIIRS","version":"2.0NRT","bright_ti4":302.47,"frp":0.72,"daynight":"N"},"geometry":{"type":"Point","coordinates":[-116.97322,42.52534]}},{"type":"Feature","properties":{"acq_date":"2026-07-27","acq_time":941,"confidence":"n","satellite":"N","instrument":"VIIRS","version":"2.0NRT","bright_ti4":304.33,"frp":1.1,"daynight":"N"},"geometry":{"type":"Point","coordinates":[-117.00645,42.52582]}},{"type":"Feature","properties":{"acq_date":"2026-07-27","acq_time":941,"confidence":"n","satellite":"N","instrument":"VIIRS","version":"2.0NRT","bright_ti4":302.15,"frp":0.72,"daynight":"N"},"geometry":{"type":"Point","coordinates":[-116.9671,42.52822]}},{"type":"Feature","properties":{"acq_date":"2026-07-27","acq_time":941,"confidence":"n","satellite":"N","instrument":"VIIRS","version":"2.0NRT","bright_ti4":303.22,"frp":1.22,"daynight":"N"},"geometry":{"type":"Point","coordinates":[-117.0058,42.52939]}},{"type":"Feature","properties":{"acq_date":"2026-07-27","acq_time":941,"confidence":"n","satellite":"N","instrument":"VIIRS","version":"2.0NRT","bright_ti4":301.66,"frp":1.37,"daynight":"N"},"geometry":{"type":"Point","coordinates":[-117.01126,42.53006]}},{"type":"Feature","properties":{"acq_date":"2026-07-27","acq_time":941,"confidence":"n","satellite":"N","instrument":"VIIRS","version":"2.0NRT","bright_ti4":298.61,"frp":1.59,"daynight":"N"},"geometry":{"type":"Point","coordinates":[-117.20849,42.53233]}},{"type":"Feature","properties":{"acq_date":"2026-07-27","acq_time":941,"confidence":"n","satellite":"N","instrument":"VIIRS","version":"2.0NRT","bright_ti4":315.8,"frp":1.59,"daynight":"N"},"geometry":{"type":"Point","coordinates":[-117.20769,42.5359]}},{"type":"Feature","properties":{"acq_date":"2026-07-27","acq_time":941,"confidence":"n","satellite":"N","instrument":"VIIRS","version":"2.0NRT","bright_ti4":319.16,"frp":1.78,"daynight":"N"},"geometry":{"type":"Point","coordinates":[-116.94751,42.53669]}},{"type":"Feature","properties":{"acq_date":"2026-07-27","acq_time":941,"confidence":"n","satellite":"N","instrument":"VIIRS","version":"2.0NRT","bright_ti4":328.4,"frp":2.38,"daynight":"N"},"geometry":{"type":"Point","coordinates":[-116.95312,42.5374]}},{"type":"Feature","properties":{"acq_date":"2026-07-27","acq_time":941,"confidence":"n","satellite":"N","instrument":"VIIRS","version":"2.0NRT","bright_ti4":311.21,"frp":2.38,"daynight":"N"},"geometry":{"type":"Point","coordinates":[-116.95893,42.53812]}},{"type":"Feature","properties":{"acq_date":"2026-07-27","acq_time":941,"confidence":"n","satellite":"N","instrument":"VIIRS","version":"2.0NRT","bright_ti4":312.19,"frp":1.78,"daynight":"N"},"geometry":{"type":"Point","coordinates":[-116.94125,42.53955]}},{"type":"Feature","properties":{"acq_date":"2026-07-27","acq_time":941,"confidence":"n","satellite":"N","instrument":"VIIRS","version":"2.0NRT","bright_ti4":309.77,"frp":1.78,"daynight":"N"},"geometry":{"type":"Point","coordinates":[-116.94677,42.54024]}},{"type":"Feature","properties":{"acq_date":"2026-07-27","acq_time":941,"confidence":"n","satellite":"N","instrument":"VIIRS","version":"2.0NRT","bright_ti4":320.54,"frp":2.38,"daynight":"N"},"geometry":{"type":"Point","coordinates":[-116.95235,42.54094]}},{"type":"Feature","properties":{"acq_date":"2026-07-27","acq_time":941,"confidence":"n","satellite":"N","instrument":"VIIRS","version":"2.0NRT","bright_ti4":306.7,"frp":1.82,"daynight":"N"},"geometry":{"type":"Point","coordinates":[-116.92422,42.54105]}},{"type":"Feature","properties":{"acq_date":"2026-07-27","acq_time":941,"confidence":"n","satellite":"N","instrument":"VIIRS","version":"2.0NRT","bright_ti4":308.75,"frp":2.01,"daynight":"N"},"geometry":{"type":"Point","coordinates":[-117.01458,42.54142]}},{"type":"Feature","properties":{"acq_date":"2026-07-27","acq_time":941,"confidence":"n","satellite":"N","instrument":"VIIRS","version":"2.0NRT","bright_ti4":321.01,"frp":2.38,"daynight":"N"},"geometry":{"type":"Point","coordinates":[-116.95807,42.54166]}},{"type":"Feature","properties":{"acq_date":"2026-07-27","acq_time":941,"confidence":"n","satellite":"N","instrument":"VIIRS","version":"2.0NRT","bright_ti4":326.39,"frp":2.71,"daynight":"N"},"geometry":{"type":"Point","coordinates":[-116.9296,42.54173]}},{"type":"Feature","properties":{"acq_date":"2026-07-27","acq_time":941,"confidence":"n","satellite":"N","instrument":"VIIRS","version":"2.0NRT","bright_ti4":319.54,"frp":2.63,"daynight":"N"},"geometry":{"type":"Point","coordinates":[-117.02006,42.5421]}},{"type":"Feature","properties":{"acq_date":"2026-07-27","acq_time":941,"confidence":"n","satellite":"N","instrument":"VIIRS","version":"2.0NRT","bright_ti4":331.15,"frp":2.71,"daynight":"N"},"geometry":{"type":"Point","coordinates":[-116.93507,42.54241]}},{"type":"Feature","properties":{"acq_date":"2026-07-27","acq_time":941,"confidence":"n","satellite":"N","instrument":"VIIRS","version":"2.0NRT","bright_ti4":320.78,"frp":2.19,"daynight":"N"},"geometry":{"type":"Point","coordinates":[-116.94056,42.5431]}},{"type":"Feature","properties":{"acq_date":"2026-07-27","acq_time":941,"confidence":"n","satellite":"N","instrument":"VIIRS","version":"2.0NRT","bright_ti4":317.95,"frp":2.19,"daynight":"N"},"geometry":{"type":"Point","coordinates":[-116.94608,42.54379]}},{"type":"Feature","properties":{"acq_date":"2026-07-27","acq_time":941,"confidence":"n","satellite":"N","instrument":"VIIRS","version":"2.0NRT","bright_ti4":306.57,"frp":4.92,"daynight":"N"},"geometry":{"type":"Point","coordinates":[-117.00832,42.54429]}},{"type":"Feature","properties":{"acq_date":"2026-07-27","acq_time":941,"confidence":"n","satellite":"N","instrument":"VIIRS","version":"2.0NRT","bright_ti4":325.77,"frp":3.54,"daynight":"N"},"geometry":{"type":"Point","coordinates":[-116.95161,42.54449]}},{"type":"Feature","properties":{"acq_date":"2026-07-27","acq_time":941,"confidence":"n","satellite":"N","instrument":"VIIRS","version":"2.0NRT","bright_ti4":323.92,"frp":1.82,"daynight":"N"},"geometry":{"type":"Point","coordinates":[-116.92348,42.54459]}},{"type":"Feature","properties":{"acq_date":"2026-07-27","acq_time":941,"confidence":"n","satellite":"N","instrument":"VIIRS","version":"2.0NRT","bright_ti4":311.93,"frp":4.92,"daynight":"N"},"geometry":{"type":"Point","coordinates":[-117.0138,42.54497]}},{"type":"Feature","properties":{"acq_date":"2026-07-27","acq_time":941,"confidence":"n","satellite":"N","instrument":"VIIRS","version":"2.0NRT","bright_ti4":330.74,"frp":3.54,"daynight":"N"},"geometry":{"type":"Point","coordinates":[-116.95724,42.54519]}},{"type":"Feature","properties":{"acq_date":"2026-07-27","acq_time":941,"confidence":"n","satellite":"N","instrument":"VIIRS","version":"2.0NRT","bright_ti4":314.65,"frp":2.71,"daynight":"N"},"geometry":{"type":"Point","coordinates":[-116.9289,42.54527]}},{"type":"Feature","properties":{"acq_date":"2026-07-27","acq_time":941,"confidence":"n","satellite":"N","instrument":"VIIRS","version":"2.0NRT","bright_ti4":306.82,"frp":3.69,"daynight":"N"},"geometry":{"type":"Point","coordinates":[-117.01926,42.54565]}},{"type":"Feature","properties":{"acq_date":"2026-07-27","acq_time":941,"confidence":"n","satellite":"N","instrument":"VIIRS","version":"2.0NRT","bright_ti4":311.23,"frp":2.71,"daynight":"N"},"geometry":{"type":"Point","coordinates":[-116.93436,42.54596]}},{"type":"Feature","properties":{"acq_date":"2026-07-27","acq_time":941,"confidence":"n","satellite":"N","instrument":"VIIRS","version":"2.0NRT","bright_ti4":316.83,"frp":2.19,"daynight":"N"},"geometry":{"type":"Point","coordinates":[-116.93985,42.54665]}},{"type":"Feature","properties":{"acq_date":"2026-07-27","acq_time":941,"confidence":"n","satellite":"N","instrument":"VIIRS","version":"2.0NRT","bright_ti4":301.39,"frp":1.76,"daynight":"N"},"geometry":{"type":"Point","coordinates":[-117.00208,42.54716]}},{"type":"Feature","properties":{"acq_date":"2026-07-27","acq_time":941,"confidence":"n","satellite":"N","instrument":"VIIRS","version":"2.0NRT","bright_ti4":316.16,"frp":2.19,"daynight":"N"},"geometry":{"type":"Point","coordinates":[-116.94538,42.54734]}},{"type":"Feature","properties":{"acq_date":"2026-07-27","acq_time":941,"confidence":"n","satellite":"N","instrument":"VIIRS","version":"2.0NRT","bright_ti4":351.2,"frp":4.92,"daynight":"N"},"geometry":{"type":"Point","coordinates":[-117.00753,42.54784]}},{"type":"Feature","properties":{"acq_date":"2026-07-27","acq_time":941,"confidence":"n","satellite":"N","instrument":"VIIRS","version":"2.0NRT","bright_ti4":329.47,"frp":3.54,"daynight":"N"},"geometry":{"type":"Point","coordinates":[-116.9509,42.54803]}},{"type":"Feature","properties":{"acq_date":"2026-07-27","acq_time":941,"confidence":"n","satellite":"N","instrument":"VIIRS","version":"2.0NRT","bright_ti4":310.46,"frp":2.03,"daynight":"N"},"geometry":{"type":"Point","coordinates":[-116.92276,42.54814]}},{"type":"Feature","properties":{"acq_date":"2026-07-27","acq_time":941,"confidence":"n","satellite":"N","instrument":"VIIRS","version":"2.0NRT","bright_ti4":339.16,"frp":4.92,"daynight":"N"},"geometry":{"type":"Point","coordinates":[-117.01299,42.54852]}},{"type":"Feature","properties":{"acq_date":"2026-07-27","acq_time":941,"confidence":"n","satellite":"N","instrument":"VIIRS","version":"2.0NRT","bright_ti4":329.63,"frp":3.54,"daynight":"N"},"geometry":{"type":"Point","coordinates":[-116.95644,42.54873]}},{"type":"Feature","properties":{"acq_date":"2026-07-27","acq_time":941,"confidence":"n","satellite":"N","instrument":"VIIRS","version":"2.0NRT","bright_ti4":321.05,"frp":2.6,"daynight":"N"},"geometry":{"type":"Point","coordinates":[-116.92819,42.54882]}},{"type":"Feature","properties":{"acq_date":"2026-07-27","acq_time":941,"confidence":"n","satellite":"N","instrument":"VIIRS","version":"2.0NRT","bright_ti4":327.82,"frp":3.69,"daynight":"N"},"geometry":{"type":"Point","coordinates":[-117.01846,42.5492]}},{"type":"Feature","properties":{"acq_date":"2026-07-27","acq_time":941,"confidence":"n","satellite":"N","instrument":"VIIRS","version":"2.0NRT","bright_ti4":313.38,"frp":2.6,"daynight":"N"},"geometry":{"type":"Point","coordinates":[-116.93363,42.54951]}},{"type":"Feature","properties":{"acq_date":"2026-07-27","acq_time":941,"confidence":"n","satellite":"N","instrument":"VIIRS","version":"2.0NRT","bright_ti4":306.92,"frp":1.42,"daynight":"N"},"geometry":{"type":"Point","coordinates":[-116.99584,42.55003]}},{"type":"Feature","properties":{"acq_date":"2026-07-27","acq_time":941,"confidence":"n","satellite":"N","instrument":"VIIRS","version":"2.0NRT","bright_ti4":316.71,"frp":2.81,"daynight":"N"},"geometry":{"type":"Point","coordinates":[-116.93913,42.5502]}},{"type":"Feature","properties":{"acq_date":"2026-07-27","acq_time":941,"confidence":"n","satellite":"N","instrument":"VIIRS","version":"2.0NRT","bright_ti4":317.51,"frp":1.42,"daynight":"N"},"geometry":{"type":"Point","coordinates":[-117.00127,42.5507]}},{"type":"Feature","properties":{"acq_date":"2026-07-27","acq_time":941,"confidence":"n","satellite":"N","instrument":"VIIRS","version":"2.0NRT","bright_ti4":320.96,"frp":2.81,"daynight":"N"},"geometry":{"type":"Point","coordinates":[-116.94467,42.55089]}},{"type":"Feature","properties":{"acq_date":"2026-07-27","acq_time":941,"confidence":"n","satellite":"N","instrument":"VIIRS","version":"2.0NRT","bright_ti4":317.92,"frp":1.85,"daynight":"N"},"geometry":{"type":"Point","coordinates":[-117.0349,42.55125]}},{"type":"Feature","properties":{"acq_date":"2026-07-27","acq_time":941,"confidence":"n","satellite":"N","instrument":"VIIRS","version":"2.0NRT","bright_ti4":333.81,"frp":6.92,"daynight":"N"},"geometry":{"type":"Point","coordinates":[-117.00673,42.55138]}},{"type":"Feature","properties":{"acq_date":"2026-07-27","acq_time":941,"confidence":"n","satellite":"N","instrument":"VIIRS","version":"2.0NRT","bright_ti4":346.26,"frp":4.76,"daynight":"N"},"geometry":{"type":"Point","coordinates":[-116.95019,42.55159]}},{"type":"Feature","properties":{"acq_date":"2026-07-27","acq_time":941,"confidence":"n","satellite":"N","instrument":"VIIRS","version":"2.0NRT","bright_ti4":319.16,"frp":2.03,"daynight":"N"},"geometry":{"type":"Point","coordinates":[-116.92204,42.55168]}},{"type":"Feature","properties":{"acq_date":"2026-07-27","acq_time":941,"confidence":"n","satellite":"N","instrument":"VIIRS","version":"2.0NRT","bright_ti4":319.05,"frp":2.33,"daynight":"N"},"geometry":{"type":"Point","coordinates":[-117.04037,42.55193]}},{"type":"Feature","properties":{"acq_date":"2026-07-27","acq_time":941,"confidence":"n","satellite":"N","instrument":"VIIRS","version":"2.0NRT","bright_ti4":351.38,"frp":6.92,"daynight":"N"},"geometry":{"type":"Point","coordinates":[-117.01218,42.55207]}},{"type":"Feature","properties":{"acq_date":"2026-07-27","acq_time":941,"confidence":"n","satellite":"N","instrument":"VIIRS","version":"2.0NRT","bright_ti4":331.03,"frp":4.76,"daynight":"N"},"geometry":{"type":"Point","coordinates":[-116.9557,42.55228]}},{"type":"Feature","properties":{"acq_date":"2026-07-27","acq_time":941,"confidence":"n","satellite":"N","instrument":"VIIRS","version":"2.0NRT","bright_ti4":323.22,"frp":2.6,"daynight":"N"},"geometry":{"type":"Point","coordinates":[-116.92746,42.55236]}},{"type":"Feature","properties":{"acq_date":"2026-07-27","acq_time":941,"confidence":"n","satellite":"N","instrument":"VIIRS","version":"2.0NRT","bright_ti4":308.85,"frp":2.33,"daynight":"N"},"geometry":{"type":"Point","coordinates":[-117.04584,42.55261]}},{"type":"Feature","properties":{"acq_date":"2026-07-27","acq_time":941,"confidence":"n","satellite":"N","instrument":"VIIRS","version":"2.0NRT","bright_ti4":310.34,"frp":2.71,"daynight":"N"},"geometry":{"type":"Point","coordinates":[-116.98957,42.55289]}},{"type":"Feature","properties":{"acq_date":"2026-07-27","acq_time":941,"confidence":"n","satellite":"N","instrument":"VIIRS","version":"2.0NRT","bright_ti4":322.87,"frp":2.6,"daynight":"N"},"geometry":{"type":"Point","coordinates":[-116.93291,42.55305]}},{"type":"Feature","properties":{"acq_date":"2026-07-27","acq_time":941,"confidence":"n","satellite":"N","instrument":"VIIRS","version":"2.0NRT","bright_ti4":300.95,"frp":1.09,"daynight":"N"},"geometry":{"type":"Point","coordinates":[-117.0513,42.55329]}},{"type":"Feature","properties":{"acq_date":"2026-07-27","acq_time":941,"confidence":"n","satellite":"N","instrument":"VIIRS","version":"2.0NRT","bright_ti4":305.18,"frp":1.42,"daynight":"N"},"geometry":{"type":"Point","coordinates":[-116.99502,42.55357]}},{"type":"Feature","properties":{"acq_date":"2026-07-27","acq_time":941,"confidence":"n","satellite":"N","instrument":"VIIRS","version":"2.0NRT","bright_ti4":314.55,"frp":2.81,"daynight":"N"},"geometry":{"type":"Point","coordinates":[-116.93839,42.55375]}},{"type":"Feature","properties":{"acq_date":"2026-07-27","acq_time":941,"confidence":"n","satellite":"N","instrument":"VIIRS","version":"2.0NRT","bright_ti4":298.02,"frp":1.09,"daynight":"N"},"geometry":{"type":"Point","coordinates":[-117.05676,42.55397]}},{"type":"Feature","properties":{"acq_date":"2026-07-27","acq_time":941,"confidence":"n","satellite":"N","instrument":"VIIRS","version":"2.0NRT","bright_ti4":308.36,"frp":1.42,"daynight":"N"},"geometry":{"type":"Point","coordinates":[-117.00047,42.55425]}},{"type":"Feature","properties":{"acq_date":"2026-07-27","acq_time":941,"confidence":"n","satellite":"N","instrument":"VIIRS","version":"2.0NRT","bright_ti4":339.95,"frp":2.81,"daynight":"N"},"geometry":{"type":"Point","coordinates":[-116.94392,42.55444]}},{"type":"Feature","properties":{"acq_date":"2026-07-27","acq_time":941,"confidence":"n","satellite":"N","instrument":"VIIRS","version":"2.0NRT","bright_ti4":323.31,"frp":4.76,"daynight":"N"},"geometry":{"type":"Point","coordinates":[-116.94943,42.55513]}},{"type":"Feature","properties":{"acq_date":"2026-07-27","acq_time":941,"confidence":"n","satellite":"N","instrument":"VIIRS","version":"2.0NRT","bright_ti4":321.89,"frp":2.31,"daynight":"N"},"geometry":{"type":"Point","coordinates":[-116.92128,42.55523]}},{"type":"Feature","properties":{"acq_date":"2026-07-27","acq_time":941,"confidence":"n","satellite":"N","instrument":"VIIRS","version":"2.0NRT","bright_ti4":321.89,"frp":3.77,"daynight":"N"},"geometry":{"type":"Point","coordinates":[-116.92672,42.55591]}},{"type":"Feature","properties":{"acq_date":"2026-07-27","acq_time":941,"confidence":"n","satellite":"N","instrument":"VIIRS","version":"2.0NRT","bright_ti4":333.02,"frp":3.19,"daynight":"N"},"geometry":{"type":"Point","coordinates":[-116.98874,42.55643]}},{"type":"Feature","properties":{"acq_date":"2026-07-27","acq_time":941,"confidence":"n","satellite":"N","instrument":"VIIRS","version":"2.0NRT","bright_ti4":311.56,"frp":2.32,"daynight":"N"},"geometry":{"type":"Point","coordinates":[-116.96038,42.55651]}},{"type":"Feature","properties":{"acq_date":"2026-07-27","acq_time":941,"confidence":"n","satellite":"N","instrument":"VIIRS","version":"2.0NRT","bright_ti4":315.01,"frp":2.32,"daynight":"N"},"geometry":{"type":"Point","coordinates":[-116.9942,42.55711]}},{"type":"Feature","properties":{"acq_date":"2026-07-27","acq_time":941,"confidence":"n","satellite":"N","instrument":"VIIRS","version":"2.0NRT","bright_ti4":306.52,"frp":1.83,"daynight":"N"},"geometry":{"type":"Point","coordinates":[-117.05605,42.55754]}},{"type":"Feature","properties":{"acq_date":"2026-07-27","acq_time":941,"confidence":"n","satellite":"N","instrument":"VIIRS","version":"2.0NRT","bright_ti4":341.03,"frp":3.91,"daynight":"N"},"geometry":{"type":"Point","coordinates":[-116.94312,42.55798]}},{"type":"Feature","properties":{"acq_date":"2026-07-27","acq_time":941,"confidence":"n","satellite":"N","instrument":"VIIRS","version":"2.0NRT","bright_ti4":319,"frp":1.91,"daynight":"N"},"geometry":{"type":"Point","coordinates":[-116.9486,42.55867]}},{"type":"Feature","properties":{"acq_date":"2026-07-27","acq_time":941,"confidence":"n","satellite":"N","instrument":"VIIRS","version":"2.0NRT","bright_ti4":297.83,"frp":1.06,"daynight":"N"},"geometry":{"type":"Point","coordinates":[-117.09537,42.55877]}},{"type":"Feature","properties":{"acq_date":"2026-07-27","acq_time":941,"confidence":"n","satellite":"N","instrument":"VIIRS","version":"2.0NRT","bright_ti4":306.91,"frp":2.31,"daynight":"N"},"geometry":{"type":"Point","coordinates":[-116.92056,42.55877]}},{"type":"Feature","properties":{"acq_date":"2026-07-27","acq_time":941,"confidence":"n","satellite":"N","instrument":"VIIRS","version":"2.0NRT","bright_ti4":307.22,"frp":1.91,"daynight":"N"},"geometry":{"type":"Point","coordinates":[-116.95406,42.55936]}},{"type":"Feature","properties":{"acq_date":"2026-07-27","acq_time":941,"confidence":"n","satellite":"N","instrument":"VIIRS","version":"2.0NRT","bright_ti4":313.18,"frp":3.19,"daynight":"N"},"geometry":{"type":"Point","coordinates":[-116.9879,42.55997]}},{"type":"Feature","properties":{"acq_date":"2026-07-27","acq_time":941,"confidence":"n","satellite":"N","instrument":"VIIRS","version":"2.0NRT","bright_ti4":315.46,"frp":2.29,"daynight":"N"},"geometry":{"type":"Point","coordinates":[-116.9595,42.56005]}},{"type":"Feature","properties":{"acq_date":"2026-07-27","acq_time":941,"confidence":"n","satellite":"N","instrument":"VIIRS","version":"2.0NRT","bright_ti4":304.03,"frp":2.32,"daynight":"N"},"geometry":{"type":"Point","coordinates":[-116.99334,42.56065]}},{"type":"Feature","properties":{"acq_date":"2026-07-27","acq_time":941,"confidence":"n","satellite":"N","instrument":"VIIRS","version":"2.0NRT","bright_ti4":320.07,"frp":3.91,"daynight":"N"},"geometry":{"type":"Point","coordinates":[-116.93683,42.56083]}},{"type":"Feature","properties":{"acq_date":"2026-07-27","acq_time":941,"confidence":"n","satellite":"N","instrument":"VIIRS","version":"2.0NRT","bright_ti4":305.49,"frp":1.83,"daynight":"N"},"geometry":{"type":"Point","coordinates":[-117.05536,42.5611]}},{"type":"Feature","properties":{"acq_date":"2026-07-27","acq_time":941,"confidence":"n","satellite":"N","instrument":"VIIRS","version":"2.0NRT","bright_ti4":304.65,"frp":3.58,"daynight":"N"},"geometry":{"type":"Point","coordinates":[-116.97044,42.56142]}},{"type":"Feature","properties":{"acq_date":"2026-07-27","acq_time":941,"confidence":"n","satellite":"N","instrument":"VIIRS","version":"2.0NRT","bright_ti4":329.26,"frp":3.91,"daynight":"N"},"geometry":{"type":"Point","coordinates":[-116.94231,42.56152]}},{"type":"Feature","properties":{"acq_date":"2026-07-27","acq_time":941,"confidence":"n","satellite":"N","instrument":"VIIRS","version":"2.0NRT","bright_ti4":311.28,"frp":1.52,"daynight":"N"},"geometry":{"type":"Point","coordinates":[-116.91434,42.56162]}},{"type":"Feature","properties":{"acq_date":"2026-07-27","acq_time":941,"confidence":"n","satellite":"N","instrument":"VIIRS","version":"2.0NRT","bright_ti4":310.16,"frp":1.77,"daynight":"N"},"geometry":{"type":"Point","coordinates":[-117.08925,42.56166]}},{"type":"Feature","properties":{"acq_date":"2026-07-27","acq_time":941,"confidence":"n","satellite":"N","instrument":"VIIRS","version":"2.0NRT","bright_ti4":302.93,"frp":1.19,"daynight":"N"},"geometry":{"type":"Point","coordinates":[-117.06089,42.56179]}},{"type":"Feature","properties":{"acq_date":"2026-07-27","acq_time":941,"confidence":"n","satellite":"N","instrument":"VIIRS","version":"2.0NRT","bright_ti4":315.2,"frp":1.91,"daynight":"N"},"geometry":{"type":"Point","coordinates":[-116.94777,42.5622]}},{"type":"Feature","properties":{"acq_date":"2026-07-27","acq_time":941,"confidence":"n","satellite":"N","instrument":"VIIRS","version":"2.0NRT","bright_ti4":303.86,"frp":1.52,"daynight":"N"},"geometry":{"type":"Point","coordinates":[-116.91982,42.56232]}},{"type":"Feature","properties":{"acq_date":"2026-07-27","acq_time":941,"confidence":"n","satellite":"N","instrument":"VIIRS","version":"2.0NRT","bright_ti4":303.8,"frp":1.19,"daynight":"N"},"geometry":{"type":"Point","coordinates":[-117.06638,42.56248]}},{"type":"Feature","properties":{"acq_date":"2026-07-27","acq_time":941,"confidence":"n","satellite":"N","instrument":"VIIRS","version":"2.0NRT","bright_ti4":309.16,"frp":1.91,"daynight":"N"},"geometry":{"type":"Point","coordinates":[-116.95321,42.56289]}},{"type":"Feature","properties":{"acq_date":"2026-07-27","acq_time":941,"confidence":"n","satellite":"N","instrument":"VIIRS","version":"2.0NRT","bright_ti4":340.75,"frp":2.69,"daynight":"N"},"geometry":{"type":"Point","coordinates":[-116.92522,42.563]}},{"type":"Feature","properties":{"acq_date":"2026-07-27","acq_time":941,"confidence":"n","satellite":"N","instrument":"VIIRS","version":"2.0NRT","bright_ti4":321.22,"frp":1.83,"daynight":"N"},"geometry":{"type":"Point","coordinates":[-116.89722,42.56309]}},{"type":"Feature","properties":{"acq_date":"2026-07-27","acq_time":941,"confidence":"n","satellite":"N","instrument":"VIIRS","version":"2.0NRT","bright_ti4":304.61,"frp":1.09,"daynight":"N"},"geometry":{"type":"Point","coordinates":[-117.04352,42.56328]}},{"type":"Feature","properties":{"acq_date":"2026-07-27","acq_time":941,"confidence":"n","satellite":"N","instrument":"VIIRS","version":"2.0NRT","bright_ti4":316.71,"frp":2.29,"daynight":"N"},"geometry":{"type":"Point","coordinates":[-116.95864,42.56358]}},{"type":"Feature","properties":{"acq_date":"2026-07-27","acq_time":941,"confidence":"n","satellite":"N","instrument":"VIIRS","version":"2.0NRT","bright_ti4":308.52,"frp":2.69,"daynight":"N"},"geometry":{"type":"Point","coordinates":[-116.93063,42.56368]}},{"type":"Feature","properties":{"acq_date":"2026-07-27","acq_time":941,"confidence":"n","satellite":"N","instrument":"VIIRS","version":"2.0NRT","bright_ti4":321.22,"frp":3.42,"daynight":"N"},"geometry":{"type":"Point","coordinates":[-116.90266,42.56378]}},{"type":"Feature","properties":{"acq_date":"2026-07-27","acq_time":941,"confidence":"n","satellite":"N","instrument":"VIIRS","version":"2.0NRT","bright_ti4":309.58,"frp":1.36,"daynight":"N"},"geometry":{"type":"Point","coordinates":[-117.04903,42.56397]}},{"type":"Feature","properties":{"acq_date":"2026-07-27","acq_time":941,"confidence":"n","satellite":"N","instrument":"VIIRS","version":"2.0NRT","bright_ti4":313.71,"frp":2.26,"daynight":"N"},"geometry":{"type":"Point","coordinates":[-116.93607,42.56437]}},{"type":"Feature","properties":{"acq_date":"2026-07-27","acq_time":941,"confidence":"n","satellite":"N","instrument":"VIIRS","version":"2.0NRT","bright_ti4":319.64,"frp":3.42,"daynight":"N"},"geometry":{"type":"Point","coordinates":[-116.90813,42.56447]}},{"type":"Feature","properties":{"acq_date":"2026-07-27","acq_time":941,"confidence":"n","satellite":"N","instrument":"VIIRS","version":"2.0NRT","bright_ti4":305.45,"frp":1.36,"daynight":"N"},"geometry":{"type":"Point","coordinates":[-117.0545,42.56465]}},{"type":"Feature","properties":{"acq_date":"2026-07-27","acq_time":941,"confidence":"n","satellite":"N","instrument":"VIIRS","version":"2.0NRT","bright_ti4":305.57,"frp":0.89,"daynight":"N"},"geometry":{"type":"Point","coordinates":[-116.90232,42.5648]}},{"type":"Feature","properties":{"acq_date":"2026-07-27","acq_time":941,"confidence":"n","satellite":"N","instrument":"VIIRS","version":"2.0NRT","bright_ti4":311.16,"frp":2.26,"daynight":"N"},"geometry":{"type":"Point","coordinates":[-116.94151,42.56506]}},{"type":"Feature","properties":{"acq_date":"2026-07-27","acq_time":941,"confidence":"n","satellite":"N","instrument":"VIIRS","version":"2.0NRT","bright_ti4":304.72,"frp":1.52,"daynight":"N"},"geometry":{"type":"Point","coordinates":[-116.91357,42.56516]}},{"type":"Feature","properties":{"acq_date":"2026-07-27","acq_time":941,"confidence":"n","satellite":"N","instrument":"VIIRS","version":"2.0NRT","bright_ti4":303.67,"frp":1.77,"daynight":"N"},"geometry":{"type":"Point","coordinates":[-117.0884,42.56522]}},{"type":"Feature","properties":{"acq_date":"2026-07-27","acq_time":941,"confidence":"n","satellite":"N","instrument":"VIIRS","version":"2.0NRT","bright_ti4":303.28,"frp":1.7,"daynight":"N"},"geometry":{"type":"Point","coordinates":[-117.05999,42.56533]}},{"type":"Feature","properties":{"acq_date":"2026-07-27","acq_time":941,"confidence":"n","satellite":"N","instrument":"VIIRS","version":"2.0NRT","bright_ti4":311.59,"frp":1.54,"daynight":"N"},"geometry":{"type":"Point","coordinates":[-117.03162,42.56544]}},{"type":"Feature","properties":{"acq_date":"2026-07-27","acq_time":941,"confidence":"n","satellite":"N","instrument":"VIIRS","version":"2.0NRT","bright_ti4":306.01,"frp":1.26,"daynight":"N"},"geometry":{"type":"Point","coordinates":[-116.90778,42.56547]}},{"type":"Feature","properties":{"acq_date":"2026-07-27","acq_time":941,"confidence":"n","satellite":"N","instrument":"VIIRS","version":"2.0NRT","bright_ti4":343.24,"frp":3.58,"daynight":"N"},"geometry":{"type":"Point","coordinates":[-116.97509,42.56565]}},{"type":"Feature","properties":{"acq_date":"2026-07-27","acq_time":941,"confidence":"n","satellite":"N","instrument":"VIIRS","version":"2.0NRT","bright_ti4":309.37,"frp":1.78,"daynight":"N"},"geometry":{"type":"Point","coordinates":[-116.94695,42.56575]}},{"type":"Feature","properties":{"acq_date":"2026-07-27","acq_time":941,"confidence":"n","satellite":"N","instrument":"VIIRS","version":"2.0NRT","bright_ti4":298.15,"frp":1.09,"daynight":"N"},"geometry":{"type":"Point","coordinates":[-117.03709,42.56613]}},{"type":"Feature","properties":{"acq_date":"2026-07-27","acq_time":941,"confidence":"n","satellite":"N","instrument":"VIIRS","version":"2.0NRT","bright_ti4":313.71,"frp":1.78,"daynight":"N"},"geometry":{"type":"Point","coordinates":[-116.95237,42.56643]}},{"type":"Feature","properties":{"acq_date":"2026-07-27","acq_time":941,"confidence":"n","satellite":"N","instrument":"VIIRS","version":"2.0NRT","bright_ti4":320.76,"frp":2.69,"daynight":"N"},"geometry":{"type":"Point","coordinates":[-116.92444,42.56654]}},{"type":"Feature","properties":{"acq_date":"2026-07-27","acq_time":941,"confidence":"n","satellite":"N","instrument":"VIIRS","version":"2.0NRT","bright_ti4":307.49,"frp":1.09,"daynight":"N"},"geometry":{"type":"Point","coordinates":[-117.04263,42.56682]}},{"type":"Feature","properties":{"acq_date":"2026-07-27","acq_time":941,"confidence":"n","satellite":"N","instrument":"VIIRS","version":"2.0NRT","bright_ti4":300.85,"frp":1.21,"daynight":"N"},"geometry":{"type":"Point","coordinates":[-117.0144,42.56694]}},{"type":"Feature","properties":{"acq_date":"2026-07-27","acq_time":941,"confidence":"n","satellite":"N","instrument":"VIIRS","version":"2.0NRT","bright_ti4":321.89,"frp":2.55,"daynight":"N"},"geometry":{"type":"Point","coordinates":[-116.95778,42.56711]}},{"type":"Feature","properties":{"acq_date":"2026-07-27","acq_time":941,"confidence":"n","satellite":"N","instrument":"VIIRS","version":"2.0NRT","bright_ti4":310.86,"frp":2.69,"daynight":"N"},"geometry":{"type":"Point","coordinates":[-116.92986,42.56723]}},{"type":"Feature","properties":{"acq_date":"2026-07-27","acq_time":941,"confidence":"n","satellite":"N","instrument":"VIIRS","version":"2.0NRT","bright_ti4":302.74,"frp":1.21,"daynight":"N"},"geometry":{"type":"Point","coordinates":[-116.92413,42.56747]}},{"type":"Feature","properties":{"acq_date":"2026-07-27","acq_time":941,"confidence":"n","satellite":"N","instrument":"VIIRS","version":"2.0NRT","bright_ti4":311.1,"frp":1.21,"daynight":"N"},"geometry":{"type":"Point","coordinates":[-117.01987,42.56763]}},{"type":"Feature","properties":{"acq_date":"2026-07-27","acq_time":941,"confidence":"n","satellite":"N","instrument":"VIIRS","version":"2.0NRT","bright_ti4":326.02,"frp":2.26,"daynight":"N"},"geometry":{"type":"Point","coordinates":[-116.9353,42.56791]}},{"type":"Feature","properties":{"acq_date":"2026-07-27","acq_time":941,"confidence":"n","satellite":"N","instrument":"VIIRS","version":"2.0NRT","bright_ti4":318.97,"frp":2.24,"daynight":"N"},"geometry":{"type":"Point","coordinates":[-116.92957,42.56814]}},{"type":"Feature","properties":{"acq_date":"2026-07-27","acq_time":941,"confidence":"n","satellite":"N","instrument":"VIIRS","version":"2.0NRT","bright_ti4":314.5,"frp":1.45,"daynight":"N"},"geometry":{"type":"Point","coordinates":[-117.02532,42.56831]}},{"type":"Feature","properties":{"acq_date":"2026-07-27","acq_time":941,"confidence":"n","satellite":"N","instrument":"VIIRS","version":"2.0NRT","bright_ti4":322.77,"frp":2.26,"daynight":"N"},"geometry":{"type":"Point","coordinates":[-116.94073,42.5686]}},{"type":"Feature","properties":{"acq_date":"2026-07-27","acq_time":941,"confidence":"n","satellite":"N","instrument":"VIIRS","version":"2.0NRT","bright_ti4":303.66,"frp":1.56,"daynight":"N"},"geometry":{"type":"Point","coordinates":[-117.0874,42.56875]}},{"type":"Feature","properties":{"acq_date":"2026-07-27","acq_time":941,"confidence":"n","satellite":"N","instrument":"VIIRS","version":"2.0NRT","bright_ti4":324.66,"frp":2.24,"daynight":"N"},"geometry":{"type":"Point","coordinates":[-116.93501,42.56881]}},{"type":"Feature","properties":{"acq_date":"2026-07-27","acq_time":941,"confidence":"n","satellite":"N","instrument":"VIIRS","version":"2.0NRT","bright_ti4":302.95,"frp":1.45,"daynight":"N"},"geometry":{"type":"Point","coordinates":[-117.03078,42.56899]}},{"type":"Feature","properties":{"acq_date":"2026-07-27","acq_time":941,"confidence":"n","satellite":"N","instrument":"VIIRS","version":"2.0NRT","bright_ti4":318.45,"frp":1.78,"daynight":"N"},"geometry":{"type":"Point","coordinates":[-116.94614,42.56928]}},{"type":"Feature","properties":{"acq_date":"2026-07-27","acq_time":941,"confidence":"n","satellite":"N","instrument":"VIIRS","version":"2.0NRT","bright_ti4":319.78,"frp":2.01,"daynight":"N"},"geometry":{"type":"Point","coordinates":[-116.94044,42.56947]}},{"type":"Feature","properties":{"acq_date":"2026-07-27","acq_time":941,"confidence":"n","satellite":"N","instrument":"VIIRS","version":"2.0NRT","bright_ti4":303.71,"frp":1.4,"daynight":"N"},"geometry":{"type":"Point","coordinates":[-117.03626,42.56968]}},{"type":"Feature","properties":{"acq_date":"2026-07-27","acq_time":941,"confidence":"n","satellite":"N","instrument":"VIIRS","version":"2.0NRT","bright_ti4":309.73,"frp":1.78,"daynight":"N"},"geometry":{"type":"Point","coordinates":[-116.95152,42.56996]}},{"type":"Feature","properties":{"acq_date":"2026-07-27","acq_time":941,"confidence":"n","satellite":"N","instrument":"VIIRS","version":"2.0NRT","bright_ti4":305.31,"frp":1.98,"daynight":"N"},"geometry":{"type":"Point","coordinates":[-116.92363,42.57008]}},{"type":"Feature","properties":{"acq_date":"2026-07-27","acq_time":941,"confidence":"n","satellite":"N","instrument":"VIIRS","version":"2.0NRT","bright_ti4":319.23,"frp":2.01,"daynight":"N"},"geometry":{"type":"Point","coordinates":[-116.94585,42.57013]}},{"type":"Feature","properties":{"acq_date":"2026-07-27","acq_time":941,"confidence":"n","satellite":"N","instrument":"VIIRS","version":"2.0NRT","bright_ti4":304.45,"frp":1.21,"daynight":"N"},"geometry":{"type":"Point","coordinates":[-117.01361,42.57049]}},{"type":"Feature","properties":{"acq_date":"2026-07-27","acq_time":941,"confidence":"n","satellite":"N","instrument":"VIIRS","version":"2.0NRT","bright_ti4":308.45,"frp":2.55,"daynight":"N"},"geometry":{"type":"Point","coordinates":[-116.95693,42.57065]}},{"type":"Feature","properties":{"acq_date":"2026-07-27","acq_time":941,"confidence":"n","satellite":"N","instrument":"VIIRS","version":"2.0NRT","bright_ti4":321.79,"frp":1.98,"daynight":"N"},"geometry":{"type":"Point","coordinates":[-116.92908,42.57076]}},{"type":"Feature","properties":{"acq_date":"2026-07-27","acq_time":941,"confidence":"n","satellite":"N","instrument":"VIIRS","version":"2.0NRT","bright_ti4":317.38,"frp":2.38,"daynight":"N"},"geometry":{"type":"Point","coordinates":[-116.95126,42.5708]}},{"type":"Feature","properties":{"acq_date":"2026-07-27","acq_time":941,"confidence":"n","satellite":"N","instrument":"VIIRS","version":"2.0NRT","bright_ti4":319.32,"frp":2.12,"daynight":"N"},"geometry":{"type":"Point","coordinates":[-116.93452,42.57145]}},{"type":"Feature","properties":{"acq_date":"2026-07-27","acq_time":941,"confidence":"n","satellite":"N","instrument":"VIIRS","version":"2.0NRT","bright_ti4":307.75,"frp":2.38,"daynight":"N"},"geometry":{"type":"Point","coordinates":[-116.95667,42.57146]}},{"type":"Feature","properties":{"acq_date":"2026-07-27","acq_time":941,"confidence":"n","satellite":"N","instrument":"VIIRS","version":"2.0NRT","bright_ti4":311.31,"frp":2.24,"daynight":"N"},"geometry":{"type":"Point","coordinates":[-116.92878,42.57168]}},{"type":"Feature","properties":{"acq_date":"2026-07-27","acq_time":941,"confidence":"n","satellite":"N","instrument":"VIIRS","version":"2.0NRT","bright_ti4":319.09,"frp":2.12,"daynight":"N"},"geometry":{"type":"Point","coordinates":[-116.93991,42.57214]}},{"type":"Feature","properties":{"acq_date":"2026-07-27","acq_time":941,"confidence":"n","satellite":"N","instrument":"VIIRS","version":"2.0NRT","bright_ti4":315.76,"frp":2.24,"daynight":"N"},"geometry":{"type":"Point","coordinates":[-116.93422,42.57235]}},{"type":"Feature","properties":{"acq_date":"2026-07-27","acq_time":941,"confidence":"n","satellite":"N","instrument":"VIIRS","version":"2.0NRT","bright_ti4":307.68,"frp":2.18,"daynight":"N"},"geometry":{"type":"Point","coordinates":[-116.9453,42.57282]}},{"type":"Feature","properties":{"acq_date":"2026-07-27","acq_time":941,"confidence":"n","satellite":"N","instrument":"VIIRS","version":"2.0NRT","bright_ti4":318.23,"frp":2.01,"daynight":"N"},"geometry":{"type":"Point","coordinates":[-116.93961,42.57301]}},{"type":"Feature","properties":{"acq_date":"2026-07-27","acq_time":941,"confidence":"n","satellite":"N","instrument":"VIIRS","version":"2.0NRT","bright_ti4":304.14,"frp":1.42,"daynight":"N"},"geometry":{"type":"Point","coordinates":[-117.00729,42.57335]}},{"type":"Feature","properties":{"acq_date":"2026-07-27","acq_time":941,"confidence":"n","satellite":"N","instrument":"VIIRS","version":"2.0NRT","bright_ti4":311.89,"frp":2.18,"daynight":"N"},"geometry":{"type":"Point","coordinates":[-116.95069,42.5735]}},{"type":"Feature","properties":{"acq_date":"2026-07-27","acq_time":941,"confidence":"n","satellite":"N","instrument":"VIIRS","version":"2.0NRT","bright_ti4":304.96,"frp":2.01,"daynight":"N"},"geometry":{"type":"Point","coordinates":[-116.94501,42.57367]}},{"type":"Feature","properties":{"acq_date":"2026-07-27","acq_time":941,"confidence":"n","satellite":"N","instrument":"VIIRS","version":"2.0NRT","bright_ti4":304.48,"frp":2.24,"daynight":"N"},"geometry":{"type":"Point","coordinates":[-116.9561,42.57418]}},{"type":"Feature","properties":{"acq_date":"2026-07-27","acq_time":941,"confidence":"n","satellite":"N","instrument":"VIIRS","version":"2.0NRT","bright_ti4":312.8,"frp":1.98,"daynight":"N"},"geometry":{"type":"Point","coordinates":[-116.92825,42.5743]}},{"type":"Feature","properties":{"acq_date":"2026-07-27","acq_time":941,"confidence":"n","satellite":"N","instrument":"VIIRS","version":"2.0NRT","bright_ti4":314.91,"frp":2.12,"daynight":"N"},"geometry":{"type":"Point","coordinates":[-116.93367,42.57498]}},{"type":"Feature","properties":{"acq_date":"2026-07-27","acq_time":941,"confidence":"n","satellite":"N","instrument":"VIIRS","version":"2.0NRT","bright_ti4":312.54,"frp":1.62,"daynight":"N"},"geometry":{"type":"Point","coordinates":[-116.92793,42.57521]}},{"type":"Feature","properties":{"acq_date":"2026-07-27","acq_time":941,"confidence":"n","satellite":"N","instrument":"VIIRS","version":"2.0NRT","bright_ti4":314.17,"frp":2.12,"daynight":"N"},"geometry":{"type":"Point","coordinates":[-116.93906,42.57567]}},{"type":"Feature","properties":{"acq_date":"2026-07-27","acq_time":941,"confidence":"n","satellite":"N","instrument":"VIIRS","version":"2.0NRT","bright_ti4":311.68,"frp":1.62,"daynight":"N"},"geometry":{"type":"Point","coordinates":[-116.93336,42.57588]}},{"type":"Feature","properties":{"acq_date":"2026-07-27","acq_time":941,"confidence":"n","satellite":"N","instrument":"VIIRS","version":"2.0NRT","bright_ti4":303.16,"frp":1.18,"daynight":"N"},"geometry":{"type":"Point","coordinates":[-116.9053,42.57607]}},{"type":"Feature","properties":{"acq_date":"2026-07-27","acq_time":941,"confidence":"n","satellite":"N","instrument":"VIIRS","version":"2.0NRT","bright_ti4":308.37,"frp":3.92,"daynight":"N"},"geometry":{"type":"Point","coordinates":[-116.93877,42.57655]}},{"type":"Feature","properties":{"acq_date":"2026-07-27","acq_time":941,"confidence":"n","satellite":"N","instrument":"VIIRS","version":"2.0NRT","bright_ti4":307.32,"frp":1.18,"daynight":"N"},"geometry":{"type":"Point","coordinates":[-116.91075,42.57674]}},{"type":"Feature","properties":{"acq_date":"2026-07-27","acq_time":941,"confidence":"n","satellite":"N","instrument":"VIIRS","version":"2.0NRT","bright_ti4":309.12,"frp":2.57,"daynight":"N"},"geometry":{"type":"Point","coordinates":[-116.92165,42.57808]}},{"type":"Feature","properties":{"acq_date":"2026-07-27","acq_time":941,"confidence":"n","satellite":"N","instrument":"VIIRS","version":"2.0NRT","bright_ti4":314.54,"frp":1.62,"daynight":"N"},"geometry":{"type":"Point","coordinates":[-116.9271,42.57875]}},{"type":"Feature","properties":{"acq_date":"2026-07-27","acq_time":941,"confidence":"n","satellite":"N","instrument":"VIIRS","version":"2.0NRT","bright_ti4":306.1,"frp":2.95,"daynight":"N"},"geometry":{"type":"Point","coordinates":[-116.89914,42.57895]}},{"type":"Feature","properties":{"acq_date":"2026-07-27","acq_time":941,"confidence":"n","satellite":"N","instrument":"VIIRS","version":"2.0NRT","bright_ti4":306.43,"frp":1.62,"daynight":"N"},"geometry":{"type":"Point","coordinates":[-116.93254,42.57942]}},{"type":"Feature","properties":{"acq_date":"2026-07-27","acq_time":941,"confidence":"n","satellite":"N","instrument":"VIIRS","version":"2.0NRT","bright_ti4":313.6,"frp":2.88,"daynight":"N"},"geometry":{"type":"Point","coordinates":[-116.90451,42.57961]}},{"type":"Feature","properties":{"acq_date":"2026-07-27","acq_time":941,"confidence":"n","satellite":"N","instrument":"VIIRS","version":"2.0NRT","bright_ti4":314.89,"frp":2.88,"daynight":"N"},"geometry":{"type":"Point","coordinates":[-116.90994,42.58028]}},{"type":"Feature","properties":{"acq_date":"2026-07-27","acq_time":941,"confidence":"n","satellite":"N","instrument":"VIIRS","version":"2.0NRT","bright_ti4":317.34,"frp":4.28,"daynight":"N"},"geometry":{"type":"Point","coordinates":[-116.92083,42.58162]}},{"type":"Feature","properties":{"acq_date":"2026-07-27","acq_time":941,"confidence":"n","satellite":"N","instrument":"VIIRS","version":"2.0NRT","bright_ti4":305.51,"frp":2.95,"daynight":"N"},"geometry":{"type":"Point","coordinates":[-116.89295,42.58181]}},{"type":"Feature","properties":{"acq_date":"2026-07-27","acq_time":941,"confidence":"n","satellite":"N","instrument":"VIIRS","version":"2.0NRT","bright_ti4":311.24,"frp":2.94,"daynight":"N"},"geometry":{"type":"Point","coordinates":[-116.92627,42.58229]}},{"type":"Feature","properties":{"acq_date":"2026-07-27","acq_time":941,"confidence":"n","satellite":"N","instrument":"VIIRS","version":"2.0NRT","bright_ti4":340.13,"frp":2.95,"daynight":"N"},"geometry":{"type":"Point","coordinates":[-116.89838,42.58249]}},{"type":"Feature","properties":{"acq_date":"2026-07-27","acq_time":941,"confidence":"n","satellite":"N","instrument":"VIIRS","version":"2.0NRT","bright_ti4":330.09,"frp":2.88,"daynight":"N"},"geometry":{"type":"Point","coordinates":[-116.90379,42.58316]}},{"type":"Feature","properties":{"acq_date":"2026-07-27","acq_time":941,"confidence":"n","satellite":"N","instrument":"VIIRS","version":"2.0NRT","bright_ti4":328.53,"frp":2.88,"daynight":"N"},"geometry":{"type":"Point","coordinates":[-116.90922,42.58382]}},{"type":"Feature","properties":{"acq_date":"2026-07-27","acq_time":941,"confidence":"n","satellite":"N","instrument":"VIIRS","version":"2.0NRT","bright_ti4":306.98,"frp":2.56,"daynight":"N"},"geometry":{"type":"Point","coordinates":[-116.9426,42.58429]}},{"type":"Feature","properties":{"acq_date":"2026-07-27","acq_time":941,"confidence":"n","satellite":"N","instrument":"VIIRS","version":"2.0NRT","bright_ti4":345.88,"frp":5.65,"daynight":"N"},"geometry":{"type":"Point","coordinates":[-116.89764,42.58603]}},{"type":"Feature","properties":{"acq_date":"2026-07-27","acq_time":941,"confidence":"n","satellite":"N","instrument":"VIIRS","version":"2.0NRT","bright_ti4":348.04,"frp":5.24,"daynight":"N"},"geometry":{"type":"Point","coordinates":[-116.90308,42.5867]}},{"type":"Feature","properties":{"acq_date":"2026-07-27","acq_time":941,"confidence":"n","satellite":"N","instrument":"VIIRS","version":"2.0NRT","bright_ti4":328.17,"frp":5.24,"daynight":"N"},"geometry":{"type":"Point","coordinates":[-116.90849,42.58737]}},{"type":"Feature","properties":{"acq_date":"2026-07-27","acq_time":941,"confidence":"n","satellite":"N","instrument":"VIIRS","version":"2.0NRT","bright_ti4":316.69,"frp":2.77,"daynight":"N"},"geometry":{"type":"Point","coordinates":[-116.9139,42.58804]}},{"type":"Feature","properties":{"acq_date":"2026-07-27","acq_time":941,"confidence":"n","satellite":"N","instrument":"VIIRS","version":"2.0NRT","bright_ti4":312.15,"frp":5.65,"daynight":"N"},"geometry":{"type":"Point","coordinates":[-116.89131,42.58888]}},{"type":"Feature","properties":{"acq_date":"2026-07-27","acq_time":941,"confidence":"n","satellite":"N","instrument":"VIIRS","version":"2.0NRT","bright_ti4":339.32,"frp":5.65,"daynight":"N"},"geometry":{"type":"Point","coordinates":[-116.89681,42.58956]}},{"type":"Feature","properties":{"acq_date":"2026-07-27","acq_time":941,"confidence":"n","satellite":"N","instrument":"VIIRS","version":"2.0NRT","bright_ti4":326.87,"frp":5.24,"daynight":"N"},"geometry":{"type":"Point","coordinates":[-116.90229,42.59024]}},{"type":"Feature","properties":{"acq_date":"2026-07-27","acq_time":941,"confidence":"n","satellite":"N","instrument":"VIIRS","version":"2.0NRT","bright_ti4":306.58,"frp":1.32,"daynight":"N"},"geometry":{"type":"Point","coordinates":[-116.99196,42.59034]}},{"type":"Feature","properties":{"acq_date":"2026-07-27","acq_time":941,"confidence":"n","satellite":"N","instrument":"VIIRS","version":"2.0NRT","bright_ti4":321.2,"frp":5.24,"daynight":"N"},"geometry":{"type":"Point","coordinates":[-116.90773,42.5909]}},{"type":"Feature","properties":{"acq_date":"2026-07-27","acq_time":941,"confidence":"n","satellite":"N","instrument":"VIIRS","version":"2.0NRT","bright_ti4":308.99,"frp":1.32,"daynight":"N"},"geometry":{"type":"Point","coordinates":[-116.99751,42.59101]}},{"type":"Feature","properties":{"acq_date":"2026-07-27","acq_time":941,"confidence":"n","satellite":"N","instrument":"VIIRS","version":"2.0NRT","bright_ti4":313.85,"frp":2.77,"daynight":"N"},"geometry":{"type":"Point","coordinates":[-116.91315,42.59158]}},{"type":"Feature","properties":{"acq_date":"2026-07-27","acq_time":941,"confidence":"n","satellite":"N","instrument":"VIIRS","version":"2.0NRT","bright_ti4":308.27,"frp":1.52,"daynight":"N"},"geometry":{"type":"Point","coordinates":[-116.89598,42.59309]}},{"type":"Feature","properties":{"acq_date":"2026-07-27","acq_time":941,"confidence":"n","satellite":"N","instrument":"VIIRS","version":"2.0NRT","bright_ti4":307.66,"frp":2.16,"daynight":"N"},"geometry":{"type":"Point","coordinates":[-116.98566,42.59321]}},{"type":"Feature","properties":{"acq_date":"2026-07-27","acq_time":941,"confidence":"n","satellite":"N","instrument":"VIIRS","version":"2.0NRT","bright_ti4":306.36,"frp":1.46,"daynight":"N"},"geometry":{"type":"Point","coordinates":[-116.95745,42.5934]}},{"type":"Feature","properties":{"acq_date":"2026-07-27","acq_time":941,"confidence":"n","satellite":"N","instrument":"VIIRS","version":"2.0NRT","bright_ti4":319.35,"frp":1.87,"daynight":"N"},"geometry":{"type":"Point","coordinates":[-116.90144,42.59377]}},{"type":"Feature","properties":{"acq_date":"2026-07-27","acq_time":941,"confidence":"n","satellite":"N","instrument":"VIIRS","version":"2.0NRT","bright_ti4":304.39,"frp":1.32,"daynight":"N"},"geometry":{"type":"Point","coordinates":[-116.99116,42.59388]}},{"type":"Feature","properties":{"acq_date":"2026-07-27","acq_time":941,"confidence":"n","satellite":"N","instrument":"VIIRS","version":"2.0NRT","bright_ti4":306.19,"frp":1.46,"daynight":"N"},"geometry":{"type":"Point","coordinates":[-116.96293,42.59407]}},{"type":"Feature","properties":{"acq_date":"2026-07-27","acq_time":941,"confidence":"n","satellite":"N","instrument":"VIIRS","version":"2.0NRT","bright_ti4":316.63,"frp":1.87,"daynight":"N"},"geometry":{"type":"Point","coordinates":[-116.90692,42.59445]}},{"type":"Feature","properties":{"acq_date":"2026-07-27","acq_time":941,"confidence":"n","satellite":"N","instrument":"VIIRS","version":"2.0NRT","bright_ti4":310.51,"frp":1.73,"daynight":"N"},"geometry":{"type":"Point","coordinates":[-116.91239,42.59512]}},{"type":"Feature","properties":{"acq_date":"2026-07-27","acq_time":941,"confidence":"n","satellite":"N","instrument":"VIIRS","version":"2.0NRT","bright_ti4":311.04,"frp":1.73,"daynight":"N"},"geometry":{"type":"Point","coordinates":[-116.91781,42.59579]}},{"type":"Feature","properties":{"acq_date":"2026-07-27","acq_time":941,"confidence":"n","satellite":"N","instrument":"VIIRS","version":"2.0NRT","bright_ti4":314.41,"frp":1.52,"daynight":"N"},"geometry":{"type":"Point","coordinates":[-116.88974,42.59595]}},{"type":"Feature","properties":{"acq_date":"2026-07-27","acq_time":941,"confidence":"n","satellite":"N","instrument":"VIIRS","version":"2.0NRT","bright_ti4":308.55,"frp":2.55,"daynight":"N"},"geometry":{"type":"Point","coordinates":[-116.92321,42.59646]}},{"type":"Feature","properties":{"acq_date":"2026-07-27","acq_time":941,"confidence":"n","satellite":"N","instrument":"VIIRS","version":"2.0NRT","bright_ti4":311.23,"frp":1.52,"daynight":"N"},"geometry":{"type":"Point","coordinates":[-116.89513,42.59662]}},{"type":"Feature","properties":{"acq_date":"2026-07-27","acq_time":941,"confidence":"n","satellite":"N","instrument":"VIIRS","version":"2.0NRT","bright_ti4":305.88,"frp":1.46,"daynight":"N"},"geometry":{"type":"Point","coordinates":[-116.95672,42.59695]}},{"type":"Feature","properties":{"acq_date":"2026-07-27","acq_time":941,"confidence":"n","satellite":"N","instrument":"VIIRS","version":"2.0NRT","bright_ti4":314.1,"frp":2.55,"daynight":"N"},"geometry":{"type":"Point","coordinates":[-116.9286,42.59712]}},{"type":"Feature","properties":{"acq_date":"2026-07-27","acq_time":941,"confidence":"n","satellite":"N","instrument":"VIIRS","version":"2.0NRT","bright_ti4":307.62,"frp":1.87,"daynight":"N"},"geometry":{"type":"Point","coordinates":[-116.90059,42.5973]}},{"type":"Feature","properties":{"acq_date":"2026-07-27","acq_time":941,"confidence":"n","satellite":"N","instrument":"VIIRS","version":"2.0NRT","bright_ti4":328.54,"frp":3.39,"daynight":"N"},"geometry":{"type":"Point","coordinates":[-116.87263,42.59747]}},{"type":"Feature","properties":{"acq_date":"2026-07-27","acq_time":941,"confidence":"n","satellite":"N","instrument":"VIIRS","version":"2.0NRT","bright_ti4":319.5,"frp":2.55,"daynight":"N"},"geometry":{"type":"Point","coordinates":[-116.93404,42.59779]}},{"type":"Feature","properties":{"acq_date":"2026-07-27","acq_time":941,"confidence":"n","satellite":"N","instrument":"VIIRS","version":"2.0NRT","bright_ti4":310.53,"frp":1.87,"daynight":"N"},"geometry":{"type":"Point","coordinates":[-116.90605,42.59797]}},{"type":"Feature","properties":{"acq_date":"2026-07-27","acq_time":941,"confidence":"n","satellite":"N","instrument":"VIIRS","version":"2.0NRT","bright_ti4":333.67,"frp":2.9,"daynight":"N"},"geometry":{"type":"Point","coordinates":[-116.87806,42.59813]}},{"type":"Feature","properties":{"acq_date":"2026-07-27","acq_time":941,"confidence":"n","satellite":"N","instrument":"VIIRS","version":"2.0NRT","bright_ti4":303.92,"frp":3.07,"daynight":"N"},"geometry":{"type":"Point","coordinates":[-116.96769,42.59829]}},{"type":"Feature","properties":{"acq_date":"2026-07-27","acq_time":941,"confidence":"n","satellite":"N","instrument":"VIIRS","version":"2.0NRT","bright_ti4":307.35,"frp":2.55,"daynight":"N"},"geometry":{"type":"Point","coordinates":[-116.93951,42.59847]}},{"type":"Feature","properties":{"acq_date":"2026-07-27","acq_time":941,"confidence":"n","satellite":"N","instrument":"VIIRS","version":"2.0NRT","bright_ti4":310.45,"frp":1.73,"daynight":"N"},"geometry":{"type":"Point","coordinates":[-116.91153,42.59865]}},{"type":"Feature","properties":{"acq_date":"2026-07-27","acq_time":941,"confidence":"n","satellite":"N","instrument":"VIIRS","version":"2.0NRT","bright_ti4":319.55,"frp":2.9,"daynight":"N"},"geometry":{"type":"Point","coordinates":[-116.88347,42.59881]}},{"type":"Feature","properties":{"acq_date":"2026-07-27","acq_time":941,"confidence":"n","satellite":"N","instrument":"VIIRS","version":"2.0NRT","bright_ti4":308.04,"frp":1.04,"daynight":"N"},"geometry":{"type":"Point","coordinates":[-116.88886,42.59948]}},{"type":"Feature","properties":{"acq_date":"2026-07-27","acq_time":941,"confidence":"n","satellite":"N","instrument":"VIIRS","version":"2.0NRT","bright_ti4":305.1,"frp":1.04,"daynight":"N"},"geometry":{"type":"Point","coordinates":[-116.89425,42.60015]}},{"type":"Feature","properties":{"acq_date":"2026-07-27","acq_time":941,"confidence":"n","satellite":"N","instrument":"VIIRS","version":"2.0NRT","bright_ti4":306.9,"frp":1.03,"daynight":"N"},"geometry":{"type":"Point","coordinates":[-116.89968,42.60082]}},{"type":"Feature","properties":{"acq_date":"2026-07-27","acq_time":941,"confidence":"n","satellite":"N","instrument":"VIIRS","version":"2.0NRT","bright_ti4":308.3,"frp":1.03,"daynight":"N"},"geometry":{"type":"Point","coordinates":[-116.90515,42.6015]}},{"type":"Feature","properties":{"acq_date":"2026-07-27","acq_time":941,"confidence":"n","satellite":"N","instrument":"VIIRS","version":"2.0NRT","bright_ti4":326.71,"frp":2.9,"daynight":"N"},"geometry":{"type":"Point","coordinates":[-116.87719,42.60166]}},{"type":"Feature","properties":{"acq_date":"2026-07-27","acq_time":941,"confidence":"n","satellite":"N","instrument":"VIIRS","version":"2.0NRT","bright_ti4":304.01,"frp":2.9,"daynight":"N"},"geometry":{"type":"Point","coordinates":[-116.88257,42.60233]}},{"type":"Feature","properties":{"acq_date":"2026-07-27","acq_time":941,"confidence":"n","satellite":"N","instrument":"VIIRS","version":"2.0NRT","bright_ti4":306.42,"frp":3.29,"daynight":"N"},"geometry":{"type":"Point","coordinates":[-116.94426,42.6027]}},{"type":"Feature","properties":{"acq_date":"2026-07-27","acq_time":941,"confidence":"n","satellite":"N","instrument":"VIIRS","version":"2.0NRT","bright_ti4":303.39,"frp":1.77,"daynight":"N"},"geometry":{"type":"Point","coordinates":[-116.91601,42.60284]}},{"type":"Feature","properties":{"acq_date":"2026-07-27","acq_time":941,"confidence":"n","satellite":"N","instrument":"VIIRS","version":"2.0NRT","bright_ti4":301.46,"frp":1.04,"daynight":"N"},"geometry":{"type":"Point","coordinates":[-116.88796,42.603]}},{"type":"Feature","properties":{"acq_date":"2026-07-27","acq_time":941,"confidence":"n","satellite":"N","instrument":"VIIRS","version":"2.0NRT","bright_ti4":306.97,"frp":1.04,"daynight":"N"},"geometry":{"type":"Point","coordinates":[-116.89339,42.60367]}},{"type":"Feature","properties":{"acq_date":"2026-07-27","acq_time":941,"confidence":"n","satellite":"N","instrument":"VIIRS","version":"2.0NRT","bright_ti4":301.9,"frp":1.03,"daynight":"N"},"geometry":{"type":"Point","coordinates":[-116.89881,42.60435]}},{"type":"Feature","properties":{"acq_date":"2026-07-27","acq_time":941,"confidence":"n","satellite":"N","instrument":"VIIRS","version":"2.0NRT","bright_ti4":301.61,"frp":1.03,"daynight":"N"},"geometry":{"type":"Point","coordinates":[-116.90429,42.60503]}},{"type":"Feature","properties":{"acq_date":"2026-07-27","acq_time":941,"confidence":"n","satellite":"N","instrument":"VIIRS","version":"2.0NRT","bright_ti4":314.67,"frp":1.35,"daynight":"N"},"geometry":{"type":"Point","coordinates":[-116.8763,42.60518]}},{"type":"Feature","properties":{"acq_date":"2026-07-27","acq_time":941,"confidence":"n","satellite":"N","instrument":"VIIRS","version":"2.0NRT","bright_ti4":304.64,"frp":1.77,"daynight":"N"},"geometry":{"type":"Point","coordinates":[-116.90975,42.6057]}},{"type":"Feature","properties":{"acq_date":"2026-07-27","acq_time":941,"confidence":"n","satellite":"N","instrument":"VIIRS","version":"2.0NRT","bright_ti4":305.46,"frp":1.35,"daynight":"N"},"geometry":{"type":"Point","coordinates":[-116.88168,42.60585]}},{"type":"Feature","properties":{"acq_date":"2026-07-27","acq_time":941,"confidence":"n","satellite":"N","instrument":"VIIRS","version":"2.0NRT","bright_ti4":314.13,"frp":1.38,"daynight":"N"},"geometry":{"type":"Point","coordinates":[-116.8871,42.60653]}},{"type":"Feature","properties":{"acq_date":"2026-07-27","acq_time":941,"confidence":"n","satellite":"N","instrument":"VIIRS","version":"2.0NRT","bright_ti4":309.9,"frp":1.38,"daynight":"N"},"geometry":{"type":"Point","coordinates":[-116.89254,42.6072]}},{"type":"Feature","properties":{"acq_date":"2026-07-27","acq_time":941,"confidence":"n","satellite":"N","instrument":"VIIRS","version":"2.0NRT","bright_ti4":301.18,"frp":0.93,"daynight":"N"},"geometry":{"type":"Point","coordinates":[-116.898,42.60788]}},{"type":"Feature","properties":{"acq_date":"2026-07-27","acq_time":941,"confidence":"n","satellite":"N","instrument":"VIIRS","version":"2.0NRT","bright_ti4":303.04,"frp":0.93,"daynight":"N"},"geometry":{"type":"Point","coordinates":[-116.90348,42.60856]}},{"type":"Feature","properties":{"acq_date":"2026-07-27","acq_time":941,"confidence":"n","satellite":"N","instrument":"VIIRS","version":"2.0NRT","bright_ti4":311.94,"frp":1.35,"daynight":"N"},"geometry":{"type":"Point","coordinates":[-116.8754,42.6087]}},{"type":"Feature","properties":{"acq_date":"2026-07-27","acq_time":941,"confidence":"n","satellite":"N","instrument":"VIIRS","version":"2.0NRT","bright_ti4":307.08,"frp":1.35,"daynight":"N"},"geometry":{"type":"Point","coordinates":[-116.88082,42.60938]}},{"type":"Feature","properties":{"acq_date":"2026-07-27","acq_time":941,"confidence":"n","satellite":"N","instrument":"VIIRS","version":"2.0NRT","bright_ti4":307.06,"frp":1.38,"daynight":"N"},"geometry":{"type":"Point","coordinates":[-116.88625,42.61006]}},{"type":"Feature","properties":{"acq_date":"2026-07-27","acq_time":941,"confidence":"n","satellite":"N","instrument":"VIIRS","version":"2.0NRT","bright_ti4":309.66,"frp":1.38,"daynight":"N"},"geometry":{"type":"Point","coordinates":[-116.89172,42.61074]}},{"type":"Feature","properties":{"acq_date":"2026-07-27","acq_time":941,"confidence":"n","satellite":"N","instrument":"VIIRS","version":"2.0NRT","bright_ti4":301.99,"frp":0.93,"daynight":"N"},"geometry":{"type":"Point","coordinates":[-116.89721,42.61142]}},{"type":"Feature","properties":{"acq_date":"2026-07-27","acq_time":941,"confidence":"n","satellite":"N","instrument":"VIIRS","version":"2.0NRT","bright_ti4":321.78,"frp":3.07,"daynight":"N"},"geometry":{"type":"Point","coordinates":[-116.8691,42.61155]}},{"type":"Feature","properties":{"acq_date":"2026-07-27","acq_time":941,"confidence":"n","satellite":"N","instrument":"VIIRS","version":"2.0NRT","bright_ti4":306.22,"frp":0.93,"daynight":"N"},"geometry":{"type":"Point","coordinates":[-116.9027,42.6121]}},{"type":"Feature","properties":{"acq_date":"2026-07-27","acq_time":941,"confidence":"n","satellite":"N","instrument":"VIIRS","version":"2.0NRT","bright_ti4":311.27,"frp":1.54,"daynight":"N"},"geometry":{"type":"Point","coordinates":[-116.8745,42.61222]}},{"type":"Feature","properties":{"acq_date":"2026-07-27","acq_time":941,"confidence":"n","satellite":"N","instrument":"VIIRS","version":"2.0NRT","bright_ti4":307.04,"frp":1.54,"daynight":"N"},"geometry":{"type":"Point","coordinates":[-116.87993,42.6129]}},{"type":"Feature","properties":{"acq_date":"2026-07-27","acq_time":941,"confidence":"n","satellite":"N","instrument":"VIIRS","version":"2.0NRT","bright_ti4":314.32,"frp":1.58,"daynight":"N"},"geometry":{"type":"Point","coordinates":[-116.88541,42.61358]}},{"type":"Feature","properties":{"acq_date":"2026-07-27","acq_time":941,"confidence":"n","satellite":"N","instrument":"VIIRS","version":"2.0NRT","bright_ti4":310.47,"frp":1.58,"daynight":"N"},"geometry":{"type":"Point","coordinates":[-116.89088,42.61427]}},{"type":"Feature","properties":{"acq_date":"2026-07-27","acq_time":941,"confidence":"n","satellite":"N","instrument":"VIIRS","version":"2.0NRT","bright_ti4":311.72,"frp":1.9,"daynight":"N"},"geometry":{"type":"Point","coordinates":[-116.89639,42.61495]}},{"type":"Feature","properties":{"acq_date":"2026-07-27","acq_time":941,"confidence":"n","satellite":"N","instrument":"VIIRS","version":"2.0NRT","bright_ti4":326.13,"frp":3.07,"daynight":"N"},"geometry":{"type":"Point","coordinates":[-116.86823,42.61508]}},{"type":"Feature","properties":{"acq_date":"2026-07-27","acq_time":941,"confidence":"n","satellite":"N","instrument":"VIIRS","version":"2.0NRT","bright_ti4":308.19,"frp":1.9,"daynight":"N"},"geometry":{"type":"Point","coordinates":[-116.9019,42.61564]}},{"type":"Feature","properties":{"acq_date":"2026-07-27","acq_time":941,"confidence":"n","satellite":"N","instrument":"VIIRS","version":"2.0NRT","bright_ti4":312.76,"frp":1.54,"daynight":"N"},"geometry":{"type":"Point","coordinates":[-116.8736,42.61575]}},{"type":"Feature","properties":{"acq_date":"2026-07-27","acq_time":941,"confidence":"n","satellite":"N","instrument":"VIIRS","version":"2.0NRT","bright_ti4":305.67,"frp":1.35,"daynight":"N"},"geometry":{"type":"Point","coordinates":[-116.90736,42.61632]}},{"type":"Feature","properties":{"acq_date":"2026-07-27","acq_time":941,"confidence":"n","satellite":"N","instrument":"VIIRS","version":"2.0NRT","bright_ti4":310.96,"frp":1.54,"daynight":"N"},"geometry":{"type":"Point","coordinates":[-116.87907,42.61643]}},{"type":"Feature","properties":{"acq_date":"2026-07-27","acq_time":941,"confidence":"n","satellite":"N","instrument":"VIIRS","version":"2.0NRT","bright_ti4":312.49,"frp":1.58,"daynight":"N"},"geometry":{"type":"Point","coordinates":[-116.88454,42.61711]}},{"type":"Feature","properties":{"acq_date":"2026-07-27","acq_time":941,"confidence":"n","satellite":"N","instrument":"VIIRS","version":"2.0NRT","bright_ti4":303.45,"frp":1.08,"daynight":"N"},"geometry":{"type":"Point","coordinates":[-116.91833,42.61768]}},{"type":"Feature","properties":{"acq_date":"2026-07-27","acq_time":941,"confidence":"n","satellite":"N","instrument":"VIIRS","version":"2.0NRT","bright_ti4":310.11,"frp":1.58,"daynight":"N"},"geometry":{"type":"Point","coordinates":[-116.89005,42.6178]}},{"type":"Feature","properties":{"acq_date":"2026-07-27","acq_time":941,"confidence":"n","satellite":"N","instrument":"VIIRS","version":"2.0NRT","bright_ti4":307.53,"frp":1.08,"daynight":"N"},"geometry":{"type":"Point","coordinates":[-116.92384,42.61836]}},{"type":"Feature","properties":{"acq_date":"2026-07-27","acq_time":941,"confidence":"n","satellite":"N","instrument":"VIIRS","version":"2.0NRT","bright_ti4":318.26,"frp":1.9,"daynight":"N"},"geometry":{"type":"Point","coordinates":[-116.89558,42.61848]}},{"type":"Feature","properties":{"acq_date":"2026-07-27","acq_time":941,"confidence":"n","satellite":"N","instrument":"VIIRS","version":"2.0NRT","bright_ti4":315.17,"frp":1.92,"daynight":"N"},"geometry":{"type":"Point","coordinates":[-116.86736,42.6186]}},{"type":"Feature","properties":{"acq_date":"2026-07-27","acq_time":941,"confidence":"n","satellite":"N","instrument":"VIIRS","version":"2.0NRT","bright_ti4":319.5,"frp":1.9,"daynight":"N"},"geometry":{"type":"Point","coordinates":[-116.90111,42.61917]}},{"type":"Feature","properties":{"acq_date":"2026-07-27","acq_time":941,"confidence":"n","satellite":"N","instrument":"VIIRS","version":"2.0NRT","bright_ti4":311.65,"frp":1.73,"daynight":"N"},"geometry":{"type":"Point","coordinates":[-116.87273,42.61927]}},{"type":"Feature","properties":{"acq_date":"2026-07-27","acq_time":941,"confidence":"n","satellite":"N","instrument":"VIIRS","version":"2.0NRT","bright_ti4":308.09,"frp":1.35,"daynight":"N"},"geometry":{"type":"Point","coordinates":[-116.90659,42.61986]}},{"type":"Feature","properties":{"acq_date":"2026-07-27","acq_time":941,"confidence":"n","satellite":"N","instrument":"VIIRS","version":"2.0NRT","bright_ti4":309.02,"frp":1.73,"daynight":"N"},"geometry":{"type":"Point","coordinates":[-116.87818,42.61995]}},{"type":"Feature","properties":{"acq_date":"2026-07-27","acq_time":941,"confidence":"n","satellite":"N","instrument":"VIIRS","version":"2.0NRT","bright_ti4":303.31,"frp":1.35,"daynight":"N"},"geometry":{"type":"Point","coordinates":[-116.91207,42.62054]}},{"type":"Feature","properties":{"acq_date":"2026-07-27","acq_time":941,"confidence":"n","satellite":"N","instrument":"VIIRS","version":"2.0NRT","bright_ti4":309.67,"frp":1.54,"daynight":"N"},"geometry":{"type":"Point","coordinates":[-116.88371,42.62064]}},{"type":"Feature","properties":{"acq_date":"2026-07-27","acq_time":941,"confidence":"n","satellite":"N","instrument":"VIIRS","version":"2.0NRT","bright_ti4":303.59,"frp":1.08,"daynight":"N"},"geometry":{"type":"Point","coordinates":[-116.91755,42.62122]}},{"type":"Feature","properties":{"acq_date":"2026-07-27","acq_time":941,"confidence":"n","satellite":"N","instrument":"VIIRS","version":"2.0NRT","bright_ti4":311.76,"frp":1.54,"daynight":"N"},"geometry":{"type":"Point","coordinates":[-116.88921,42.62133]}},{"type":"Feature","properties":{"acq_date":"2026-07-27","acq_time":941,"confidence":"n","satellite":"N","instrument":"VIIRS","version":"2.0NRT","bright_ti4":307.49,"frp":1.92,"daynight":"N"},"geometry":{"type":"Point","coordinates":[-116.86114,42.62145]}},{"type":"Feature","properties":{"acq_date":"2026-07-27","acq_time":941,"confidence":"n","satellite":"N","instrument":"VIIRS","version":"2.0NRT","bright_ti4":307.74,"frp":1.08,"daynight":"N"},"geometry":{"type":"Point","coordinates":[-116.92302,42.6219]}},{"type":"Feature","properties":{"acq_date":"2026-07-27","acq_time":941,"confidence":"n","satellite":"N","instrument":"VIIRS","version":"2.0NRT","bright_ti4":322.74,"frp":1.82,"daynight":"N"},"geometry":{"type":"Point","coordinates":[-116.89471,42.62202]}},{"type":"Feature","properties":{"acq_date":"2026-07-27","acq_time":941,"confidence":"n","satellite":"N","instrument":"VIIRS","version":"2.0NRT","bright_ti4":320.48,"frp":1.92,"daynight":"N"},"geometry":{"type":"Point","coordinates":[-116.86649,42.62212]}},{"type":"Feature","properties":{"acq_date":"2026-07-27","acq_time":941,"confidence":"n","satellite":"N","instrument":"VIIRS","version":"2.0NRT","bright_ti4":309.12,"frp":1.82,"daynight":"N"},"geometry":{"type":"Point","coordinates":[-116.90025,42.62271]}},{"type":"Feature","properties":{"acq_date":"2026-07-27","acq_time":941,"confidence":"n","satellite":"N","instrument":"VIIRS","version":"2.0NRT","bright_ti4":319.09,"frp":1.73,"daynight":"N"},"geometry":{"type":"Point","coordinates":[-116.87189,42.6228]}},{"type":"Feature","properties":{"acq_date":"2026-07-27","acq_time":941,"confidence":"n","satellite":"N","instrument":"VIIRS","version":"2.0NRT","bright_ti4":313.45,"frp":1.48,"daynight":"N"},"geometry":{"type":"Point","coordinates":[-116.90575,42.62339]}},{"type":"Feature","properties":{"acq_date":"2026-07-27","acq_time":941,"confidence":"n","satellite":"N","instrument":"VIIRS","version":"2.0NRT","bright_ti4":315.18,"frp":1.73,"daynight":"N"},"geometry":{"type":"Point","coordinates":[-116.87739,42.62349]}},{"type":"Feature","properties":{"acq_date":"2026-07-27","acq_time":941,"confidence":"n","satellite":"N","instrument":"VIIRS","version":"2.0NRT","bright_ti4":306.59,"frp":1.48,"daynight":"N"},"geometry":{"type":"Point","coordinates":[-116.91124,42.62408]}},{"type":"Feature","properties":{"acq_date":"2026-07-27","acq_time":941,"confidence":"n","satellite":"N","instrument":"VIIRS","version":"2.0NRT","bright_ti4":315.62,"frp":1.54,"daynight":"N"},"geometry":{"type":"Point","coordinates":[-116.88291,42.62418]}},{"type":"Feature","properties":{"acq_date":"2026-07-27","acq_time":941,"confidence":"n","satellite":"N","instrument":"VIIRS","version":"2.0NRT","bright_ti4":310.62,"frp":1.54,"daynight":"N"},"geometry":{"type":"Point","coordinates":[-116.8884,42.62486]}},{"type":"Feature","properties":{"acq_date":"2026-07-27","acq_time":941,"confidence":"n","satellite":"N","instrument":"VIIRS","version":"2.0NRT","bright_ti4":315.58,"frp":2.39,"daynight":"N"},"geometry":{"type":"Point","coordinates":[-116.86026,42.62498]}},{"type":"Feature","properties":{"acq_date":"2026-07-27","acq_time":941,"confidence":"n","satellite":"N","instrument":"VIIRS","version":"2.0NRT","bright_ti4":320.58,"frp":2.39,"daynight":"N"},"geometry":{"type":"Point","coordinates":[-116.86565,42.62565]}},{"type":"Feature","properties":{"acq_date":"2026-07-27","acq_time":941,"confidence":"n","satellite":"N","instrument":"VIIRS","version":"2.0NRT","bright_ti4":300.31,"frp":0.92,"daynight":"N"},"geometry":{"type":"Point","coordinates":[-116.92759,42.62611]}},{"type":"Feature","properties":{"acq_date":"2026-07-27","acq_time":941,"confidence":"n","satellite":"N","instrument":"VIIRS","version":"2.0NRT","bright_ti4":305.85,"frp":1.82,"daynight":"N"},"geometry":{"type":"Point","coordinates":[-116.89937,42.62623]}},{"type":"Feature","properties":{"acq_date":"2026-07-27","acq_time":941,"confidence":"n","satellite":"N","instrument":"VIIRS","version":"2.0NRT","bright_ti4":322.96,"frp":2.3,"daynight":"N"},"geometry":{"type":"Point","coordinates":[-116.87106,42.62633]}},{"type":"Feature","properties":{"acq_date":"2026-07-27","acq_time":941,"confidence":"n","satellite":"N","instrument":"VIIRS","version":"2.0NRT","bright_ti4":305.08,"frp":0.92,"daynight":"N"},"geometry":{"type":"Point","coordinates":[-116.93306,42.62679]}},{"type":"Feature","properties":{"acq_date":"2026-07-27","acq_time":941,"confidence":"n","satellite":"N","instrument":"VIIRS","version":"2.0NRT","bright_ti4":308.98,"frp":1.48,"daynight":"N"},"geometry":{"type":"Point","coordinates":[-116.90486,42.62692]}},{"type":"Feature","properties":{"acq_date":"2026-07-27","acq_time":941,"confidence":"n","satellite":"N","instrument":"VIIRS","version":"2.0NRT","bright_ti4":318.55,"frp":2.3,"daynight":"N"},"geometry":{"type":"Point","coordinates":[-116.87661,42.62703]}},{"type":"Feature","properties":{"acq_date":"2026-07-27","acq_time":941,"confidence":"n","satellite":"N","instrument":"VIIRS","version":"2.0NRT","bright_ti4":301.48,"frp":0.96,"daynight":"N"},"geometry":{"type":"Point","coordinates":[-116.93849,42.62747]}},{"type":"Feature","properties":{"acq_date":"2026-07-27","acq_time":941,"confidence":"n","satellite":"N","instrument":"VIIRS","version":"2.0NRT","bright_ti4":322.08,"frp":2.39,"daynight":"N"},"geometry":{"type":"Point","coordinates":[-116.85939,42.6285]}},{"type":"Feature","properties":{"acq_date":"2026-07-27","acq_time":941,"confidence":"n","satellite":"N","instrument":"VIIRS","version":"2.0NRT","bright_ti4":322.6,"frp":2.39,"daynight":"N"},"geometry":{"type":"Point","coordinates":[-116.8648,42.62917]}},{"type":"Feature","properties":{"acq_date":"2026-07-27","acq_time":941,"confidence":"n","satellite":"N","instrument":"VIIRS","version":"2.0NRT","bright_ti4":315.89,"frp":2.3,"daynight":"N"},"geometry":{"type":"Point","coordinates":[-116.87026,42.62986]}},{"type":"Feature","properties":{"acq_date":"2026-07-27","acq_time":941,"confidence":"n","satellite":"N","instrument":"VIIRS","version":"2.0NRT","bright_ti4":315.03,"frp":1.86,"daynight":"N"},"geometry":{"type":"Point","coordinates":[-116.85314,42.63135]}},{"type":"Feature","properties":{"acq_date":"2026-07-27","acq_time":941,"confidence":"n","satellite":"N","instrument":"VIIRS","version":"2.0NRT","bright_ti4":338.28,"frp":4.59,"daynight":"N"},"geometry":{"type":"Point","coordinates":[-116.85855,42.63203]}},{"type":"Feature","properties":{"acq_date":"2026-07-27","acq_time":941,"confidence":"n","satellite":"N","instrument":"VIIRS","version":"2.0NRT","bright_ti4":336.18,"frp":4.59,"daynight":"N"},"geometry":{"type":"Point","coordinates":[-116.86404,42.63271]}},{"type":"Feature","properties":{"acq_date":"2026-07-27","acq_time":941,"confidence":"n","satellite":"N","instrument":"VIIRS","version":"2.0NRT","bright_ti4":297.39,"frp":0.24,"daynight":"N"},"geometry":{"type":"Point","coordinates":[-116.86959,42.63341]}},{"type":"Feature","properties":{"acq_date":"2026-07-27","acq_time":941,"confidence":"n","satellite":"N","instrument":"VIIRS","version":"2.0NRT","bright_ti4":314.21,"frp":1.86,"daynight":"N"},"geometry":{"type":"Point","coordinates":[-116.85228,42.63487]}},{"type":"Feature","properties":{"acq_date":"2026-07-27","acq_time":941,"confidence":"n","satellite":"N","instrument":"VIIRS","version":"2.0NRT","bright_ti4":331.79,"frp":4.59,"daynight":"N"},"geometry":{"type":"Point","coordinates":[-116.85775,42.63556]}},{"type":"Feature","properties":{"acq_date":"2026-07-27","acq_time":941,"confidence":"n","satellite":"N","instrument":"VIIRS","version":"2.0NRT","bright_ti4":303.5,"frp":2.23,"daynight":"N"},"geometry":{"type":"Point","coordinates":[-117.04357,42.65876]}},{"type":"Feature","properties":{"acq_date":"2026-07-27","acq_time":941,"confidence":"n","satellite":"N","instrument":"VIIRS","version":"2.0NRT","bright_ti4":302.34,"frp":1.29,"daynight":"N"},"geometry":{"type":"Point","coordinates":[-116.93877,42.69107]}},{"type":"Feature","properties":{"acq_date":"2026-07-27","acq_time":941,"confidence":"n","satellite":"N","instrument":"VIIRS","version":"2.0NRT","bright_ti4":301.47,"frp":1.29,"daynight":"N"},"geometry":{"type":"Point","coordinates":[-116.94419,42.69173]}},{"type":"Feature","properties":{"acq_date":"2026-07-27","acq_time":941,"confidence":"n","satellite":"N","instrument":"VIIRS","version":"2.0NRT","bright_ti4":300.54,"frp":0.69,"daynight":"N"},"geometry":{"type":"Point","coordinates":[-116.94244,42.6988]}},{"type":"Feature","properties":{"acq_date":"2026-07-27","acq_time":941,"confidence":"n","satellite":"N","instrument":"VIIRS","version":"2.0NRT","bright_ti4":295.9,"frp":0.58,"daynight":"N"},"geometry":{"type":"Point","coordinates":[-116.95105,42.73267]}},{"type":"Feature","properties":{"acq_date":"2026-07-27","acq_time":941,"confidence":"n","satellite":"N","instrument":"VIIRS","version":"2.0NRT","bright_ti4":303.64,"frp":1.87,"daynight":"N"},"geometry":{"type":"Point","coordinates":[-116.96674,42.73825]}},{"type":"Feature","properties":{"acq_date":"2026-07-27","acq_time":941,"confidence":"n","satellite":"N","instrument":"VIIRS","version":"2.0NRT","bright_ti4":326.73,"frp":1.87,"daynight":"N"},"geometry":{"type":"Point","coordinates":[-116.96597,42.74181]}},{"type":"Feature","properties":{"acq_date":"2026-07-27","acq_time":941,"confidence":"n","satellite":"N","instrument":"VIIRS","version":"2.0NRT","bright_ti4":299.54,"frp":0.79,"daynight":"N"},"geometry":{"type":"Point","coordinates":[-116.94963,42.76166]}},{"type":"Feature","properties":{"acq_date":"2026-07-27","acq_time":941,"confidence":"n","satellite":"N","instrument":"VIIRS","version":"2.0NRT","bright_ti4":303.72,"frp":1.24,"daynight":"N"},"geometry":{"type":"Point","coordinates":[-116.92653,42.76606]}},{"type":"Feature","properties":{"acq_date":"2026-07-27","acq_time":941,"confidence":"n","satellite":"N","instrument":"VIIRS","version":"2.0NRT","bright_ti4":297.29,"frp":1.27,"daynight":"N"},"geometry":{"type":"Point","coordinates":[-116.92584,42.76962]}},{"type":"Feature","properties":{"acq_date":"2026-07-27","acq_time":941,"confidence":"n","satellite":"N","instrument":"VIIRS","version":"2.0NRT","bright_ti4":309.6,"frp":2.03,"daynight":"N"},"geometry":{"type":"Point","coordinates":[-116.9025,42.77398]}},{"type":"Feature","properties":{"acq_date":"2026-07-27","acq_time":941,"confidence":"n","satellite":"N","instrument":"VIIRS","version":"2.0NRT","bright_ti4":330.99,"frp":12.92,"daynight":"N"},"geometry":{"type":"Point","coordinates":[-116.88416,42.77688]}},{"type":"Feature","properties":{"acq_date":"2026-07-27","acq_time":941,"confidence":"n","satellite":"N","instrument":"VIIRS","version":"2.0NRT","bright_ti4":340.75,"frp":18.8,"daynight":"N"},"geometry":{"type":"Point","coordinates":[-116.88951,42.77753]}},{"type":"Feature","properties":{"acq_date":"2026-07-27","acq_time":941,"confidence":"n","satellite":"N","instrument":"VIIRS","version":"2.0NRT","bright_ti4":326.31,"frp":2.03,"daynight":"N"},"geometry":{"type":"Point","coordinates":[-116.90197,42.77755]}},{"type":"Feature","properties":{"acq_date":"2026-07-27","acq_time":941,"confidence":"n","satellite":"N","instrument":"VIIRS","version":"2.0NRT","bright_ti4":313.09,"frp":18.8,"daynight":"N"},"geometry":{"type":"Point","coordinates":[-116.89501,42.7782]}},{"type":"Feature","properties":{"acq_date":"2026-07-27","acq_time":941,"confidence":"n","satellite":"N","instrument":"VIIRS","version":"2.0NRT","bright_ti4":311.46,"frp":2.68,"daynight":"N"},"geometry":{"type":"Point","coordinates":[-116.90725,42.77822]}},{"type":"Feature","properties":{"acq_date":"2026-07-27","acq_time":941,"confidence":"n","satellite":"N","instrument":"VIIRS","version":"2.0NRT","bright_ti4":340.98,"frp":4.3,"daynight":"N"},"geometry":{"type":"Point","coordinates":[-116.90035,42.77886]}},{"type":"Feature","properties":{"acq_date":"2026-07-27","acq_time":941,"confidence":"n","satellite":"N","instrument":"VIIRS","version":"2.0NRT","bright_ti4":330.21,"frp":24.31,"daynight":"N"},"geometry":{"type":"Point","coordinates":[-116.88515,42.77908]}},{"type":"Feature","properties":{"acq_date":"2026-07-27","acq_time":941,"confidence":"n","satellite":"N","instrument":"VIIRS","version":"2.0NRT","bright_ti4":316.67,"frp":4.3,"daynight":"N"},"geometry":{"type":"Point","coordinates":[-116.90565,42.77951]}},{"type":"Feature","properties":{"acq_date":"2026-07-27","acq_time":941,"confidence":"n","satellite":"N","instrument":"VIIRS","version":"2.0NRT","bright_ti4":336.3,"frp":24.31,"daynight":"N"},"geometry":{"type":"Point","coordinates":[-116.89056,42.77975]}},{"type":"Feature","properties":{"acq_date":"2026-07-27","acq_time":941,"confidence":"n","satellite":"N","instrument":"VIIRS","version":"2.0NRT","bright_ti4":300.73,"frp":1.67,"daynight":"N"},"geometry":{"type":"Point","coordinates":[-116.91098,42.78016]}},{"type":"Feature","properties":{"acq_date":"2026-07-27","acq_time":941,"confidence":"n","satellite":"N","instrument":"VIIRS","version":"2.0NRT","bright_ti4":335.64,"frp":12.92,"daynight":"N"},"geometry":{"type":"Point","coordinates":[-116.88345,42.78043]}},{"type":"Feature","properties":{"acq_date":"2026-07-27","acq_time":941,"confidence":"n","satellite":"N","instrument":"VIIRS","version":"2.0NRT","bright_ti4":348.29,"frp":6.97,"daynight":"N"},"geometry":{"type":"Point","coordinates":[-116.89605,42.78045]}},{"type":"Feature","properties":{"acq_date":"2026-07-27","acq_time":941,"confidence":"n","satellite":"N","instrument":"VIIRS","version":"2.0NRT","bright_ti4":341.41,"frp":18.8,"daynight":"N"},"geometry":{"type":"Point","coordinates":[-116.88882,42.78109]}},{"type":"Feature","properties":{"acq_date":"2026-07-27","acq_time":941,"confidence":"n","satellite":"N","instrument":"VIIRS","version":"2.0NRT","bright_ti4":337.35,"frp":6.97,"daynight":"N"},"geometry":{"type":"Point","coordinates":[-116.90141,42.78112]}},{"type":"Feature","properties":{"acq_date":"2026-07-27","acq_time":941,"confidence":"n","satellite":"N","instrument":"VIIRS","version":"2.0NRT","bright_ti4":334.66,"frp":18.8,"daynight":"N"},"geometry":{"type":"Point","coordinates":[-116.89433,42.78176]}},{"type":"Feature","properties":{"acq_date":"2026-07-27","acq_time":941,"confidence":"n","satellite":"N","instrument":"VIIRS","version":"2.0NRT","bright_ti4":301.79,"frp":2.08,"daynight":"N"},"geometry":{"type":"Point","coordinates":[-116.90675,42.7818]}},{"type":"Feature","properties":{"acq_date":"2026-07-27","acq_time":941,"confidence":"n","satellite":"N","instrument":"VIIRS","version":"2.0NRT","bright_ti4":340.37,"frp":4.3,"daynight":"N"},"geometry":{"type":"Point","coordinates":[-116.89977,42.78242]}},{"type":"Feature","properties":{"acq_date":"2026-07-27","acq_time":941,"confidence":"n","satellite":"N","instrument":"VIIRS","version":"2.0NRT","bright_ti4":330.15,"frp":24.31,"daynight":"N"},"geometry":{"type":"Point","coordinates":[-116.88447,42.78263]}},{"type":"Feature","properties":{"acq_date":"2026-07-27","acq_time":941,"confidence":"n","satellite":"N","instrument":"VIIRS","version":"2.0NRT","bright_ti4":307.71,"frp":4.3,"daynight":"N"},"geometry":{"type":"Point","coordinates":[-116.90514,42.78308]}},{"type":"Feature","properties":{"acq_date":"2026-07-27","acq_time":941,"confidence":"n","satellite":"N","instrument":"VIIRS","version":"2.0NRT","bright_ti4":335.31,"frp":24.31,"daynight":"N"},"geometry":{"type":"Point","coordinates":[-116.88988,42.78332]}},{"type":"Feature","properties":{"acq_date":"2026-07-27","acq_time":941,"confidence":"n","satellite":"N","instrument":"VIIRS","version":"2.0NRT","bright_ti4":313.93,"frp":6.97,"daynight":"N"},"geometry":{"type":"Point","coordinates":[-116.89539,42.78401]}},{"type":"Feature","properties":{"acq_date":"2026-07-27","acq_time":941,"confidence":"n","satellite":"N","instrument":"VIIRS","version":"2.0NRT","bright_ti4":342.51,"frp":2.52,"daynight":"N"},"geometry":{"type":"Point","coordinates":[-116.88815,42.78464]}},{"type":"Feature","properties":{"acq_date":"2026-07-27","acq_time":941,"confidence":"n","satellite":"N","instrument":"VIIRS","version":"2.0NRT","bright_ti4":312.38,"frp":2.52,"daynight":"N"},"geometry":{"type":"Point","coordinates":[-116.89368,42.78531]}},{"type":"Feature","properties":{"acq_date":"2026-07-27","acq_time":941,"confidence":"n","satellite":"N","instrument":"VIIRS","version":"2.0NRT","bright_ti4":299.32,"frp":0.71,"daynight":"N"},"geometry":{"type":"Point","coordinates":[-116.91691,42.78672]}},{"type":"Feature","properties":{"acq_date":"2026-07-27","acq_time":941,"confidence":"n","satellite":"N","instrument":"VIIRS","version":"2.0NRT","bright_ti4":312.26,"frp":2.52,"daynight":"N"},"geometry":{"type":"Point","coordinates":[-116.88749,42.7882]}},{"type":"Feature","properties":{"acq_date":"2026-07-27","acq_time":941,"confidence":"n","satellite":"N","instrument":"VIIRS","version":"2.0NRT","bright_ti4":297.72,"frp":2.52,"daynight":"N"},"geometry":{"type":"Point","coordinates":[-116.89297,42.78886]}},{"type":"Feature","properties":{"acq_date":"2026-07-27","acq_time":941,"confidence":"n","satellite":"N","instrument":"VIIRS","version":"2.0NRT","bright_ti4":300.26,"frp":0.78,"daynight":"N"},"geometry":{"type":"Point","coordinates":[-116.88677,42.79175]}},{"type":"Feature","properties":{"acq_date":"2026-07-27","acq_time":941,"confidence":"n","satellite":"N","instrument":"VIIRS","version":"2.0NRT","bright_ti4":296.91,"frp":0.78,"daynight":"N"},"geometry":{"type":"Point","coordinates":[-116.89223,42.79242]}},{"type":"Feature","properties":{"acq_date":"2026-07-27","acq_time":941,"confidence":"n","satellite":"N","instrument":"VIIRS","version":"2.0NRT","bright_ti4":298.21,"frp":0.73,"daynight":"N"},"geometry":{"type":"Point","coordinates":[-116.89702,42.79664]}},{"type":"Feature","properties":{"acq_date":"2026-07-27","acq_time":941,"confidence":"n","satellite":"N","instrument":"VIIRS","version":"2.0NRT","bright_ti4":303.92,"frp":0.73,"daynight":"N"},"geometry":{"type":"Point","coordinates":[-116.90262,42.79733]}},{"type":"Feature","properties":{"acq_date":"2026-07-27","acq_time":941,"confidence":"n","satellite":"N","instrument":"VIIRS","version":"2.0NRT","bright_ti4":336.19,"frp":31.18,"daynight":"N"},"geometry":{"type":"Point","coordinates":[-116.88535,42.79885]}},{"type":"Feature","properties":{"acq_date":"2026-07-27","acq_time":941,"confidence":"n","satellite":"N","instrument":"VIIRS","version":"2.0NRT","bright_ti4":327.61,"frp":31.18,"daynight":"N"},"geometry":{"type":"Point","coordinates":[-116.89083,42.79952]}},{"type":"Feature","properties":{"acq_date":"2026-07-27","acq_time":941,"confidence":"n","satellite":"N","instrument":"VIIRS","version":"2.0NRT","bright_ti4":312.16,"frp":0.94,"daynight":"N"},"geometry":{"type":"Point","coordinates":[-116.89636,42.8002]}},{"type":"Feature","properties":{"acq_date":"2026-07-27","acq_time":941,"confidence":"n","satellite":"N","instrument":"VIIRS","version":"2.0NRT","bright_ti4":299.41,"frp":0.94,"daynight":"N"},"geometry":{"type":"Point","coordinates":[-116.9019,42.80088]}},{"type":"Feature","properties":{"acq_date":"2026-07-27","acq_time":941,"confidence":"n","satellite":"N","instrument":"VIIRS","version":"2.0NRT","bright_ti4":338.83,"frp":31.18,"daynight":"N"},"geometry":{"type":"Point","coordinates":[-116.88464,42.8024]}},{"type":"Feature","properties":{"acq_date":"2026-07-27","acq_time":941,"confidence":"n","satellite":"N","instrument":"VIIRS","version":"2.0NRT","bright_ti4":332.57,"frp":31.18,"daynight":"N"},"geometry":{"type":"Point","coordinates":[-116.89017,42.80308]}},{"type":"Feature","properties":{"acq_date":"2026-07-27","acq_time":941,"confidence":"n","satellite":"N","instrument":"VIIRS","version":"2.0NRT","bright_ti4":300.5,"frp":0.94,"daynight":"N"},"geometry":{"type":"Point","coordinates":[-116.8957,42.80376]}},{"type":"Feature","properties":{"acq_date":"2026-07-27","acq_time":941,"confidence":"n","satellite":"N","instrument":"VIIRS","version":"2.0NRT","bright_ti4":330.43,"frp":5.67,"daynight":"N"},"geometry":{"type":"Point","coordinates":[-117.00722,42.81009]}},{"type":"Feature","properties":{"acq_date":"2026-07-27","acq_time":941,"confidence":"n","satellite":"N","instrument":"VIIRS","version":"2.0NRT","bright_ti4":327.86,"frp":3.86,"daynight":"N"},"geometry":{"type":"Point","coordinates":[-116.8887,42.81018]}},{"type":"Feature","properties":{"acq_date":"2026-07-27","acq_time":941,"confidence":"n","satellite":"N","instrument":"VIIRS","version":"2.0NRT","bright_ti4":339.45,"frp":4,"daynight":"N"},"geometry":{"type":"Point","coordinates":[-116.88794,42.81373]}},{"type":"Feature","properties":{"acq_date":"2026-07-27","acq_time":941,"confidence":"n","satellite":"N","instrument":"VIIRS","version":"2.0NRT","bright_ti4":317.42,"frp":3.43,"daynight":"N"},"geometry":{"type":"Point","coordinates":[-117.01777,42.81503]}},{"type":"Feature","properties":{"acq_date":"2026-07-27","acq_time":941,"confidence":"n","satellite":"N","instrument":"VIIRS","version":"2.0NRT","bright_ti4":326.15,"frp":3.29,"daynight":"N"},"geometry":{"type":"Point","coordinates":[-117.01131,42.8179]}},{"type":"Feature","properties":{"acq_date":"2026-07-27","acq_time":941,"confidence":"n","satellite":"N","instrument":"VIIRS","version":"2.0NRT","bright_ti4":333.72,"frp":3.43,"daynight":"N"},"geometry":{"type":"Point","coordinates":[-117.01698,42.81858]}},{"type":"Feature","properties":{"acq_date":"2026-07-27","acq_time":941,"confidence":"n","satellite":"N","instrument":"VIIRS","version":"2.0NRT","bright_ti4":308.96,"frp":1.16,"daynight":"N"},"geometry":{"type":"Point","coordinates":[-117.01054,42.82146]}},{"type":"Feature","properties":{"acq_date":"2026-07-27","acq_time":941,"confidence":"n","satellite":"N","instrument":"VIIRS","version":"2.0NRT","bright_ti4":306.21,"frp":0.94,"daynight":"N"},"geometry":{"type":"Point","coordinates":[-117.0162,42.82215]}},{"type":"Feature","properties":{"acq_date":"2026-07-27","acq_time":941,"confidence":"n","satellite":"N","instrument":"VIIRS","version":"2.0NRT","bright_ti4":342.37,"frp":6.48,"daynight":"N"},"geometry":{"type":"Point","coordinates":[-116.89742,42.82218]}},{"type":"Feature","properties":{"acq_date":"2026-07-27","acq_time":941,"confidence":"n","satellite":"N","instrument":"VIIRS","version":"2.0NRT","bright_ti4":299.02,"frp":1.43,"daynight":"N"},"geometry":{"type":"Point","coordinates":[-116.9028,42.82285]}},{"type":"Feature","properties":{"acq_date":"2026-07-27","acq_time":941,"confidence":"n","satellite":"N","instrument":"VIIRS","version":"2.0NRT","bright_ti4":295.46,"frp":4.81,"daynight":"N"},"geometry":{"type":"Point","coordinates":[-116.90362,42.84482]}},{"type":"Feature","properties":{"acq_date":"2026-07-27","acq_time":941,"confidence":"n","satellite":"N","instrument":"VIIRS","version":"2.0NRT","bright_ti4":311.89,"frp":4.97,"daynight":"N"},"geometry":{"type":"Point","coordinates":[-116.90908,42.8455]}},{"type":"Feature","properties":{"acq_date":"2026-07-27","acq_time":941,"confidence":"n","satellite":"N","instrument":"VIIRS","version":"2.0NRT","bright_ti4":343.62,"frp":4.81,"daynight":"N"},"geometry":{"type":"Point","coordinates":[-116.90284,42.84837]}},{"type":"Feature","properties":{"acq_date":"2026-07-27","acq_time":941,"confidence":"n","satellite":"N","instrument":"VIIRS","version":"2.0NRT","bright_ti4":333.69,"frp":4.97,"daynight":"N"},"geometry":{"type":"Point","coordinates":[-116.9083,42.84904]}},{"type":"Feature","properties":{"acq_date":"2026-07-27","acq_time":941,"confidence":"n","satellite":"N","instrument":"VIIRS","version":"2.0NRT","bright_ti4":326.51,"frp":2.4,"daynight":"N"},"geometry":{"type":"Point","coordinates":[-116.88962,42.85765]}},{"type":"Feature","properties":{"acq_date":"2026-07-27","acq_time":941,"confidence":"n","satellite":"N","instrument":"VIIRS","version":"2.0NRT","bright_ti4":327.38,"frp":5.32,"daynight":"N"},"geometry":{"type":"Point","coordinates":[-116.89507,42.85833]}},{"type":"Feature","properties":{"acq_date":"2026-07-27","acq_time":941,"confidence":"n","satellite":"N","instrument":"VIIRS","version":"2.0NRT","bright_ti4":298.71,"frp":2.4,"daynight":"N"},"geometry":{"type":"Point","coordinates":[-116.88884,42.8612]}},{"type":"Feature","properties":{"acq_date":"2026-07-27","acq_time":941,"confidence":"n","satellite":"N","instrument":"VIIRS","version":"2.0NRT","bright_ti4":296.28,"frp":0.71,"daynight":"N"},"geometry":{"type":"Point","coordinates":[-116.9052,42.86325]}},{"type":"Feature","properties":{"acq_date":"2026-07-27","acq_time":941,"confidence":"n","satellite":"N","instrument":"VIIRS","version":"2.0NRT","bright_ti4":298.23,"frp":0.67,"daynight":"N"},"geometry":{"type":"Point","coordinates":[-116.88811,42.86476]}},{"type":"Feature","properties":{"acq_date":"2026-07-27","acq_time":941,"confidence":"n","satellite":"N","instrument":"VIIRS","version":"2.0NRT","bright_ti4":295.05,"frp":0.72,"daynight":"N"},"geometry":{"type":"Point","coordinates":[-116.9099,42.86748]}},{"type":"Feature","properties":{"acq_date":"2026-07-27","acq_time":941,"confidence":"n","satellite":"N","instrument":"VIIRS","version":"2.0NRT","bright_ti4":307.58,"frp":1.46,"daynight":"N"},"geometry":{"type":"Point","coordinates":[-116.96035,42.87012]}},{"type":"Feature","properties":{"acq_date":"2026-07-27","acq_time":941,"confidence":"n","satellite":"N","instrument":"VIIRS","version":"2.0NRT","bright_ti4":298.73,"frp":0.72,"daynight":"N"},"geometry":{"type":"Point","coordinates":[-116.90914,42.87103]}},{"type":"Feature","properties":{"acq_date":"2026-07-27","acq_time":941,"confidence":"n","satellite":"N","instrument":"VIIRS","version":"2.0NRT","bright_ti4":298.9,"frp":0.99,"daynight":"N"},"geometry":{"type":"Point","coordinates":[-116.94859,42.87231]}},{"type":"Feature","properties":{"acq_date":"2026-07-27","acq_time":941,"confidence":"n","satellite":"N","instrument":"VIIRS","version":"2.0NRT","bright_ti4":315.81,"frp":0.99,"daynight":"N"},"geometry":{"type":"Point","coordinates":[-116.95406,42.87299]}},{"type":"Feature","properties":{"acq_date":"2026-07-27","acq_time":941,"confidence":"n","satellite":"N","instrument":"VIIRS","version":"2.0NRT","bright_ti4":297.94,"frp":1.34,"daynight":"N"},"geometry":{"type":"Point","coordinates":[-116.93121,42.87379]}},{"type":"Feature","properties":{"acq_date":"2026-07-27","acq_time":941,"confidence":"n","satellite":"N","instrument":"VIIRS","version":"2.0NRT","bright_ti4":344.05,"frp":4.58,"daynight":"N"},"geometry":{"type":"Point","coordinates":[-116.90282,42.87389]}},{"type":"Feature","properties":{"acq_date":"2026-07-27","acq_time":941,"confidence":"n","satellite":"N","instrument":"VIIRS","version":"2.0NRT","bright_ti4":336.09,"frp":4.58,"daynight":"N"},"geometry":{"type":"Point","coordinates":[-116.90836,42.87459]}},{"type":"Feature","properties":{"acq_date":"2026-07-27","acq_time":941,"confidence":"n","satellite":"N","instrument":"VIIRS","version":"2.0NRT","bright_ti4":343.53,"frp":5,"daynight":"N"},"geometry":{"type":"Point","coordinates":[-116.92486,42.87664]}},{"type":"Feature","properties":{"acq_date":"2026-07-27","acq_time":941,"confidence":"n","satellite":"N","instrument":"VIIRS","version":"2.0NRT","bright_ti4":299.62,"frp":5,"daynight":"N"},"geometry":{"type":"Point","coordinates":[-116.93035,42.87733]}},{"type":"Feature","properties":{"acq_date":"2026-07-27","acq_time":941,"confidence":"n","satellite":"N","instrument":"VIIRS","version":"2.0NRT","bright_ti4":298.8,"frp":4.58,"daynight":"N"},"geometry":{"type":"Point","coordinates":[-116.90201,42.87743]}},{"type":"Feature","properties":{"acq_date":"2026-07-27","acq_time":941,"confidence":"n","satellite":"N","instrument":"VIIRS","version":"2.0NRT","bright_ti4":336.99,"frp":4.58,"daynight":"N"},"geometry":{"type":"Point","coordinates":[-116.90757,42.87814]}},{"type":"Feature","properties":{"acq_date":"2026-07-27","acq_time":941,"confidence":"n","satellite":"N","instrument":"VIIRS","version":"2.0NRT","bright_ti4":327.04,"frp":4.59,"daynight":"N"},"geometry":{"type":"Point","coordinates":[-118.35809,42.90522]}},{"type":"Feature","properties":{"acq_date":"2026-07-27","acq_time":941,"confidence":"n","satellite":"N","instrument":"VIIRS","version":"2.0NRT","bright_ti4":338.31,"frp":4.59,"daynight":"N"},"geometry":{"type":"Point","coordinates":[-118.36407,42.90589]}},{"type":"Feature","properties":{"acq_date":"2026-07-27","acq_time":941,"confidence":"n","satellite":"N","instrument":"VIIRS","version":"2.0NRT","bright_ti4":309.16,"frp":1.92,"daynight":"N"},"geometry":{"type":"Point","coordinates":[-118.36319,42.90964]}},{"type":"Feature","properties":{"acq_date":"2026-07-27","acq_time":941,"confidence":"n","satellite":"N","instrument":"VIIRS","version":"2.0NRT","bright_ti4":318.72,"frp":1.81,"daynight":"N"},"geometry":{"type":"Point","coordinates":[-118.36894,42.91028]}},{"type":"Feature","properties":{"acq_date":"2026-07-27","acq_time":941,"confidence":"n","satellite":"N","instrument":"VIIRS","version":"2.0NRT","bright_ti4":310.09,"frp":1.75,"daynight":"N"},"geometry":{"type":"Point","coordinates":[-118.2862,42.91259]}},{"type":"Feature","properties":{"acq_date":"2026-07-27","acq_time":941,"confidence":"n","satellite":"N","instrument":"VIIRS","version":"2.0NRT","bright_ti4":303.88,"frp":1.81,"daynight":"N"},"geometry":{"type":"Point","coordinates":[-118.36793,42.91402]}},{"type":"Feature","properties":{"acq_date":"2026-07-27","acq_time":941,"confidence":"n","satellite":"N","instrument":"VIIRS","version":"2.0NRT","bright_ti4":301.28,"frp":1.69,"daynight":"N"},"geometry":{"type":"Point","coordinates":[-118.28535,42.91633]}},{"type":"Feature","properties":{"acq_date":"2026-07-27","acq_time":941,"confidence":"n","satellite":"N","instrument":"VIIRS","version":"2.0NRT","bright_ti4":311.67,"frp":7.07,"daynight":"N"},"geometry":{"type":"Point","coordinates":[-118.89924,42.92843]}},{"type":"Feature","properties":{"acq_date":"2026-07-27","acq_time":941,"confidence":"n","satellite":"N","instrument":"VIIRS","version":"2.0NRT","bright_ti4":337.34,"frp":8.04,"daynight":"N"},"geometry":{"type":"Point","coordinates":[-118.38,42.93078]}},{"type":"Feature","properties":{"acq_date":"2026-07-27","acq_time":941,"confidence":"n","satellite":"N","instrument":"VIIRS","version":"2.0NRT","bright_ti4":324.42,"frp":3.57,"daynight":"N"},"geometry":{"type":"Point","coordinates":[-118.38539,42.93138]}},{"type":"Feature","properties":{"acq_date":"2026-07-27","acq_time":941,"confidence":"n","satellite":"N","instrument":"VIIRS","version":"2.0NRT","bright_ti4":296.7,"frp":1.65,"daynight":"N"},"geometry":{"type":"Point","coordinates":[-118.89272,42.93169]}},{"type":"Feature","properties":{"acq_date":"2026-07-27","acq_time":941,"confidence":"n","satellite":"N","instrument":"VIIRS","version":"2.0NRT","bright_ti4":341.29,"frp":7.07,"daynight":"N"},"geometry":{"type":"Point","coordinates":[-118.89853,42.9323]}},{"type":"Feature","properties":{"acq_date":"2026-07-27","acq_time":941,"confidence":"n","satellite":"N","instrument":"VIIRS","version":"2.0NRT","bright_ti4":305.86,"frp":2.57,"daynight":"N"},"geometry":{"type":"Point","coordinates":[-118.37352,42.93391]}},{"type":"Feature","properties":{"acq_date":"2026-07-27","acq_time":941,"confidence":"n","satellite":"N","instrument":"VIIRS","version":"2.0NRT","bright_ti4":336.38,"frp":2.57,"daynight":"N"},"geometry":{"type":"Point","coordinates":[-118.37917,42.93454]}},{"type":"Feature","properties":{"acq_date":"2026-07-27","acq_time":941,"confidence":"n","satellite":"N","instrument":"VIIRS","version":"2.0NRT","bright_ti4":308.22,"frp":1.33,"daynight":"N"},"geometry":{"type":"Point","coordinates":[-118.38467,42.93516]}},{"type":"Feature","properties":{"acq_date":"2026-07-27","acq_time":941,"confidence":"n","satellite":"N","instrument":"VIIRS","version":"2.0NRT","bright_ti4":301.43,"frp":2.19,"daynight":"N"},"geometry":{"type":"Point","coordinates":[-118.89186,42.93554]}},{"type":"Feature","properties":{"acq_date":"2026-07-27","acq_time":941,"confidence":"n","satellite":"N","instrument":"VIIRS","version":"2.0NRT","bright_ti4":306.05,"frp":2.31,"daynight":"N"},"geometry":{"type":"Point","coordinates":[-118.35526,42.93572]}},{"type":"Feature","properties":{"acq_date":"2026-07-27","acq_time":941,"confidence":"n","satellite":"N","instrument":"VIIRS","version":"2.0NRT","bright_ti4":312.95,"frp":1.63,"daynight":"N"},"geometry":{"type":"Point","coordinates":[-118.89775,42.93616]}},{"type":"Feature","properties":{"acq_date":"2026-07-27","acq_time":941,"confidence":"n","satellite":"N","instrument":"VIIRS","version":"2.0NRT","bright_ti4":310.47,"frp":1.6,"daynight":"N"},"geometry":{"type":"Point","coordinates":[-118.36079,42.93634]}},{"type":"Feature","properties":{"acq_date":"2026-07-27","acq_time":941,"confidence":"n","satellite":"N","instrument":"VIIRS","version":"2.0NRT","bright_ti4":300.63,"frp":1.63,"daynight":"N"},"geometry":{"type":"Point","coordinates":[-118.90358,42.93677]}},{"type":"Feature","properties":{"acq_date":"2026-07-27","acq_time":941,"confidence":"n","satellite":"N","instrument":"VIIRS","version":"2.0NRT","bright_ti4":307.02,"frp":1.6,"daynight":"N"},"geometry":{"type":"Point","coordinates":[-118.36662,42.937]}},{"type":"Feature","properties":{"acq_date":"2026-07-27","acq_time":941,"confidence":"n","satellite":"N","instrument":"VIIRS","version":"2.0NRT","bright_ti4":324.89,"frp":3.51,"daynight":"N"},"geometry":{"type":"Point","coordinates":[-118.40976,42.93796]}},{"type":"Feature","properties":{"acq_date":"2026-07-27","acq_time":941,"confidence":"n","satellite":"N","instrument":"VIIRS","version":"2.0NRT","bright_ti4":315.34,"frp":2.57,"daynight":"N"},"geometry":{"type":"Point","coordinates":[-118.37835,42.93831]}},{"type":"Feature","properties":{"acq_date":"2026-07-27","acq_time":941,"confidence":"n","satellite":"N","instrument":"VIIRS","version":"2.0NRT","bright_ti4":332.58,"frp":3.51,"daynight":"N"},"geometry":{"type":"Point","coordinates":[-118.41599,42.93866]}},{"type":"Feature","properties":{"acq_date":"2026-07-27","acq_time":941,"confidence":"n","satellite":"N","instrument":"VIIRS","version":"2.0NRT","bright_ti4":300.7,"frp":0.85,"daynight":"N"},"geometry":{"type":"Point","coordinates":[-118.34881,42.93885]}},{"type":"Feature","properties":{"acq_date":"2026-07-27","acq_time":941,"confidence":"n","satellite":"N","instrument":"VIIRS","version":"2.0NRT","bright_ti4":303.85,"frp":1.33,"daynight":"N"},"geometry":{"type":"Point","coordinates":[-118.38403,42.93894]}},{"type":"Feature","properties":{"acq_date":"2026-07-27","acq_time":941,"confidence":"n","satellite":"N","instrument":"VIIRS","version":"2.0NRT","bright_ti4":303.19,"frp":1.33,"daynight":"N"},"geometry":{"type":"Point","coordinates":[-118.39002,42.93961]}},{"type":"Feature","properties":{"acq_date":"2026-07-27","acq_time":941,"confidence":"n","satellite":"N","instrument":"VIIRS","version":"2.0NRT","bright_ti4":310.23,"frp":1.63,"daynight":"N"},"geometry":{"type":"Point","coordinates":[-118.89689,42.94001]}},{"type":"Feature","properties":{"acq_date":"2026-07-27","acq_time":941,"confidence":"n","satellite":"N","instrument":"VIIRS","version":"2.0NRT","bright_ti4":300.61,"frp":1.74,"daynight":"N"},"geometry":{"type":"Point","coordinates":[-118.35975,42.94007]}},{"type":"Feature","properties":{"acq_date":"2026-07-27","acq_time":941,"confidence":"n","satellite":"N","instrument":"VIIRS","version":"2.0NRT","bright_ti4":299.53,"frp":1.51,"daynight":"N"},"geometry":{"type":"Point","coordinates":[-118.3964,42.94033]}},{"type":"Feature","properties":{"acq_date":"2026-07-27","acq_time":941,"confidence":"n","satellite":"N","instrument":"VIIRS","version":"2.0NRT","bright_ti4":304.35,"frp":1.63,"daynight":"N"},"geometry":{"type":"Point","coordinates":[-118.90275,42.94063]}},{"type":"Feature","properties":{"acq_date":"2026-07-27","acq_time":941,"confidence":"n","satellite":"N","instrument":"VIIRS","version":"2.0NRT","bright_ti4":296.24,"frp":3.51,"daynight":"N"},"geometry":{"type":"Point","coordinates":[-118.4091,42.94175]}},{"type":"Feature","properties":{"acq_date":"2026-07-27","acq_time":941,"confidence":"n","satellite":"N","instrument":"VIIRS","version":"2.0NRT","bright_ti4":298.43,"frp":1.3,"daynight":"N"},"geometry":{"type":"Point","coordinates":[-118.37766,42.94209]}},{"type":"Feature","properties":{"acq_date":"2026-07-27","acq_time":941,"confidence":"n","satellite":"N","instrument":"VIIRS","version":"2.0NRT","bright_ti4":300.14,"frp":3.51,"daynight":"N"},"geometry":{"type":"Point","coordinates":[-118.41534,42.94245]}},{"type":"Feature","properties":{"acq_date":"2026-07-27","acq_time":941,"confidence":"n","satellite":"N","instrument":"VIIRS","version":"2.0NRT","bright_ti4":299.41,"frp":0.85,"daynight":"N"},"geometry":{"type":"Point","coordinates":[-118.34771,42.94258]}},{"type":"Feature","properties":{"acq_date":"2026-07-27","acq_time":941,"confidence":"n","satellite":"N","instrument":"VIIRS","version":"2.0NRT","bright_ti4":300.66,"frp":0.85,"daynight":"N"},"geometry":{"type":"Point","coordinates":[-118.35313,42.94318]}},{"type":"Feature","properties":{"acq_date":"2026-07-27","acq_time":941,"confidence":"n","satellite":"N","instrument":"VIIRS","version":"2.0NRT","bright_ti4":321.43,"frp":1.74,"daynight":"N"},"geometry":{"type":"Point","coordinates":[-118.35883,42.94383]}},{"type":"Feature","properties":{"acq_date":"2026-07-27","acq_time":941,"confidence":"n","satellite":"N","instrument":"VIIRS","version":"2.0NRT","bright_ti4":311,"frp":1.62,"daynight":"N"},"geometry":{"type":"Point","coordinates":[-118.89599,42.94386]}},{"type":"Feature","properties":{"acq_date":"2026-07-27","acq_time":941,"confidence":"n","satellite":"N","instrument":"VIIRS","version":"2.0NRT","bright_ti4":313.12,"frp":1.62,"daynight":"N"},"geometry":{"type":"Point","coordinates":[-118.90186,42.94448]}},{"type":"Feature","properties":{"acq_date":"2026-07-27","acq_time":941,"confidence":"n","satellite":"N","instrument":"VIIRS","version":"2.0NRT","bright_ti4":299.72,"frp":1.03,"daynight":"N"},"geometry":{"type":"Point","coordinates":[-118.34637,42.945]}},{"type":"Feature","properties":{"acq_date":"2026-07-27","acq_time":941,"confidence":"n","satellite":"N","instrument":"VIIRS","version":"2.0NRT","bright_ti4":302.51,"frp":0.58,"daynight":"N"},"geometry":{"type":"Point","coordinates":[-118.44088,42.9453]}},{"type":"Feature","properties":{"acq_date":"2026-07-27","acq_time":941,"confidence":"n","satellite":"N","instrument":"VIIRS","version":"2.0NRT","bright_ti4":315.65,"frp":2.14,"daynight":"N"},"geometry":{"type":"Point","coordinates":[-118.35766,42.94622]}},{"type":"Feature","properties":{"acq_date":"2026-07-27","acq_time":941,"confidence":"n","satellite":"N","instrument":"VIIRS","version":"2.0NRT","bright_ti4":303.27,"frp":1.16,"daynight":"N"},"geometry":{"type":"Point","coordinates":[-118.34663,42.94631]}},{"type":"Feature","properties":{"acq_date":"2026-07-27","acq_time":941,"confidence":"n","satellite":"N","instrument":"VIIRS","version":"2.0NRT","bright_ti4":310.93,"frp":1.16,"daynight":"N"},"geometry":{"type":"Point","coordinates":[-118.35218,42.94693]}},{"type":"Feature","properties":{"acq_date":"2026-07-27","acq_time":941,"confidence":"n","satellite":"N","instrument":"VIIRS","version":"2.0NRT","bright_ti4":298.17,"frp":1.62,"daynight":"N"},"geometry":{"type":"Point","coordinates":[-118.89503,42.9477]}},{"type":"Feature","properties":{"acq_date":"2026-07-27","acq_time":941,"confidence":"n","satellite":"N","instrument":"VIIRS","version":"2.0NRT","bright_ti4":307.61,"frp":1.62,"daynight":"N"},"geometry":{"type":"Point","coordinates":[-118.90102,42.94833]}},{"type":"Feature","properties":{"acq_date":"2026-07-27","acq_time":941,"confidence":"n","satellite":"N","instrument":"VIIRS","version":"2.0NRT","bright_ti4":299.29,"frp":0.89,"daynight":"N"},"geometry":{"type":"Point","coordinates":[-118.43391,42.94839]}},{"type":"Feature","properties":{"acq_date":"2026-07-27","acq_time":941,"confidence":"n","satellite":"N","instrument":"VIIRS","version":"2.0NRT","bright_ti4":301.91,"frp":1.03,"daynight":"N"},"geometry":{"type":"Point","coordinates":[-118.34553,42.94875]}},{"type":"Feature","properties":{"acq_date":"2026-07-27","acq_time":941,"confidence":"n","satellite":"N","instrument":"VIIRS","version":"2.0NRT","bright_ti4":301.89,"frp":0.89,"daynight":"N"},"geometry":{"type":"Point","coordinates":[-118.44023,42.94909]}},{"type":"Feature","properties":{"acq_date":"2026-07-27","acq_time":941,"confidence":"n","satellite":"N","instrument":"VIIRS","version":"2.0NRT","bright_ti4":306.96,"frp":2.14,"daynight":"N"},"geometry":{"type":"Point","coordinates":[-118.35109,42.94936]}},{"type":"Feature","properties":{"acq_date":"2026-07-27","acq_time":941,"confidence":"n","satellite":"N","instrument":"VIIRS","version":"2.0NRT","bright_ti4":301.31,"frp":1.16,"daynight":"N"},"geometry":{"type":"Point","coordinates":[-118.35137,42.95069]}},{"type":"Feature","properties":{"acq_date":"2026-07-27","acq_time":941,"confidence":"n","satellite":"N","instrument":"VIIRS","version":"2.0NRT","bright_ti4":302.43,"frp":0.89,"daynight":"N"},"geometry":{"type":"Point","coordinates":[-118.43325,42.95218]}},{"type":"Feature","properties":{"acq_date":"2026-07-27","acq_time":941,"confidence":"n","satellite":"N","instrument":"VIIRS","version":"2.0NRT","bright_ti4":300.29,"frp":0.89,"daynight":"N"},"geometry":{"type":"Point","coordinates":[-118.43962,42.95289]}},{"type":"Feature","properties":{"acq_date":"2026-07-27","acq_time":941,"confidence":"n","satellite":"N","instrument":"VIIRS","version":"2.0NRT","bright_ti4":303.59,"frp":1.35,"daynight":"N"},"geometry":{"type":"Point","coordinates":[-118.43872,42.95493]}},{"type":"Feature","properties":{"acq_date":"2026-07-27","acq_time":941,"confidence":"n","satellite":"N","instrument":"VIIRS","version":"2.0NRT","bright_ti4":313.38,"frp":1.95,"daynight":"N"},"geometry":{"type":"Point","coordinates":[-118.46503,42.95573]}},{"type":"Feature","properties":{"acq_date":"2026-07-27","acq_time":941,"confidence":"n","satellite":"N","instrument":"VIIRS","version":"2.0NRT","bright_ti4":300.53,"frp":1.9,"daynight":"N"},"geometry":{"type":"Point","coordinates":[-118.47135,42.95644]}},{"type":"Feature","properties":{"acq_date":"2026-07-27","acq_time":941,"confidence":"n","satellite":"N","instrument":"VIIRS","version":"2.0NRT","bright_ti4":302.75,"frp":0.75,"daynight":"N"},"geometry":{"type":"Point","coordinates":[-118.43898,42.95669]}},{"type":"Feature","properties":{"acq_date":"2026-07-27","acq_time":941,"confidence":"n","satellite":"N","instrument":"VIIRS","version":"2.0NRT","bright_ti4":302.38,"frp":1.07,"daynight":"N"},"geometry":{"type":"Point","coordinates":[-118.4641,42.95764]}},{"type":"Feature","properties":{"acq_date":"2026-07-27","acq_time":941,"confidence":"n","satellite":"N","instrument":"VIIRS","version":"2.0NRT","bright_ti4":302.3,"frp":1.36,"daynight":"N"},"geometry":{"type":"Point","coordinates":[-118.4835,42.95779]}},{"type":"Feature","properties":{"acq_date":"2026-07-27","acq_time":941,"confidence":"n","satellite":"N","instrument":"VIIRS","version":"2.0NRT","bright_ti4":307.33,"frp":1.07,"daynight":"N"},"geometry":{"type":"Point","coordinates":[-118.47054,42.95832]}},{"type":"Feature","properties":{"acq_date":"2026-07-27","acq_time":941,"confidence":"n","satellite":"N","instrument":"VIIRS","version":"2.0NRT","bright_ti4":299.73,"frp":1.35,"daynight":"N"},"geometry":{"type":"Point","coordinates":[-118.43806,42.95872]}},{"type":"Feature","properties":{"acq_date":"2026-07-27","acq_time":941,"confidence":"n","satellite":"N","instrument":"VIIRS","version":"2.0NRT","bright_ti4":297.6,"frp":0.69,"daynight":"N"},"geometry":{"type":"Point","coordinates":[-118.46429,42.95952]}},{"type":"Feature","properties":{"acq_date":"2026-07-27","acq_time":941,"confidence":"n","satellite":"N","instrument":"VIIRS","version":"2.0NRT","bright_ti4":296.25,"frp":1.39,"daynight":"N"},"geometry":{"type":"Point","coordinates":[-118.48273,42.95963]}},{"type":"Feature","properties":{"acq_date":"2026-07-27","acq_time":941,"confidence":"n","satellite":"N","instrument":"VIIRS","version":"2.0NRT","bright_ti4":307.74,"frp":1.28,"daynight":"N"},"geometry":{"type":"Point","coordinates":[-118.47071,42.96024]}},{"type":"Feature","properties":{"acq_date":"2026-07-27","acq_time":941,"confidence":"n","satellite":"N","instrument":"VIIRS","version":"2.0NRT","bright_ti4":297.35,"frp":0.75,"daynight":"N"},"geometry":{"type":"Point","coordinates":[-118.43831,42.96048]}},{"type":"Feature","properties":{"acq_date":"2026-07-27","acq_time":941,"confidence":"n","satellite":"N","instrument":"VIIRS","version":"2.0NRT","bright_ti4":301.16,"frp":1.07,"daynight":"N"},"geometry":{"type":"Point","coordinates":[-118.46981,42.96212]}},{"type":"Feature","properties":{"acq_date":"2026-07-27","acq_time":941,"confidence":"n","satellite":"N","instrument":"VIIRS","version":"2.0NRT","bright_ti4":304.31,"frp":1.39,"daynight":"N"},"geometry":{"type":"Point","coordinates":[-118.47607,42.96278]}},{"type":"Feature","properties":{"acq_date":"2026-07-27","acq_time":941,"confidence":"n","satellite":"N","instrument":"VIIRS","version":"2.0NRT","bright_ti4":317.34,"frp":1.7,"daynight":"N"},"geometry":{"type":"Point","coordinates":[-118.26849,42.96341]}},{"type":"Feature","properties":{"acq_date":"2026-07-27","acq_time":941,"confidence":"n","satellite":"N","instrument":"VIIRS","version":"2.0NRT","bright_ti4":299.51,"frp":1.47,"daynight":"N"},"geometry":{"type":"Point","coordinates":[-118.3423,42.9638]}},{"type":"Feature","properties":{"acq_date":"2026-07-27","acq_time":941,"confidence":"n","satellite":"N","instrument":"VIIRS","version":"2.0NRT","bright_ti4":295.79,"frp":1.28,"daynight":"N"},"geometry":{"type":"Point","coordinates":[-118.47002,42.96403]}},{"type":"Feature","properties":{"acq_date":"2026-07-27","acq_time":941,"confidence":"n","satellite":"N","instrument":"VIIRS","version":"2.0NRT","bright_ti4":337.95,"frp":6.09,"daynight":"N"},"geometry":{"type":"Point","coordinates":[-118.27454,42.96408]}},{"type":"Feature","properties":{"acq_date":"2026-07-27","acq_time":941,"confidence":"n","satellite":"N","instrument":"VIIRS","version":"2.0NRT","bright_ti4":305.35,"frp":1.28,"daynight":"N"},"geometry":{"type":"Point","coordinates":[-118.47628,42.96473]}},{"type":"Feature","properties":{"acq_date":"2026-07-27","acq_time":941,"confidence":"n","satellite":"N","instrument":"VIIRS","version":"2.0NRT","bright_ti4":319.86,"frp":6.09,"daynight":"N"},"geometry":{"type":"Point","coordinates":[-118.28095,42.96478]}},{"type":"Feature","properties":{"acq_date":"2026-07-27","acq_time":941,"confidence":"n","satellite":"N","instrument":"VIIRS","version":"2.0NRT","bright_ti4":301.39,"frp":1.95,"daynight":"N"},"geometry":{"type":"Point","coordinates":[-118.48846,42.96609]}},{"type":"Feature","properties":{"acq_date":"2026-07-27","acq_time":941,"confidence":"n","satellite":"N","instrument":"VIIRS","version":"2.0NRT","bright_ti4":299.02,"frp":1.08,"daynight":"N"},"geometry":{"type":"Point","coordinates":[-118.47545,42.96659]}},{"type":"Feature","properties":{"acq_date":"2026-07-27","acq_time":941,"confidence":"n","satellite":"N","instrument":"VIIRS","version":"2.0NRT","bright_ti4":305.75,"frp":0.91,"daynight":"N"},"geometry":{"type":"Point","coordinates":[-118.26762,42.96716]}},{"type":"Feature","properties":{"acq_date":"2026-07-27","acq_time":941,"confidence":"n","satellite":"N","instrument":"VIIRS","version":"2.0NRT","bright_ti4":311.42,"frp":1.69,"daynight":"N"},"geometry":{"type":"Point","coordinates":[-118.27362,42.96782]}},{"type":"Feature","properties":{"acq_date":"2026-07-27","acq_time":941,"confidence":"n","satellite":"N","instrument":"VIIRS","version":"2.0NRT","bright_ti4":335.1,"frp":2.28,"daynight":"N"},"geometry":{"type":"Point","coordinates":[-118.48763,42.9679]}},{"type":"Feature","properties":{"acq_date":"2026-07-27","acq_time":941,"confidence":"n","satellite":"N","instrument":"VIIRS","version":"2.0NRT","bright_ti4":296.25,"frp":1.36,"daynight":"N"},"geometry":{"type":"Point","coordinates":[-118.47564,42.96854]}},{"type":"Feature","properties":{"acq_date":"2026-07-27","acq_time":941,"confidence":"n","satellite":"N","instrument":"VIIRS","version":"2.0NRT","bright_ti4":303.98,"frp":2.28,"daynight":"N"},"geometry":{"type":"Point","coordinates":[-118.49393,42.96857]}},{"type":"Feature","properties":{"acq_date":"2026-07-27","acq_time":941,"confidence":"n","satellite":"N","instrument":"VIIRS","version":"2.0NRT","bright_ti4":331.71,"frp":3.09,"daynight":"N"},"geometry":{"type":"Point","coordinates":[-118.48784,42.9699]}},{"type":"Feature","properties":{"acq_date":"2026-07-27","acq_time":941,"confidence":"n","satellite":"N","instrument":"VIIRS","version":"2.0NRT","bright_ti4":295.19,"frp":1.08,"daynight":"N"},"geometry":{"type":"Point","coordinates":[-118.47478,42.97038]}},{"type":"Feature","properties":{"acq_date":"2026-07-27","acq_time":941,"confidence":"n","satellite":"N","instrument":"VIIRS","version":"2.0NRT","bright_ti4":317.56,"frp":2.78,"daynight":"N"},"geometry":{"type":"Point","coordinates":[-118.49409,42.9706]}},{"type":"Feature","properties":{"acq_date":"2026-07-27","acq_time":941,"confidence":"n","satellite":"N","instrument":"VIIRS","version":"2.0NRT","bright_ti4":301.33,"frp":2.28,"daynight":"N"},"geometry":{"type":"Point","coordinates":[-118.48704,42.9717]}},{"type":"Feature","properties":{"acq_date":"2026-07-27","acq_time":941,"confidence":"n","satellite":"N","instrument":"VIIRS","version":"2.0NRT","bright_ti4":318.07,"frp":2.28,"daynight":"N"},"geometry":{"type":"Point","coordinates":[-118.49328,42.97237]}},{"type":"Feature","properties":{"acq_date":"2026-07-27","acq_time":941,"confidence":"n","satellite":"N","instrument":"VIIRS","version":"2.0NRT","bright_ti4":298.25,"frp":3.09,"daynight":"N"},"geometry":{"type":"Point","coordinates":[-118.48721,42.9737]}},{"type":"Feature","properties":{"acq_date":"2026-07-27","acq_time":941,"confidence":"n","satellite":"N","instrument":"VIIRS","version":"2.0NRT","bright_ti4":323.01,"frp":2.45,"daynight":"N"},"geometry":{"type":"Point","coordinates":[-118.86216,42.98755]}},{"type":"Feature","properties":{"acq_date":"2026-07-27","acq_time":941,"confidence":"n","satellite":"N","instrument":"VIIRS","version":"2.0NRT","bright_ti4":309.85,"frp":2.45,"daynight":"N"},"geometry":{"type":"Point","coordinates":[-118.86137,42.9914]}},{"type":"Feature","properties":{"acq_date":"2026-07-27","acq_time":941,"confidence":"n","satellite":"N","instrument":"VIIRS","version":"2.0NRT","bright_ti4":306.26,"frp":12.72,"daynight":"N"},"geometry":{"type":"Point","coordinates":[-118.49617,42.99205]}},{"type":"Feature","properties":{"acq_date":"2026-07-27","acq_time":941,"confidence":"n","satellite":"N","instrument":"VIIRS","version":"2.0NRT","bright_ti4":341.43,"frp":12.72,"daynight":"N"},"geometry":{"type":"Point","coordinates":[-118.50269,42.99275]}},{"type":"Feature","properties":{"acq_date":"2026-07-27","acq_time":941,"confidence":"n","satellite":"N","instrument":"VIIRS","version":"2.0NRT","bright_ti4":297.31,"frp":1.08,"daynight":"N"},"geometry":{"type":"Point","coordinates":[-118.48917,42.99517]}},{"type":"Feature","properties":{"acq_date":"2026-07-27","acq_time":941,"confidence":"n","satellite":"N","instrument":"VIIRS","version":"2.0NRT","bright_ti4":299.94,"frp":12.72,"daynight":"N"},"geometry":{"type":"Point","coordinates":[-118.49542,42.99585]}},{"type":"Feature","properties":{"acq_date":"2026-07-27","acq_time":941,"confidence":"n","satellite":"N","instrument":"VIIRS","version":"2.0NRT","bright_ti4":296.98,"frp":0.78,"daynight":"N"},"geometry":{"type":"Point","coordinates":[-118.32243,42.99627]}},{"type":"Feature","properties":{"acq_date":"2026-07-27","acq_time":941,"confidence":"n","satellite":"N","instrument":"VIIRS","version":"2.0NRT","bright_ti4":356.33,"frp":12.72,"daynight":"N"},"geometry":{"type":"Point","coordinates":[-118.5019,42.99654]}},{"type":"Feature","properties":{"acq_date":"2026-07-27","acq_time":941,"confidence":"n","satellite":"N","instrument":"VIIRS","version":"2.0NRT","bright_ti4":305.78,"frp":1.03,"daynight":"N"},"geometry":{"type":"Point","coordinates":[-118.50104,43.00033]}},{"type":"Feature","properties":{"acq_date":"2026-07-27","acq_time":941,"confidence":"n","satellite":"N","instrument":"VIIRS","version":"2.0NRT","bright_ti4":309.53,"frp":1.71,"daynight":"N"},"geometry":{"type":"Point","coordinates":[-118.50755,43.00103]}},{"type":"Feature","properties":{"acq_date":"2026-07-27","acq_time":941,"confidence":"n","satellite":"N","instrument":"VIIRS","version":"2.0NRT","bright_ti4":295.79,"frp":1.03,"daynight":"N"},"geometry":{"type":"Point","coordinates":[-118.49407,43.00345]}},{"type":"Feature","properties":{"acq_date":"2026-07-27","acq_time":941,"confidence":"n","satellite":"N","instrument":"VIIRS","version":"2.0NRT","bright_ti4":299.41,"frp":1.03,"daynight":"N"},"geometry":{"type":"Point","coordinates":[-118.50023,43.00412]}},{"type":"Feature","properties":{"acq_date":"2026-07-27","acq_time":941,"confidence":"n","satellite":"N","instrument":"VIIRS","version":"2.0NRT","bright_ti4":323.33,"frp":1.96,"daynight":"N"},"geometry":{"type":"Point","coordinates":[-118.26012,43.00473]}},{"type":"Feature","properties":{"acq_date":"2026-07-27","acq_time":941,"confidence":"n","satellite":"N","instrument":"VIIRS","version":"2.0NRT","bright_ti4":317.83,"frp":1.71,"daynight":"N"},"geometry":{"type":"Point","coordinates":[-118.50667,43.00481]}},{"type":"Feature","properties":{"acq_date":"2026-07-27","acq_time":941,"confidence":"n","satellite":"N","instrument":"VIIRS","version":"2.0NRT","bright_ti4":306.28,"frp":1.96,"daynight":"N"},"geometry":{"type":"Point","coordinates":[-118.25926,43.00848]}},{"type":"Feature","properties":{"acq_date":"2026-07-27","acq_time":941,"confidence":"n","satellite":"N","instrument":"VIIRS","version":"2.0NRT","bright_ti4":310.53,"frp":1.61,"daynight":"N"},"geometry":{"type":"Point","coordinates":[-118.34475,43.01029]}},{"type":"Feature","properties":{"acq_date":"2026-07-27","acq_time":941,"confidence":"n","satellite":"N","instrument":"VIIRS","version":"2.0NRT","bright_ti4":316.08,"frp":2.78,"daynight":"N"},"geometry":{"type":"Point","coordinates":[-118.31373,43.0107]}},{"type":"Feature","properties":{"acq_date":"2026-07-27","acq_time":941,"confidence":"n","satellite":"N","instrument":"VIIRS","version":"2.0NRT","bright_ti4":318.85,"frp":1.63,"daynight":"N"},"geometry":{"type":"Point","coordinates":[-118.34427,43.01409]}},{"type":"Feature","properties":{"acq_date":"2026-07-27","acq_time":941,"confidence":"n","satellite":"N","instrument":"VIIRS","version":"2.0NRT","bright_ti4":304.45,"frp":1.79,"daynight":"N"},"geometry":{"type":"Point","coordinates":[-118.35047,43.01477]}},{"type":"Feature","properties":{"acq_date":"2026-07-27","acq_time":941,"confidence":"n","satellite":"N","instrument":"VIIRS","version":"2.0NRT","bright_ti4":298.44,"frp":1.63,"daynight":"N"},"geometry":{"type":"Point","coordinates":[-118.34397,43.01791]}},{"type":"Feature","properties":{"acq_date":"2026-07-27","acq_time":941,"confidence":"n","satellite":"N","instrument":"VIIRS","version":"2.0NRT","bright_ti4":305.51,"frp":1.42,"daynight":"N"},"geometry":{"type":"Point","coordinates":[-118.49165,43.01869]}},{"type":"Feature","properties":{"acq_date":"2026-07-27","acq_time":941,"confidence":"n","satellite":"N","instrument":"VIIRS","version":"2.0NRT","bright_ti4":299.9,"frp":1.42,"daynight":"N"},"geometry":{"type":"Point","coordinates":[-118.49786,43.01937]}},{"type":"Feature","properties":{"acq_date":"2026-07-27","acq_time":941,"confidence":"n","satellite":"N","instrument":"VIIRS","version":"2.0NRT","bright_ti4":305.32,"frp":1.59,"daynight":"N"},"geometry":{"type":"Point","coordinates":[-118.49732,43.02319]}},{"type":"Feature","properties":{"acq_date":"2026-07-27","acq_time":941,"confidence":"n","satellite":"N","instrument":"VIIRS","version":"2.0NRT","bright_ti4":309.83,"frp":1.88,"daynight":"N"},"geometry":{"type":"Point","coordinates":[-118.50341,43.02385]}},{"type":"Feature","properties":{"acq_date":"2026-07-27","acq_time":941,"confidence":"n","satellite":"N","instrument":"VIIRS","version":"2.0NRT","bright_ti4":298.31,"frp":1.59,"daynight":"N"},"geometry":{"type":"Point","coordinates":[-118.49663,43.02699]}},{"type":"Feature","properties":{"acq_date":"2026-07-27","acq_time":941,"confidence":"n","satellite":"N","instrument":"VIIRS","version":"2.0NRT","bright_ti4":301.79,"frp":1.91,"daynight":"N"},"geometry":{"type":"Point","coordinates":[-118.29056,43.02735]}},{"type":"Feature","properties":{"acq_date":"2026-07-27","acq_time":941,"confidence":"n","satellite":"N","instrument":"VIIRS","version":"2.0NRT","bright_ti4":318.75,"frp":1.51,"daynight":"N"},"geometry":{"type":"Point","coordinates":[-118.29697,43.02807]}},{"type":"Feature","properties":{"acq_date":"2026-07-27","acq_time":941,"confidence":"n","satellite":"N","instrument":"VIIRS","version":"2.0NRT","bright_ti4":297,"frp":1.08,"daynight":"N"},"geometry":{"type":"Point","coordinates":[-118.49582,43.03078]}},{"type":"Feature","properties":{"acq_date":"2026-07-27","acq_time":941,"confidence":"n","satellite":"N","instrument":"VIIRS","version":"2.0NRT","bright_ti4":321.56,"frp":2.85,"daynight":"N"},"geometry":{"type":"Point","coordinates":[-118.50243,43.03151]}},{"type":"Feature","properties":{"acq_date":"2026-07-27","acq_time":941,"confidence":"n","satellite":"N","instrument":"VIIRS","version":"2.0NRT","bright_ti4":303.57,"frp":0.67,"daynight":"N"},"geometry":{"type":"Point","coordinates":[-118.2961,43.03182]}},{"type":"Feature","properties":{"acq_date":"2026-07-27","acq_time":941,"confidence":"n","satellite":"N","instrument":"VIIRS","version":"2.0NRT","bright_ti4":303.96,"frp":1.2,"daynight":"N"},"geometry":{"type":"Point","coordinates":[-118.83965,43.03242]}},{"type":"Feature","properties":{"acq_date":"2026-07-27","acq_time":941,"confidence":"n","satellite":"N","instrument":"VIIRS","version":"2.0NRT","bright_ti4":296.65,"frp":0.97,"daynight":"N"},"geometry":{"type":"Point","coordinates":[-118.48151,43.0331]}},{"type":"Feature","properties":{"acq_date":"2026-07-27","acq_time":941,"confidence":"n","satellite":"N","instrument":"VIIRS","version":"2.0NRT","bright_ti4":301.41,"frp":1.08,"daynight":"N"},"geometry":{"type":"Point","coordinates":[-118.49483,43.03455]}},{"type":"Feature","properties":{"acq_date":"2026-07-27","acq_time":941,"confidence":"n","satellite":"N","instrument":"VIIRS","version":"2.0NRT","bright_ti4":318.07,"frp":2.85,"daynight":"N"},"geometry":{"type":"Point","coordinates":[-118.50157,43.03529]}},{"type":"Feature","properties":{"acq_date":"2026-07-27","acq_time":941,"confidence":"n","satellite":"N","instrument":"VIIRS","version":"2.0NRT","bright_ti4":297.02,"frp":0.67,"daynight":"N"},"geometry":{"type":"Point","coordinates":[-118.29531,43.03558]}},{"type":"Feature","properties":{"acq_date":"2026-07-27","acq_time":941,"confidence":"n","satellite":"N","instrument":"VIIRS","version":"2.0NRT","bright_ti4":298.3,"frp":0.67,"daynight":"N"},"geometry":{"type":"Point","coordinates":[-118.3019,43.03632]}},{"type":"Feature","properties":{"acq_date":"2026-07-27","acq_time":941,"confidence":"n","satellite":"N","instrument":"VIIRS","version":"2.0NRT","bright_ti4":303.69,"frp":1.37,"daynight":"N"},"geometry":{"type":"Point","coordinates":[-118.8454,43.03696]}},{"type":"Feature","properties":{"acq_date":"2026-07-27","acq_time":941,"confidence":"n","satellite":"N","instrument":"VIIRS","version":"2.0NRT","bright_ti4":315.76,"frp":1.68,"daynight":"N"},"geometry":{"type":"Point","coordinates":[-118.50064,43.03907]}},{"type":"Feature","properties":{"acq_date":"2026-07-27","acq_time":941,"confidence":"n","satellite":"N","instrument":"VIIRS","version":"2.0NRT","bright_ti4":297.11,"frp":1.08,"daynight":"N"},"geometry":{"type":"Point","coordinates":[-118.48631,43.04137]}},{"type":"Feature","properties":{"acq_date":"2026-07-27","acq_time":941,"confidence":"n","satellite":"N","instrument":"VIIRS","version":"2.0NRT","bright_ti4":300.61,"frp":1.08,"daynight":"N"},"geometry":{"type":"Point","coordinates":[-118.49295,43.0421]}},{"type":"Feature","properties":{"acq_date":"2026-07-27","acq_time":941,"confidence":"n","satellite":"N","instrument":"VIIRS","version":"2.0NRT","bright_ti4":301.63,"frp":1.68,"daynight":"N"},"geometry":{"type":"Point","coordinates":[-118.49969,43.04284]}},{"type":"Feature","properties":{"acq_date":"2026-07-27","acq_time":941,"confidence":"n","satellite":"N","instrument":"VIIRS","version":"2.0NRT","bright_ti4":296.8,"frp":1.6,"daynight":"N"},"geometry":{"type":"Point","coordinates":[-118.46612,43.04302]}},{"type":"Feature","properties":{"acq_date":"2026-07-27","acq_time":941,"confidence":"n","satellite":"N","instrument":"VIIRS","version":"2.0NRT","bright_ti4":305.13,"frp":1.01,"daynight":"N"},"geometry":{"type":"Point","coordinates":[-118.30714,43.04461]}},{"type":"Feature","properties":{"acq_date":"2026-07-27","acq_time":941,"confidence":"n","satellite":"N","instrument":"VIIRS","version":"2.0NRT","bright_ti4":310.56,"frp":0.95,"daynight":"N"},"geometry":{"type":"Point","coordinates":[-118.4921,43.04589]}},{"type":"Feature","properties":{"acq_date":"2026-07-27","acq_time":941,"confidence":"n","satellite":"N","instrument":"VIIRS","version":"2.0NRT","bright_ti4":298.86,"frp":1.23,"daynight":"N"},"geometry":{"type":"Point","coordinates":[-118.49876,43.04662]}},{"type":"Feature","properties":{"acq_date":"2026-07-27","acq_time":941,"confidence":"n","satellite":"N","instrument":"VIIRS","version":"2.0NRT","bright_ti4":301.03,"frp":0.91,"daynight":"N"},"geometry":{"type":"Point","coordinates":[-118.23843,43.04837]}},{"type":"Feature","properties":{"acq_date":"2026-07-27","acq_time":941,"confidence":"n","satellite":"N","instrument":"VIIRS","version":"2.0NRT","bright_ti4":298.69,"frp":0.62,"daynight":"N"},"geometry":{"type":"Point","coordinates":[-118.23884,43.04842]}},{"type":"Feature","properties":{"acq_date":"2026-07-27","acq_time":941,"confidence":"n","satellite":"N","instrument":"VIIRS","version":"2.0NRT","bright_ti4":295.42,"frp":1.53,"daynight":"N"},"geometry":{"type":"Point","coordinates":[-118.44598,43.04854]}},{"type":"Feature","properties":{"acq_date":"2026-07-27","acq_time":941,"confidence":"n","satellite":"N","instrument":"VIIRS","version":"2.0NRT","bright_ti4":295.47,"frp":2.31,"daynight":"N"},"geometry":{"type":"Point","coordinates":[-118.45835,43.04992]}},{"type":"Feature","properties":{"acq_date":"2026-07-27","acq_time":941,"confidence":"n","satellite":"N","instrument":"VIIRS","version":"2.0NRT","bright_ti4":298.09,"frp":2.31,"daynight":"N"},"geometry":{"type":"Point","coordinates":[-118.4647,43.05061]}},{"type":"Feature","properties":{"acq_date":"2026-07-27","acq_time":941,"confidence":"n","satellite":"N","instrument":"VIIRS","version":"2.0NRT","bright_ti4":301.25,"frp":1.66,"daynight":"N"},"geometry":{"type":"Point","coordinates":[-118.40071,43.05124]}},{"type":"Feature","properties":{"acq_date":"2026-07-27","acq_time":941,"confidence":"n","satellite":"N","instrument":"VIIRS","version":"2.0NRT","bright_ti4":305.8,"frp":1.13,"daynight":"N"},"geometry":{"type":"Point","coordinates":[-118.41245,43.05255]}},{"type":"Feature","properties":{"acq_date":"2026-07-27","acq_time":941,"confidence":"n","satellite":"N","instrument":"VIIRS","version":"2.0NRT","bright_ti4":316.43,"frp":1.53,"daynight":"N"},"geometry":{"type":"Point","coordinates":[-118.45168,43.05305]}},{"type":"Feature","properties":{"acq_date":"2026-07-27","acq_time":941,"confidence":"n","satellite":"N","instrument":"VIIRS","version":"2.0NRT","bright_ti4":297.4,"frp":0.87,"daynight":"N"},"geometry":{"type":"Point","coordinates":[-118.4183,43.0532]}},{"type":"Feature","properties":{"acq_date":"2026-07-27","acq_time":941,"confidence":"n","satellite":"N","instrument":"VIIRS","version":"2.0NRT","bright_ti4":316.44,"frp":2.31,"daynight":"N"},"geometry":{"type":"Point","coordinates":[-118.45787,43.05373]}},{"type":"Feature","properties":{"acq_date":"2026-07-27","acq_time":941,"confidence":"n","satellite":"N","instrument":"VIIRS","version":"2.0NRT","bright_ti4":336.98,"frp":2.31,"daynight":"N"},"geometry":{"type":"Point","coordinates":[-118.4641,43.05442]}},{"type":"Feature","properties":{"acq_date":"2026-07-27","acq_time":941,"confidence":"n","satellite":"N","instrument":"VIIRS","version":"2.0NRT","bright_ti4":301.67,"frp":1.13,"daynight":"N"},"geometry":{"type":"Point","coordinates":[-118.40617,43.05571]}},{"type":"Feature","properties":{"acq_date":"2026-07-27","acq_time":941,"confidence":"n","satellite":"N","instrument":"VIIRS","version":"2.0NRT","bright_ti4":304.93,"frp":1.01,"daynight":"N"},"geometry":{"type":"Point","coordinates":[-118.45103,43.05685]}},{"type":"Feature","properties":{"acq_date":"2026-07-27","acq_time":941,"confidence":"n","satellite":"N","instrument":"VIIRS","version":"2.0NRT","bright_ti4":319.89,"frp":3.43,"daynight":"N"},"geometry":{"type":"Point","coordinates":[-118.4637,43.05826]}},{"type":"Feature","properties":{"acq_date":"2026-07-27","acq_time":941,"confidence":"n","satellite":"N","instrument":"VIIRS","version":"2.0NRT","bright_ti4":298.6,"frp":0.9,"daynight":"N"},"geometry":{"type":"Point","coordinates":[-118.40548,43.05873]}},{"type":"Feature","properties":{"acq_date":"2026-07-27","acq_time":941,"confidence":"n","satellite":"N","instrument":"VIIRS","version":"2.0NRT","bright_ti4":311.84,"frp":3.04,"daynight":"N"},"geometry":{"type":"Point","coordinates":[-118.24157,43.06024]}},{"type":"Feature","properties":{"acq_date":"2026-07-27","acq_time":941,"confidence":"n","satellite":"N","instrument":"VIIRS","version":"2.0NRT","bright_ti4":345.67,"frp":4.51,"daynight":"N"},"geometry":{"type":"Point","coordinates":[-118.24728,43.06087]}},{"type":"Feature","properties":{"acq_date":"2026-07-27","acq_time":941,"confidence":"n","satellite":"N","instrument":"VIIRS","version":"2.0NRT","bright_ti4":301.62,"frp":4.51,"daynight":"N"},"geometry":{"type":"Point","coordinates":[-118.25292,43.06149]}},{"type":"Feature","properties":{"acq_date":"2026-07-27","acq_time":941,"confidence":"n","satellite":"N","instrument":"VIIRS","version":"2.0NRT","bright_ti4":325.69,"frp":3.57,"daynight":"N"},"geometry":{"type":"Point","coordinates":[-118.2349,43.06335]}},{"type":"Feature","properties":{"acq_date":"2026-07-27","acq_time":941,"confidence":"n","satellite":"N","instrument":"VIIRS","version":"2.0NRT","bright_ti4":337.05,"frp":3.57,"daynight":"N"},"geometry":{"type":"Point","coordinates":[-118.24079,43.064]}},{"type":"Feature","properties":{"acq_date":"2026-07-27","acq_time":941,"confidence":"n","satellite":"N","instrument":"VIIRS","version":"2.0NRT","bright_ti4":317.98,"frp":2.88,"daynight":"N"},"geometry":{"type":"Point","coordinates":[-118.2466,43.06464]}},{"type":"Feature","properties":{"acq_date":"2026-07-27","acq_time":941,"confidence":"n","satellite":"N","instrument":"VIIRS","version":"2.0NRT","bright_ti4":316.05,"frp":3.07,"daynight":"N"},"geometry":{"type":"Point","coordinates":[-118.88222,43.08817]}},{"type":"Feature","properties":{"acq_date":"2026-07-27","acq_time":941,"confidence":"n","satellite":"N","instrument":"VIIRS","version":"2.0NRT","bright_ti4":318.7,"frp":3.07,"daynight":"N"},"geometry":{"type":"Point","coordinates":[-118.88148,43.09204]}},{"type":"Feature","properties":{"acq_date":"2026-07-27","acq_time":941,"confidence":"n","satellite":"N","instrument":"VIIRS","version":"2.0NRT","bright_ti4":319.75,"frp":3.65,"daynight":"N"},"geometry":{"type":"Point","coordinates":[-118.88802,43.09274]}},{"type":"Feature","properties":{"acq_date":"2026-07-27","acq_time":941,"confidence":"n","satellite":"N","instrument":"VIIRS","version":"2.0NRT","bright_ti4":306.41,"frp":3.65,"daynight":"N"},"geometry":{"type":"Point","coordinates":[-118.89456,43.09344]}},{"type":"Feature","properties":{"acq_date":"2026-07-27","acq_time":941,"confidence":"n","satellite":"N","instrument":"VIIRS","version":"2.0NRT","bright_ti4":296.51,"frp":1.26,"daynight":"N"},"geometry":{"type":"Point","coordinates":[-118.88074,43.09591]}},{"type":"Feature","properties":{"acq_date":"2026-07-27","acq_time":941,"confidence":"n","satellite":"N","instrument":"VIIRS","version":"2.0NRT","bright_ti4":320.34,"frp":2.33,"daynight":"N"},"geometry":{"type":"Point","coordinates":[-118.89387,43.09732]}},{"type":"Feature","properties":{"acq_date":"2026-07-27","acq_time":941,"confidence":"n","satellite":"N","instrument":"VIIRS","version":"2.0NRT","bright_ti4":304.68,"frp":2.33,"daynight":"N"},"geometry":{"type":"Point","coordinates":[-118.88657,43.10048]}},{"type":"Feature","properties":{"acq_date":"2026-07-27","acq_time":941,"confidence":"n","satellite":"N","instrument":"VIIRS","version":"2.0NRT","bright_ti4":309.05,"frp":2.33,"daynight":"N"},"geometry":{"type":"Point","coordinates":[-118.89313,43.10118]}},{"type":"Feature","properties":{"acq_date":"2026-07-27","acq_time":941,"confidence":"n","satellite":"N","instrument":"VIIRS","version":"2.0NRT","bright_ti4":334.21,"frp":7.12,"daynight":"N"},"geometry":{"type":"Point","coordinates":[-118.8996,43.10188]}},{"type":"Feature","properties":{"acq_date":"2026-07-27","acq_time":941,"confidence":"n","satellite":"N","instrument":"VIIRS","version":"2.0NRT","bright_ti4":302.24,"frp":1.06,"daynight":"N"},"geometry":{"type":"Point","coordinates":[-118.8924,43.10505]}},{"type":"Feature","properties":{"acq_date":"2026-07-27","acq_time":941,"confidence":"n","satellite":"N","instrument":"VIIRS","version":"2.0NRT","bright_ti4":308.86,"frp":2.2,"daynight":"N"},"geometry":{"type":"Point","coordinates":[-118.8989,43.10575]}},{"type":"Feature","properties":{"acq_date":"2026-07-27","acq_time":941,"confidence":"n","satellite":"N","instrument":"VIIRS","version":"2.0NRT","bright_ti4":300.65,"frp":0.78,"daynight":"N"},"geometry":{"type":"Point","coordinates":[-122.55663,43.10939]}},{"type":"Feature","properties":{"acq_date":"2026-07-27","acq_time":941,"confidence":"n","satellite":"N","instrument":"VIIRS","version":"2.0NRT","bright_ti4":295.48,"frp":0.78,"daynight":"N"},"geometry":{"type":"Point","coordinates":[-122.56293,43.10987]}},{"type":"Feature","properties":{"acq_date":"2026-07-27","acq_time":941,"confidence":"n","satellite":"N","instrument":"VIIRS","version":"2.0NRT","bright_ti4":303.25,"frp":1.25,"daynight":"N"},"geometry":{"type":"Point","coordinates":[-122.56962,43.11036]}},{"type":"Feature","properties":{"acq_date":"2026-07-27","acq_time":941,"confidence":"n","satellite":"N","instrument":"VIIRS","version":"2.0NRT","bright_ti4":295.59,"frp":0.67,"daynight":"N"},"geometry":{"type":"Point","coordinates":[-122.53575,43.11253]}},{"type":"Feature","properties":{"acq_date":"2026-07-27","acq_time":941,"confidence":"n","satellite":"N","instrument":"VIIRS","version":"2.0NRT","bright_ti4":303.98,"frp":1.76,"daynight":"N"},"geometry":{"type":"Point","coordinates":[-122.5544,43.11394]}},{"type":"Feature","properties":{"acq_date":"2026-07-27","acq_time":941,"confidence":"n","satellite":"N","instrument":"VIIRS","version":"2.0NRT","bright_ti4":295.19,"frp":2.62,"daynight":"N"},"geometry":{"type":"Point","coordinates":[-122.5677,43.11493]}},{"type":"Feature","properties":{"acq_date":"2026-07-27","acq_time":941,"confidence":"n","satellite":"N","instrument":"VIIRS","version":"2.0NRT","bright_ti4":313.42,"frp":1.95,"daynight":"N"},"geometry":{"type":"Point","coordinates":[-122.57059,43.11552]}},{"type":"Feature","properties":{"acq_date":"2026-07-27","acq_time":941,"confidence":"n","satellite":"N","instrument":"VIIRS","version":"2.0NRT","bright_ti4":303.15,"frp":2.34,"daynight":"N"},"geometry":{"type":"Point","coordinates":[-122.54023,43.11757]}},{"type":"Feature","properties":{"acq_date":"2026-07-27","acq_time":941,"confidence":"n","satellite":"N","instrument":"VIIRS","version":"2.0NRT","bright_ti4":301.11,"frp":1.88,"daynight":"N"},"geometry":{"type":"Point","coordinates":[-122.5422,43.11826]}},{"type":"Feature","properties":{"acq_date":"2026-07-27","acq_time":941,"confidence":"n","satellite":"N","instrument":"VIIRS","version":"2.0NRT","bright_ti4":322.65,"frp":2.62,"daynight":"N"},"geometry":{"type":"Point","coordinates":[-122.56637,43.11955]}},{"type":"Feature","properties":{"acq_date":"2026-07-27","acq_time":941,"confidence":"n","satellite":"N","instrument":"VIIRS","version":"2.0NRT","bright_ti4":314,"frp":1.95,"daynight":"N"},"geometry":{"type":"Point","coordinates":[-122.56964,43.12017]}},{"type":"Feature","properties":{"acq_date":"2026-07-27","acq_time":941,"confidence":"n","satellite":"N","instrument":"VIIRS","version":"2.0NRT","bright_ti4":303.01,"frp":1.35,"daynight":"N"},"geometry":{"type":"Point","coordinates":[-122.55348,43.12376]}},{"type":"Feature","properties":{"acq_date":"2026-07-27","acq_time":941,"confidence":"n","satellite":"N","instrument":"VIIRS","version":"2.0NRT","bright_ti4":295.32,"frp":1.14,"daynight":"N"},"geometry":{"type":"Point","coordinates":[-122.56575,43.12421]}},{"type":"Feature","properties":{"acq_date":"2026-07-27","acq_time":941,"confidence":"n","satellite":"N","instrument":"VIIRS","version":"2.0NRT","bright_ti4":295.96,"frp":1.14,"daynight":"N"},"geometry":{"type":"Point","coordinates":[-122.57479,43.1249]}},{"type":"Feature","properties":{"acq_date":"2026-07-27","acq_time":941,"confidence":"n","satellite":"N","instrument":"VIIRS","version":"2.0NRT","bright_ti4":300.8,"frp":1.19,"daynight":"N"},"geometry":{"type":"Point","coordinates":[-122.57766,43.12543]}},{"type":"Feature","properties":{"acq_date":"2026-07-27","acq_time":941,"confidence":"n","satellite":"N","instrument":"VIIRS","version":"2.0NRT","bright_ti4":310.83,"frp":3.1,"daynight":"N"},"geometry":{"type":"Point","coordinates":[-122.55151,43.12784]}},{"type":"Feature","properties":{"acq_date":"2026-07-27","acq_time":941,"confidence":"n","satellite":"N","instrument":"VIIRS","version":"2.0NRT","bright_ti4":305.85,"frp":1.35,"daynight":"N"},"geometry":{"type":"Point","coordinates":[-122.55436,43.12852]}},{"type":"Feature","properties":{"acq_date":"2026-07-27","acq_time":941,"confidence":"n","satellite":"N","instrument":"VIIRS","version":"2.0NRT","bright_ti4":302.22,"frp":1.14,"daynight":"N"},"geometry":{"type":"Point","coordinates":[-122.56589,43.12894]}},{"type":"Feature","properties":{"acq_date":"2026-07-27","acq_time":941,"confidence":"n","satellite":"N","instrument":"VIIRS","version":"2.0NRT","bright_ti4":317.48,"frp":2.39,"daynight":"N"},"geometry":{"type":"Point","coordinates":[-122.56072,43.12897]}},{"type":"Feature","properties":{"acq_date":"2026-07-27","acq_time":941,"confidence":"n","satellite":"N","instrument":"VIIRS","version":"2.0NRT","bright_ti4":303.68,"frp":2.39,"daynight":"N"},"geometry":{"type":"Point","coordinates":[-122.56912,43.12955]}},{"type":"Feature","properties":{"acq_date":"2026-07-27","acq_time":941,"confidence":"n","satellite":"N","instrument":"VIIRS","version":"2.0NRT","bright_ti4":314.97,"frp":1.14,"daynight":"N"},"geometry":{"type":"Point","coordinates":[-122.57427,43.12957]}},{"type":"Feature","properties":{"acq_date":"2026-07-27","acq_time":941,"confidence":"n","satellite":"N","instrument":"VIIRS","version":"2.0NRT","bright_ti4":310.69,"frp":1.19,"daynight":"N"},"geometry":{"type":"Point","coordinates":[-122.57691,43.13009]}},{"type":"Feature","properties":{"acq_date":"2026-07-27","acq_time":941,"confidence":"n","satellite":"N","instrument":"VIIRS","version":"2.0NRT","bright_ti4":310.92,"frp":1.67,"daynight":"N"},"geometry":{"type":"Point","coordinates":[-122.55915,43.13314]}},{"type":"Feature","properties":{"acq_date":"2026-07-27","acq_time":941,"confidence":"n","satellite":"N","instrument":"VIIRS","version":"2.0NRT","bright_ti4":296.13,"frp":0.55,"daynight":"N"},"geometry":{"type":"Point","coordinates":[-122.56647,43.1337]}},{"type":"Feature","properties":{"acq_date":"2026-07-27","acq_time":941,"confidence":"n","satellite":"N","instrument":"VIIRS","version":"2.0NRT","bright_ti4":308.66,"frp":1.85,"daynight":"N"},"geometry":{"type":"Point","coordinates":[-118.11597,43.14935]}},{"type":"Feature","properties":{"acq_date":"2026-07-27","acq_time":941,"confidence":"n","satellite":"N","instrument":"VIIRS","version":"2.0NRT","bright_ti4":347.29,"frp":9.5,"daynight":"N"},"geometry":{"type":"Point","coordinates":[-118.1218,43.14999]}},{"type":"Feature","properties":{"acq_date":"2026-07-27","acq_time":941,"confidence":"n","satellite":"N","instrument":"VIIRS","version":"2.0NRT","bright_ti4":298.35,"frp":1.85,"daynight":"N"},"geometry":{"type":"Point","coordinates":[-118.11473,43.15304]}},{"type":"Feature","properties":{"acq_date":"2026-07-27","acq_time":941,"confidence":"n","satellite":"N","instrument":"VIIRS","version":"2.0NRT","bright_ti4":333.21,"frp":9.5,"daynight":"N"},"geometry":{"type":"Point","coordinates":[-118.12072,43.1537]}},{"type":"Feature","properties":{"acq_date":"2026-07-27","acq_time":941,"confidence":"n","satellite":"N","instrument":"VIIRS","version":"2.0NRT","bright_ti4":302.59,"frp":1,"daynight":"N"},"geometry":{"type":"Point","coordinates":[-118.09007,43.15414]}},{"type":"Feature","properties":{"acq_date":"2026-07-27","acq_time":941,"confidence":"n","satellite":"N","instrument":"VIIRS","version":"2.0NRT","bright_ti4":299.08,"frp":1.05,"daynight":"N"},"geometry":{"type":"Point","coordinates":[-118.10762,43.15608]}},{"type":"Feature","properties":{"acq_date":"2026-07-27","acq_time":941,"confidence":"n","satellite":"N","instrument":"VIIRS","version":"2.0NRT","bright_ti4":300.18,"frp":1.05,"daynight":"N"},"geometry":{"type":"Point","coordinates":[-118.11348,43.15673]}},{"type":"Feature","properties":{"acq_date":"2026-07-27","acq_time":941,"confidence":"n","satellite":"N","instrument":"VIIRS","version":"2.0NRT","bright_ti4":309.49,"frp":1.05,"daynight":"N"},"geometry":{"type":"Point","coordinates":[-118.11224,43.16042]}},{"type":"Feature","properties":{"acq_date":"2026-07-27","acq_time":941,"confidence":"n","satellite":"N","instrument":"VIIRS","version":"2.0NRT","bright_ti4":297.48,"frp":1.11,"daynight":"N"},"geometry":{"type":"Point","coordinates":[-118.11818,43.16108]}},{"type":"Feature","properties":{"acq_date":"2026-07-27","acq_time":941,"confidence":"n","satellite":"N","instrument":"VIIRS","version":"2.0NRT","bright_ti4":299.63,"frp":0.75,"daynight":"N"},"geometry":{"type":"Point","coordinates":[-118.10006,43.16289]}},{"type":"Feature","properties":{"acq_date":"2026-07-27","acq_time":941,"confidence":"n","satellite":"N","instrument":"VIIRS","version":"2.0NRT","bright_ti4":301.58,"frp":1.08,"daynight":"N"},"geometry":{"type":"Point","coordinates":[-118.10572,43.16352]}},{"type":"Feature","properties":{"acq_date":"2026-07-27","acq_time":941,"confidence":"n","satellite":"N","instrument":"VIIRS","version":"2.0NRT","bright_ti4":306.24,"frp":1.08,"daynight":"N"},"geometry":{"type":"Point","coordinates":[-118.11134,43.16414]}},{"type":"Feature","properties":{"acq_date":"2026-07-27","acq_time":941,"confidence":"n","satellite":"N","instrument":"VIIRS","version":"2.0NRT","bright_ti4":311.9,"frp":1.4,"daynight":"N"},"geometry":{"type":"Point","coordinates":[-118.11725,43.1648]}},{"type":"Feature","properties":{"acq_date":"2026-07-27","acq_time":941,"confidence":"n","satellite":"N","instrument":"VIIRS","version":"2.0NRT","bright_ti4":302.18,"frp":0.75,"daynight":"N"},"geometry":{"type":"Point","coordinates":[-118.09935,43.16663]}},{"type":"Feature","properties":{"acq_date":"2026-07-27","acq_time":941,"confidence":"n","satellite":"N","instrument":"VIIRS","version":"2.0NRT","bright_ti4":303.39,"frp":1.08,"daynight":"N"},"geometry":{"type":"Point","coordinates":[-118.10498,43.16726]}},{"type":"Feature","properties":{"acq_date":"2026-07-27","acq_time":941,"confidence":"n","satellite":"N","instrument":"VIIRS","version":"2.0NRT","bright_ti4":300.1,"frp":1.4,"daynight":"N"},"geometry":{"type":"Point","coordinates":[-118.11655,43.16855]}},{"type":"Feature","properties":{"acq_date":"2026-07-27","acq_time":941,"confidence":"n","satellite":"N","instrument":"VIIRS","version":"2.0NRT","bright_ti4":316.3,"frp":1.67,"daynight":"N"},"geometry":{"type":"Point","coordinates":[-116.7046,43.20042]}},{"type":"Feature","properties":{"acq_date":"2026-07-27","acq_time":941,"confidence":"n","satellite":"N","instrument":"VIIRS","version":"2.0NRT","bright_ti4":296.09,"frp":0.27,"daynight":"N"},"geometry":{"type":"Point","coordinates":[-118.05827,43.24224]}},{"type":"Feature","properties":{"acq_date":"2026-07-27","acq_time":941,"confidence":"n","satellite":"N","instrument":"VIIRS","version":"2.0NRT","bright_ti4":304.52,"frp":0.84,"daynight":"N"},"geometry":{"type":"Point","coordinates":[-118.07581,43.24488]}},{"type":"Feature","properties":{"acq_date":"2026-07-27","acq_time":941,"confidence":"n","satellite":"N","instrument":"VIIRS","version":"2.0NRT","bright_ti4":310.32,"frp":1.85,"daynight":"N"},"geometry":{"type":"Point","coordinates":[-118.07569,43.24807]}},{"type":"Feature","properties":{"acq_date":"2026-07-27","acq_time":941,"confidence":"n","satellite":"N","instrument":"VIIRS","version":"2.0NRT","bright_ti4":307.62,"frp":0.84,"daynight":"N"},"geometry":{"type":"Point","coordinates":[-118.07494,43.24861]}},{"type":"Feature","properties":{"acq_date":"2026-07-27","acq_time":941,"confidence":"n","satellite":"N","instrument":"VIIRS","version":"2.0NRT","bright_ti4":303.08,"frp":1.15,"daynight":"N"},"geometry":{"type":"Point","coordinates":[-118.04594,43.26451]}},{"type":"Feature","properties":{"acq_date":"2026-07-27","acq_time":941,"confidence":"n","satellite":"N","instrument":"VIIRS","version":"2.0NRT","bright_ti4":298.58,"frp":1.28,"daynight":"N"},"geometry":{"type":"Point","coordinates":[-118.05187,43.26517]}},{"type":"Feature","properties":{"acq_date":"2026-07-27","acq_time":941,"confidence":"n","satellite":"N","instrument":"VIIRS","version":"2.0NRT","bright_ti4":295.45,"frp":0.5,"daynight":"N"},"geometry":{"type":"Point","coordinates":[-118.02879,43.2855]}},{"type":"Feature","properties":{"acq_date":"2026-07-27","acq_time":941,"confidence":"n","satellite":"N","instrument":"VIIRS","version":"2.0NRT","bright_ti4":299.91,"frp":0.7,"daynight":"N"},"geometry":{"type":"Point","coordinates":[-117.98454,43.28815]}},{"type":"Feature","properties":{"acq_date":"2026-07-27","acq_time":941,"confidence":"n","satellite":"N","instrument":"VIIRS","version":"2.0NRT","bright_ti4":297.27,"frp":0.7,"daynight":"N"},"geometry":{"type":"Point","coordinates":[-117.99036,43.28881]}},{"type":"Feature","properties":{"acq_date":"2026-07-27","acq_time":941,"confidence":"n","satellite":"N","instrument":"VIIRS","version":"2.0NRT","bright_ti4":298.17,"frp":0.5,"daynight":"N"},"geometry":{"type":"Point","coordinates":[-118.02791,43.28922]}},{"type":"Feature","properties":{"acq_date":"2026-07-27","acq_time":941,"confidence":"n","satellite":"N","instrument":"VIIRS","version":"2.0NRT","bright_ti4":310.37,"frp":1.72,"daynight":"N"},"geometry":{"type":"Point","coordinates":[-118.293,43.46077]}},{"type":"Feature","properties":{"acq_date":"2026-07-27","acq_time":941,"confidence":"n","satellite":"N","instrument":"VIIRS","version":"2.0NRT","bright_ti4":305.78,"frp":1.28,"daynight":"N"},"geometry":{"type":"Point","coordinates":[-118.29932,43.46148]}},{"type":"Feature","properties":{"acq_date":"2026-07-27","acq_time":941,"confidence":"n","satellite":"N","instrument":"VIIRS","version":"2.0NRT","bright_ti4":303.26,"frp":0.92,"daynight":"N"},"geometry":{"type":"Point","coordinates":[-118.3119,43.46287]}},{"type":"Feature","properties":{"acq_date":"2026-07-27","acq_time":941,"confidence":"n","satellite":"N","instrument":"VIIRS","version":"2.0NRT","bright_ti4":299.32,"frp":0.92,"daynight":"N"},"geometry":{"type":"Point","coordinates":[-118.31808,43.46355]}},{"type":"Feature","properties":{"acq_date":"2026-07-27","acq_time":941,"confidence":"n","satellite":"N","instrument":"VIIRS","version":"2.0NRT","bright_ti4":324.31,"frp":2.32,"daynight":"N"},"geometry":{"type":"Point","coordinates":[-118.32419,43.46423]}},{"type":"Feature","properties":{"acq_date":"2026-07-27","acq_time":941,"confidence":"n","satellite":"N","instrument":"VIIRS","version":"2.0NRT","bright_ti4":309.42,"frp":2.32,"daynight":"N"},"geometry":{"type":"Point","coordinates":[-118.32939,43.46868]}},{"type":"Feature","properties":{"acq_date":"2026-07-27","acq_time":941,"confidence":"n","satellite":"N","instrument":"VIIRS","version":"2.0NRT","bright_ti4":299.07,"frp":1.31,"daynight":"N"},"geometry":{"type":"Point","coordinates":[-118.33564,43.46937]}},{"type":"Feature","properties":{"acq_date":"2026-07-27","acq_time":941,"confidence":"n","satellite":"N","instrument":"VIIRS","version":"2.0NRT","bright_ti4":325.01,"frp":2.61,"daynight":"N"},"geometry":{"type":"Point","coordinates":[-118.32841,43.47243]}},{"type":"Feature","properties":{"acq_date":"2026-07-27","acq_time":941,"confidence":"n","satellite":"N","instrument":"VIIRS","version":"2.0NRT","bright_ti4":322.76,"frp":3.88,"daynight":"N"},"geometry":{"type":"Point","coordinates":[-118.33478,43.47315]}},{"type":"Feature","properties":{"acq_date":"2026-07-27","acq_time":941,"confidence":"n","satellite":"N","instrument":"VIIRS","version":"2.0NRT","bright_ti4":322.67,"frp":3.88,"daynight":"N"},"geometry":{"type":"Point","coordinates":[-118.34105,43.47384]}},{"type":"Feature","properties":{"acq_date":"2026-07-27","acq_time":941,"confidence":"n","satellite":"N","instrument":"VIIRS","version":"2.0NRT","bright_ti4":333.86,"frp":3.88,"daynight":"N"},"geometry":{"type":"Point","coordinates":[-118.34023,43.47762]}},{"type":"Feature","properties":{"acq_date":"2026-07-27","acq_time":941,"confidence":"n","satellite":"N","instrument":"VIIRS","version":"2.0NRT","bright_ti4":318.17,"frp":3.34,"daynight":"N"},"geometry":{"type":"Point","coordinates":[-118.33908,43.48058]}},{"type":"Feature","properties":{"acq_date":"2026-07-27","acq_time":941,"confidence":"n","satellite":"N","instrument":"VIIRS","version":"2.0NRT","bright_ti4":334.28,"frp":3.34,"daynight":"N"},"geometry":{"type":"Point","coordinates":[-118.34541,43.48125]}},{"type":"Feature","properties":{"acq_date":"2026-07-27","acq_time":941,"confidence":"n","satellite":"N","instrument":"VIIRS","version":"2.0NRT","bright_ti4":314.96,"frp":3.2,"daynight":"N"},"geometry":{"type":"Point","coordinates":[-118.33929,43.4814]}},{"type":"Feature","properties":{"acq_date":"2026-07-27","acq_time":941,"confidence":"n","satellite":"N","instrument":"VIIRS","version":"2.0NRT","bright_ti4":344.15,"frp":5.31,"daynight":"N"},"geometry":{"type":"Point","coordinates":[-118.34562,43.4821]}},{"type":"Feature","properties":{"acq_date":"2026-07-27","acq_time":941,"confidence":"n","satellite":"N","instrument":"VIIRS","version":"2.0NRT","bright_ti4":302.77,"frp":1,"daynight":"N"},"geometry":{"type":"Point","coordinates":[-118.29407,43.4841]}},{"type":"Feature","properties":{"acq_date":"2026-07-27","acq_time":941,"confidence":"n","satellite":"N","instrument":"VIIRS","version":"2.0NRT","bright_ti4":298.31,"frp":3.34,"daynight":"N"},"geometry":{"type":"Point","coordinates":[-118.33805,43.48435]}},{"type":"Feature","properties":{"acq_date":"2026-07-27","acq_time":941,"confidence":"n","satellite":"N","instrument":"VIIRS","version":"2.0NRT","bright_ti4":339.69,"frp":3.34,"daynight":"N"},"geometry":{"type":"Point","coordinates":[-118.34458,43.48504]}},{"type":"Feature","properties":{"acq_date":"2026-07-27","acq_time":941,"confidence":"n","satellite":"N","instrument":"VIIRS","version":"2.0NRT","bright_ti4":322.81,"frp":5.24,"daynight":"N"},"geometry":{"type":"Point","coordinates":[-118.35056,43.48568]}},{"type":"Feature","properties":{"acq_date":"2026-07-27","acq_time":941,"confidence":"n","satellite":"N","instrument":"VIIRS","version":"2.0NRT","bright_ti4":334.07,"frp":5.31,"daynight":"N"},"geometry":{"type":"Point","coordinates":[-118.34479,43.48589]}},{"type":"Feature","properties":{"acq_date":"2026-07-27","acq_time":941,"confidence":"n","satellite":"N","instrument":"VIIRS","version":"2.0NRT","bright_ti4":322.92,"frp":5.31,"daynight":"N"},"geometry":{"type":"Point","coordinates":[-118.35073,43.48655]}},{"type":"Feature","properties":{"acq_date":"2026-07-27","acq_time":941,"confidence":"n","satellite":"N","instrument":"VIIRS","version":"2.0NRT","bright_ti4":303.66,"frp":1.12,"daynight":"N"},"geometry":{"type":"Point","coordinates":[-118.29281,43.48726]}},{"type":"Feature","properties":{"acq_date":"2026-07-27","acq_time":941,"confidence":"n","satellite":"N","instrument":"VIIRS","version":"2.0NRT","bright_ti4":306.42,"frp":2.23,"daynight":"N"},"geometry":{"type":"Point","coordinates":[-118.34378,43.48883]}},{"type":"Feature","properties":{"acq_date":"2026-07-27","acq_time":941,"confidence":"n","satellite":"N","instrument":"VIIRS","version":"2.0NRT","bright_ti4":334.55,"frp":4.5,"daynight":"N"},"geometry":{"type":"Point","coordinates":[-118.34987,43.48948]}},{"type":"Feature","properties":{"acq_date":"2026-07-27","acq_time":941,"confidence":"n","satellite":"N","instrument":"VIIRS","version":"2.0NRT","bright_ti4":304.65,"frp":3.56,"daynight":"N"},"geometry":{"type":"Point","coordinates":[-118.34399,43.48967]}},{"type":"Feature","properties":{"acq_date":"2026-07-27","acq_time":941,"confidence":"n","satellite":"N","instrument":"VIIRS","version":"2.0NRT","bright_ti4":336.85,"frp":3.56,"daynight":"N"},"geometry":{"type":"Point","coordinates":[-118.35007,43.49035]}},{"type":"Feature","properties":{"acq_date":"2026-07-27","acq_time":941,"confidence":"n","satellite":"N","instrument":"VIIRS","version":"2.0NRT","bright_ti4":332.4,"frp":4.5,"daynight":"N"},"geometry":{"type":"Point","coordinates":[-118.34919,43.49329]}},{"type":"Feature","properties":{"acq_date":"2026-07-27","acq_time":941,"confidence":"n","satellite":"N","instrument":"VIIRS","version":"2.0NRT","bright_ti4":312.98,"frp":4.5,"daynight":"N"},"geometry":{"type":"Point","coordinates":[-118.35517,43.49393]}},{"type":"Feature","properties":{"acq_date":"2026-07-27","acq_time":941,"confidence":"n","satellite":"N","instrument":"VIIRS","version":"2.0NRT","bright_ti4":333.87,"frp":3.56,"daynight":"N"},"geometry":{"type":"Point","coordinates":[-118.3494,43.49415]}},{"type":"Feature","properties":{"acq_date":"2026-07-27","acq_time":941,"confidence":"n","satellite":"N","instrument":"VIIRS","version":"2.0NRT","bright_ti4":298.42,"frp":3.3,"daynight":"N"},"geometry":{"type":"Point","coordinates":[-118.3554,43.49482]}},{"type":"Feature","properties":{"acq_date":"2026-07-27","acq_time":941,"confidence":"n","satellite":"N","instrument":"VIIRS","version":"2.0NRT","bright_ti4":311,"frp":1.09,"daynight":"N"},"geometry":{"type":"Point","coordinates":[-118.34838,43.49708]}},{"type":"Feature","properties":{"acq_date":"2026-07-27","acq_time":941,"confidence":"n","satellite":"N","instrument":"VIIRS","version":"2.0NRT","bright_ti4":302.71,"frp":1.09,"daynight":"N"},"geometry":{"type":"Point","coordinates":[-118.35443,43.49772]}},{"type":"Feature","properties":{"acq_date":"2026-07-27","acq_time":941,"confidence":"n","satellite":"N","instrument":"VIIRS","version":"2.0NRT","bright_ti4":298.12,"frp":0.81,"daynight":"N"},"geometry":{"type":"Point","coordinates":[-118.25638,43.49881]}},{"type":"Feature","properties":{"acq_date":"2026-07-27","acq_time":941,"confidence":"n","satellite":"N","instrument":"VIIRS","version":"2.0NRT","bright_ti4":302.49,"frp":0.81,"daynight":"N"},"geometry":{"type":"Point","coordinates":[-118.26287,43.4995]}},{"type":"Feature","properties":{"acq_date":"2026-07-27","acq_time":943,"confidence":"n","satellite":"N","instrument":"VIIRS","version":"2.0NRT","bright_ti4":314.87,"frp":1.31,"daynight":"N"},"geometry":{"type":"Point","coordinates":[-116.78889,32.50078]}},{"type":"Feature","properties":{"acq_date":"2026-07-27","acq_time":943,"confidence":"n","satellite":"N","instrument":"VIIRS","version":"2.0NRT","bright_ti4":310.57,"frp":0.47,"daynight":"N"},"geometry":{"type":"Point","coordinates":[-114.66869,33.25824]}},{"type":"Feature","properties":{"acq_date":"2026-07-27","acq_time":943,"confidence":"n","satellite":"N","instrument":"VIIRS","version":"2.0NRT","bright_ti4":309.55,"frp":0.47,"daynight":"N"},"geometry":{"type":"Point","coordinates":[-114.66789,33.26158]}},{"type":"Feature","properties":{"acq_date":"2026-07-27","acq_time":943,"confidence":"n","satellite":"N","instrument":"VIIRS","version":"2.0NRT","bright_ti4":344.18,"frp":6.64,"daynight":"N"},"geometry":{"type":"Point","coordinates":[-114.67087,33.30371]}},{"type":"Feature","properties":{"acq_date":"2026-07-27","acq_time":943,"confidence":"n","satellite":"N","instrument":"VIIRS","version":"2.0NRT","bright_ti4":343.08,"frp":7.9,"daynight":"N"},"geometry":{"type":"Point","coordinates":[-114.67007,33.30704]}},{"type":"Feature","properties":{"acq_date":"2026-07-27","acq_time":943,"confidence":"n","satellite":"N","instrument":"VIIRS","version":"2.0NRT","bright_ti4":312.13,"frp":1.2,"daynight":"N"},"geometry":{"type":"Point","coordinates":[-114.67446,33.32512]}},{"type":"Feature","properties":{"acq_date":"2026-07-27","acq_time":943,"confidence":"n","satellite":"N","instrument":"VIIRS","version":"2.0NRT","bright_ti4":318.76,"frp":2.16,"daynight":"N"},"geometry":{"type":"Point","coordinates":[-114.67366,33.32845]}},{"type":"Feature","properties":{"acq_date":"2026-07-27","acq_time":943,"confidence":"n","satellite":"N","instrument":"VIIRS","version":"2.0NRT","bright_ti4":304.42,"frp":0.67,"daynight":"N"},"geometry":{"type":"Point","coordinates":[-117.70973,33.71569]}},{"type":"Feature","properties":{"acq_date":"2026-07-27","acq_time":943,"confidence":"n","satellite":"N","instrument":"VIIRS","version":"2.0NRT","bright_ti4":309.25,"frp":0.76,"daynight":"N"},"geometry":{"type":"Point","coordinates":[-117.47304,33.79447]}},{"type":"Feature","properties":{"acq_date":"2026-07-27","acq_time":943,"confidence":"n","satellite":"N","instrument":"VIIRS","version":"2.0NRT","bright_ti4":305.08,"frp":0.61,"daynight":"N"},"geometry":{"type":"Point","coordinates":[-117.47233,33.79781]}},{"type":"Feature","properties":{"acq_date":"2026-07-27","acq_time":943,"confidence":"n","satellite":"N","instrument":"VIIRS","version":"2.0NRT","bright_ti4":304.95,"frp":0.82,"daynight":"N"},"geometry":{"type":"Point","coordinates":[-118.33106,33.85193]}},{"type":"Feature","properties":{"acq_date":"2026-07-27","acq_time":943,"confidence":"n","satellite":"N","instrument":"VIIRS","version":"2.0NRT","bright_ti4":305.4,"frp":0.82,"daynight":"N"},"geometry":{"type":"Point","coordinates":[-118.33038,33.85536]}},{"type":"Feature","properties":{"acq_date":"2026-07-27","acq_time":943,"confidence":"n","satellite":"N","instrument":"VIIRS","version":"2.0NRT","bright_ti4":310.99,"frp":0.83,"daynight":"N"},"geometry":{"type":"Point","coordinates":[-118.10536,34.03659]}},{"type":"Feature","properties":{"acq_date":"2026-07-27","acq_time":943,"confidence":"n","satellite":"N","instrument":"VIIRS","version":"2.0NRT","bright_ti4":303.25,"frp":0.63,"daynight":"N"},"geometry":{"type":"Point","coordinates":[-117.8195,34.0415]}},{"type":"Feature","properties":{"acq_date":"2026-07-27","acq_time":943,"confidence":"n","satellite":"N","instrument":"VIIRS","version":"2.0NRT","bright_ti4":305.41,"frp":0.6,"daynight":"N"},"geometry":{"type":"Point","coordinates":[-117.92495,34.11427]}},{"type":"Feature","properties":{"acq_date":"2026-07-27","acq_time":943,"confidence":"n","satellite":"N","instrument":"VIIRS","version":"2.0NRT","bright_ti4":302.38,"frp":0.42,"daynight":"N"},"geometry":{"type":"Point","coordinates":[-118.19441,34.15194]}},{"type":"Feature","properties":{"acq_date":"2026-07-27","acq_time":943,"confidence":"n","satellite":"N","instrument":"VIIRS","version":"2.0NRT","bright_ti4":312.36,"frp":0.84,"daynight":"N"},"geometry":{"type":"Point","coordinates":[-118.1936,34.15533]}},{"type":"Feature","properties":{"acq_date":"2026-07-27","acq_time":943,"confidence":"n","satellite":"N","instrument":"VIIRS","version":"2.0NRT","bright_ti4":308.46,"frp":0.65,"daynight":"N"},"geometry":{"type":"Point","coordinates":[-118.38227,34.24332]}},{"type":"Feature","properties":{"acq_date":"2026-07-27","acq_time":943,"confidence":"n","satellite":"N","instrument":"VIIRS","version":"2.0NRT","bright_ti4":304.58,"frp":0.7,"daynight":"N"},"geometry":{"type":"Point","coordinates":[-118.80024,34.29158]}},{"type":"Feature","properties":{"acq_date":"2026-07-27","acq_time":943,"confidence":"n","satellite":"N","instrument":"VIIRS","version":"2.0NRT","bright_ti4":302.45,"frp":0.4,"daynight":"N"},"geometry":{"type":"Point","coordinates":[-118.529,34.32346]}},{"type":"Feature","properties":{"acq_date":"2026-07-27","acq_time":943,"confidence":"n","satellite":"N","instrument":"VIIRS","version":"2.0NRT","bright_ti4":317.43,"frp":1.36,"daynight":"N"},"geometry":{"type":"Point","coordinates":[-118.51742,34.33609]}},{"type":"Feature","properties":{"acq_date":"2026-07-27","acq_time":943,"confidence":"n","satellite":"N","instrument":"VIIRS","version":"2.0NRT","bright_ti4":309.53,"frp":1.1,"daynight":"N"},"geometry":{"type":"Point","coordinates":[-116.85314,34.3543]}},{"type":"Feature","properties":{"acq_date":"2026-07-27","acq_time":943,"confidence":"n","satellite":"N","instrument":"VIIRS","version":"2.0NRT","bright_ti4":304.07,"frp":1.09,"daynight":"N"},"geometry":{"type":"Point","coordinates":[-118.64417,34.42878]}},{"type":"Feature","properties":{"acq_date":"2026-07-27","acq_time":943,"confidence":"n","satellite":"N","instrument":"VIIRS","version":"2.0NRT","bright_ti4":309.6,"frp":1.47,"daynight":"N"},"geometry":{"type":"Point","coordinates":[-118.64339,34.43224]}},{"type":"Feature","properties":{"acq_date":"2026-07-27","acq_time":943,"confidence":"n","satellite":"N","instrument":"VIIRS","version":"2.0NRT","bright_ti4":303.95,"frp":0.39,"daynight":"N"},"geometry":{"type":"Point","coordinates":[-118.14957,34.56753]}},{"type":"Feature","properties":{"acq_date":"2026-07-27","acq_time":943,"confidence":"n","satellite":"N","instrument":"VIIRS","version":"2.0NRT","bright_ti4":314.54,"frp":1.18,"daynight":"N"},"geometry":{"type":"Point","coordinates":[-117.33661,34.60967]}},{"type":"Feature","properties":{"acq_date":"2026-07-27","acq_time":943,"confidence":"n","satellite":"N","instrument":"VIIRS","version":"2.0NRT","bright_ti4":307.75,"frp":1.34,"daynight":"N"},"geometry":{"type":"Point","coordinates":[-117.09611,34.62398]}},{"type":"Feature","properties":{"acq_date":"2026-07-27","acq_time":943,"confidence":"n","satellite":"N","instrument":"VIIRS","version":"2.0NRT","bright_ti4":312.24,"frp":1.34,"daynight":"N"},"geometry":{"type":"Point","coordinates":[-117.1004,34.6246]}},{"type":"Feature","properties":{"acq_date":"2026-07-27","acq_time":943,"confidence":"n","satellite":"N","instrument":"VIIRS","version":"2.0NRT","bright_ti4":303.84,"frp":0.81,"daynight":"N"},"geometry":{"type":"Point","coordinates":[-118.75007,34.82123]}},{"type":"Feature","properties":{"acq_date":"2026-07-27","acq_time":943,"confidence":"n","satellite":"N","instrument":"VIIRS","version":"2.0NRT","bright_ti4":301.77,"frp":1.16,"daynight":"N"},"geometry":{"type":"Point","coordinates":[-119.52013,39.56439]}},{"type":"Feature","properties":{"acq_date":"2026-07-27","acq_time":943,"confidence":"n","satellite":"N","instrument":"VIIRS","version":"2.0NRT","bright_ti4":309.04,"frp":1.97,"daynight":"N"},"geometry":{"type":"Point","coordinates":[-119.25858,39.62246]}},{"type":"Feature","properties":{"acq_date":"2026-07-27","acq_time":943,"confidence":"n","satellite":"N","instrument":"VIIRS","version":"2.0NRT","bright_ti4":300.31,"frp":1.25,"daynight":"N"},"geometry":{"type":"Point","coordinates":[-119.25813,39.62397]}},{"type":"Feature","properties":{"acq_date":"2026-07-27","acq_time":943,"confidence":"n","satellite":"N","instrument":"VIIRS","version":"2.0NRT","bright_ti4":297.26,"frp":0.83,"daynight":"N"},"geometry":{"type":"Point","coordinates":[-116.9932,39.64797]}},{"type":"Feature","properties":{"acq_date":"2026-07-27","acq_time":943,"confidence":"n","satellite":"N","instrument":"VIIRS","version":"2.0NRT","bright_ti4":310.02,"frp":1.59,"daynight":"N"},"geometry":{"type":"Point","coordinates":[-116.99259,39.65143]}},{"type":"Feature","properties":{"acq_date":"2026-07-27","acq_time":943,"confidence":"n","satellite":"N","instrument":"VIIRS","version":"2.0NRT","bright_ti4":325.62,"frp":6.36,"daynight":"N"},"geometry":{"type":"Point","coordinates":[-117.44733,39.65419]}},{"type":"Feature","properties":{"acq_date":"2026-07-27","acq_time":943,"confidence":"n","satellite":"N","instrument":"VIIRS","version":"2.0NRT","bright_ti4":298.85,"frp":6.36,"daynight":"N"},"geometry":{"type":"Point","coordinates":[-117.45226,39.65483]}},{"type":"Feature","properties":{"acq_date":"2026-07-27","acq_time":943,"confidence":"n","satellite":"N","instrument":"VIIRS","version":"2.0NRT","bright_ti4":330.32,"frp":3.32,"daynight":"N"},"geometry":{"type":"Point","coordinates":[-117.43673,39.65642]}},{"type":"Feature","properties":{"acq_date":"2026-07-27","acq_time":943,"confidence":"n","satellite":"N","instrument":"VIIRS","version":"2.0NRT","bright_ti4":322.3,"frp":3.32,"daynight":"N"},"geometry":{"type":"Point","coordinates":[-117.44169,39.65706]}},{"type":"Feature","properties":{"acq_date":"2026-07-27","acq_time":943,"confidence":"n","satellite":"N","instrument":"VIIRS","version":"2.0NRT","bright_ti4":353.25,"frp":6.36,"daynight":"N"},"geometry":{"type":"Point","coordinates":[-117.44666,39.6577]}},{"type":"Feature","properties":{"acq_date":"2026-07-27","acq_time":943,"confidence":"n","satellite":"N","instrument":"VIIRS","version":"2.0NRT","bright_ti4":350.69,"frp":6.36,"daynight":"N"},"geometry":{"type":"Point","coordinates":[-117.45158,39.65834]}},{"type":"Feature","properties":{"acq_date":"2026-07-27","acq_time":943,"confidence":"n","satellite":"N","instrument":"VIIRS","version":"2.0NRT","bright_ti4":333.86,"frp":5.58,"daynight":"N"},"geometry":{"type":"Point","coordinates":[-117.45643,39.65896]}},{"type":"Feature","properties":{"acq_date":"2026-07-27","acq_time":943,"confidence":"n","satellite":"N","instrument":"VIIRS","version":"2.0NRT","bright_ti4":329.13,"frp":2.19,"daynight":"N"},"geometry":{"type":"Point","coordinates":[-117.441,39.66056]}},{"type":"Feature","properties":{"acq_date":"2026-07-27","acq_time":943,"confidence":"n","satellite":"N","instrument":"VIIRS","version":"2.0NRT","bright_ti4":335.08,"frp":3.59,"daynight":"N"},"geometry":{"type":"Point","coordinates":[-117.44596,39.66121]}},{"type":"Feature","properties":{"acq_date":"2026-07-27","acq_time":943,"confidence":"n","satellite":"N","instrument":"VIIRS","version":"2.0NRT","bright_ti4":335.61,"frp":3.59,"daynight":"N"},"geometry":{"type":"Point","coordinates":[-117.45088,39.66184]}},{"type":"Feature","properties":{"acq_date":"2026-07-27","acq_time":943,"confidence":"n","satellite":"N","instrument":"VIIRS","version":"2.0NRT","bright_ti4":323.65,"frp":2.28,"daynight":"N"},"geometry":{"type":"Point","coordinates":[-117.45574,39.66246]}},{"type":"Feature","properties":{"acq_date":"2026-07-27","acq_time":943,"confidence":"n","satellite":"N","instrument":"VIIRS","version":"2.0NRT","bright_ti4":328.41,"frp":2.28,"daynight":"N"},"geometry":{"type":"Point","coordinates":[-117.46049,39.66308]}},{"type":"Feature","properties":{"acq_date":"2026-07-27","acq_time":943,"confidence":"n","satellite":"N","instrument":"VIIRS","version":"2.0NRT","bright_ti4":308.08,"frp":2.19,"daynight":"N"},"geometry":{"type":"Point","coordinates":[-117.44034,39.66407]}},{"type":"Feature","properties":{"acq_date":"2026-07-27","acq_time":943,"confidence":"n","satellite":"N","instrument":"VIIRS","version":"2.0NRT","bright_ti4":333.65,"frp":3.59,"daynight":"N"},"geometry":{"type":"Point","coordinates":[-117.4453,39.66471]}},{"type":"Feature","properties":{"acq_date":"2026-07-27","acq_time":943,"confidence":"n","satellite":"N","instrument":"VIIRS","version":"2.0NRT","bright_ti4":321.54,"frp":3.59,"daynight":"N"},"geometry":{"type":"Point","coordinates":[-117.4502,39.66534]}},{"type":"Feature","properties":{"acq_date":"2026-07-27","acq_time":943,"confidence":"n","satellite":"N","instrument":"VIIRS","version":"2.0NRT","bright_ti4":312.72,"frp":2.28,"daynight":"N"},"geometry":{"type":"Point","coordinates":[-117.45502,39.66597]}},{"type":"Feature","properties":{"acq_date":"2026-07-27","acq_time":943,"confidence":"n","satellite":"N","instrument":"VIIRS","version":"2.0NRT","bright_ti4":320.73,"frp":2.28,"daynight":"N"},"geometry":{"type":"Point","coordinates":[-117.45978,39.66658]}},{"type":"Feature","properties":{"acq_date":"2026-07-27","acq_time":943,"confidence":"n","satellite":"N","instrument":"VIIRS","version":"2.0NRT","bright_ti4":299.65,"frp":0.68,"daynight":"N"},"geometry":{"type":"Point","coordinates":[-117.44949,39.66885]}},{"type":"Feature","properties":{"acq_date":"2026-07-27","acq_time":943,"confidence":"n","satellite":"N","instrument":"VIIRS","version":"2.0NRT","bright_ti4":298.87,"frp":1.15,"daynight":"N"},"geometry":{"type":"Point","coordinates":[-117.4543,39.66947]}},{"type":"Feature","properties":{"acq_date":"2026-07-27","acq_time":943,"confidence":"n","satellite":"N","instrument":"VIIRS","version":"2.0NRT","bright_ti4":302.08,"frp":1.23,"daynight":"N"},"geometry":{"type":"Point","coordinates":[-117.49081,39.67057]}},{"type":"Feature","properties":{"acq_date":"2026-07-27","acq_time":943,"confidence":"n","satellite":"N","instrument":"VIIRS","version":"2.0NRT","bright_ti4":310.23,"frp":0.94,"daynight":"N"},"geometry":{"type":"Point","coordinates":[-117.46383,39.6707]}},{"type":"Feature","properties":{"acq_date":"2026-07-27","acq_time":943,"confidence":"n","satellite":"N","instrument":"VIIRS","version":"2.0NRT","bright_ti4":320.51,"frp":1.13,"daynight":"N"},"geometry":{"type":"Point","coordinates":[-117.47916,39.67268]}},{"type":"Feature","properties":{"acq_date":"2026-07-27","acq_time":943,"confidence":"n","satellite":"N","instrument":"VIIRS","version":"2.0NRT","bright_ti4":328.93,"frp":2.27,"daynight":"N"},"geometry":{"type":"Point","coordinates":[-117.48465,39.67338]}},{"type":"Feature","properties":{"acq_date":"2026-07-27","acq_time":943,"confidence":"n","satellite":"N","instrument":"VIIRS","version":"2.0NRT","bright_ti4":328.98,"frp":2.27,"daynight":"N"},"geometry":{"type":"Point","coordinates":[-117.49017,39.67409]}},{"type":"Feature","properties":{"acq_date":"2026-07-27","acq_time":943,"confidence":"n","satellite":"N","instrument":"VIIRS","version":"2.0NRT","bright_ti4":298.24,"frp":0.94,"daynight":"N"},"geometry":{"type":"Point","coordinates":[-117.4631,39.67421]}},{"type":"Feature","properties":{"acq_date":"2026-07-27","acq_time":943,"confidence":"n","satellite":"N","instrument":"VIIRS","version":"2.0NRT","bright_ti4":308.29,"frp":0.94,"daynight":"N"},"geometry":{"type":"Point","coordinates":[-117.46806,39.67484]}},{"type":"Feature","properties":{"acq_date":"2026-07-27","acq_time":943,"confidence":"n","satellite":"N","instrument":"VIIRS","version":"2.0NRT","bright_ti4":297.53,"frp":1.13,"daynight":"N"},"geometry":{"type":"Point","coordinates":[-117.47326,39.67551]}},{"type":"Feature","properties":{"acq_date":"2026-07-27","acq_time":943,"confidence":"n","satellite":"N","instrument":"VIIRS","version":"2.0NRT","bright_ti4":301.09,"frp":1.13,"daynight":"N"},"geometry":{"type":"Point","coordinates":[-117.47865,39.67621]}},{"type":"Feature","properties":{"acq_date":"2026-07-27","acq_time":943,"confidence":"n","satellite":"N","instrument":"VIIRS","version":"2.0NRT","bright_ti4":302.59,"frp":2.27,"daynight":"N"},"geometry":{"type":"Point","coordinates":[-117.48408,39.67691]}},{"type":"Feature","properties":{"acq_date":"2026-07-27","acq_time":943,"confidence":"n","satellite":"N","instrument":"VIIRS","version":"2.0NRT","bright_ti4":304.36,"frp":0.55,"daynight":"N"},"geometry":{"type":"Point","coordinates":[-117.47274,39.67904]}},{"type":"Feature","properties":{"acq_date":"2026-07-27","acq_time":943,"confidence":"n","satellite":"N","instrument":"VIIRS","version":"2.0NRT","bright_ti4":311.23,"frp":1.52,"daynight":"N"},"geometry":{"type":"Point","coordinates":[-117.44749,39.67937]}},{"type":"Feature","properties":{"acq_date":"2026-07-27","acq_time":943,"confidence":"n","satellite":"N","instrument":"VIIRS","version":"2.0NRT","bright_ti4":299.12,"frp":0.55,"daynight":"N"},"geometry":{"type":"Point","coordinates":[-117.47813,39.67974]}},{"type":"Feature","properties":{"acq_date":"2026-07-27","acq_time":943,"confidence":"n","satellite":"N","instrument":"VIIRS","version":"2.0NRT","bright_ti4":319.05,"frp":2.31,"daynight":"N"},"geometry":{"type":"Point","coordinates":[-117.4523,39.67999]}},{"type":"Feature","properties":{"acq_date":"2026-07-27","acq_time":943,"confidence":"n","satellite":"N","instrument":"VIIRS","version":"2.0NRT","bright_ti4":300.51,"frp":0.6,"daynight":"N"},"geometry":{"type":"Point","coordinates":[-117.48353,39.68044]}},{"type":"Feature","properties":{"acq_date":"2026-07-27","acq_time":943,"confidence":"n","satellite":"N","instrument":"VIIRS","version":"2.0NRT","bright_ti4":300.17,"frp":0.83,"daynight":"N"},"geometry":{"type":"Point","coordinates":[-117.46692,39.68189]}},{"type":"Feature","properties":{"acq_date":"2026-07-27","acq_time":943,"confidence":"n","satellite":"N","instrument":"VIIRS","version":"2.0NRT","bright_ti4":302.17,"frp":2.21,"daynight":"N"},"geometry":{"type":"Point","coordinates":[-117.44197,39.68225]}},{"type":"Feature","properties":{"acq_date":"2026-07-27","acq_time":943,"confidence":"n","satellite":"N","instrument":"VIIRS","version":"2.0NRT","bright_ti4":301.31,"frp":0.55,"daynight":"N"},"geometry":{"type":"Point","coordinates":[-117.47222,39.68257]}},{"type":"Feature","properties":{"acq_date":"2026-07-27","acq_time":943,"confidence":"n","satellite":"N","instrument":"VIIRS","version":"2.0NRT","bright_ti4":328.34,"frp":2.21,"daynight":"N"},"geometry":{"type":"Point","coordinates":[-117.44688,39.68289]}},{"type":"Feature","properties":{"acq_date":"2026-07-27","acq_time":943,"confidence":"n","satellite":"N","instrument":"VIIRS","version":"2.0NRT","bright_ti4":298.66,"frp":0.55,"daynight":"N"},"geometry":{"type":"Point","coordinates":[-117.4776,39.68327]}},{"type":"Feature","properties":{"acq_date":"2026-07-27","acq_time":943,"confidence":"n","satellite":"N","instrument":"VIIRS","version":"2.0NRT","bright_ti4":323.9,"frp":1.92,"daynight":"N"},"geometry":{"type":"Point","coordinates":[-117.45171,39.68351]}},{"type":"Feature","properties":{"acq_date":"2026-07-27","acq_time":943,"confidence":"n","satellite":"N","instrument":"VIIRS","version":"2.0NRT","bright_ti4":298.97,"frp":0.6,"daynight":"N"},"geometry":{"type":"Point","coordinates":[-117.48297,39.68396]}},{"type":"Feature","properties":{"acq_date":"2026-07-27","acq_time":943,"confidence":"n","satellite":"N","instrument":"VIIRS","version":"2.0NRT","bright_ti4":325.09,"frp":1.84,"daynight":"N"},"geometry":{"type":"Point","coordinates":[-117.43137,39.68447]}},{"type":"Feature","properties":{"acq_date":"2026-07-27","acq_time":943,"confidence":"n","satellite":"N","instrument":"VIIRS","version":"2.0NRT","bright_ti4":298.53,"frp":0.49,"daynight":"N"},"geometry":{"type":"Point","coordinates":[-117.46132,39.68476]}},{"type":"Feature","properties":{"acq_date":"2026-07-27","acq_time":943,"confidence":"n","satellite":"N","instrument":"VIIRS","version":"2.0NRT","bright_ti4":308.92,"frp":1.84,"daynight":"N"},"geometry":{"type":"Point","coordinates":[-117.43637,39.68512]}},{"type":"Feature","properties":{"acq_date":"2026-07-27","acq_time":943,"confidence":"n","satellite":"N","instrument":"VIIRS","version":"2.0NRT","bright_ti4":303.34,"frp":0.49,"daynight":"N"},"geometry":{"type":"Point","coordinates":[-117.46642,39.68542]}},{"type":"Feature","properties":{"acq_date":"2026-07-27","acq_time":943,"confidence":"n","satellite":"N","instrument":"VIIRS","version":"2.0NRT","bright_ti4":327.25,"frp":2.21,"daynight":"N"},"geometry":{"type":"Point","coordinates":[-117.44133,39.68576]}},{"type":"Feature","properties":{"acq_date":"2026-07-27","acq_time":943,"confidence":"n","satellite":"N","instrument":"VIIRS","version":"2.0NRT","bright_ti4":302.13,"frp":0.59,"daynight":"N"},"geometry":{"type":"Point","coordinates":[-117.4717,39.6861]}},{"type":"Feature","properties":{"acq_date":"2026-07-27","acq_time":943,"confidence":"n","satellite":"N","instrument":"VIIRS","version":"2.0NRT","bright_ti4":321.56,"frp":2.21,"daynight":"N"},"geometry":{"type":"Point","coordinates":[-117.44627,39.68641]}},{"type":"Feature","properties":{"acq_date":"2026-07-27","acq_time":943,"confidence":"n","satellite":"N","instrument":"VIIRS","version":"2.0NRT","bright_ti4":297.29,"frp":0.59,"daynight":"N"},"geometry":{"type":"Point","coordinates":[-117.47703,39.68679]}},{"type":"Feature","properties":{"acq_date":"2026-07-27","acq_time":943,"confidence":"n","satellite":"N","instrument":"VIIRS","version":"2.0NRT","bright_ti4":318.18,"frp":1.92,"daynight":"N"},"geometry":{"type":"Point","coordinates":[-117.45113,39.68703]}},{"type":"Feature","properties":{"acq_date":"2026-07-27","acq_time":943,"confidence":"n","satellite":"N","instrument":"VIIRS","version":"2.0NRT","bright_ti4":303.5,"frp":1.92,"daynight":"N"},"geometry":{"type":"Point","coordinates":[-117.45598,39.68766]}},{"type":"Feature","properties":{"acq_date":"2026-07-27","acq_time":943,"confidence":"n","satellite":"N","instrument":"VIIRS","version":"2.0NRT","bright_ti4":336.79,"frp":3.19,"daynight":"N"},"geometry":{"type":"Point","coordinates":[-117.43072,39.68798]}},{"type":"Feature","properties":{"acq_date":"2026-07-27","acq_time":943,"confidence":"n","satellite":"N","instrument":"VIIRS","version":"2.0NRT","bright_ti4":296.46,"frp":0.74,"daynight":"N"},"geometry":{"type":"Point","coordinates":[-117.48771,39.68817]}},{"type":"Feature","properties":{"acq_date":"2026-07-27","acq_time":943,"confidence":"n","satellite":"N","instrument":"VIIRS","version":"2.0NRT","bright_ti4":297.16,"frp":0.49,"daynight":"N"},"geometry":{"type":"Point","coordinates":[-117.46082,39.68829]}},{"type":"Feature","properties":{"acq_date":"2026-07-27","acq_time":943,"confidence":"n","satellite":"N","instrument":"VIIRS","version":"2.0NRT","bright_ti4":321.07,"frp":3.19,"daynight":"N"},"geometry":{"type":"Point","coordinates":[-117.43571,39.68863]}},{"type":"Feature","properties":{"acq_date":"2026-07-27","acq_time":943,"confidence":"n","satellite":"N","instrument":"VIIRS","version":"2.0NRT","bright_ti4":296.71,"frp":0.49,"daynight":"N"},"geometry":{"type":"Point","coordinates":[-117.4659,39.68895]}},{"type":"Feature","properties":{"acq_date":"2026-07-27","acq_time":943,"confidence":"n","satellite":"N","instrument":"VIIRS","version":"2.0NRT","bright_ti4":307.43,"frp":1.36,"daynight":"N"},"geometry":{"type":"Point","coordinates":[-117.44069,39.68928]}},{"type":"Feature","properties":{"acq_date":"2026-07-27","acq_time":943,"confidence":"n","satellite":"N","instrument":"VIIRS","version":"2.0NRT","bright_ti4":297.91,"frp":0.59,"daynight":"N"},"geometry":{"type":"Point","coordinates":[-117.47114,39.68963]}},{"type":"Feature","properties":{"acq_date":"2026-07-27","acq_time":943,"confidence":"n","satellite":"N","instrument":"VIIRS","version":"2.0NRT","bright_ti4":317.7,"frp":1.36,"daynight":"N"},"geometry":{"type":"Point","coordinates":[-117.44566,39.68992]}},{"type":"Feature","properties":{"acq_date":"2026-07-27","acq_time":943,"confidence":"n","satellite":"N","instrument":"VIIRS","version":"2.0NRT","bright_ti4":299.67,"frp":1.11,"daynight":"N"},"geometry":{"type":"Point","coordinates":[-117.45058,39.69056]}},{"type":"Feature","properties":{"acq_date":"2026-07-27","acq_time":943,"confidence":"n","satellite":"N","instrument":"VIIRS","version":"2.0NRT","bright_ti4":301.63,"frp":0.74,"daynight":"N"},"geometry":{"type":"Point","coordinates":[-117.48156,39.69098]}},{"type":"Feature","properties":{"acq_date":"2026-07-27","acq_time":943,"confidence":"n","satellite":"N","instrument":"VIIRS","version":"2.0NRT","bright_ti4":295.95,"frp":0.51,"daynight":"N"},"geometry":{"type":"Point","coordinates":[-117.46036,39.69183]}},{"type":"Feature","properties":{"acq_date":"2026-07-27","acq_time":943,"confidence":"n","satellite":"N","instrument":"VIIRS","version":"2.0NRT","bright_ti4":300.19,"frp":0.51,"daynight":"N"},"geometry":{"type":"Point","coordinates":[-117.46543,39.69249]}},{"type":"Feature","properties":{"acq_date":"2026-07-27","acq_time":943,"confidence":"n","satellite":"N","instrument":"VIIRS","version":"2.0NRT","bright_ti4":300.82,"frp":0.69,"daynight":"N"},"geometry":{"type":"Point","coordinates":[-117.47058,39.69315]}},{"type":"Feature","properties":{"acq_date":"2026-07-27","acq_time":943,"confidence":"n","satellite":"N","instrument":"VIIRS","version":"2.0NRT","bright_ti4":312.1,"frp":1.36,"daynight":"N"},"geometry":{"type":"Point","coordinates":[-117.44506,39.69344]}},{"type":"Feature","properties":{"acq_date":"2026-07-27","acq_time":943,"confidence":"n","satellite":"N","instrument":"VIIRS","version":"2.0NRT","bright_ti4":304.42,"frp":0.69,"daynight":"N"},"geometry":{"type":"Point","coordinates":[-117.47565,39.69381]}},{"type":"Feature","properties":{"acq_date":"2026-07-27","acq_time":943,"confidence":"n","satellite":"N","instrument":"VIIRS","version":"2.0NRT","bright_ti4":301.31,"frp":0.72,"daynight":"N"},"geometry":{"type":"Point","coordinates":[-117.48073,39.69447]}},{"type":"Feature","properties":{"acq_date":"2026-07-27","acq_time":943,"confidence":"n","satellite":"N","instrument":"VIIRS","version":"2.0NRT","bright_ti4":300.38,"frp":0.51,"daynight":"N"},"geometry":{"type":"Point","coordinates":[-117.46493,39.69602]}},{"type":"Feature","properties":{"acq_date":"2026-07-27","acq_time":943,"confidence":"n","satellite":"N","instrument":"VIIRS","version":"2.0NRT","bright_ti4":302.34,"frp":0.69,"daynight":"N"},"geometry":{"type":"Point","coordinates":[-117.46999,39.69668]}},{"type":"Feature","properties":{"acq_date":"2026-07-27","acq_time":943,"confidence":"n","satellite":"N","instrument":"VIIRS","version":"2.0NRT","bright_ti4":304.95,"frp":0.69,"daynight":"N"},"geometry":{"type":"Point","coordinates":[-117.47497,39.69732]}},{"type":"Feature","properties":{"acq_date":"2026-07-27","acq_time":943,"confidence":"n","satellite":"N","instrument":"VIIRS","version":"2.0NRT","bright_ti4":302.96,"frp":0.72,"daynight":"N"},"geometry":{"type":"Point","coordinates":[-117.47993,39.69796]}},{"type":"Feature","properties":{"acq_date":"2026-07-27","acq_time":943,"confidence":"n","satellite":"N","instrument":"VIIRS","version":"2.0NRT","bright_ti4":299.04,"frp":0.72,"daynight":"N"},"geometry":{"type":"Point","coordinates":[-117.48505,39.69863]}},{"type":"Feature","properties":{"acq_date":"2026-07-27","acq_time":943,"confidence":"n","satellite":"N","instrument":"VIIRS","version":"2.0NRT","bright_ti4":299.55,"frp":1.51,"daynight":"N"},"geometry":{"type":"Point","coordinates":[-117.49023,39.6993]}},{"type":"Feature","properties":{"acq_date":"2026-07-27","acq_time":943,"confidence":"n","satellite":"N","instrument":"VIIRS","version":"2.0NRT","bright_ti4":316.6,"frp":1.51,"daynight":"N"},"geometry":{"type":"Point","coordinates":[-117.49554,39.69999]}},{"type":"Feature","properties":{"acq_date":"2026-07-27","acq_time":943,"confidence":"n","satellite":"N","instrument":"VIIRS","version":"2.0NRT","bright_ti4":303.58,"frp":1.19,"daynight":"N"},"geometry":{"type":"Point","coordinates":[-117.46931,39.70019]}},{"type":"Feature","properties":{"acq_date":"2026-07-27","acq_time":943,"confidence":"n","satellite":"N","instrument":"VIIRS","version":"2.0NRT","bright_ti4":324.18,"frp":3.11,"daynight":"N"},"geometry":{"type":"Point","coordinates":[-117.50092,39.70069]}},{"type":"Feature","properties":{"acq_date":"2026-07-27","acq_time":943,"confidence":"n","satellite":"N","instrument":"VIIRS","version":"2.0NRT","bright_ti4":315.33,"frp":1.19,"daynight":"N"},"geometry":{"type":"Point","coordinates":[-117.47427,39.70083]}},{"type":"Feature","properties":{"acq_date":"2026-07-27","acq_time":943,"confidence":"n","satellite":"N","instrument":"VIIRS","version":"2.0NRT","bright_ti4":311.79,"frp":1.09,"daynight":"N"},"geometry":{"type":"Point","coordinates":[-117.47923,39.70148]}},{"type":"Feature","properties":{"acq_date":"2026-07-27","acq_time":943,"confidence":"n","satellite":"N","instrument":"VIIRS","version":"2.0NRT","bright_ti4":299.81,"frp":1.09,"daynight":"N"},"geometry":{"type":"Point","coordinates":[-117.4842,39.70212]}},{"type":"Feature","properties":{"acq_date":"2026-07-27","acq_time":943,"confidence":"n","satellite":"N","instrument":"VIIRS","version":"2.0NRT","bright_ti4":345.74,"frp":2.81,"daynight":"N"},"geometry":{"type":"Point","coordinates":[-117.49455,39.70346]}},{"type":"Feature","properties":{"acq_date":"2026-07-27","acq_time":943,"confidence":"n","satellite":"N","instrument":"VIIRS","version":"2.0NRT","bright_ti4":308.56,"frp":1.19,"daynight":"N"},"geometry":{"type":"Point","coordinates":[-117.46864,39.7037]}},{"type":"Feature","properties":{"acq_date":"2026-07-27","acq_time":943,"confidence":"n","satellite":"N","instrument":"VIIRS","version":"2.0NRT","bright_ti4":338.49,"frp":5.59,"daynight":"N"},"geometry":{"type":"Point","coordinates":[-117.50001,39.70417]}},{"type":"Feature","properties":{"acq_date":"2026-07-27","acq_time":943,"confidence":"n","satellite":"N","instrument":"VIIRS","version":"2.0NRT","bright_ti4":313.69,"frp":1.19,"daynight":"N"},"geometry":{"type":"Point","coordinates":[-117.47357,39.70434]}},{"type":"Feature","properties":{"acq_date":"2026-07-27","acq_time":943,"confidence":"n","satellite":"N","instrument":"VIIRS","version":"2.0NRT","bright_ti4":313.33,"frp":1.09,"daynight":"N"},"geometry":{"type":"Point","coordinates":[-117.47849,39.70498]}},{"type":"Feature","properties":{"acq_date":"2026-07-27","acq_time":943,"confidence":"n","satellite":"N","instrument":"VIIRS","version":"2.0NRT","bright_ti4":305.64,"frp":1.09,"daynight":"N"},"geometry":{"type":"Point","coordinates":[-117.48341,39.70562]}},{"type":"Feature","properties":{"acq_date":"2026-07-27","acq_time":943,"confidence":"n","satellite":"N","instrument":"VIIRS","version":"2.0NRT","bright_ti4":303.42,"frp":2.81,"daynight":"N"},"geometry":{"type":"Point","coordinates":[-117.48843,39.70627]}},{"type":"Feature","properties":{"acq_date":"2026-07-27","acq_time":943,"confidence":"n","satellite":"N","instrument":"VIIRS","version":"2.0NRT","bright_ti4":303.3,"frp":2.81,"daynight":"N"},"geometry":{"type":"Point","coordinates":[-117.49371,39.70695]}},{"type":"Feature","properties":{"acq_date":"2026-07-27","acq_time":943,"confidence":"n","satellite":"N","instrument":"VIIRS","version":"2.0NRT","bright_ti4":342.14,"frp":5.59,"daynight":"N"},"geometry":{"type":"Point","coordinates":[-117.49915,39.70766]}},{"type":"Feature","properties":{"acq_date":"2026-07-27","acq_time":943,"confidence":"n","satellite":"N","instrument":"VIIRS","version":"2.0NRT","bright_ti4":318.16,"frp":1.69,"daynight":"N"},"geometry":{"type":"Point","coordinates":[-117.47283,39.70784]}},{"type":"Feature","properties":{"acq_date":"2026-07-27","acq_time":943,"confidence":"n","satellite":"N","instrument":"VIIRS","version":"2.0NRT","bright_ti4":317.22,"frp":1.58,"daynight":"N"},"geometry":{"type":"Point","coordinates":[-117.47775,39.70848]}},{"type":"Feature","properties":{"acq_date":"2026-07-27","acq_time":943,"confidence":"n","satellite":"N","instrument":"VIIRS","version":"2.0NRT","bright_ti4":311.12,"frp":1.58,"daynight":"N"},"geometry":{"type":"Point","coordinates":[-117.48268,39.70912]}},{"type":"Feature","properties":{"acq_date":"2026-07-27","acq_time":943,"confidence":"n","satellite":"N","instrument":"VIIRS","version":"2.0NRT","bright_ti4":305.72,"frp":0.85,"daynight":"N"},"geometry":{"type":"Point","coordinates":[-117.48767,39.70977]}},{"type":"Feature","properties":{"acq_date":"2026-07-27","acq_time":943,"confidence":"n","satellite":"N","instrument":"VIIRS","version":"2.0NRT","bright_ti4":307.71,"frp":0.85,"daynight":"N"},"geometry":{"type":"Point","coordinates":[-117.49294,39.71045]}},{"type":"Feature","properties":{"acq_date":"2026-07-27","acq_time":943,"confidence":"n","satellite":"N","instrument":"VIIRS","version":"2.0NRT","bright_ti4":323.22,"frp":2.22,"daynight":"N"},"geometry":{"type":"Point","coordinates":[-117.49834,39.71116]}},{"type":"Feature","properties":{"acq_date":"2026-07-27","acq_time":943,"confidence":"n","satellite":"N","instrument":"VIIRS","version":"2.0NRT","bright_ti4":309.42,"frp":1.69,"daynight":"N"},"geometry":{"type":"Point","coordinates":[-117.4721,39.71135]}},{"type":"Feature","properties":{"acq_date":"2026-07-27","acq_time":943,"confidence":"n","satellite":"N","instrument":"VIIRS","version":"2.0NRT","bright_ti4":319.75,"frp":1.58,"daynight":"N"},"geometry":{"type":"Point","coordinates":[-117.47701,39.71199]}},{"type":"Feature","properties":{"acq_date":"2026-07-27","acq_time":943,"confidence":"n","satellite":"N","instrument":"VIIRS","version":"2.0NRT","bright_ti4":310.91,"frp":1.58,"daynight":"N"},"geometry":{"type":"Point","coordinates":[-117.48193,39.71262]}},{"type":"Feature","properties":{"acq_date":"2026-07-27","acq_time":943,"confidence":"n","satellite":"N","instrument":"VIIRS","version":"2.0NRT","bright_ti4":306.19,"frp":0.85,"daynight":"N"},"geometry":{"type":"Point","coordinates":[-117.4869,39.71327]}},{"type":"Feature","properties":{"acq_date":"2026-07-27","acq_time":943,"confidence":"n","satellite":"N","instrument":"VIIRS","version":"2.0NRT","bright_ti4":297.72,"frp":0.85,"daynight":"N"},"geometry":{"type":"Point","coordinates":[-117.49218,39.71396]}},{"type":"Feature","properties":{"acq_date":"2026-07-27","acq_time":943,"confidence":"n","satellite":"N","instrument":"VIIRS","version":"2.0NRT","bright_ti4":306.4,"frp":1.67,"daynight":"N"},"geometry":{"type":"Point","coordinates":[-117.46649,39.71422]}},{"type":"Feature","properties":{"acq_date":"2026-07-27","acq_time":943,"confidence":"n","satellite":"N","instrument":"VIIRS","version":"2.0NRT","bright_ti4":309.82,"frp":1.67,"daynight":"N"},"geometry":{"type":"Point","coordinates":[-117.47131,39.71484]}},{"type":"Feature","properties":{"acq_date":"2026-07-27","acq_time":943,"confidence":"n","satellite":"N","instrument":"VIIRS","version":"2.0NRT","bright_ti4":308.85,"frp":0.98,"daynight":"N"},"geometry":{"type":"Point","coordinates":[-117.47618,39.71548]}},{"type":"Feature","properties":{"acq_date":"2026-07-27","acq_time":943,"confidence":"n","satellite":"N","instrument":"VIIRS","version":"2.0NRT","bright_ti4":303.43,"frp":0.98,"daynight":"N"},"geometry":{"type":"Point","coordinates":[-117.48109,39.71611]}},{"type":"Feature","properties":{"acq_date":"2026-07-27","acq_time":943,"confidence":"n","satellite":"N","instrument":"VIIRS","version":"2.0NRT","bright_ti4":309.88,"frp":2.22,"daynight":"N"},"geometry":{"type":"Point","coordinates":[-120.14111,39.71659]}},{"type":"Feature","properties":{"acq_date":"2026-07-27","acq_time":943,"confidence":"n","satellite":"N","instrument":"VIIRS","version":"2.0NRT","bright_ti4":310.98,"frp":0.99,"daynight":"N"},"geometry":{"type":"Point","coordinates":[-117.48611,39.71677]}},{"type":"Feature","properties":{"acq_date":"2026-07-27","acq_time":943,"confidence":"n","satellite":"N","instrument":"VIIRS","version":"2.0NRT","bright_ti4":301.02,"frp":0.99,"daynight":"N"},"geometry":{"type":"Point","coordinates":[-117.49144,39.71747]}},{"type":"Feature","properties":{"acq_date":"2026-07-27","acq_time":943,"confidence":"n","satellite":"N","instrument":"VIIRS","version":"2.0NRT","bright_ti4":327.3,"frp":1.67,"daynight":"N"},"geometry":{"type":"Point","coordinates":[-117.46571,39.71772]}},{"type":"Feature","properties":{"acq_date":"2026-07-27","acq_time":943,"confidence":"n","satellite":"N","instrument":"VIIRS","version":"2.0NRT","bright_ti4":303.11,"frp":2.32,"daynight":"N"},"geometry":{"type":"Point","coordinates":[-120.13434,39.71825]}},{"type":"Feature","properties":{"acq_date":"2026-07-27","acq_time":943,"confidence":"n","satellite":"N","instrument":"VIIRS","version":"2.0NRT","bright_ti4":315.57,"frp":1.67,"daynight":"N"},"geometry":{"type":"Point","coordinates":[-117.47051,39.71834]}},{"type":"Feature","properties":{"acq_date":"2026-07-27","acq_time":943,"confidence":"n","satellite":"N","instrument":"VIIRS","version":"2.0NRT","bright_ti4":311.68,"frp":1.19,"daynight":"N"},"geometry":{"type":"Point","coordinates":[-120.14023,39.71888]}},{"type":"Feature","properties":{"acq_date":"2026-07-27","acq_time":943,"confidence":"n","satellite":"N","instrument":"VIIRS","version":"2.0NRT","bright_ti4":311.64,"frp":0.98,"daynight":"N"},"geometry":{"type":"Point","coordinates":[-117.47533,39.71897]}},{"type":"Feature","properties":{"acq_date":"2026-07-27","acq_time":943,"confidence":"n","satellite":"N","instrument":"VIIRS","version":"2.0NRT","bright_ti4":315.56,"frp":1.35,"daynight":"N"},"geometry":{"type":"Point","coordinates":[-120.12905,39.71935]}},{"type":"Feature","properties":{"acq_date":"2026-07-27","acq_time":943,"confidence":"n","satellite":"N","instrument":"VIIRS","version":"2.0NRT","bright_ti4":304.06,"frp":0.98,"daynight":"N"},"geometry":{"type":"Point","coordinates":[-117.48026,39.7196]}},{"type":"Feature","properties":{"acq_date":"2026-07-27","acq_time":943,"confidence":"n","satellite":"N","instrument":"VIIRS","version":"2.0NRT","bright_ti4":315.11,"frp":2.25,"daynight":"N"},"geometry":{"type":"Point","coordinates":[-120.13501,39.71997]}},{"type":"Feature","properties":{"acq_date":"2026-07-27","acq_time":943,"confidence":"n","satellite":"N","instrument":"VIIRS","version":"2.0NRT","bright_ti4":301.74,"frp":2.25,"daynight":"N"},"geometry":{"type":"Point","coordinates":[-120.14092,39.72058]}},{"type":"Feature","properties":{"acq_date":"2026-07-27","acq_time":943,"confidence":"n","satellite":"N","instrument":"VIIRS","version":"2.0NRT","bright_ti4":295.23,"frp":0.54,"daynight":"N"},"geometry":{"type":"Point","coordinates":[-120.12179,39.72091]}},{"type":"Feature","properties":{"acq_date":"2026-07-27","acq_time":943,"confidence":"n","satellite":"N","instrument":"VIIRS","version":"2.0NRT","bright_ti4":317.66,"frp":2.32,"daynight":"N"},"geometry":{"type":"Point","coordinates":[-120.12812,39.7216]}},{"type":"Feature","properties":{"acq_date":"2026-07-27","acq_time":943,"confidence":"n","satellite":"N","instrument":"VIIRS","version":"2.0NRT","bright_ti4":310.99,"frp":2.32,"daynight":"N"},"geometry":{"type":"Point","coordinates":[-120.13409,39.72224]}},{"type":"Feature","properties":{"acq_date":"2026-07-27","acq_time":943,"confidence":"n","satellite":"N","instrument":"VIIRS","version":"2.0NRT","bright_ti4":297.06,"frp":1.35,"daynight":"N"},"geometry":{"type":"Point","coordinates":[-120.12255,39.72269]}},{"type":"Feature","properties":{"acq_date":"2026-07-27","acq_time":943,"confidence":"n","satellite":"N","instrument":"VIIRS","version":"2.0NRT","bright_ti4":298.49,"frp":1.19,"daynight":"N"},"geometry":{"type":"Point","coordinates":[-120.13997,39.72288]}},{"type":"Feature","properties":{"acq_date":"2026-07-27","acq_time":943,"confidence":"n","satellite":"N","instrument":"VIIRS","version":"2.0NRT","bright_ti4":309.21,"frp":1.22,"daynight":"N"},"geometry":{"type":"Point","coordinates":[-117.47948,39.72311]}},{"type":"Feature","properties":{"acq_date":"2026-07-27","acq_time":943,"confidence":"n","satellite":"N","instrument":"VIIRS","version":"2.0NRT","bright_ti4":295.25,"frp":1.35,"daynight":"N"},"geometry":{"type":"Point","coordinates":[-120.12881,39.72334]}},{"type":"Feature","properties":{"acq_date":"2026-07-27","acq_time":943,"confidence":"n","satellite":"N","instrument":"VIIRS","version":"2.0NRT","bright_ti4":299.84,"frp":0.66,"daynight":"N"},"geometry":{"type":"Point","coordinates":[-120.12155,39.7249]}},{"type":"Feature","properties":{"acq_date":"2026-07-27","acq_time":1119,"confidence":"n","satellite":"N","instrument":"VIIRS","version":"2.0NRT","bright_ti4":302.76,"frp":1.27,"daynight":"N"},"geometry":{"type":"Point","coordinates":[-118.36585,42.90361]}},{"type":"Feature","properties":{"acq_date":"2026-07-27","acq_time":1119,"confidence":"n","satellite":"N","instrument":"VIIRS","version":"2.0NRT","bright_ti4":314.6,"frp":2.12,"daynight":"N"},"geometry":{"type":"Point","coordinates":[-118.41341,42.93689]}},{"type":"Feature","properties":{"acq_date":"2026-07-27","acq_time":1119,"confidence":"n","satellite":"N","instrument":"VIIRS","version":"2.0NRT","bright_ti4":318.48,"frp":3.06,"daynight":"N"},"geometry":{"type":"Point","coordinates":[-118.4141,42.94096]}},{"type":"Feature","properties":{"acq_date":"2026-07-27","acq_time":1119,"confidence":"n","satellite":"N","instrument":"VIIRS","version":"2.0NRT","bright_ti4":295.22,"frp":1.09,"daynight":"N"},"geometry":{"type":"Point","coordinates":[-118.43777,42.94957]}},{"type":"Feature","properties":{"acq_date":"2026-07-27","acq_time":1119,"confidence":"n","satellite":"N","instrument":"VIIRS","version":"2.0NRT","bright_ti4":302.88,"frp":3.3,"daynight":"N"},"geometry":{"type":"Point","coordinates":[-118.46969,42.95705]}},{"type":"Feature","properties":{"acq_date":"2026-07-27","acq_time":1119,"confidence":"n","satellite":"N","instrument":"VIIRS","version":"2.0NRT","bright_ti4":296.76,"frp":2.7,"daynight":"N"},"geometry":{"type":"Point","coordinates":[-118.4704,42.96144]}},{"type":"Feature","properties":{"acq_date":"2026-07-27","acq_time":1119,"confidence":"n","satellite":"N","instrument":"VIIRS","version":"2.0NRT","bright_ti4":306.98,"frp":2.54,"daynight":"N"},"geometry":{"type":"Point","coordinates":[-118.27679,42.96437]}},{"type":"Feature","properties":{"acq_date":"2026-07-27","acq_time":1119,"confidence":"n","satellite":"N","instrument":"VIIRS","version":"2.0NRT","bright_ti4":296.37,"frp":1.47,"daynight":"N"},"geometry":{"type":"Point","coordinates":[-118.47935,42.96469]}},{"type":"Feature","properties":{"acq_date":"2026-07-27","acq_time":1119,"confidence":"n","satellite":"N","instrument":"VIIRS","version":"2.0NRT","bright_ti4":299.55,"frp":1.47,"daynight":"N"},"geometry":{"type":"Point","coordinates":[-118.48923,42.96828]}},{"type":"Feature","properties":{"acq_date":"2026-07-27","acq_time":1119,"confidence":"n","satellite":"N","instrument":"VIIRS","version":"2.0NRT","bright_ti4":295.17,"frp":2.65,"daynight":"N"},"geometry":{"type":"Point","coordinates":[-118.48258,42.96973]}},{"type":"Feature","properties":{"acq_date":"2026-07-27","acq_time":1119,"confidence":"n","satellite":"N","instrument":"VIIRS","version":"2.0NRT","bright_ti4":333.6,"frp":10.23,"daynight":"N"},"geometry":{"type":"Point","coordinates":[-118.50372,42.9897]}},{"type":"Feature","properties":{"acq_date":"2026-07-27","acq_time":1119,"confidence":"n","satellite":"N","instrument":"VIIRS","version":"2.0NRT","bright_ti4":333.39,"frp":15.66,"daynight":"N"},"geometry":{"type":"Point","coordinates":[-118.49896,42.9917]}},{"type":"Feature","properties":{"acq_date":"2026-07-27","acq_time":1119,"confidence":"n","satellite":"N","instrument":"VIIRS","version":"2.0NRT","bright_ti4":350.8,"frp":12.11,"daynight":"N"},"geometry":{"type":"Point","coordinates":[-118.50673,42.99447]}},{"type":"Feature","properties":{"acq_date":"2026-07-27","acq_time":1119,"confidence":"n","satellite":"N","instrument":"VIIRS","version":"2.0NRT","bright_ti4":349.03,"frp":9.35,"daynight":"N"},"geometry":{"type":"Point","coordinates":[-118.49974,42.99633]}},{"type":"Feature","properties":{"acq_date":"2026-07-27","acq_time":1119,"confidence":"n","satellite":"N","instrument":"VIIRS","version":"2.0NRT","bright_ti4":311.97,"frp":9.35,"daynight":"N"},"geometry":{"type":"Point","coordinates":[-118.50764,42.9992]}},{"type":"Feature","properties":{"acq_date":"2026-07-27","acq_time":1119,"confidence":"n","satellite":"N","instrument":"VIIRS","version":"2.0NRT","bright_ti4":304.87,"frp":12.11,"daynight":"N"},"geometry":{"type":"Point","coordinates":[-118.50307,43.00122]}},{"type":"Feature","properties":{"acq_date":"2026-07-27","acq_time":1119,"confidence":"n","satellite":"N","instrument":"VIIRS","version":"2.0NRT","bright_ti4":298.01,"frp":1.5,"daynight":"N"},"geometry":{"type":"Point","coordinates":[-118.31968,43.01238]}},{"type":"Feature","properties":{"acq_date":"2026-07-27","acq_time":1119,"confidence":"n","satellite":"N","instrument":"VIIRS","version":"2.0NRT","bright_ti4":303.38,"frp":1.81,"daynight":"N"},"geometry":{"type":"Point","coordinates":[-118.34561,43.01358]}},{"type":"Feature","properties":{"acq_date":"2026-07-27","acq_time":1119,"confidence":"n","satellite":"N","instrument":"VIIRS","version":"2.0NRT","bright_ti4":298.67,"frp":1.58,"daynight":"N"},"geometry":{"type":"Point","coordinates":[-118.3184,43.01443]}},{"type":"Feature","properties":{"acq_date":"2026-07-27","acq_time":1119,"confidence":"n","satellite":"N","instrument":"VIIRS","version":"2.0NRT","bright_ti4":297.83,"frp":2.16,"daynight":"N"},"geometry":{"type":"Point","coordinates":[-118.504,43.0257]}},{"type":"Feature","properties":{"acq_date":"2026-07-27","acq_time":1119,"confidence":"n","satellite":"N","instrument":"VIIRS","version":"2.0NRT","bright_ti4":295.9,"frp":1.74,"daynight":"N"},"geometry":{"type":"Point","coordinates":[-118.4959,43.02724]}},{"type":"Feature","properties":{"acq_date":"2026-07-27","acq_time":1119,"confidence":"n","satellite":"N","instrument":"VIIRS","version":"2.0NRT","bright_ti4":302.46,"frp":1.74,"daynight":"N"},"geometry":{"type":"Point","coordinates":[-118.50365,43.03003]}},{"type":"Feature","properties":{"acq_date":"2026-07-27","acq_time":1119,"confidence":"n","satellite":"N","instrument":"VIIRS","version":"2.0NRT","bright_ti4":307.62,"frp":2.16,"daynight":"N"},"geometry":{"type":"Point","coordinates":[-118.49879,43.03189]}},{"type":"Feature","properties":{"acq_date":"2026-07-27","acq_time":1119,"confidence":"n","satellite":"N","instrument":"VIIRS","version":"2.0NRT","bright_ti4":302.25,"frp":2.16,"daynight":"N"},"geometry":{"type":"Point","coordinates":[-118.50655,43.03463]}},{"type":"Feature","properties":{"acq_date":"2026-07-27","acq_time":1119,"confidence":"n","satellite":"N","instrument":"VIIRS","version":"2.0NRT","bright_ti4":310.4,"frp":1.74,"daynight":"N"},"geometry":{"type":"Point","coordinates":[-118.50008,43.03681]}},{"type":"Feature","properties":{"acq_date":"2026-07-27","acq_time":1119,"confidence":"n","satellite":"N","instrument":"VIIRS","version":"2.0NRT","bright_ti4":310.24,"frp":2.03,"daynight":"N"},"geometry":{"type":"Point","coordinates":[-118.49727,43.04385]}},{"type":"Feature","properties":{"acq_date":"2026-07-27","acq_time":1119,"confidence":"n","satellite":"N","instrument":"VIIRS","version":"2.0NRT","bright_ti4":300.17,"frp":2.03,"daynight":"N"},"geometry":{"type":"Point","coordinates":[-118.49371,43.05064]}},{"type":"Feature","properties":{"acq_date":"2026-07-27","acq_time":1119,"confidence":"n","satellite":"N","instrument":"VIIRS","version":"2.0NRT","bright_ti4":305.5,"frp":2.25,"daynight":"N"},"geometry":{"type":"Point","coordinates":[-118.46021,43.05474]}},{"type":"Feature","properties":{"acq_date":"2026-07-27","acq_time":1119,"confidence":"n","satellite":"N","instrument":"VIIRS","version":"2.0NRT","bright_ti4":302.02,"frp":3.72,"daynight":"N"},"geometry":{"type":"Point","coordinates":[-118.23447,43.05498]}},{"type":"Feature","properties":{"acq_date":"2026-07-27","acq_time":1119,"confidence":"n","satellite":"N","instrument":"VIIRS","version":"2.0NRT","bright_ti4":299.7,"frp":2.88,"daynight":"N"},"geometry":{"type":"Point","coordinates":[-118.2335,43.05686]}},{"type":"Feature","properties":{"acq_date":"2026-07-27","acq_time":1119,"confidence":"n","satellite":"N","instrument":"VIIRS","version":"2.0NRT","bright_ti4":299.54,"frp":2.25,"daynight":"N"},"geometry":{"type":"Point","coordinates":[-118.46847,43.05769]}},{"type":"Feature","properties":{"acq_date":"2026-07-27","acq_time":1119,"confidence":"n","satellite":"N","instrument":"VIIRS","version":"2.0NRT","bright_ti4":308.35,"frp":4,"daynight":"N"},"geometry":{"type":"Point","coordinates":[-118.24837,43.05994]}},{"type":"Feature","properties":{"acq_date":"2026-07-27","acq_time":1119,"confidence":"n","satellite":"N","instrument":"VIIRS","version":"2.0NRT","bright_ti4":316.68,"frp":2.88,"daynight":"N"},"geometry":{"type":"Point","coordinates":[-118.24654,43.06158]}},{"type":"Feature","properties":{"acq_date":"2026-07-27","acq_time":1119,"confidence":"n","satellite":"N","instrument":"VIIRS","version":"2.0NRT","bright_ti4":302.68,"frp":2.59,"daynight":"N"},"geometry":{"type":"Point","coordinates":[-118.24014,43.0674]}},{"type":"Feature","properties":{"acq_date":"2026-07-27","acq_time":1119,"confidence":"n","satellite":"N","instrument":"VIIRS","version":"2.0NRT","bright_ti4":298.05,"frp":1.59,"daynight":"N"},"geometry":{"type":"Point","coordinates":[-118.88623,43.08917]}},{"type":"Feature","properties":{"acq_date":"2026-07-27","acq_time":1119,"confidence":"n","satellite":"N","instrument":"VIIRS","version":"2.0NRT","bright_ti4":326.58,"frp":3.66,"daynight":"N"},"geometry":{"type":"Point","coordinates":[-118.89886,43.10153]}},{"type":"Feature","properties":{"acq_date":"2026-07-27","acq_time":1119,"confidence":"n","satellite":"N","instrument":"VIIRS","version":"2.0NRT","bright_ti4":297.23,"frp":0.64,"daynight":"N"},"geometry":{"type":"Point","coordinates":[-122.5671,43.10756]}},{"type":"Feature","properties":{"acq_date":"2026-07-27","acq_time":1119,"confidence":"n","satellite":"N","instrument":"VIIRS","version":"2.0NRT","bright_ti4":319.17,"frp":3.77,"daynight":"N"},"geometry":{"type":"Point","coordinates":[-118.89787,43.10765]}},{"type":"Feature","properties":{"acq_date":"2026-07-27","acq_time":1119,"confidence":"n","satellite":"N","instrument":"VIIRS","version":"2.0NRT","bright_ti4":298.42,"frp":3.66,"daynight":"N"},"geometry":{"type":"Point","coordinates":[-118.89417,43.10777]}},{"type":"Feature","properties":{"acq_date":"2026-07-27","acq_time":1119,"confidence":"n","satellite":"N","instrument":"VIIRS","version":"2.0NRT","bright_ti4":296.62,"frp":1.76,"daynight":"N"},"geometry":{"type":"Point","coordinates":[-122.56784,43.10859]}},{"type":"Feature","properties":{"acq_date":"2026-07-27","acq_time":1119,"confidence":"n","satellite":"N","instrument":"VIIRS","version":"2.0NRT","bright_ti4":303.99,"frp":1.5,"daynight":"N"},"geometry":{"type":"Point","coordinates":[-122.5778,43.11085]}},{"type":"Feature","properties":{"acq_date":"2026-07-27","acq_time":1119,"confidence":"n","satellite":"N","instrument":"VIIRS","version":"2.0NRT","bright_ti4":313.78,"frp":3,"daynight":"N"},"geometry":{"type":"Point","coordinates":[-122.57809,43.11181]}},{"type":"Feature","properties":{"acq_date":"2026-07-27","acq_time":1119,"confidence":"n","satellite":"N","instrument":"VIIRS","version":"2.0NRT","bright_ti4":295.62,"frp":1.76,"daynight":"N"},"geometry":{"type":"Point","coordinates":[-122.56722,43.11508]}},{"type":"Feature","properties":{"acq_date":"2026-07-27","acq_time":1119,"confidence":"n","satellite":"N","instrument":"VIIRS","version":"2.0NRT","bright_ti4":322.53,"frp":1.76,"daynight":"N"},"geometry":{"type":"Point","coordinates":[-122.57182,43.11652]}},{"type":"Feature","properties":{"acq_date":"2026-07-27","acq_time":1119,"confidence":"n","satellite":"N","instrument":"VIIRS","version":"2.0NRT","bright_ti4":326.66,"frp":3,"daynight":"N"},"geometry":{"type":"Point","coordinates":[-122.57591,43.1178]}},{"type":"Feature","properties":{"acq_date":"2026-07-27","acq_time":1119,"confidence":"n","satellite":"N","instrument":"VIIRS","version":"2.0NRT","bright_ti4":299.69,"frp":3,"daynight":"N"},"geometry":{"type":"Point","coordinates":[-122.58051,43.11924]}},{"type":"Feature","properties":{"acq_date":"2026-07-27","acq_time":1119,"confidence":"n","satellite":"N","instrument":"VIIRS","version":"2.0NRT","bright_ti4":310.17,"frp":1.52,"daynight":"N"},"geometry":{"type":"Point","coordinates":[-122.57776,43.12506]}},{"type":"Feature","properties":{"acq_date":"2026-07-27","acq_time":1119,"confidence":"n","satellite":"N","instrument":"VIIRS","version":"2.0NRT","bright_ti4":298.66,"frp":2.12,"daynight":"N"},"geometry":{"type":"Point","coordinates":[-122.56634,43.12815]}},{"type":"Feature","properties":{"acq_date":"2026-07-27","acq_time":1119,"confidence":"n","satellite":"N","instrument":"VIIRS","version":"2.0NRT","bright_ti4":308.77,"frp":1.52,"daynight":"N"},"geometry":{"type":"Point","coordinates":[-122.5703,43.1294]}},{"type":"Feature","properties":{"acq_date":"2026-07-27","acq_time":1119,"confidence":"n","satellite":"N","instrument":"VIIRS","version":"2.0NRT","bright_ti4":305.9,"frp":1.52,"daynight":"N"},"geometry":{"type":"Point","coordinates":[-122.57484,43.13082]}},{"type":"Feature","properties":{"acq_date":"2026-07-27","acq_time":1119,"confidence":"n","satellite":"N","instrument":"VIIRS","version":"2.0NRT","bright_ti4":316.94,"frp":4.14,"daynight":"N"},"geometry":{"type":"Point","coordinates":[-118.12603,43.15173]}},{"type":"Feature","properties":{"acq_date":"2026-07-27","acq_time":1119,"confidence":"n","satellite":"N","instrument":"VIIRS","version":"2.0NRT","bright_ti4":298.79,"frp":3.52,"daynight":"N"},"geometry":{"type":"Point","coordinates":[-118.32908,43.46708]}},{"type":"Feature","properties":{"acq_date":"2026-07-27","acq_time":1119,"confidence":"n","satellite":"N","instrument":"VIIRS","version":"2.0NRT","bright_ti4":309.51,"frp":3.52,"daynight":"N"},"geometry":{"type":"Point","coordinates":[-118.33856,43.47049]}},{"type":"Feature","properties":{"acq_date":"2026-07-27","acq_time":1119,"confidence":"n","satellite":"N","instrument":"VIIRS","version":"2.0NRT","bright_ti4":317.64,"frp":3.75,"daynight":"N"},"geometry":{"type":"Point","coordinates":[-118.34919,43.47429]}},{"type":"Feature","properties":{"acq_date":"2026-07-27","acq_time":1119,"confidence":"n","satellite":"N","instrument":"VIIRS","version":"2.0NRT","bright_ti4":317.52,"frp":3.75,"daynight":"N"},"geometry":{"type":"Point","coordinates":[-118.34377,43.48037]}},{"type":"Feature","properties":{"acq_date":"2026-07-27","acq_time":1119,"confidence":"n","satellite":"N","instrument":"VIIRS","version":"2.0NRT","bright_ti4":300.98,"frp":1.11,"daynight":"N"},"geometry":{"type":"Point","coordinates":[-118.2955,43.48314]}},{"type":"Feature","properties":{"acq_date":"2026-07-27","acq_time":1119,"confidence":"n","satellite":"N","instrument":"VIIRS","version":"2.0NRT","bright_ti4":299.72,"frp":3.75,"daynight":"N"},"geometry":{"type":"Point","coordinates":[-118.35638,43.48489]}},{"type":"Feature","properties":{"acq_date":"2026-07-27","acq_time":1119,"confidence":"n","satellite":"N","instrument":"VIIRS","version":"2.0NRT","bright_ti4":296.21,"frp":0.64,"daynight":"N"},"geometry":{"type":"Point","coordinates":[-118.29378,43.48654]}},{"type":"Feature","properties":{"acq_date":"2026-07-27","acq_time":1119,"confidence":"n","satellite":"N","instrument":"VIIRS","version":"2.0NRT","bright_ti4":308.67,"frp":3.62,"daynight":"N"},"geometry":{"type":"Point","coordinates":[-118.34914,43.4903]}},{"type":"Feature","properties":{"acq_date":"2026-07-27","acq_time":1119,"confidence":"n","satellite":"N","instrument":"VIIRS","version":"2.0NRT","bright_ti4":298.46,"frp":2.29,"daynight":"N"},"geometry":{"type":"Point","coordinates":[-118.34637,43.49359]}},{"type":"Feature","properties":{"acq_date":"2026-07-27","acq_time":1119,"confidence":"n","satellite":"N","instrument":"VIIRS","version":"2.0NRT","bright_ti4":300.23,"frp":2.29,"daynight":"N"},"geometry":{"type":"Point","coordinates":[-118.35706,43.49747]}},{"type":"Feature","properties":{"acq_date":"2026-07-27","acq_time":1121,"confidence":"n","satellite":"N","instrument":"VIIRS","version":"2.0NRT","bright_ti4":296.98,"frp":0.95,"daynight":"N"},"geometry":{"type":"Point","coordinates":[-121.38581,38.12008]}},{"type":"Feature","properties":{"acq_date":"2026-07-27","acq_time":1121,"confidence":"n","satellite":"N","instrument":"VIIRS","version":"2.0NRT","bright_ti4":297.58,"frp":0.68,"daynight":"N"},"geometry":{"type":"Point","coordinates":[-121.39148,38.1233]}}]}