{"type":"FeatureCollection","name":"FIRMS VIIRS CA (last 1 day)","crs":{"type":"name","properties":{"name":"EPSG:4326"}},"fetched_at_utc":"2026-08-08T14:35:04.173Z","source":{"url":"https://firms.modaps.eosdis.nasa.gov/api/area/csv/8c4af552cf654445dd280dfb3ad9337c/VIIRS_SNPP_NRT/-125,32,-113,43.5/1","dataset":"VIIRS_SNPP_NRT","bbox":"-125,32,-113,43.5","day_range":"1"},"features":[{"type":"Feature","properties":{"acq_date":"2026-08-08","acq_time":915,"confidence":"n","satellite":"N","instrument":"VIIRS","version":"2.0NRT","bright_ti4":307.3,"frp":2.58,"daynight":"N"},"geometry":{"type":"Point","coordinates":[-123.68627,41.12508]}},{"type":"Feature","properties":{"acq_date":"2026-08-08","acq_time":915,"confidence":"n","satellite":"N","instrument":"VIIRS","version":"2.0NRT","bright_ti4":322.65,"frp":3.22,"daynight":"N"},"geometry":{"type":"Point","coordinates":[-123.6824,41.1287]}},{"type":"Feature","properties":{"acq_date":"2026-08-08","acq_time":915,"confidence":"n","satellite":"N","instrument":"VIIRS","version":"2.0NRT","bright_ti4":321.97,"frp":2.58,"daynight":"N"},"geometry":{"type":"Point","coordinates":[-123.68785,41.13181]}},{"type":"Feature","properties":{"acq_date":"2026-08-08","acq_time":915,"confidence":"n","satellite":"N","instrument":"VIIRS","version":"2.0NRT","bright_ti4":304.93,"frp":1.55,"daynight":"N"},"geometry":{"type":"Point","coordinates":[-116.89169,42.23184]}},{"type":"Feature","properties":{"acq_date":"2026-08-08","acq_time":915,"confidence":"n","satellite":"N","instrument":"VIIRS","version":"2.0NRT","bright_ti4":298.23,"frp":1.67,"daynight":"N"},"geometry":{"type":"Point","coordinates":[-116.68829,42.24144]}},{"type":"Feature","properties":{"acq_date":"2026-08-08","acq_time":915,"confidence":"n","satellite":"N","instrument":"VIIRS","version":"2.0NRT","bright_ti4":299.23,"frp":1.22,"daynight":"N"},"geometry":{"type":"Point","coordinates":[-116.91041,42.24765]}},{"type":"Feature","properties":{"acq_date":"2026-08-08","acq_time":915,"confidence":"n","satellite":"N","instrument":"VIIRS","version":"2.0NRT","bright_ti4":306.32,"frp":1.22,"daynight":"N"},"geometry":{"type":"Point","coordinates":[-116.90973,42.25245]}},{"type":"Feature","properties":{"acq_date":"2026-08-08","acq_time":915,"confidence":"n","satellite":"N","instrument":"VIIRS","version":"2.0NRT","bright_ti4":297.16,"frp":1.9,"daynight":"N"},"geometry":{"type":"Point","coordinates":[-116.90165,42.2664]}},{"type":"Feature","properties":{"acq_date":"2026-08-08","acq_time":915,"confidence":"n","satellite":"N","instrument":"VIIRS","version":"2.0NRT","bright_ti4":300.42,"frp":1.34,"daynight":"N"},"geometry":{"type":"Point","coordinates":[-121.61797,42.40606]}},{"type":"Feature","properties":{"acq_date":"2026-08-08","acq_time":915,"confidence":"n","satellite":"N","instrument":"VIIRS","version":"2.0NRT","bright_ti4":301.43,"frp":1.34,"daynight":"N"},"geometry":{"type":"Point","coordinates":[-121.62344,42.40622]}},{"type":"Feature","properties":{"acq_date":"2026-08-08","acq_time":915,"confidence":"n","satellite":"N","instrument":"VIIRS","version":"2.0NRT","bright_ti4":300.93,"frp":2.31,"daynight":"N"},"geometry":{"type":"Point","coordinates":[-121.62882,42.40638]}},{"type":"Feature","properties":{"acq_date":"2026-08-08","acq_time":915,"confidence":"n","satellite":"N","instrument":"VIIRS","version":"2.0NRT","bright_ti4":339.65,"frp":11.62,"daynight":"N"},"geometry":{"type":"Point","coordinates":[-121.59604,42.41106]}},{"type":"Feature","properties":{"acq_date":"2026-08-08","acq_time":915,"confidence":"h","satellite":"N","instrument":"VIIRS","version":"2.0NRT","bright_ti4":367,"frp":20.47,"daynight":"N"},"geometry":{"type":"Point","coordinates":[-121.60189,42.41121]}},{"type":"Feature","properties":{"acq_date":"2026-08-08","acq_time":915,"confidence":"h","satellite":"N","instrument":"VIIRS","version":"2.0NRT","bright_ti4":367,"frp":20.47,"daynight":"N"},"geometry":{"type":"Point","coordinates":[-121.60768,42.41135]}},{"type":"Feature","properties":{"acq_date":"2026-08-08","acq_time":915,"confidence":"n","satellite":"N","instrument":"VIIRS","version":"2.0NRT","bright_ti4":334.47,"frp":17.83,"daynight":"N"},"geometry":{"type":"Point","coordinates":[-121.5951,42.41148]}},{"type":"Feature","properties":{"acq_date":"2026-08-08","acq_time":915,"confidence":"h","satellite":"N","instrument":"VIIRS","version":"2.0NRT","bright_ti4":367,"frp":25.41,"daynight":"N"},"geometry":{"type":"Point","coordinates":[-121.61343,42.4115]}},{"type":"Feature","properties":{"acq_date":"2026-08-08","acq_time":915,"confidence":"h","satellite":"N","instrument":"VIIRS","version":"2.0NRT","bright_ti4":367,"frp":25.41,"daynight":"N"},"geometry":{"type":"Point","coordinates":[-121.61913,42.41164]}},{"type":"Feature","properties":{"acq_date":"2026-08-08","acq_time":915,"confidence":"h","satellite":"N","instrument":"VIIRS","version":"2.0NRT","bright_ti4":367,"frp":17.83,"daynight":"N"},"geometry":{"type":"Point","coordinates":[-121.60094,42.41166]}},{"type":"Feature","properties":{"acq_date":"2026-08-08","acq_time":915,"confidence":"h","satellite":"N","instrument":"VIIRS","version":"2.0NRT","bright_ti4":367,"frp":25.9,"daynight":"N"},"geometry":{"type":"Point","coordinates":[-121.62474,42.41178]}},{"type":"Feature","properties":{"acq_date":"2026-08-08","acq_time":915,"confidence":"h","satellite":"N","instrument":"VIIRS","version":"2.0NRT","bright_ti4":367,"frp":36.07,"daynight":"N"},"geometry":{"type":"Point","coordinates":[-121.60675,42.41184]}},{"type":"Feature","properties":{"acq_date":"2026-08-08","acq_time":915,"confidence":"h","satellite":"N","instrument":"VIIRS","version":"2.0NRT","bright_ti4":367,"frp":25.9,"daynight":"N"},"geometry":{"type":"Point","coordinates":[-121.6302,42.41192]}},{"type":"Feature","properties":{"acq_date":"2026-08-08","acq_time":915,"confidence":"h","satellite":"N","instrument":"VIIRS","version":"2.0NRT","bright_ti4":367,"frp":36.07,"daynight":"N"},"geometry":{"type":"Point","coordinates":[-121.61252,42.41201]}},{"type":"Feature","properties":{"acq_date":"2026-08-08","acq_time":915,"confidence":"n","satellite":"N","instrument":"VIIRS","version":"2.0NRT","bright_ti4":328.25,"frp":8.88,"daynight":"N"},"geometry":{"type":"Point","coordinates":[-121.63538,42.41206]}},{"type":"Feature","properties":{"acq_date":"2026-08-08","acq_time":915,"confidence":"n","satellite":"N","instrument":"VIIRS","version":"2.0NRT","bright_ti4":314.94,"frp":8.88,"daynight":"N"},"geometry":{"type":"Point","coordinates":[-121.64022,42.41218]}},{"type":"Feature","properties":{"acq_date":"2026-08-08","acq_time":915,"confidence":"h","satellite":"N","instrument":"VIIRS","version":"2.0NRT","bright_ti4":367,"frp":39.5,"daynight":"N"},"geometry":{"type":"Point","coordinates":[-121.61823,42.41219]}},{"type":"Feature","properties":{"acq_date":"2026-08-08","acq_time":915,"confidence":"n","satellite":"N","instrument":"VIIRS","version":"2.0NRT","bright_ti4":308.05,"frp":2.1,"daynight":"N"},"geometry":{"type":"Point","coordinates":[-121.6448,42.4123]}},{"type":"Feature","properties":{"acq_date":"2026-08-08","acq_time":915,"confidence":"h","satellite":"N","instrument":"VIIRS","version":"2.0NRT","bright_ti4":367,"frp":39.5,"daynight":"N"},"geometry":{"type":"Point","coordinates":[-121.62384,42.41236]}},{"type":"Feature","properties":{"acq_date":"2026-08-08","acq_time":915,"confidence":"n","satellite":"N","instrument":"VIIRS","version":"2.0NRT","bright_ti4":302.5,"frp":2.1,"daynight":"N"},"geometry":{"type":"Point","coordinates":[-121.64907,42.4124]}},{"type":"Feature","properties":{"acq_date":"2026-08-08","acq_time":915,"confidence":"h","satellite":"N","instrument":"VIIRS","version":"2.0NRT","bright_ti4":367,"frp":41.24,"daynight":"N"},"geometry":{"type":"Point","coordinates":[-121.62933,42.41253]}},{"type":"Feature","properties":{"acq_date":"2026-08-08","acq_time":915,"confidence":"n","satellite":"N","instrument":"VIIRS","version":"2.0NRT","bright_ti4":343.07,"frp":41.24,"daynight":"N"},"geometry":{"type":"Point","coordinates":[-121.63459,42.41269]}},{"type":"Feature","properties":{"acq_date":"2026-08-08","acq_time":915,"confidence":"n","satellite":"N","instrument":"VIIRS","version":"2.0NRT","bright_ti4":318.79,"frp":17.92,"daynight":"N"},"geometry":{"type":"Point","coordinates":[-121.63952,42.41283]}},{"type":"Feature","properties":{"acq_date":"2026-08-08","acq_time":915,"confidence":"n","satellite":"N","instrument":"VIIRS","version":"2.0NRT","bright_ti4":311.32,"frp":17.92,"daynight":"N"},"geometry":{"type":"Point","coordinates":[-121.64415,42.41297]}},{"type":"Feature","properties":{"acq_date":"2026-08-08","acq_time":915,"confidence":"n","satellite":"N","instrument":"VIIRS","version":"2.0NRT","bright_ti4":305.07,"frp":3.99,"daynight":"N"},"geometry":{"type":"Point","coordinates":[-121.6485,42.41311]}},{"type":"Feature","properties":{"acq_date":"2026-08-08","acq_time":915,"confidence":"n","satellite":"N","instrument":"VIIRS","version":"2.0NRT","bright_ti4":334.26,"frp":11.42,"daynight":"N"},"geometry":{"type":"Point","coordinates":[-121.58995,42.41702]}},{"type":"Feature","properties":{"acq_date":"2026-08-08","acq_time":915,"confidence":"h","satellite":"N","instrument":"VIIRS","version":"2.0NRT","bright_ti4":367,"frp":11.42,"daynight":"N"},"geometry":{"type":"Point","coordinates":[-121.59586,42.41717]}},{"type":"Feature","properties":{"acq_date":"2026-08-08","acq_time":915,"confidence":"h","satellite":"N","instrument":"VIIRS","version":"2.0NRT","bright_ti4":367,"frp":32.03,"daynight":"N"},"geometry":{"type":"Point","coordinates":[-121.60174,42.41732]}},{"type":"Feature","properties":{"acq_date":"2026-08-08","acq_time":915,"confidence":"n","satellite":"N","instrument":"VIIRS","version":"2.0NRT","bright_ti4":322.37,"frp":10.09,"daynight":"N"},"geometry":{"type":"Point","coordinates":[-121.589,42.41741]}},{"type":"Feature","properties":{"acq_date":"2026-08-08","acq_time":915,"confidence":"h","satellite":"N","instrument":"VIIRS","version":"2.0NRT","bright_ti4":367,"frp":32.03,"daynight":"N"},"geometry":{"type":"Point","coordinates":[-121.60754,42.41747]}},{"type":"Feature","properties":{"acq_date":"2026-08-08","acq_time":915,"confidence":"h","satellite":"N","instrument":"VIIRS","version":"2.0NRT","bright_ti4":367,"frp":17.83,"daynight":"N"},"geometry":{"type":"Point","coordinates":[-121.59492,42.41759]}},{"type":"Feature","properties":{"acq_date":"2026-08-08","acq_time":915,"confidence":"h","satellite":"N","instrument":"VIIRS","version":"2.0NRT","bright_ti4":367,"frp":34.73,"daynight":"N"},"geometry":{"type":"Point","coordinates":[-121.6133,42.41762]}},{"type":"Feature","properties":{"acq_date":"2026-08-08","acq_time":915,"confidence":"h","satellite":"N","instrument":"VIIRS","version":"2.0NRT","bright_ti4":367,"frp":34.73,"daynight":"N"},"geometry":{"type":"Point","coordinates":[-121.61897,42.41776]}},{"type":"Feature","properties":{"acq_date":"2026-08-08","acq_time":915,"confidence":"h","satellite":"N","instrument":"VIIRS","version":"2.0NRT","bright_ti4":367,"frp":17.83,"daynight":"N"},"geometry":{"type":"Point","coordinates":[-121.60079,42.41778]}},{"type":"Feature","properties":{"acq_date":"2026-08-08","acq_time":915,"confidence":"h","satellite":"N","instrument":"VIIRS","version":"2.0NRT","bright_ti4":367,"frp":39.81,"daynight":"N"},"geometry":{"type":"Point","coordinates":[-121.6247,42.41791]}},{"type":"Feature","properties":{"acq_date":"2026-08-08","acq_time":915,"confidence":"h","satellite":"N","instrument":"VIIRS","version":"2.0NRT","bright_ti4":367,"frp":36.07,"daynight":"N"},"geometry":{"type":"Point","coordinates":[-121.60663,42.41795]}},{"type":"Feature","properties":{"acq_date":"2026-08-08","acq_time":915,"confidence":"h","satellite":"N","instrument":"VIIRS","version":"2.0NRT","bright_ti4":367,"frp":39.81,"daynight":"N"},"geometry":{"type":"Point","coordinates":[-121.63042,42.41806]}},{"type":"Feature","properties":{"acq_date":"2026-08-08","acq_time":915,"confidence":"h","satellite":"N","instrument":"VIIRS","version":"2.0NRT","bright_ti4":367,"frp":36.07,"daynight":"N"},"geometry":{"type":"Point","coordinates":[-121.61238,42.41813]}},{"type":"Feature","properties":{"acq_date":"2026-08-08","acq_time":915,"confidence":"h","satellite":"N","instrument":"VIIRS","version":"2.0NRT","bright_ti4":367,"frp":42.36,"daynight":"N"},"geometry":{"type":"Point","coordinates":[-121.63602,42.4182]}},{"type":"Feature","properties":{"acq_date":"2026-08-08","acq_time":915,"confidence":"h","satellite":"N","instrument":"VIIRS","version":"2.0NRT","bright_ti4":367,"frp":39.5,"daynight":"N"},"geometry":{"type":"Point","coordinates":[-121.61805,42.4183]}},{"type":"Feature","properties":{"acq_date":"2026-08-08","acq_time":915,"confidence":"h","satellite":"N","instrument":"VIIRS","version":"2.0NRT","bright_ti4":367,"frp":42.36,"daynight":"N"},"geometry":{"type":"Point","coordinates":[-121.64114,42.41833]}},{"type":"Feature","properties":{"acq_date":"2026-08-08","acq_time":915,"confidence":"n","satellite":"N","instrument":"VIIRS","version":"2.0NRT","bright_ti4":336.54,"frp":16.12,"daynight":"N"},"geometry":{"type":"Point","coordinates":[-121.64594,42.41845]}},{"type":"Feature","properties":{"acq_date":"2026-08-08","acq_time":915,"confidence":"h","satellite":"N","instrument":"VIIRS","version":"2.0NRT","bright_ti4":367,"frp":39.5,"daynight":"N"},"geometry":{"type":"Point","coordinates":[-121.62376,42.41848]}},{"type":"Feature","properties":{"acq_date":"2026-08-08","acq_time":915,"confidence":"n","satellite":"N","instrument":"VIIRS","version":"2.0NRT","bright_ti4":317.75,"frp":16.12,"daynight":"N"},"geometry":{"type":"Point","coordinates":[-121.65049,42.41857]}},{"type":"Feature","properties":{"acq_date":"2026-08-08","acq_time":915,"confidence":"h","satellite":"N","instrument":"VIIRS","version":"2.0NRT","bright_ti4":367,"frp":41.24,"daynight":"N"},"geometry":{"type":"Point","coordinates":[-121.62952,42.41866]}},{"type":"Feature","properties":{"acq_date":"2026-08-08","acq_time":915,"confidence":"h","satellite":"N","instrument":"VIIRS","version":"2.0NRT","bright_ti4":367,"frp":41.24,"daynight":"N"},"geometry":{"type":"Point","coordinates":[-121.63519,42.41883]}},{"type":"Feature","properties":{"acq_date":"2026-08-08","acq_time":915,"confidence":"h","satellite":"N","instrument":"VIIRS","version":"2.0NRT","bright_ti4":367,"frp":17.92,"daynight":"N"},"geometry":{"type":"Point","coordinates":[-121.64043,42.41899]}},{"type":"Feature","properties":{"acq_date":"2026-08-08","acq_time":915,"confidence":"n","satellite":"N","instrument":"VIIRS","version":"2.0NRT","bright_ti4":351.14,"frp":17.92,"daynight":"N"},"geometry":{"type":"Point","coordinates":[-121.6453,42.41914]}},{"type":"Feature","properties":{"acq_date":"2026-08-08","acq_time":915,"confidence":"n","satellite":"N","instrument":"VIIRS","version":"2.0NRT","bright_ti4":321.4,"frp":3.99,"daynight":"N"},"geometry":{"type":"Point","coordinates":[-121.64993,42.41928]}},{"type":"Feature","properties":{"acq_date":"2026-08-08","acq_time":915,"confidence":"n","satellite":"N","instrument":"VIIRS","version":"2.0NRT","bright_ti4":303.22,"frp":3.99,"daynight":"N"},"geometry":{"type":"Point","coordinates":[-121.65453,42.41942]}},{"type":"Feature","properties":{"acq_date":"2026-08-08","acq_time":915,"confidence":"n","satellite":"N","instrument":"VIIRS","version":"2.0NRT","bright_ti4":339.81,"frp":11.42,"daynight":"N"},"geometry":{"type":"Point","coordinates":[-121.58962,42.42313]}},{"type":"Feature","properties":{"acq_date":"2026-08-08","acq_time":915,"confidence":"n","satellite":"N","instrument":"VIIRS","version":"2.0NRT","bright_ti4":344.16,"frp":11.42,"daynight":"N"},"geometry":{"type":"Point","coordinates":[-121.59557,42.42329]}},{"type":"Feature","properties":{"acq_date":"2026-08-08","acq_time":915,"confidence":"h","satellite":"N","instrument":"VIIRS","version":"2.0NRT","bright_ti4":367,"frp":32.03,"daynight":"N"},"geometry":{"type":"Point","coordinates":[-121.60146,42.42344]}},{"type":"Feature","properties":{"acq_date":"2026-08-08","acq_time":915,"confidence":"n","satellite":"N","instrument":"VIIRS","version":"2.0NRT","bright_ti4":334.63,"frp":7.13,"daynight":"N"},"geometry":{"type":"Point","coordinates":[-121.58868,42.42352]}},{"type":"Feature","properties":{"acq_date":"2026-08-08","acq_time":915,"confidence":"h","satellite":"N","instrument":"VIIRS","version":"2.0NRT","bright_ti4":367,"frp":32.03,"daynight":"N"},"geometry":{"type":"Point","coordinates":[-121.60732,42.42359]}},{"type":"Feature","properties":{"acq_date":"2026-08-08","acq_time":915,"confidence":"n","satellite":"N","instrument":"VIIRS","version":"2.0NRT","bright_ti4":341.66,"frp":12.14,"daynight":"N"},"geometry":{"type":"Point","coordinates":[-121.59464,42.4237]}},{"type":"Feature","properties":{"acq_date":"2026-08-08","acq_time":915,"confidence":"h","satellite":"N","instrument":"VIIRS","version":"2.0NRT","bright_ti4":367,"frp":34.73,"daynight":"N"},"geometry":{"type":"Point","coordinates":[-121.61311,42.42374]}},{"type":"Feature","properties":{"acq_date":"2026-08-08","acq_time":915,"confidence":"h","satellite":"N","instrument":"VIIRS","version":"2.0NRT","bright_ti4":367,"frp":34.73,"daynight":"N"},"geometry":{"type":"Point","coordinates":[-121.6188,42.42389]}},{"type":"Feature","properties":{"acq_date":"2026-08-08","acq_time":915,"confidence":"n","satellite":"N","instrument":"VIIRS","version":"2.0NRT","bright_ti4":356.12,"frp":12.14,"daynight":"N"},"geometry":{"type":"Point","coordinates":[-121.60055,42.42389]}},{"type":"Feature","properties":{"acq_date":"2026-08-08","acq_time":915,"confidence":"h","satellite":"N","instrument":"VIIRS","version":"2.0NRT","bright_ti4":367,"frp":39.81,"daynight":"N"},"geometry":{"type":"Point","coordinates":[-121.62463,42.42404]}},{"type":"Feature","properties":{"acq_date":"2026-08-08","acq_time":915,"confidence":"h","satellite":"N","instrument":"VIIRS","version":"2.0NRT","bright_ti4":367,"frp":15.44,"daynight":"N"},"geometry":{"type":"Point","coordinates":[-121.60641,42.42407]}},{"type":"Feature","properties":{"acq_date":"2026-08-08","acq_time":915,"confidence":"h","satellite":"N","instrument":"VIIRS","version":"2.0NRT","bright_ti4":367,"frp":39.81,"daynight":"N"},"geometry":{"type":"Point","coordinates":[-121.63063,42.42419]}},{"type":"Feature","properties":{"acq_date":"2026-08-08","acq_time":915,"confidence":"h","satellite":"N","instrument":"VIIRS","version":"2.0NRT","bright_ti4":367,"frp":15.44,"daynight":"N"},"geometry":{"type":"Point","coordinates":[-121.61221,42.42425]}},{"type":"Feature","properties":{"acq_date":"2026-08-08","acq_time":915,"confidence":"h","satellite":"N","instrument":"VIIRS","version":"2.0NRT","bright_ti4":367,"frp":42.36,"daynight":"N"},"geometry":{"type":"Point","coordinates":[-121.6366,42.42434]}},{"type":"Feature","properties":{"acq_date":"2026-08-08","acq_time":915,"confidence":"h","satellite":"N","instrument":"VIIRS","version":"2.0NRT","bright_ti4":367,"frp":13.32,"daynight":"N"},"geometry":{"type":"Point","coordinates":[-121.61793,42.42443]}},{"type":"Feature","properties":{"acq_date":"2026-08-08","acq_time":915,"confidence":"h","satellite":"N","instrument":"VIIRS","version":"2.0NRT","bright_ti4":367,"frp":42.36,"daynight":"N"},"geometry":{"type":"Point","coordinates":[-121.64205,42.42448]}},{"type":"Feature","properties":{"acq_date":"2026-08-08","acq_time":915,"confidence":"h","satellite":"N","instrument":"VIIRS","version":"2.0NRT","bright_ti4":367,"frp":13.32,"daynight":"N"},"geometry":{"type":"Point","coordinates":[-121.62373,42.42461]}},{"type":"Feature","properties":{"acq_date":"2026-08-08","acq_time":915,"confidence":"h","satellite":"N","instrument":"VIIRS","version":"2.0NRT","bright_ti4":367,"frp":16.12,"daynight":"N"},"geometry":{"type":"Point","coordinates":[-121.64717,42.42462]}},{"type":"Feature","properties":{"acq_date":"2026-08-08","acq_time":915,"confidence":"n","satellite":"N","instrument":"VIIRS","version":"2.0NRT","bright_ti4":315.35,"frp":16.12,"daynight":"N"},"geometry":{"type":"Point","coordinates":[-121.65216,42.42475]}},{"type":"Feature","properties":{"acq_date":"2026-08-08","acq_time":915,"confidence":"h","satellite":"N","instrument":"VIIRS","version":"2.0NRT","bright_ti4":367,"frp":15.3,"daynight":"N"},"geometry":{"type":"Point","coordinates":[-121.6297,42.42479]}},{"type":"Feature","properties":{"acq_date":"2026-08-08","acq_time":915,"confidence":"h","satellite":"N","instrument":"VIIRS","version":"2.0NRT","bright_ti4":367,"frp":15.3,"daynight":"N"},"geometry":{"type":"Point","coordinates":[-121.63573,42.42498]}},{"type":"Feature","properties":{"acq_date":"2026-08-08","acq_time":915,"confidence":"h","satellite":"N","instrument":"VIIRS","version":"2.0NRT","bright_ti4":367,"frp":19.23,"daynight":"N"},"geometry":{"type":"Point","coordinates":[-121.64133,42.42515]}},{"type":"Feature","properties":{"acq_date":"2026-08-08","acq_time":915,"confidence":"h","satellite":"N","instrument":"VIIRS","version":"2.0NRT","bright_ti4":367,"frp":19.23,"daynight":"N"},"geometry":{"type":"Point","coordinates":[-121.64653,42.42531]}},{"type":"Feature","properties":{"acq_date":"2026-08-08","acq_time":915,"confidence":"n","satellite":"N","instrument":"VIIRS","version":"2.0NRT","bright_ti4":324.54,"frp":8.86,"daynight":"N"},"geometry":{"type":"Point","coordinates":[-121.65158,42.42547]}},{"type":"Feature","properties":{"acq_date":"2026-08-08","acq_time":915,"confidence":"n","satellite":"N","instrument":"VIIRS","version":"2.0NRT","bright_ti4":306.27,"frp":4.19,"daynight":"N"},"geometry":{"type":"Point","coordinates":[-116.83233,42.42911]}},{"type":"Feature","properties":{"acq_date":"2026-08-08","acq_time":915,"confidence":"n","satellite":"N","instrument":"VIIRS","version":"2.0NRT","bright_ti4":340.22,"frp":7.62,"daynight":"N"},"geometry":{"type":"Point","coordinates":[-121.58914,42.42923]}},{"type":"Feature","properties":{"acq_date":"2026-08-08","acq_time":915,"confidence":"n","satellite":"N","instrument":"VIIRS","version":"2.0NRT","bright_ti4":338.16,"frp":7.62,"daynight":"N"},"geometry":{"type":"Point","coordinates":[-121.59515,42.42939]}},{"type":"Feature","properties":{"acq_date":"2026-08-08","acq_time":915,"confidence":"n","satellite":"N","instrument":"VIIRS","version":"2.0NRT","bright_ti4":346.17,"frp":10.37,"daynight":"N"},"geometry":{"type":"Point","coordinates":[-121.6011,42.42955]}},{"type":"Feature","properties":{"acq_date":"2026-08-08","acq_time":915,"confidence":"n","satellite":"N","instrument":"VIIRS","version":"2.0NRT","bright_ti4":304.92,"frp":2.53,"daynight":"N"},"geometry":{"type":"Point","coordinates":[-116.83925,42.42958]}},{"type":"Feature","properties":{"acq_date":"2026-08-08","acq_time":915,"confidence":"n","satellite":"N","instrument":"VIIRS","version":"2.0NRT","bright_ti4":338.22,"frp":7.13,"daynight":"N"},"geometry":{"type":"Point","coordinates":[-121.58821,42.42962]}},{"type":"Feature","properties":{"acq_date":"2026-08-08","acq_time":915,"confidence":"n","satellite":"N","instrument":"VIIRS","version":"2.0NRT","bright_ti4":347.59,"frp":10.37,"daynight":"N"},"geometry":{"type":"Point","coordinates":[-121.60701,42.4297]}},{"type":"Feature","properties":{"acq_date":"2026-08-08","acq_time":915,"confidence":"n","satellite":"N","instrument":"VIIRS","version":"2.0NRT","bright_ti4":337.02,"frp":12.14,"daynight":"N"},"geometry":{"type":"Point","coordinates":[-121.59422,42.42981]}},{"type":"Feature","properties":{"acq_date":"2026-08-08","acq_time":915,"confidence":"n","satellite":"N","instrument":"VIIRS","version":"2.0NRT","bright_ti4":330.94,"frp":6.32,"daynight":"N"},"geometry":{"type":"Point","coordinates":[-121.6129,42.42986]}},{"type":"Feature","properties":{"acq_date":"2026-08-08","acq_time":915,"confidence":"n","satellite":"N","instrument":"VIIRS","version":"2.0NRT","bright_ti4":345.38,"frp":12.14,"daynight":"N"},"geometry":{"type":"Point","coordinates":[-121.60018,42.43]}},{"type":"Feature","properties":{"acq_date":"2026-08-08","acq_time":915,"confidence":"n","satellite":"N","instrument":"VIIRS","version":"2.0NRT","bright_ti4":330.08,"frp":6.32,"daynight":"N"},"geometry":{"type":"Point","coordinates":[-121.61874,42.43001]}},{"type":"Feature","properties":{"acq_date":"2026-08-08","acq_time":915,"confidence":"n","satellite":"N","instrument":"VIIRS","version":"2.0NRT","bright_ti4":331.81,"frp":4.63,"daynight":"N"},"geometry":{"type":"Point","coordinates":[-121.62473,42.43017]}},{"type":"Feature","properties":{"acq_date":"2026-08-08","acq_time":915,"confidence":"n","satellite":"N","instrument":"VIIRS","version":"2.0NRT","bright_ti4":347.84,"frp":15.44,"daynight":"N"},"geometry":{"type":"Point","coordinates":[-121.60611,42.43018]}},{"type":"Feature","properties":{"acq_date":"2026-08-08","acq_time":915,"confidence":"n","satellite":"N","instrument":"VIIRS","version":"2.0NRT","bright_ti4":326,"frp":4.63,"daynight":"N"},"geometry":{"type":"Point","coordinates":[-121.63089,42.43032]}},{"type":"Feature","properties":{"acq_date":"2026-08-08","acq_time":915,"confidence":"n","satellite":"N","instrument":"VIIRS","version":"2.0NRT","bright_ti4":332.14,"frp":15.44,"daynight":"N"},"geometry":{"type":"Point","coordinates":[-121.612,42.43036]}},{"type":"Feature","properties":{"acq_date":"2026-08-08","acq_time":915,"confidence":"n","satellite":"N","instrument":"VIIRS","version":"2.0NRT","bright_ti4":326.23,"frp":4.06,"daynight":"N"},"geometry":{"type":"Point","coordinates":[-121.63704,42.43048]}},{"type":"Feature","properties":{"acq_date":"2026-08-08","acq_time":915,"confidence":"n","satellite":"N","instrument":"VIIRS","version":"2.0NRT","bright_ti4":328.73,"frp":13.32,"daynight":"N"},"geometry":{"type":"Point","coordinates":[-121.61786,42.43055]}},{"type":"Feature","properties":{"acq_date":"2026-08-08","acq_time":915,"confidence":"n","satellite":"N","instrument":"VIIRS","version":"2.0NRT","bright_ti4":328.85,"frp":4.06,"daynight":"N"},"geometry":{"type":"Point","coordinates":[-121.64281,42.43063]}},{"type":"Feature","properties":{"acq_date":"2026-08-08","acq_time":915,"confidence":"n","satellite":"N","instrument":"VIIRS","version":"2.0NRT","bright_ti4":329.42,"frp":13.32,"daynight":"N"},"geometry":{"type":"Point","coordinates":[-121.62383,42.43073]}},{"type":"Feature","properties":{"acq_date":"2026-08-08","acq_time":915,"confidence":"n","satellite":"N","instrument":"VIIRS","version":"2.0NRT","bright_ti4":328.98,"frp":3.92,"daynight":"N"},"geometry":{"type":"Point","coordinates":[-121.64835,42.43078]}},{"type":"Feature","properties":{"acq_date":"2026-08-08","acq_time":915,"confidence":"n","satellite":"N","instrument":"VIIRS","version":"2.0NRT","bright_ti4":326.12,"frp":3.92,"daynight":"N"},"geometry":{"type":"Point","coordinates":[-121.65374,42.43092]}},{"type":"Feature","properties":{"acq_date":"2026-08-08","acq_time":915,"confidence":"n","satellite":"N","instrument":"VIIRS","version":"2.0NRT","bright_ti4":326.91,"frp":15.3,"daynight":"N"},"geometry":{"type":"Point","coordinates":[-121.62999,42.43093]}},{"type":"Feature","properties":{"acq_date":"2026-08-08","acq_time":915,"confidence":"n","satellite":"N","instrument":"VIIRS","version":"2.0NRT","bright_ti4":318.26,"frp":5.96,"daynight":"N"},"geometry":{"type":"Point","coordinates":[-121.65891,42.43105]}},{"type":"Feature","properties":{"acq_date":"2026-08-08","acq_time":915,"confidence":"n","satellite":"N","instrument":"VIIRS","version":"2.0NRT","bright_ti4":323.26,"frp":15.3,"daynight":"N"},"geometry":{"type":"Point","coordinates":[-121.63616,42.43112]}},{"type":"Feature","properties":{"acq_date":"2026-08-08","acq_time":915,"confidence":"n","satellite":"N","instrument":"VIIRS","version":"2.0NRT","bright_ti4":337.74,"frp":5.96,"daynight":"N"},"geometry":{"type":"Point","coordinates":[-121.6639,42.43118]}},{"type":"Feature","properties":{"acq_date":"2026-08-08","acq_time":915,"confidence":"n","satellite":"N","instrument":"VIIRS","version":"2.0NRT","bright_ti4":326.34,"frp":19.23,"daynight":"N"},"geometry":{"type":"Point","coordinates":[-121.64202,42.4313]}},{"type":"Feature","properties":{"acq_date":"2026-08-08","acq_time":915,"confidence":"n","satellite":"N","instrument":"VIIRS","version":"2.0NRT","bright_ti4":307.66,"frp":2.44,"daynight":"N"},"geometry":{"type":"Point","coordinates":[-121.66877,42.43131]}},{"type":"Feature","properties":{"acq_date":"2026-08-08","acq_time":915,"confidence":"n","satellite":"N","instrument":"VIIRS","version":"2.0NRT","bright_ti4":325.19,"frp":19.23,"daynight":"N"},"geometry":{"type":"Point","coordinates":[-121.64761,42.43148]}},{"type":"Feature","properties":{"acq_date":"2026-08-08","acq_time":915,"confidence":"n","satellite":"N","instrument":"VIIRS","version":"2.0NRT","bright_ti4":326.68,"frp":8.86,"daynight":"N"},"geometry":{"type":"Point","coordinates":[-121.65303,42.43164]}},{"type":"Feature","properties":{"acq_date":"2026-08-08","acq_time":915,"confidence":"n","satellite":"N","instrument":"VIIRS","version":"2.0NRT","bright_ti4":320.23,"frp":8.86,"daynight":"N"},"geometry":{"type":"Point","coordinates":[-121.65823,42.4318]}},{"type":"Feature","properties":{"acq_date":"2026-08-08","acq_time":915,"confidence":"n","satellite":"N","instrument":"VIIRS","version":"2.0NRT","bright_ti4":327.24,"frp":5.32,"daynight":"N"},"geometry":{"type":"Point","coordinates":[-121.66321,42.43196]}},{"type":"Feature","properties":{"acq_date":"2026-08-08","acq_time":915,"confidence":"n","satellite":"N","instrument":"VIIRS","version":"2.0NRT","bright_ti4":323.37,"frp":5.32,"daynight":"N"},"geometry":{"type":"Point","coordinates":[-121.66806,42.43211]}},{"type":"Feature","properties":{"acq_date":"2026-08-08","acq_time":915,"confidence":"n","satellite":"N","instrument":"VIIRS","version":"2.0NRT","bright_ti4":337.89,"frp":7.62,"daynight":"N"},"geometry":{"type":"Point","coordinates":[-121.58858,42.43534]}},{"type":"Feature","properties":{"acq_date":"2026-08-08","acq_time":915,"confidence":"n","satellite":"N","instrument":"VIIRS","version":"2.0NRT","bright_ti4":335.65,"frp":7.62,"daynight":"N"},"geometry":{"type":"Point","coordinates":[-121.59464,42.4355]}},{"type":"Feature","properties":{"acq_date":"2026-08-08","acq_time":915,"confidence":"n","satellite":"N","instrument":"VIIRS","version":"2.0NRT","bright_ti4":339.43,"frp":10.37,"daynight":"N"},"geometry":{"type":"Point","coordinates":[-121.60063,42.43565]}},{"type":"Feature","properties":{"acq_date":"2026-08-08","acq_time":915,"confidence":"n","satellite":"N","instrument":"VIIRS","version":"2.0NRT","bright_ti4":335.94,"frp":10.37,"daynight":"N"},"geometry":{"type":"Point","coordinates":[-121.60659,42.43581]}},{"type":"Feature","properties":{"acq_date":"2026-08-08","acq_time":915,"confidence":"n","satellite":"N","instrument":"VIIRS","version":"2.0NRT","bright_ti4":319.47,"frp":6.32,"daynight":"N"},"geometry":{"type":"Point","coordinates":[-121.61254,42.43597]}},{"type":"Feature","properties":{"acq_date":"2026-08-08","acq_time":915,"confidence":"n","satellite":"N","instrument":"VIIRS","version":"2.0NRT","bright_ti4":316.54,"frp":6.32,"daynight":"N"},"geometry":{"type":"Point","coordinates":[-121.61864,42.43613]}},{"type":"Feature","properties":{"acq_date":"2026-08-08","acq_time":915,"confidence":"n","satellite":"N","instrument":"VIIRS","version":"2.0NRT","bright_ti4":312.29,"frp":4.63,"daynight":"N"},"geometry":{"type":"Point","coordinates":[-121.62491,42.4363]}},{"type":"Feature","properties":{"acq_date":"2026-08-08","acq_time":915,"confidence":"n","satellite":"N","instrument":"VIIRS","version":"2.0NRT","bright_ti4":308.88,"frp":4.63,"daynight":"N"},"geometry":{"type":"Point","coordinates":[-121.63123,42.43646]}},{"type":"Feature","properties":{"acq_date":"2026-08-08","acq_time":915,"confidence":"n","satellite":"N","instrument":"VIIRS","version":"2.0NRT","bright_ti4":308.59,"frp":4.06,"daynight":"N"},"geometry":{"type":"Point","coordinates":[-121.63737,42.43662]}},{"type":"Feature","properties":{"acq_date":"2026-08-08","acq_time":915,"confidence":"n","satellite":"N","instrument":"VIIRS","version":"2.0NRT","bright_ti4":308.39,"frp":4.06,"daynight":"N"},"geometry":{"type":"Point","coordinates":[-121.64328,42.43678]}},{"type":"Feature","properties":{"acq_date":"2026-08-08","acq_time":915,"confidence":"n","satellite":"N","instrument":"VIIRS","version":"2.0NRT","bright_ti4":311.57,"frp":3.92,"daynight":"N"},"geometry":{"type":"Point","coordinates":[-121.64902,42.43692]}},{"type":"Feature","properties":{"acq_date":"2026-08-08","acq_time":915,"confidence":"n","satellite":"N","instrument":"VIIRS","version":"2.0NRT","bright_ti4":306.76,"frp":3.92,"daynight":"N"},"geometry":{"type":"Point","coordinates":[-121.65451,42.43707]}},{"type":"Feature","properties":{"acq_date":"2026-08-08","acq_time":915,"confidence":"n","satellite":"N","instrument":"VIIRS","version":"2.0NRT","bright_ti4":303.32,"frp":2.44,"daynight":"N"},"geometry":{"type":"Point","coordinates":[-121.66924,42.43746]}},{"type":"Feature","properties":{"acq_date":"2026-08-08","acq_time":915,"confidence":"n","satellite":"N","instrument":"VIIRS","version":"2.0NRT","bright_ti4":301.49,"frp":2.44,"daynight":"N"},"geometry":{"type":"Point","coordinates":[-121.67439,42.43759]}},{"type":"Feature","properties":{"acq_date":"2026-08-08","acq_time":915,"confidence":"n","satellite":"N","instrument":"VIIRS","version":"2.0NRT","bright_ti4":300.95,"frp":1.94,"daynight":"N"},"geometry":{"type":"Point","coordinates":[-121.68483,42.43786]}},{"type":"Feature","properties":{"acq_date":"2026-08-08","acq_time":915,"confidence":"n","satellite":"N","instrument":"VIIRS","version":"2.0NRT","bright_ti4":308.91,"frp":2.42,"daynight":"N"},"geometry":{"type":"Point","coordinates":[-121.70318,42.43834]}},{"type":"Feature","properties":{"acq_date":"2026-08-08","acq_time":915,"confidence":"n","satellite":"N","instrument":"VIIRS","version":"2.0NRT","bright_ti4":335.92,"frp":5.84,"daynight":"N"},"geometry":{"type":"Point","coordinates":[-121.5881,42.44144]}},{"type":"Feature","properties":{"acq_date":"2026-08-08","acq_time":915,"confidence":"n","satellite":"N","instrument":"VIIRS","version":"2.0NRT","bright_ti4":332.19,"frp":5.84,"daynight":"N"},"geometry":{"type":"Point","coordinates":[-121.59417,42.4416]}},{"type":"Feature","properties":{"acq_date":"2026-08-08","acq_time":915,"confidence":"n","satellite":"N","instrument":"VIIRS","version":"2.0NRT","bright_ti4":332.78,"frp":6.87,"daynight":"N"},"geometry":{"type":"Point","coordinates":[-121.6002,42.44176]}},{"type":"Feature","properties":{"acq_date":"2026-08-08","acq_time":915,"confidence":"n","satellite":"N","instrument":"VIIRS","version":"2.0NRT","bright_ti4":332.52,"frp":6.87,"daynight":"N"},"geometry":{"type":"Point","coordinates":[-121.60618,42.44193]}},{"type":"Feature","properties":{"acq_date":"2026-08-08","acq_time":915,"confidence":"n","satellite":"N","instrument":"VIIRS","version":"2.0NRT","bright_ti4":318.7,"frp":5.31,"daynight":"N"},"geometry":{"type":"Point","coordinates":[-121.61216,42.44209]}},{"type":"Feature","properties":{"acq_date":"2026-08-08","acq_time":915,"confidence":"n","satellite":"N","instrument":"VIIRS","version":"2.0NRT","bright_ti4":308.52,"frp":5.31,"daynight":"N"},"geometry":{"type":"Point","coordinates":[-121.61835,42.44225]}},{"type":"Feature","properties":{"acq_date":"2026-08-08","acq_time":915,"confidence":"n","satellite":"N","instrument":"VIIRS","version":"2.0NRT","bright_ti4":306.94,"frp":6.16,"daynight":"N"},"geometry":{"type":"Point","coordinates":[-121.64344,42.44292]}},{"type":"Feature","properties":{"acq_date":"2026-08-08","acq_time":915,"confidence":"n","satellite":"N","instrument":"VIIRS","version":"2.0NRT","bright_ti4":308.53,"frp":3.85,"daynight":"N"},"geometry":{"type":"Point","coordinates":[-121.64917,42.44307]}},{"type":"Feature","properties":{"acq_date":"2026-08-08","acq_time":915,"confidence":"n","satellite":"N","instrument":"VIIRS","version":"2.0NRT","bright_ti4":314.47,"frp":3.04,"daynight":"N"},"geometry":{"type":"Point","coordinates":[-121.6853,42.44402]}},{"type":"Feature","properties":{"acq_date":"2026-08-08","acq_time":915,"confidence":"n","satellite":"N","instrument":"VIIRS","version":"2.0NRT","bright_ti4":316.28,"frp":2.52,"daynight":"N"},"geometry":{"type":"Point","coordinates":[-121.69063,42.44416]}},{"type":"Feature","properties":{"acq_date":"2026-08-08","acq_time":915,"confidence":"n","satellite":"N","instrument":"VIIRS","version":"2.0NRT","bright_ti4":305.89,"frp":2.52,"daynight":"N"},"geometry":{"type":"Point","coordinates":[-121.69606,42.4443]}},{"type":"Feature","properties":{"acq_date":"2026-08-08","acq_time":915,"confidence":"n","satellite":"N","instrument":"VIIRS","version":"2.0NRT","bright_ti4":302.98,"frp":5.09,"daynight":"N"},"geometry":{"type":"Point","coordinates":[-121.58186,42.44739]}},{"type":"Feature","properties":{"acq_date":"2026-08-08","acq_time":915,"confidence":"n","satellite":"N","instrument":"VIIRS","version":"2.0NRT","bright_ti4":333.54,"frp":5.84,"daynight":"N"},"geometry":{"type":"Point","coordinates":[-121.58781,42.44755]}},{"type":"Feature","properties":{"acq_date":"2026-08-08","acq_time":915,"confidence":"n","satellite":"N","instrument":"VIIRS","version":"2.0NRT","bright_ti4":324.11,"frp":5.84,"daynight":"N"},"geometry":{"type":"Point","coordinates":[-121.59384,42.44772]}},{"type":"Feature","properties":{"acq_date":"2026-08-08","acq_time":915,"confidence":"n","satellite":"N","instrument":"VIIRS","version":"2.0NRT","bright_ti4":326.19,"frp":6.87,"daynight":"N"},"geometry":{"type":"Point","coordinates":[-121.59989,42.44788]}},{"type":"Feature","properties":{"acq_date":"2026-08-08","acq_time":915,"confidence":"n","satellite":"N","instrument":"VIIRS","version":"2.0NRT","bright_ti4":334.59,"frp":6.87,"daynight":"N"},"geometry":{"type":"Point","coordinates":[-121.60593,42.44804]}},{"type":"Feature","properties":{"acq_date":"2026-08-08","acq_time":915,"confidence":"n","satellite":"N","instrument":"VIIRS","version":"2.0NRT","bright_ti4":334.7,"frp":5.31,"daynight":"N"},"geometry":{"type":"Point","coordinates":[-121.61195,42.4482]}},{"type":"Feature","properties":{"acq_date":"2026-08-08","acq_time":915,"confidence":"n","satellite":"N","instrument":"VIIRS","version":"2.0NRT","bright_ti4":328.45,"frp":5.31,"daynight":"N"},"geometry":{"type":"Point","coordinates":[-121.61817,42.44837]}},{"type":"Feature","properties":{"acq_date":"2026-08-08","acq_time":915,"confidence":"n","satellite":"N","instrument":"VIIRS","version":"2.0NRT","bright_ti4":313.1,"frp":4.58,"daynight":"N"},"geometry":{"type":"Point","coordinates":[-121.62466,42.44855]}},{"type":"Feature","properties":{"acq_date":"2026-08-08","acq_time":915,"confidence":"n","satellite":"N","instrument":"VIIRS","version":"2.0NRT","bright_ti4":307.14,"frp":4.58,"daynight":"N"},"geometry":{"type":"Point","coordinates":[-121.63116,42.44872]}},{"type":"Feature","properties":{"acq_date":"2026-08-08","acq_time":915,"confidence":"n","satellite":"N","instrument":"VIIRS","version":"2.0NRT","bright_ti4":314.14,"frp":3.85,"daynight":"N"},"geometry":{"type":"Point","coordinates":[-121.65448,42.44934]}},{"type":"Feature","properties":{"acq_date":"2026-08-08","acq_time":915,"confidence":"n","satellite":"N","instrument":"VIIRS","version":"2.0NRT","bright_ti4":314.99,"frp":6.07,"daynight":"N"},"geometry":{"type":"Point","coordinates":[-121.65925,42.44947]}},{"type":"Feature","properties":{"acq_date":"2026-08-08","acq_time":915,"confidence":"n","satellite":"N","instrument":"VIIRS","version":"2.0NRT","bright_ti4":342.69,"frp":5.89,"daynight":"N"},"geometry":{"type":"Point","coordinates":[-121.58779,42.45367]}},{"type":"Feature","properties":{"acq_date":"2026-08-08","acq_time":915,"confidence":"n","satellite":"N","instrument":"VIIRS","version":"2.0NRT","bright_ti4":334.26,"frp":5.89,"daynight":"N"},"geometry":{"type":"Point","coordinates":[-121.59372,42.45383]}},{"type":"Feature","properties":{"acq_date":"2026-08-08","acq_time":915,"confidence":"n","satellite":"N","instrument":"VIIRS","version":"2.0NRT","bright_ti4":322.69,"frp":5.15,"daynight":"N"},"geometry":{"type":"Point","coordinates":[-121.59981,42.454]}},{"type":"Feature","properties":{"acq_date":"2026-08-08","acq_time":915,"confidence":"n","satellite":"N","instrument":"VIIRS","version":"2.0NRT","bright_ti4":324.05,"frp":5.15,"daynight":"N"},"geometry":{"type":"Point","coordinates":[-121.60592,42.45416]}},{"type":"Feature","properties":{"acq_date":"2026-08-08","acq_time":915,"confidence":"n","satellite":"N","instrument":"VIIRS","version":"2.0NRT","bright_ti4":326.53,"frp":4.48,"daynight":"N"},"geometry":{"type":"Point","coordinates":[-121.61198,42.45433]}},{"type":"Feature","properties":{"acq_date":"2026-08-08","acq_time":915,"confidence":"n","satellite":"N","instrument":"VIIRS","version":"2.0NRT","bright_ti4":323.52,"frp":4.48,"daynight":"N"},"geometry":{"type":"Point","coordinates":[-121.61823,42.45449]}},{"type":"Feature","properties":{"acq_date":"2026-08-08","acq_time":915,"confidence":"n","satellite":"N","instrument":"VIIRS","version":"2.0NRT","bright_ti4":320.72,"frp":3.76,"daynight":"N"},"geometry":{"type":"Point","coordinates":[-121.62459,42.45467]}},{"type":"Feature","properties":{"acq_date":"2026-08-08","acq_time":915,"confidence":"n","satellite":"N","instrument":"VIIRS","version":"2.0NRT","bright_ti4":307.7,"frp":3.76,"daynight":"N"},"geometry":{"type":"Point","coordinates":[-121.63098,42.45485]}},{"type":"Feature","properties":{"acq_date":"2026-08-08","acq_time":915,"confidence":"n","satellite":"N","instrument":"VIIRS","version":"2.0NRT","bright_ti4":314.09,"frp":6.08,"daynight":"N"},"geometry":{"type":"Point","coordinates":[-121.65422,42.45547]}},{"type":"Feature","properties":{"acq_date":"2026-08-08","acq_time":915,"confidence":"n","satellite":"N","instrument":"VIIRS","version":"2.0NRT","bright_ti4":320.04,"frp":3.61,"daynight":"N"},"geometry":{"type":"Point","coordinates":[-121.65887,42.4556]}},{"type":"Feature","properties":{"acq_date":"2026-08-08","acq_time":915,"confidence":"n","satellite":"N","instrument":"VIIRS","version":"2.0NRT","bright_ti4":303.61,"frp":3.61,"daynight":"N"},"geometry":{"type":"Point","coordinates":[-121.66359,42.45573]}},{"type":"Feature","properties":{"acq_date":"2026-08-08","acq_time":915,"confidence":"n","satellite":"N","instrument":"VIIRS","version":"2.0NRT","bright_ti4":316.37,"frp":5.89,"daynight":"N"},"geometry":{"type":"Point","coordinates":[-121.58802,42.45979]}},{"type":"Feature","properties":{"acq_date":"2026-08-08","acq_time":915,"confidence":"n","satellite":"N","instrument":"VIIRS","version":"2.0NRT","bright_ti4":338.52,"frp":5.89,"daynight":"N"},"geometry":{"type":"Point","coordinates":[-121.5938,42.45995]}},{"type":"Feature","properties":{"acq_date":"2026-08-08","acq_time":915,"confidence":"n","satellite":"N","instrument":"VIIRS","version":"2.0NRT","bright_ti4":318.91,"frp":5.15,"daynight":"N"},"geometry":{"type":"Point","coordinates":[-121.59982,42.46012]}},{"type":"Feature","properties":{"acq_date":"2026-08-08","acq_time":915,"confidence":"n","satellite":"N","instrument":"VIIRS","version":"2.0NRT","bright_ti4":321.23,"frp":5.15,"daynight":"N"},"geometry":{"type":"Point","coordinates":[-121.60593,42.46029]}},{"type":"Feature","properties":{"acq_date":"2026-08-08","acq_time":915,"confidence":"n","satellite":"N","instrument":"VIIRS","version":"2.0NRT","bright_ti4":317.56,"frp":4.48,"daynight":"N"},"geometry":{"type":"Point","coordinates":[-121.61205,42.46046]}},{"type":"Feature","properties":{"acq_date":"2026-08-08","acq_time":915,"confidence":"n","satellite":"N","instrument":"VIIRS","version":"2.0NRT","bright_ti4":315.83,"frp":4.48,"daynight":"N"},"geometry":{"type":"Point","coordinates":[-121.61828,42.46063]}},{"type":"Feature","properties":{"acq_date":"2026-08-08","acq_time":915,"confidence":"n","satellite":"N","instrument":"VIIRS","version":"2.0NRT","bright_ti4":312.37,"frp":3.76,"daynight":"N"},"geometry":{"type":"Point","coordinates":[-121.62455,42.4608]}},{"type":"Feature","properties":{"acq_date":"2026-08-08","acq_time":915,"confidence":"n","satellite":"N","instrument":"VIIRS","version":"2.0NRT","bright_ti4":314.6,"frp":3.77,"daynight":"N"},"geometry":{"type":"Point","coordinates":[-121.59405,42.46608]}},{"type":"Feature","properties":{"acq_date":"2026-08-08","acq_time":915,"confidence":"n","satellite":"N","instrument":"VIIRS","version":"2.0NRT","bright_ti4":322.07,"frp":3.51,"daynight":"N"},"geometry":{"type":"Point","coordinates":[-121.59988,42.46624]}},{"type":"Feature","properties":{"acq_date":"2026-08-08","acq_time":915,"confidence":"n","satellite":"N","instrument":"VIIRS","version":"2.0NRT","bright_ti4":316.45,"frp":3.51,"daynight":"N"},"geometry":{"type":"Point","coordinates":[-121.60589,42.46641]}},{"type":"Feature","properties":{"acq_date":"2026-08-08","acq_time":915,"confidence":"n","satellite":"N","instrument":"VIIRS","version":"2.0NRT","bright_ti4":317.82,"frp":3.52,"daynight":"N"},"geometry":{"type":"Point","coordinates":[-121.61201,42.46658]}},{"type":"Feature","properties":{"acq_date":"2026-08-08","acq_time":915,"confidence":"n","satellite":"N","instrument":"VIIRS","version":"2.0NRT","bright_ti4":319.29,"frp":3.52,"daynight":"N"},"geometry":{"type":"Point","coordinates":[-121.61824,42.46675]}},{"type":"Feature","properties":{"acq_date":"2026-08-08","acq_time":915,"confidence":"n","satellite":"N","instrument":"VIIRS","version":"2.0NRT","bright_ti4":318.91,"frp":2.68,"daynight":"N"},"geometry":{"type":"Point","coordinates":[-121.62443,42.46692]}},{"type":"Feature","properties":{"acq_date":"2026-08-08","acq_time":915,"confidence":"n","satellite":"N","instrument":"VIIRS","version":"2.0NRT","bright_ti4":311.28,"frp":2.68,"daynight":"N"},"geometry":{"type":"Point","coordinates":[-121.63033,42.46709]}},{"type":"Feature","properties":{"acq_date":"2026-08-08","acq_time":915,"confidence":"n","satellite":"N","instrument":"VIIRS","version":"2.0NRT","bright_ti4":317.15,"frp":3.51,"daynight":"N"},"geometry":{"type":"Point","coordinates":[-121.60001,42.47237]}},{"type":"Feature","properties":{"acq_date":"2026-08-08","acq_time":915,"confidence":"n","satellite":"N","instrument":"VIIRS","version":"2.0NRT","bright_ti4":323.64,"frp":3.51,"daynight":"N"},"geometry":{"type":"Point","coordinates":[-121.60589,42.47253]}},{"type":"Feature","properties":{"acq_date":"2026-08-08","acq_time":915,"confidence":"n","satellite":"N","instrument":"VIIRS","version":"2.0NRT","bright_ti4":316.7,"frp":3.52,"daynight":"N"},"geometry":{"type":"Point","coordinates":[-121.61198,42.4727]}},{"type":"Feature","properties":{"acq_date":"2026-08-08","acq_time":915,"confidence":"n","satellite":"N","instrument":"VIIRS","version":"2.0NRT","bright_ti4":311.84,"frp":3.52,"daynight":"N"},"geometry":{"type":"Point","coordinates":[-121.61824,42.47288]}},{"type":"Feature","properties":{"acq_date":"2026-08-08","acq_time":915,"confidence":"n","satellite":"N","instrument":"VIIRS","version":"2.0NRT","bright_ti4":304.87,"frp":2.68,"daynight":"N"},"geometry":{"type":"Point","coordinates":[-121.62447,42.47305]}},{"type":"Feature","properties":{"acq_date":"2026-08-08","acq_time":915,"confidence":"n","satellite":"N","instrument":"VIIRS","version":"2.0NRT","bright_ti4":306.24,"frp":2.68,"daynight":"N"},"geometry":{"type":"Point","coordinates":[-121.63023,42.47321]}},{"type":"Feature","properties":{"acq_date":"2026-08-08","acq_time":915,"confidence":"n","satellite":"N","instrument":"VIIRS","version":"2.0NRT","bright_ti4":315.69,"frp":4.09,"daynight":"N"},"geometry":{"type":"Point","coordinates":[-121.63542,42.47336]}},{"type":"Feature","properties":{"acq_date":"2026-08-08","acq_time":915,"confidence":"n","satellite":"N","instrument":"VIIRS","version":"2.0NRT","bright_ti4":311.84,"frp":4.09,"daynight":"N"},"geometry":{"type":"Point","coordinates":[-121.64069,42.47351]}},{"type":"Feature","properties":{"acq_date":"2026-08-08","acq_time":915,"confidence":"n","satellite":"N","instrument":"VIIRS","version":"2.0NRT","bright_ti4":323.62,"frp":3.75,"daynight":"N"},"geometry":{"type":"Point","coordinates":[-121.60604,42.47866]}},{"type":"Feature","properties":{"acq_date":"2026-08-08","acq_time":915,"confidence":"n","satellite":"N","instrument":"VIIRS","version":"2.0NRT","bright_ti4":308.17,"frp":2,"daynight":"N"},"geometry":{"type":"Point","coordinates":[-121.61211,42.47883]}},{"type":"Feature","properties":{"acq_date":"2026-08-08","acq_time":915,"confidence":"n","satellite":"N","instrument":"VIIRS","version":"2.0NRT","bright_ti4":303.16,"frp":2,"daynight":"N"},"geometry":{"type":"Point","coordinates":[-121.61845,42.47901]}},{"type":"Feature","properties":{"acq_date":"2026-08-08","acq_time":915,"confidence":"n","satellite":"N","instrument":"VIIRS","version":"2.0NRT","bright_ti4":304.1,"frp":3.25,"daynight":"N"},"geometry":{"type":"Point","coordinates":[-121.63065,42.47936]}},{"type":"Feature","properties":{"acq_date":"2026-08-08","acq_time":915,"confidence":"n","satellite":"N","instrument":"VIIRS","version":"2.0NRT","bright_ti4":321.36,"frp":3.28,"daynight":"N"},"geometry":{"type":"Point","coordinates":[-121.63599,42.47951]}},{"type":"Feature","properties":{"acq_date":"2026-08-08","acq_time":915,"confidence":"n","satellite":"N","instrument":"VIIRS","version":"2.0NRT","bright_ti4":310.33,"frp":3.28,"daynight":"N"},"geometry":{"type":"Point","coordinates":[-121.64141,42.47966]}},{"type":"Feature","properties":{"acq_date":"2026-08-08","acq_time":915,"confidence":"n","satellite":"N","instrument":"VIIRS","version":"2.0NRT","bright_ti4":306.59,"frp":2.59,"daynight":"N"},"geometry":{"type":"Point","coordinates":[-121.65299,42.47998]}},{"type":"Feature","properties":{"acq_date":"2026-08-08","acq_time":915,"confidence":"n","satellite":"N","instrument":"VIIRS","version":"2.0NRT","bright_ti4":313.26,"frp":2,"daynight":"N"},"geometry":{"type":"Point","coordinates":[-121.61226,42.48496]}},{"type":"Feature","properties":{"acq_date":"2026-08-08","acq_time":915,"confidence":"n","satellite":"N","instrument":"VIIRS","version":"2.0NRT","bright_ti4":304.77,"frp":2,"daynight":"N"},"geometry":{"type":"Point","coordinates":[-121.61866,42.48514]}},{"type":"Feature","properties":{"acq_date":"2026-08-08","acq_time":915,"confidence":"n","satellite":"N","instrument":"VIIRS","version":"2.0NRT","bright_ti4":303.47,"frp":3.25,"daynight":"N"},"geometry":{"type":"Point","coordinates":[-121.63072,42.48549]}},{"type":"Feature","properties":{"acq_date":"2026-08-08","acq_time":915,"confidence":"n","satellite":"N","instrument":"VIIRS","version":"2.0NRT","bright_ti4":311.56,"frp":3.28,"daynight":"N"},"geometry":{"type":"Point","coordinates":[-121.64193,42.48581]}},{"type":"Feature","properties":{"acq_date":"2026-08-08","acq_time":915,"confidence":"n","satellite":"N","instrument":"VIIRS","version":"2.0NRT","bright_ti4":307.38,"frp":2.59,"daynight":"N"},"geometry":{"type":"Point","coordinates":[-121.6475,42.48597]}},{"type":"Feature","properties":{"acq_date":"2026-08-08","acq_time":915,"confidence":"n","satellite":"N","instrument":"VIIRS","version":"2.0NRT","bright_ti4":309.4,"frp":2.59,"daynight":"N"},"geometry":{"type":"Point","coordinates":[-121.65295,42.48612]}},{"type":"Feature","properties":{"acq_date":"2026-08-08","acq_time":915,"confidence":"n","satellite":"N","instrument":"VIIRS","version":"2.0NRT","bright_ti4":302.23,"frp":2.74,"daynight":"N"},"geometry":{"type":"Point","coordinates":[-121.72811,42.48823]}},{"type":"Feature","properties":{"acq_date":"2026-08-08","acq_time":915,"confidence":"n","satellite":"N","instrument":"VIIRS","version":"2.0NRT","bright_ti4":303.94,"frp":2.74,"daynight":"N"},"geometry":{"type":"Point","coordinates":[-121.7348,42.48841]}},{"type":"Feature","properties":{"acq_date":"2026-08-08","acq_time":915,"confidence":"n","satellite":"N","instrument":"VIIRS","version":"2.0NRT","bright_ti4":323.82,"frp":2.41,"daynight":"N"},"geometry":{"type":"Point","coordinates":[-121.61226,42.49109]}},{"type":"Feature","properties":{"acq_date":"2026-08-08","acq_time":915,"confidence":"n","satellite":"N","instrument":"VIIRS","version":"2.0NRT","bright_ti4":305.61,"frp":2.41,"daynight":"N"},"geometry":{"type":"Point","coordinates":[-121.61852,42.49127]}},{"type":"Feature","properties":{"acq_date":"2026-08-08","acq_time":915,"confidence":"n","satellite":"N","instrument":"VIIRS","version":"2.0NRT","bright_ti4":304.57,"frp":1.98,"daynight":"N"},"geometry":{"type":"Point","coordinates":[-121.63556,42.49176]}},{"type":"Feature","properties":{"acq_date":"2026-08-08","acq_time":915,"confidence":"n","satellite":"N","instrument":"VIIRS","version":"2.0NRT","bright_ti4":317.05,"frp":1.98,"daynight":"N"},"geometry":{"type":"Point","coordinates":[-121.64079,42.49191]}},{"type":"Feature","properties":{"acq_date":"2026-08-08","acq_time":915,"confidence":"n","satellite":"N","instrument":"VIIRS","version":"2.0NRT","bright_ti4":305.16,"frp":3.37,"daynight":"N"},"geometry":{"type":"Point","coordinates":[-121.64581,42.49206]}},{"type":"Feature","properties":{"acq_date":"2026-08-08","acq_time":915,"confidence":"n","satellite":"N","instrument":"VIIRS","version":"2.0NRT","bright_ti4":307.26,"frp":1.82,"daynight":"N"},"geometry":{"type":"Point","coordinates":[-121.72134,42.4942]}},{"type":"Feature","properties":{"acq_date":"2026-08-08","acq_time":915,"confidence":"n","satellite":"N","instrument":"VIIRS","version":"2.0NRT","bright_ti4":316.29,"frp":1.82,"daynight":"N"},"geometry":{"type":"Point","coordinates":[-121.72927,42.49442]}},{"type":"Feature","properties":{"acq_date":"2026-08-08","acq_time":915,"confidence":"n","satellite":"N","instrument":"VIIRS","version":"2.0NRT","bright_ti4":315.48,"frp":3.2,"daynight":"N"},"geometry":{"type":"Point","coordinates":[-121.61242,42.49707]}},{"type":"Feature","properties":{"acq_date":"2026-08-08","acq_time":915,"confidence":"n","satellite":"N","instrument":"VIIRS","version":"2.0NRT","bright_ti4":314.95,"frp":2.41,"daynight":"N"},"geometry":{"type":"Point","coordinates":[-121.61221,42.49721]}},{"type":"Feature","properties":{"acq_date":"2026-08-08","acq_time":915,"confidence":"n","satellite":"N","instrument":"VIIRS","version":"2.0NRT","bright_ti4":320.87,"frp":2.65,"daynight":"N"},"geometry":{"type":"Point","coordinates":[-121.61852,42.49722]}},{"type":"Feature","properties":{"acq_date":"2026-08-08","acq_time":915,"confidence":"n","satellite":"N","instrument":"VIIRS","version":"2.0NRT","bright_ti4":320.02,"frp":2.41,"daynight":"N"},"geometry":{"type":"Point","coordinates":[-121.61828,42.49739]}},{"type":"Feature","properties":{"acq_date":"2026-08-08","acq_time":915,"confidence":"n","satellite":"N","instrument":"VIIRS","version":"2.0NRT","bright_ti4":301.04,"frp":1.62,"daynight":"N"},"geometry":{"type":"Point","coordinates":[-121.62952,42.49748]}},{"type":"Feature","properties":{"acq_date":"2026-08-08","acq_time":915,"confidence":"n","satellite":"N","instrument":"VIIRS","version":"2.0NRT","bright_ti4":308.72,"frp":1.62,"daynight":"N"},"geometry":{"type":"Point","coordinates":[-121.63459,42.4976]}},{"type":"Feature","properties":{"acq_date":"2026-08-08","acq_time":915,"confidence":"n","satellite":"N","instrument":"VIIRS","version":"2.0NRT","bright_ti4":310.02,"frp":2.04,"daynight":"N"},"geometry":{"type":"Point","coordinates":[-121.63943,42.49772]}},{"type":"Feature","properties":{"acq_date":"2026-08-08","acq_time":915,"confidence":"n","satellite":"N","instrument":"VIIRS","version":"2.0NRT","bright_ti4":310.81,"frp":2.04,"daynight":"N"},"geometry":{"type":"Point","coordinates":[-121.64401,42.49783]}},{"type":"Feature","properties":{"acq_date":"2026-08-08","acq_time":915,"confidence":"n","satellite":"N","instrument":"VIIRS","version":"2.0NRT","bright_ti4":309.03,"frp":1.98,"daynight":"N"},"geometry":{"type":"Point","coordinates":[-121.63435,42.49786]}},{"type":"Feature","properties":{"acq_date":"2026-08-08","acq_time":915,"confidence":"n","satellite":"N","instrument":"VIIRS","version":"2.0NRT","bright_ti4":302.91,"frp":1.7,"daynight":"N"},"geometry":{"type":"Point","coordinates":[-121.64838,42.49794]}},{"type":"Feature","properties":{"acq_date":"2026-08-08","acq_time":915,"confidence":"n","satellite":"N","instrument":"VIIRS","version":"2.0NRT","bright_ti4":309.72,"frp":1.98,"daynight":"N"},"geometry":{"type":"Point","coordinates":[-121.63917,42.498]}},{"type":"Feature","properties":{"acq_date":"2026-08-08","acq_time":915,"confidence":"n","satellite":"N","instrument":"VIIRS","version":"2.0NRT","bright_ti4":302.32,"frp":1.7,"daynight":"N"},"geometry":{"type":"Point","coordinates":[-121.65263,42.49804]}},{"type":"Feature","properties":{"acq_date":"2026-08-08","acq_time":915,"confidence":"n","satellite":"N","instrument":"VIIRS","version":"2.0NRT","bright_ti4":309.95,"frp":3.37,"daynight":"N"},"geometry":{"type":"Point","coordinates":[-121.64375,42.49813]}},{"type":"Feature","properties":{"acq_date":"2026-08-08","acq_time":915,"confidence":"n","satellite":"N","instrument":"VIIRS","version":"2.0NRT","bright_ti4":300.86,"frp":1.94,"daynight":"N"},"geometry":{"type":"Point","coordinates":[-121.65795,42.49817]}},{"type":"Feature","properties":{"acq_date":"2026-08-08","acq_time":915,"confidence":"n","satellite":"N","instrument":"VIIRS","version":"2.0NRT","bright_ti4":302.62,"frp":1.94,"daynight":"N"},"geometry":{"type":"Point","coordinates":[-121.66492,42.49834]}},{"type":"Feature","properties":{"acq_date":"2026-08-08","acq_time":915,"confidence":"n","satellite":"N","instrument":"VIIRS","version":"2.0NRT","bright_ti4":302.93,"frp":4.17,"daynight":"N"},"geometry":{"type":"Point","coordinates":[-121.65234,42.49838]}},{"type":"Feature","properties":{"acq_date":"2026-08-08","acq_time":915,"confidence":"n","satellite":"N","instrument":"VIIRS","version":"2.0NRT","bright_ti4":315.64,"frp":2.93,"daynight":"N"},"geometry":{"type":"Point","coordinates":[-121.67258,42.49851]}},{"type":"Feature","properties":{"acq_date":"2026-08-08","acq_time":915,"confidence":"n","satellite":"N","instrument":"VIIRS","version":"2.0NRT","bright_ti4":314.47,"frp":2.93,"daynight":"N"},"geometry":{"type":"Point","coordinates":[-121.67889,42.49866]}},{"type":"Feature","properties":{"acq_date":"2026-08-08","acq_time":915,"confidence":"n","satellite":"N","instrument":"VIIRS","version":"2.0NRT","bright_ti4":303.42,"frp":2.94,"daynight":"N"},"geometry":{"type":"Point","coordinates":[-121.66433,42.49873]}},{"type":"Feature","properties":{"acq_date":"2026-08-08","acq_time":915,"confidence":"n","satellite":"N","instrument":"VIIRS","version":"2.0NRT","bright_ti4":307.44,"frp":3.69,"daynight":"N"},"geometry":{"type":"Point","coordinates":[-121.68484,42.4988]}},{"type":"Feature","properties":{"acq_date":"2026-08-08","acq_time":915,"confidence":"n","satellite":"N","instrument":"VIIRS","version":"2.0NRT","bright_ti4":315.94,"frp":2.94,"daynight":"N"},"geometry":{"type":"Point","coordinates":[-121.6722,42.49895]}},{"type":"Feature","properties":{"acq_date":"2026-08-08","acq_time":915,"confidence":"n","satellite":"N","instrument":"VIIRS","version":"2.0NRT","bright_ti4":306.19,"frp":2.31,"daynight":"N"},"geometry":{"type":"Point","coordinates":[-121.69704,42.49908]}},{"type":"Feature","properties":{"acq_date":"2026-08-08","acq_time":915,"confidence":"n","satellite":"N","instrument":"VIIRS","version":"2.0NRT","bright_ti4":316.11,"frp":2.95,"daynight":"N"},"geometry":{"type":"Point","coordinates":[-121.67864,42.49914]}},{"type":"Feature","properties":{"acq_date":"2026-08-08","acq_time":915,"confidence":"n","satellite":"N","instrument":"VIIRS","version":"2.0NRT","bright_ti4":315.5,"frp":2.31,"daynight":"N"},"geometry":{"type":"Point","coordinates":[-121.7047,42.49926]}},{"type":"Feature","properties":{"acq_date":"2026-08-08","acq_time":915,"confidence":"n","satellite":"N","instrument":"VIIRS","version":"2.0NRT","bright_ti4":310.4,"frp":2.95,"daynight":"N"},"geometry":{"type":"Point","coordinates":[-121.68463,42.49931]}},{"type":"Feature","properties":{"acq_date":"2026-08-08","acq_time":915,"confidence":"n","satellite":"N","instrument":"VIIRS","version":"2.0NRT","bright_ti4":314.3,"frp":2.49,"daynight":"N"},"geometry":{"type":"Point","coordinates":[-121.71284,42.49945]}},{"type":"Feature","properties":{"acq_date":"2026-08-08","acq_time":915,"confidence":"n","satellite":"N","instrument":"VIIRS","version":"2.0NRT","bright_ti4":304.74,"frp":2.49,"daynight":"N"},"geometry":{"type":"Point","coordinates":[-121.72248,42.49966]}},{"type":"Feature","properties":{"acq_date":"2026-08-08","acq_time":915,"confidence":"n","satellite":"N","instrument":"VIIRS","version":"2.0NRT","bright_ti4":310.49,"frp":3.42,"daynight":"N"},"geometry":{"type":"Point","coordinates":[-121.69682,42.49966]}},{"type":"Feature","properties":{"acq_date":"2026-08-08","acq_time":915,"confidence":"n","satellite":"N","instrument":"VIIRS","version":"2.0NRT","bright_ti4":316.38,"frp":3.19,"daynight":"N"},"geometry":{"type":"Point","coordinates":[-121.70453,42.49987]}},{"type":"Feature","properties":{"acq_date":"2026-08-08","acq_time":915,"confidence":"n","satellite":"N","instrument":"VIIRS","version":"2.0NRT","bright_ti4":312.46,"frp":3.19,"daynight":"N"},"geometry":{"type":"Point","coordinates":[-121.71259,42.50011]}},{"type":"Feature","properties":{"acq_date":"2026-08-08","acq_time":915,"confidence":"n","satellite":"N","instrument":"VIIRS","version":"2.0NRT","bright_ti4":299.89,"frp":1.82,"daynight":"N"},"geometry":{"type":"Point","coordinates":[-121.72208,42.50037]}},{"type":"Feature","properties":{"acq_date":"2026-08-08","acq_time":915,"confidence":"n","satellite":"N","instrument":"VIIRS","version":"2.0NRT","bright_ti4":309.23,"frp":2.65,"daynight":"N"},"geometry":{"type":"Point","coordinates":[-121.61847,42.50334]}},{"type":"Feature","properties":{"acq_date":"2026-08-08","acq_time":915,"confidence":"n","satellite":"N","instrument":"VIIRS","version":"2.0NRT","bright_ti4":309.57,"frp":2.65,"daynight":"N"},"geometry":{"type":"Point","coordinates":[-121.62389,42.50347]}},{"type":"Feature","properties":{"acq_date":"2026-08-08","acq_time":915,"confidence":"n","satellite":"N","instrument":"VIIRS","version":"2.0NRT","bright_ti4":308.26,"frp":2.27,"daynight":"N"},"geometry":{"type":"Point","coordinates":[-121.61828,42.50352]}},{"type":"Feature","properties":{"acq_date":"2026-08-08","acq_time":915,"confidence":"n","satellite":"N","instrument":"VIIRS","version":"2.0NRT","bright_ti4":302.06,"frp":1.62,"daynight":"N"},"geometry":{"type":"Point","coordinates":[-121.6288,42.50359]}},{"type":"Feature","properties":{"acq_date":"2026-08-08","acq_time":915,"confidence":"n","satellite":"N","instrument":"VIIRS","version":"2.0NRT","bright_ti4":310.9,"frp":3.37,"daynight":"N"},"geometry":{"type":"Point","coordinates":[-121.6237,42.50368]}},{"type":"Feature","properties":{"acq_date":"2026-08-08","acq_time":915,"confidence":"n","satellite":"N","instrument":"VIIRS","version":"2.0NRT","bright_ti4":303.35,"frp":1.62,"daynight":"N"},"geometry":{"type":"Point","coordinates":[-121.63345,42.50371]}},{"type":"Feature","properties":{"acq_date":"2026-08-08","acq_time":915,"confidence":"n","satellite":"N","instrument":"VIIRS","version":"2.0NRT","bright_ti4":309.16,"frp":2.04,"daynight":"N"},"geometry":{"type":"Point","coordinates":[-121.63787,42.50382]}},{"type":"Feature","properties":{"acq_date":"2026-08-08","acq_time":915,"confidence":"n","satellite":"N","instrument":"VIIRS","version":"2.0NRT","bright_ti4":307.11,"frp":2.04,"daynight":"N"},"geometry":{"type":"Point","coordinates":[-121.64216,42.50393]}},{"type":"Feature","properties":{"acq_date":"2026-08-08","acq_time":915,"confidence":"n","satellite":"N","instrument":"VIIRS","version":"2.0NRT","bright_ti4":303.5,"frp":3.64,"daynight":"N"},"geometry":{"type":"Point","coordinates":[-121.63326,42.50396]}},{"type":"Feature","properties":{"acq_date":"2026-08-08","acq_time":915,"confidence":"n","satellite":"N","instrument":"VIIRS","version":"2.0NRT","bright_ti4":303.57,"frp":1.7,"daynight":"N"},"geometry":{"type":"Point","coordinates":[-121.64632,42.50403]}},{"type":"Feature","properties":{"acq_date":"2026-08-08","acq_time":915,"confidence":"n","satellite":"N","instrument":"VIIRS","version":"2.0NRT","bright_ti4":309.06,"frp":3.64,"daynight":"N"},"geometry":{"type":"Point","coordinates":[-121.63768,42.50409]}},{"type":"Feature","properties":{"acq_date":"2026-08-08","acq_time":915,"confidence":"n","satellite":"N","instrument":"VIIRS","version":"2.0NRT","bright_ti4":307.95,"frp":1.7,"daynight":"N"},"geometry":{"type":"Point","coordinates":[-121.65051,42.50414]}},{"type":"Feature","properties":{"acq_date":"2026-08-08","acq_time":915,"confidence":"n","satellite":"N","instrument":"VIIRS","version":"2.0NRT","bright_ti4":307.88,"frp":5.4,"daynight":"N"},"geometry":{"type":"Point","coordinates":[-121.64197,42.50421]}},{"type":"Feature","properties":{"acq_date":"2026-08-08","acq_time":915,"confidence":"n","satellite":"N","instrument":"VIIRS","version":"2.0NRT","bright_ti4":310.95,"frp":1.94,"daynight":"N"},"geometry":{"type":"Point","coordinates":[-121.65481,42.50424]}},{"type":"Feature","properties":{"acq_date":"2026-08-08","acq_time":915,"confidence":"n","satellite":"N","instrument":"VIIRS","version":"2.0NRT","bright_ti4":304.51,"frp":5.4,"daynight":"N"},"geometry":{"type":"Point","coordinates":[-121.64613,42.50434]}},{"type":"Feature","properties":{"acq_date":"2026-08-08","acq_time":915,"confidence":"n","satellite":"N","instrument":"VIIRS","version":"2.0NRT","bright_ti4":313.32,"frp":1.94,"daynight":"N"},"geometry":{"type":"Point","coordinates":[-121.66101,42.50439]}},{"type":"Feature","properties":{"acq_date":"2026-08-08","acq_time":915,"confidence":"n","satellite":"N","instrument":"VIIRS","version":"2.0NRT","bright_ti4":308.76,"frp":4.47,"daynight":"N"},"geometry":{"type":"Point","coordinates":[-121.65033,42.50446]}},{"type":"Feature","properties":{"acq_date":"2026-08-08","acq_time":915,"confidence":"n","satellite":"N","instrument":"VIIRS","version":"2.0NRT","bright_ti4":312.58,"frp":4.47,"daynight":"N"},"geometry":{"type":"Point","coordinates":[-121.65471,42.50459]}},{"type":"Feature","properties":{"acq_date":"2026-08-08","acq_time":915,"confidence":"n","satellite":"N","instrument":"VIIRS","version":"2.0NRT","bright_ti4":306.25,"frp":2.93,"daynight":"N"},"geometry":{"type":"Point","coordinates":[-121.67027,42.5046]}},{"type":"Feature","properties":{"acq_date":"2026-08-08","acq_time":915,"confidence":"n","satellite":"N","instrument":"VIIRS","version":"2.0NRT","bright_ti4":314.54,"frp":3.06,"daynight":"N"},"geometry":{"type":"Point","coordinates":[-121.66072,42.50476]}},{"type":"Feature","properties":{"acq_date":"2026-08-08","acq_time":915,"confidence":"n","satellite":"N","instrument":"VIIRS","version":"2.0NRT","bright_ti4":319.2,"frp":2.93,"daynight":"N"},"geometry":{"type":"Point","coordinates":[-121.67877,42.5048]}},{"type":"Feature","properties":{"acq_date":"2026-08-08","acq_time":915,"confidence":"n","satellite":"N","instrument":"VIIRS","version":"2.0NRT","bright_ti4":327.46,"frp":3.69,"daynight":"N"},"geometry":{"type":"Point","coordinates":[-121.6851,42.50495]}},{"type":"Feature","properties":{"acq_date":"2026-08-08","acq_time":915,"confidence":"n","satellite":"N","instrument":"VIIRS","version":"2.0NRT","bright_ti4":305.96,"frp":3.06,"daynight":"N"},"geometry":{"type":"Point","coordinates":[-121.66978,42.50502]}},{"type":"Feature","properties":{"acq_date":"2026-08-08","acq_time":915,"confidence":"n","satellite":"N","instrument":"VIIRS","version":"2.0NRT","bright_ti4":312.21,"frp":3.69,"daynight":"N"},"geometry":{"type":"Point","coordinates":[-121.69115,42.50509]}},{"type":"Feature","properties":{"acq_date":"2026-08-08","acq_time":915,"confidence":"n","satellite":"N","instrument":"VIIRS","version":"2.0NRT","bright_ti4":306.48,"frp":2.31,"daynight":"N"},"geometry":{"type":"Point","coordinates":[-121.69829,42.50526]}},{"type":"Feature","properties":{"acq_date":"2026-08-08","acq_time":915,"confidence":"n","satellite":"N","instrument":"VIIRS","version":"2.0NRT","bright_ti4":318.96,"frp":4.62,"daynight":"N"},"geometry":{"type":"Point","coordinates":[-121.67855,42.50528]}},{"type":"Feature","properties":{"acq_date":"2026-08-08","acq_time":915,"confidence":"n","satellite":"N","instrument":"VIIRS","version":"2.0NRT","bright_ti4":326.28,"frp":4.62,"daynight":"N"},"geometry":{"type":"Point","coordinates":[-121.68491,42.50547]}},{"type":"Feature","properties":{"acq_date":"2026-08-08","acq_time":915,"confidence":"n","satellite":"N","instrument":"VIIRS","version":"2.0NRT","bright_ti4":311.53,"frp":2.47,"daynight":"N"},"geometry":{"type":"Point","coordinates":[-121.69098,42.50564]}},{"type":"Feature","properties":{"acq_date":"2026-08-08","acq_time":915,"confidence":"n","satellite":"N","instrument":"VIIRS","version":"2.0NRT","bright_ti4":302.09,"frp":2.47,"daynight":"N"},"geometry":{"type":"Point","coordinates":[-121.69814,42.50584]}},{"type":"Feature","properties":{"acq_date":"2026-08-08","acq_time":915,"confidence":"n","satellite":"N","instrument":"VIIRS","version":"2.0NRT","bright_ti4":311.95,"frp":2.79,"daynight":"N"},"geometry":{"type":"Point","coordinates":[-121.62321,42.50959]}},{"type":"Feature","properties":{"acq_date":"2026-08-08","acq_time":915,"confidence":"n","satellite":"N","instrument":"VIIRS","version":"2.0NRT","bright_ti4":330.66,"frp":4.98,"daynight":"N"},"geometry":{"type":"Point","coordinates":[-121.62791,42.50971]}},{"type":"Feature","properties":{"acq_date":"2026-08-08","acq_time":915,"confidence":"n","satellite":"N","instrument":"VIIRS","version":"2.0NRT","bright_ti4":311.11,"frp":3.37,"daynight":"N"},"geometry":{"type":"Point","coordinates":[-121.62305,42.50978]}},{"type":"Feature","properties":{"acq_date":"2026-08-08","acq_time":915,"confidence":"n","satellite":"N","instrument":"VIIRS","version":"2.0NRT","bright_ti4":323.78,"frp":4.98,"daynight":"N"},"geometry":{"type":"Point","coordinates":[-121.63254,42.50982]}},{"type":"Feature","properties":{"acq_date":"2026-08-08","acq_time":915,"confidence":"n","satellite":"N","instrument":"VIIRS","version":"2.0NRT","bright_ti4":331.46,"frp":3.37,"daynight":"N"},"geometry":{"type":"Point","coordinates":[-121.62775,42.50993]}},{"type":"Feature","properties":{"acq_date":"2026-08-08","acq_time":915,"confidence":"n","satellite":"N","instrument":"VIIRS","version":"2.0NRT","bright_ti4":326.94,"frp":4.36,"daynight":"N"},"geometry":{"type":"Point","coordinates":[-121.63708,42.50994]}},{"type":"Feature","properties":{"acq_date":"2026-08-08","acq_time":915,"confidence":"n","satellite":"N","instrument":"VIIRS","version":"2.0NRT","bright_ti4":337.84,"frp":4.36,"daynight":"N"},"geometry":{"type":"Point","coordinates":[-121.64152,42.51005]}},{"type":"Feature","properties":{"acq_date":"2026-08-08","acq_time":915,"confidence":"n","satellite":"N","instrument":"VIIRS","version":"2.0NRT","bright_ti4":324.2,"frp":3.64,"daynight":"N"},"geometry":{"type":"Point","coordinates":[-121.63238,42.51007]}},{"type":"Feature","properties":{"acq_date":"2026-08-08","acq_time":915,"confidence":"n","satellite":"N","instrument":"VIIRS","version":"2.0NRT","bright_ti4":338.77,"frp":5.43,"daynight":"N"},"geometry":{"type":"Point","coordinates":[-121.64598,42.51016]}},{"type":"Feature","properties":{"acq_date":"2026-08-08","acq_time":915,"confidence":"n","satellite":"N","instrument":"VIIRS","version":"2.0NRT","bright_ti4":328.41,"frp":3.64,"daynight":"N"},"geometry":{"type":"Point","coordinates":[-121.63691,42.5102]}},{"type":"Feature","properties":{"acq_date":"2026-08-08","acq_time":915,"confidence":"n","satellite":"N","instrument":"VIIRS","version":"2.0NRT","bright_ti4":332.01,"frp":5.43,"daynight":"N"},"geometry":{"type":"Point","coordinates":[-121.65066,42.51028]}},{"type":"Feature","properties":{"acq_date":"2026-08-08","acq_time":915,"confidence":"n","satellite":"N","instrument":"VIIRS","version":"2.0NRT","bright_ti4":342.09,"frp":5.4,"daynight":"N"},"geometry":{"type":"Point","coordinates":[-121.64137,42.51033]}},{"type":"Feature","properties":{"acq_date":"2026-08-08","acq_time":915,"confidence":"n","satellite":"N","instrument":"VIIRS","version":"2.0NRT","bright_ti4":324.95,"frp":3.55,"daynight":"N"},"geometry":{"type":"Point","coordinates":[-121.6556,42.5104]}},{"type":"Feature","properties":{"acq_date":"2026-08-08","acq_time":915,"confidence":"n","satellite":"N","instrument":"VIIRS","version":"2.0NRT","bright_ti4":342.52,"frp":5.4,"daynight":"N"},"geometry":{"type":"Point","coordinates":[-121.64586,42.51046]}},{"type":"Feature","properties":{"acq_date":"2026-08-08","acq_time":915,"confidence":"n","satellite":"N","instrument":"VIIRS","version":"2.0NRT","bright_ti4":320.29,"frp":3.55,"daynight":"N"},"geometry":{"type":"Point","coordinates":[-121.66105,42.51053]}},{"type":"Feature","properties":{"acq_date":"2026-08-08","acq_time":915,"confidence":"n","satellite":"N","instrument":"VIIRS","version":"2.0NRT","bright_ti4":332.95,"frp":4.47,"daynight":"N"},"geometry":{"type":"Point","coordinates":[-121.65056,42.5106]}},{"type":"Feature","properties":{"acq_date":"2026-08-08","acq_time":915,"confidence":"n","satellite":"N","instrument":"VIIRS","version":"2.0NRT","bright_ti4":312.47,"frp":2.92,"daynight":"N"},"geometry":{"type":"Point","coordinates":[-121.66855,42.51071]}},{"type":"Feature","properties":{"acq_date":"2026-08-08","acq_time":915,"confidence":"n","satellite":"N","instrument":"VIIRS","version":"2.0NRT","bright_ti4":325.42,"frp":4.47,"daynight":"N"},"geometry":{"type":"Point","coordinates":[-121.65552,42.51075]}},{"type":"Feature","properties":{"acq_date":"2026-08-08","acq_time":915,"confidence":"n","satellite":"N","instrument":"VIIRS","version":"2.0NRT","bright_ti4":321.39,"frp":3.06,"daynight":"N"},"geometry":{"type":"Point","coordinates":[-121.66093,42.51091]}},{"type":"Feature","properties":{"acq_date":"2026-08-08","acq_time":915,"confidence":"n","satellite":"N","instrument":"VIIRS","version":"2.0NRT","bright_ti4":300.66,"frp":2.92,"daynight":"N"},"geometry":{"type":"Point","coordinates":[-121.67892,42.51095]}},{"type":"Feature","properties":{"acq_date":"2026-08-08","acq_time":915,"confidence":"n","satellite":"N","instrument":"VIIRS","version":"2.0NRT","bright_ti4":312.94,"frp":3.06,"daynight":"N"},"geometry":{"type":"Point","coordinates":[-121.66814,42.51112]}},{"type":"Feature","properties":{"acq_date":"2026-08-08","acq_time":915,"confidence":"n","satellite":"N","instrument":"VIIRS","version":"2.0NRT","bright_ti4":300.84,"frp":4.36,"daynight":"N"},"geometry":{"type":"Point","coordinates":[-121.63718,42.51607]}},{"type":"Feature","properties":{"acq_date":"2026-08-08","acq_time":915,"confidence":"n","satellite":"N","instrument":"VIIRS","version":"2.0NRT","bright_ti4":324.91,"frp":4.36,"daynight":"N"},"geometry":{"type":"Point","coordinates":[-121.64191,42.51619]}},{"type":"Feature","properties":{"acq_date":"2026-08-08","acq_time":915,"confidence":"n","satellite":"N","instrument":"VIIRS","version":"2.0NRT","bright_ti4":319.17,"frp":5.43,"daynight":"N"},"geometry":{"type":"Point","coordinates":[-121.64683,42.51631]}},{"type":"Feature","properties":{"acq_date":"2026-08-08","acq_time":915,"confidence":"n","satellite":"N","instrument":"VIIRS","version":"2.0NRT","bright_ti4":310.71,"frp":5.43,"daynight":"N"},"geometry":{"type":"Point","coordinates":[-121.6521,42.51645]}},{"type":"Feature","properties":{"acq_date":"2026-08-08","acq_time":915,"confidence":"n","satellite":"N","instrument":"VIIRS","version":"2.0NRT","bright_ti4":317.72,"frp":2.5,"daynight":"N"},"geometry":{"type":"Point","coordinates":[-121.64183,42.51648]}},{"type":"Feature","properties":{"acq_date":"2026-08-08","acq_time":915,"confidence":"n","satellite":"N","instrument":"VIIRS","version":"2.0NRT","bright_ti4":312.24,"frp":3.55,"daynight":"N"},"geometry":{"type":"Point","coordinates":[-121.65754,42.51658]}},{"type":"Feature","properties":{"acq_date":"2026-08-08","acq_time":915,"confidence":"n","satellite":"N","instrument":"VIIRS","version":"2.0NRT","bright_ti4":308.79,"frp":2.5,"daynight":"N"},"geometry":{"type":"Point","coordinates":[-121.64677,42.51663]}},{"type":"Feature","properties":{"acq_date":"2026-08-08","acq_time":915,"confidence":"n","satellite":"N","instrument":"VIIRS","version":"2.0NRT","bright_ti4":309.8,"frp":3.55,"daynight":"N"},"geometry":{"type":"Point","coordinates":[-121.66347,42.51672]}},{"type":"Feature","properties":{"acq_date":"2026-08-08","acq_time":915,"confidence":"n","satellite":"N","instrument":"VIIRS","version":"2.0NRT","bright_ti4":306.12,"frp":1.97,"daynight":"N"},"geometry":{"type":"Point","coordinates":[-121.65209,42.51679]}},{"type":"Feature","properties":{"acq_date":"2026-08-08","acq_time":915,"confidence":"n","satellite":"N","instrument":"VIIRS","version":"2.0NRT","bright_ti4":309.69,"frp":1.97,"daynight":"N"},"geometry":{"type":"Point","coordinates":[-121.65759,42.51695]}},{"type":"Feature","properties":{"acq_date":"2026-08-08","acq_time":915,"confidence":"n","satellite":"N","instrument":"VIIRS","version":"2.0NRT","bright_ti4":305.53,"frp":2.44,"daynight":"N"},"geometry":{"type":"Point","coordinates":[-121.6635,42.51712]}},{"type":"Feature","properties":{"acq_date":"2026-08-08","acq_time":915,"confidence":"n","satellite":"N","instrument":"VIIRS","version":"2.0NRT","bright_ti4":305.27,"frp":2.67,"daynight":"N"},"geometry":{"type":"Point","coordinates":[-116.57267,42.62687]}},{"type":"Feature","properties":{"acq_date":"2026-08-08","acq_time":915,"confidence":"n","satellite":"N","instrument":"VIIRS","version":"2.0NRT","bright_ti4":353.91,"frp":42.72,"daynight":"N"},"geometry":{"type":"Point","coordinates":[-116.57932,42.62734]}},{"type":"Feature","properties":{"acq_date":"2026-08-08","acq_time":915,"confidence":"n","satellite":"N","instrument":"VIIRS","version":"2.0NRT","bright_ti4":303.52,"frp":42.72,"daynight":"N"},"geometry":{"type":"Point","coordinates":[-116.586,42.62781]}},{"type":"Feature","properties":{"acq_date":"2026-08-08","acq_time":915,"confidence":"n","satellite":"N","instrument":"VIIRS","version":"2.0NRT","bright_ti4":302.79,"frp":1.78,"daynight":"N"},"geometry":{"type":"Point","coordinates":[-116.59297,42.6283]}},{"type":"Feature","properties":{"acq_date":"2026-08-08","acq_time":915,"confidence":"n","satellite":"N","instrument":"VIIRS","version":"2.0NRT","bright_ti4":302.28,"frp":2.01,"daynight":"N"},"geometry":{"type":"Point","coordinates":[-116.66276,42.6284]}},{"type":"Feature","properties":{"acq_date":"2026-08-08","acq_time":915,"confidence":"n","satellite":"N","instrument":"VIIRS","version":"2.0NRT","bright_ti4":299.97,"frp":1.78,"daynight":"N"},"geometry":{"type":"Point","coordinates":[-116.60003,42.6288]}},{"type":"Feature","properties":{"acq_date":"2026-08-08","acq_time":915,"confidence":"n","satellite":"N","instrument":"VIIRS","version":"2.0NRT","bright_ti4":305.45,"frp":2.67,"daynight":"N"},"geometry":{"type":"Point","coordinates":[-116.57205,42.6316]}},{"type":"Feature","properties":{"acq_date":"2026-08-08","acq_time":915,"confidence":"n","satellite":"N","instrument":"VIIRS","version":"2.0NRT","bright_ti4":345.46,"frp":42.72,"daynight":"N"},"geometry":{"type":"Point","coordinates":[-116.57868,42.63207]}},{"type":"Feature","properties":{"acq_date":"2026-08-08","acq_time":915,"confidence":"n","satellite":"N","instrument":"VIIRS","version":"2.0NRT","bright_ti4":321.59,"frp":42.72,"daynight":"N"},"geometry":{"type":"Point","coordinates":[-116.58527,42.63254]}},{"type":"Feature","properties":{"acq_date":"2026-08-08","acq_time":915,"confidence":"n","satellite":"N","instrument":"VIIRS","version":"2.0NRT","bright_ti4":295.45,"frp":0.86,"daynight":"N"},"geometry":{"type":"Point","coordinates":[-116.57801,42.6368]}},{"type":"Feature","properties":{"acq_date":"2026-08-08","acq_time":915,"confidence":"n","satellite":"N","instrument":"VIIRS","version":"2.0NRT","bright_ti4":296.98,"frp":0.86,"daynight":"N"},"geometry":{"type":"Point","coordinates":[-116.58451,42.63726]}},{"type":"Feature","properties":{"acq_date":"2026-08-08","acq_time":915,"confidence":"n","satellite":"N","instrument":"VIIRS","version":"2.0NRT","bright_ti4":295.77,"frp":2.38,"daynight":"N"},"geometry":{"type":"Point","coordinates":[-116.59137,42.63775]}},{"type":"Feature","properties":{"acq_date":"2026-08-08","acq_time":915,"confidence":"n","satellite":"N","instrument":"VIIRS","version":"2.0NRT","bright_ti4":323.27,"frp":2.38,"daynight":"N"},"geometry":{"type":"Point","coordinates":[-116.59772,42.64298]}},{"type":"Feature","properties":{"acq_date":"2026-08-08","acq_time":915,"confidence":"n","satellite":"N","instrument":"VIIRS","version":"2.0NRT","bright_ti4":309.7,"frp":3.1,"daynight":"N"},"geometry":{"type":"Point","coordinates":[-116.60447,42.64346]}},{"type":"Feature","properties":{"acq_date":"2026-08-08","acq_time":915,"confidence":"n","satellite":"N","instrument":"VIIRS","version":"2.0NRT","bright_ti4":340.78,"frp":5.59,"daynight":"N"},"geometry":{"type":"Point","coordinates":[-116.59688,42.6477]}},{"type":"Feature","properties":{"acq_date":"2026-08-08","acq_time":915,"confidence":"n","satellite":"N","instrument":"VIIRS","version":"2.0NRT","bright_ti4":338.19,"frp":9.67,"daynight":"N"},"geometry":{"type":"Point","coordinates":[-116.60386,42.6482]}},{"type":"Feature","properties":{"acq_date":"2026-08-08","acq_time":915,"confidence":"n","satellite":"N","instrument":"VIIRS","version":"2.0NRT","bright_ti4":304.36,"frp":5.59,"daynight":"N"},"geometry":{"type":"Point","coordinates":[-116.59581,42.65241]}},{"type":"Feature","properties":{"acq_date":"2026-08-08","acq_time":915,"confidence":"n","satellite":"N","instrument":"VIIRS","version":"2.0NRT","bright_ti4":335.99,"frp":9.67,"daynight":"N"},"geometry":{"type":"Point","coordinates":[-116.60316,42.65293]}},{"type":"Feature","properties":{"acq_date":"2026-08-08","acq_time":915,"confidence":"n","satellite":"N","instrument":"VIIRS","version":"2.0NRT","bright_ti4":315.91,"frp":3.72,"daynight":"N"},"geometry":{"type":"Point","coordinates":[-116.60222,42.65765]}},{"type":"Feature","properties":{"acq_date":"2026-08-08","acq_time":915,"confidence":"n","satellite":"N","instrument":"VIIRS","version":"2.0NRT","bright_ti4":317.66,"frp":3.39,"daynight":"N"},"geometry":{"type":"Point","coordinates":[-116.80028,42.73883]}},{"type":"Feature","properties":{"acq_date":"2026-08-08","acq_time":915,"confidence":"n","satellite":"N","instrument":"VIIRS","version":"2.0NRT","bright_ti4":330.68,"frp":5.41,"daynight":"N"},"geometry":{"type":"Point","coordinates":[-116.80712,42.73929]}},{"type":"Feature","properties":{"acq_date":"2026-08-08","acq_time":915,"confidence":"n","satellite":"N","instrument":"VIIRS","version":"2.0NRT","bright_ti4":320.16,"frp":3.39,"daynight":"N"},"geometry":{"type":"Point","coordinates":[-116.79971,42.74362]}},{"type":"Feature","properties":{"acq_date":"2026-08-08","acq_time":915,"confidence":"n","satellite":"N","instrument":"VIIRS","version":"2.0NRT","bright_ti4":323.17,"frp":5.41,"daynight":"N"},"geometry":{"type":"Point","coordinates":[-116.80682,42.74411]}},{"type":"Feature","properties":{"acq_date":"2026-08-08","acq_time":915,"confidence":"n","satellite":"N","instrument":"VIIRS","version":"2.0NRT","bright_ti4":321.17,"frp":5.41,"daynight":"N"},"geometry":{"type":"Point","coordinates":[-116.81361,42.74457]}},{"type":"Feature","properties":{"acq_date":"2026-08-08","acq_time":915,"confidence":"n","satellite":"N","instrument":"VIIRS","version":"2.0NRT","bright_ti4":314.88,"frp":3,"daynight":"N"},"geometry":{"type":"Point","coordinates":[-116.82046,42.74503]}},{"type":"Feature","properties":{"acq_date":"2026-08-08","acq_time":915,"confidence":"n","satellite":"N","instrument":"VIIRS","version":"2.0NRT","bright_ti4":305.73,"frp":3,"daynight":"N"},"geometry":{"type":"Point","coordinates":[-116.82812,42.74555]}},{"type":"Feature","properties":{"acq_date":"2026-08-08","acq_time":915,"confidence":"n","satellite":"N","instrument":"VIIRS","version":"2.0NRT","bright_ti4":301.74,"frp":0.95,"daynight":"N"},"geometry":{"type":"Point","coordinates":[-116.79928,42.74842]}},{"type":"Feature","properties":{"acq_date":"2026-08-08","acq_time":915,"confidence":"n","satellite":"N","instrument":"VIIRS","version":"2.0NRT","bright_ti4":318.12,"frp":3.45,"daynight":"N"},"geometry":{"type":"Point","coordinates":[-116.8065,42.74892]}},{"type":"Feature","properties":{"acq_date":"2026-08-08","acq_time":915,"confidence":"n","satellite":"N","instrument":"VIIRS","version":"2.0NRT","bright_ti4":321.6,"frp":3.45,"daynight":"N"},"geometry":{"type":"Point","coordinates":[-116.81346,42.74939]}},{"type":"Feature","properties":{"acq_date":"2026-08-08","acq_time":915,"confidence":"n","satellite":"N","instrument":"VIIRS","version":"2.0NRT","bright_ti4":310.13,"frp":2.15,"daynight":"N"},"geometry":{"type":"Point","coordinates":[-116.82013,42.74985]}},{"type":"Feature","properties":{"acq_date":"2026-08-08","acq_time":915,"confidence":"n","satellite":"N","instrument":"VIIRS","version":"2.0NRT","bright_ti4":310.03,"frp":2.15,"daynight":"N"},"geometry":{"type":"Point","coordinates":[-116.82738,42.75034]}},{"type":"Feature","properties":{"acq_date":"2026-08-08","acq_time":915,"confidence":"n","satellite":"N","instrument":"VIIRS","version":"2.0NRT","bright_ti4":331.19,"frp":2.84,"daynight":"N"},"geometry":{"type":"Point","coordinates":[-116.83544,42.75089]}},{"type":"Feature","properties":{"acq_date":"2026-08-08","acq_time":915,"confidence":"n","satellite":"N","instrument":"VIIRS","version":"2.0NRT","bright_ti4":315.88,"frp":3.45,"daynight":"N"},"geometry":{"type":"Point","coordinates":[-116.80618,42.75373]}},{"type":"Feature","properties":{"acq_date":"2026-08-08","acq_time":915,"confidence":"n","satellite":"N","instrument":"VIIRS","version":"2.0NRT","bright_ti4":326.63,"frp":3.45,"daynight":"N"},"geometry":{"type":"Point","coordinates":[-116.81334,42.75422]}},{"type":"Feature","properties":{"acq_date":"2026-08-08","acq_time":915,"confidence":"n","satellite":"N","instrument":"VIIRS","version":"2.0NRT","bright_ti4":305.32,"frp":2.15,"daynight":"N"},"geometry":{"type":"Point","coordinates":[-116.81994,42.75468]}},{"type":"Feature","properties":{"acq_date":"2026-08-08","acq_time":915,"confidence":"n","satellite":"N","instrument":"VIIRS","version":"2.0NRT","bright_ti4":304,"frp":2.15,"daynight":"N"},"geometry":{"type":"Point","coordinates":[-116.82692,42.75515]}},{"type":"Feature","properties":{"acq_date":"2026-08-08","acq_time":915,"confidence":"n","satellite":"N","instrument":"VIIRS","version":"2.0NRT","bright_ti4":308.14,"frp":2.84,"daynight":"N"},"geometry":{"type":"Point","coordinates":[-116.83482,42.75569]}},{"type":"Feature","properties":{"acq_date":"2026-08-08","acq_time":915,"confidence":"n","satellite":"N","instrument":"VIIRS","version":"2.0NRT","bright_ti4":296.88,"frp":2.84,"daynight":"N"},"geometry":{"type":"Point","coordinates":[-116.84229,42.7562]}},{"type":"Feature","properties":{"acq_date":"2026-08-08","acq_time":915,"confidence":"n","satellite":"N","instrument":"VIIRS","version":"2.0NRT","bright_ti4":302.21,"frp":1.14,"daynight":"N"},"geometry":{"type":"Point","coordinates":[-116.80581,42.75854]}},{"type":"Feature","properties":{"acq_date":"2026-08-08","acq_time":915,"confidence":"n","satellite":"N","instrument":"VIIRS","version":"2.0NRT","bright_ti4":311.37,"frp":1.14,"daynight":"N"},"geometry":{"type":"Point","coordinates":[-116.8131,42.75904]}},{"type":"Feature","properties":{"acq_date":"2026-08-08","acq_time":915,"confidence":"n","satellite":"N","instrument":"VIIRS","version":"2.0NRT","bright_ti4":301.12,"frp":2.5,"daynight":"N"},"geometry":{"type":"Point","coordinates":[-116.82678,42.75999]}},{"type":"Feature","properties":{"acq_date":"2026-08-08","acq_time":915,"confidence":"n","satellite":"N","instrument":"VIIRS","version":"2.0NRT","bright_ti4":306.27,"frp":1.26,"daynight":"N"},"geometry":{"type":"Point","coordinates":[-116.83463,42.76052]}},{"type":"Feature","properties":{"acq_date":"2026-08-08","acq_time":915,"confidence":"n","satellite":"N","instrument":"VIIRS","version":"2.0NRT","bright_ti4":296.49,"frp":1.26,"daynight":"N"},"geometry":{"type":"Point","coordinates":[-116.84211,42.76103]}},{"type":"Feature","properties":{"acq_date":"2026-08-08","acq_time":915,"confidence":"n","satellite":"N","instrument":"VIIRS","version":"2.0NRT","bright_ti4":303.06,"frp":1.26,"daynight":"N"},"geometry":{"type":"Point","coordinates":[-116.83428,42.76534]}},{"type":"Feature","properties":{"acq_date":"2026-08-08","acq_time":915,"confidence":"n","satellite":"N","instrument":"VIIRS","version":"2.0NRT","bright_ti4":304.83,"frp":1.26,"daynight":"N"},"geometry":{"type":"Point","coordinates":[-116.84172,42.76585]}},{"type":"Feature","properties":{"acq_date":"2026-08-08","acq_time":915,"confidence":"n","satellite":"N","instrument":"VIIRS","version":"2.0NRT","bright_ti4":297.84,"frp":1.06,"daynight":"N"},"geometry":{"type":"Point","coordinates":[-116.90802,42.77039]}},{"type":"Feature","properties":{"acq_date":"2026-08-08","acq_time":915,"confidence":"n","satellite":"N","instrument":"VIIRS","version":"2.0NRT","bright_ti4":299.74,"frp":2.27,"daynight":"N"},"geometry":{"type":"Point","coordinates":[-116.84129,42.77066]}},{"type":"Feature","properties":{"acq_date":"2026-08-08","acq_time":915,"confidence":"n","satellite":"N","instrument":"VIIRS","version":"2.0NRT","bright_ti4":300.7,"frp":1.01,"daynight":"N"},"geometry":{"type":"Point","coordinates":[-115.66827,43.14884]}},{"type":"Feature","properties":{"acq_date":"2026-08-08","acq_time":915,"confidence":"n","satellite":"N","instrument":"VIIRS","version":"2.0NRT","bright_ti4":299.46,"frp":0.62,"daynight":"N"},"geometry":{"type":"Point","coordinates":[-115.66873,43.14894]}},{"type":"Feature","properties":{"acq_date":"2026-08-08","acq_time":915,"confidence":"n","satellite":"N","instrument":"VIIRS","version":"2.0NRT","bright_ti4":296.51,"frp":0.33,"daynight":"N"},"geometry":{"type":"Point","coordinates":[-115.73373,43.18137]}},{"type":"Feature","properties":{"acq_date":"2026-08-08","acq_time":915,"confidence":"n","satellite":"N","instrument":"VIIRS","version":"2.0NRT","bright_ti4":304.21,"frp":1.31,"daynight":"N"},"geometry":{"type":"Point","coordinates":[-115.35632,43.25856]}},{"type":"Feature","properties":{"acq_date":"2026-08-08","acq_time":915,"confidence":"n","satellite":"N","instrument":"VIIRS","version":"2.0NRT","bright_ti4":298.65,"frp":1.31,"daynight":"N"},"geometry":{"type":"Point","coordinates":[-115.36239,43.25903]}},{"type":"Feature","properties":{"acq_date":"2026-08-08","acq_time":915,"confidence":"n","satellite":"N","instrument":"VIIRS","version":"2.0NRT","bright_ti4":310.87,"frp":1.31,"daynight":"N"},"geometry":{"type":"Point","coordinates":[-115.36187,43.26352]}},{"type":"Feature","properties":{"acq_date":"2026-08-08","acq_time":915,"confidence":"n","satellite":"N","instrument":"VIIRS","version":"2.0NRT","bright_ti4":318.91,"frp":3.36,"daynight":"N"},"geometry":{"type":"Point","coordinates":[-115.3681,43.264]}},{"type":"Feature","properties":{"acq_date":"2026-08-08","acq_time":915,"confidence":"n","satellite":"N","instrument":"VIIRS","version":"2.0NRT","bright_ti4":299.35,"frp":0.97,"daynight":"N"},"geometry":{"type":"Point","coordinates":[-115.355,43.2675]}},{"type":"Feature","properties":{"acq_date":"2026-08-08","acq_time":915,"confidence":"n","satellite":"N","instrument":"VIIRS","version":"2.0NRT","bright_ti4":300.75,"frp":0.97,"daynight":"N"},"geometry":{"type":"Point","coordinates":[-115.3612,43.26799]}},{"type":"Feature","properties":{"acq_date":"2026-08-08","acq_time":915,"confidence":"n","satellite":"N","instrument":"VIIRS","version":"2.0NRT","bright_ti4":330.45,"frp":2.86,"daynight":"N"},"geometry":{"type":"Point","coordinates":[-115.36755,43.26848]}},{"type":"Feature","properties":{"acq_date":"2026-08-08","acq_time":915,"confidence":"n","satellite":"N","instrument":"VIIRS","version":"2.0NRT","bright_ti4":305.85,"frp":3.21,"daynight":"N"},"geometry":{"type":"Point","coordinates":[-115.38553,43.2699]}},{"type":"Feature","properties":{"acq_date":"2026-08-08","acq_time":915,"confidence":"n","satellite":"N","instrument":"VIIRS","version":"2.0NRT","bright_ti4":310.84,"frp":2.48,"daynight":"N"},"geometry":{"type":"Point","coordinates":[-115.39149,43.27036]}},{"type":"Feature","properties":{"acq_date":"2026-08-08","acq_time":915,"confidence":"n","satellite":"N","instrument":"VIIRS","version":"2.0NRT","bright_ti4":311.67,"frp":2.48,"daynight":"N"},"geometry":{"type":"Point","coordinates":[-115.39754,43.27084]}},{"type":"Feature","properties":{"acq_date":"2026-08-08","acq_time":915,"confidence":"n","satellite":"N","instrument":"VIIRS","version":"2.0NRT","bright_ti4":306.53,"frp":2.14,"daynight":"N"},"geometry":{"type":"Point","coordinates":[-115.40378,43.27132]}},{"type":"Feature","properties":{"acq_date":"2026-08-08","acq_time":915,"confidence":"n","satellite":"N","instrument":"VIIRS","version":"2.0NRT","bright_ti4":308.93,"frp":2.14,"daynight":"N"},"geometry":{"type":"Point","coordinates":[-115.41005,43.27181]}},{"type":"Feature","properties":{"acq_date":"2026-08-08","acq_time":915,"confidence":"n","satellite":"N","instrument":"VIIRS","version":"2.0NRT","bright_ti4":303.99,"frp":0.97,"daynight":"N"},"geometry":{"type":"Point","coordinates":[-115.36051,43.27245]}},{"type":"Feature","properties":{"acq_date":"2026-08-08","acq_time":915,"confidence":"n","satellite":"N","instrument":"VIIRS","version":"2.0NRT","bright_ti4":306.86,"frp":2.86,"daynight":"N"},"geometry":{"type":"Point","coordinates":[-115.36685,43.27295]}},{"type":"Feature","properties":{"acq_date":"2026-08-08","acq_time":915,"confidence":"n","satellite":"N","instrument":"VIIRS","version":"2.0NRT","bright_ti4":310.8,"frp":2.86,"daynight":"N"},"geometry":{"type":"Point","coordinates":[-115.37309,43.27344]}},{"type":"Feature","properties":{"acq_date":"2026-08-08","acq_time":915,"confidence":"n","satellite":"N","instrument":"VIIRS","version":"2.0NRT","bright_ti4":323.85,"frp":3.21,"daynight":"N"},"geometry":{"type":"Point","coordinates":[-115.37916,43.27392]}},{"type":"Feature","properties":{"acq_date":"2026-08-08","acq_time":915,"confidence":"n","satellite":"N","instrument":"VIIRS","version":"2.0NRT","bright_ti4":317.57,"frp":3.21,"daynight":"N"},"geometry":{"type":"Point","coordinates":[-115.38535,43.27441]}},{"type":"Feature","properties":{"acq_date":"2026-08-08","acq_time":915,"confidence":"n","satellite":"N","instrument":"VIIRS","version":"2.0NRT","bright_ti4":312.87,"frp":2.48,"daynight":"N"},"geometry":{"type":"Point","coordinates":[-115.39154,43.27489]}},{"type":"Feature","properties":{"acq_date":"2026-08-08","acq_time":915,"confidence":"n","satellite":"N","instrument":"VIIRS","version":"2.0NRT","bright_ti4":320.38,"frp":2.48,"daynight":"N"},"geometry":{"type":"Point","coordinates":[-115.39774,43.27538]}},{"type":"Feature","properties":{"acq_date":"2026-08-08","acq_time":915,"confidence":"n","satellite":"N","instrument":"VIIRS","version":"2.0NRT","bright_ti4":314.97,"frp":2.14,"daynight":"N"},"geometry":{"type":"Point","coordinates":[-115.404,43.27588]}},{"type":"Feature","properties":{"acq_date":"2026-08-08","acq_time":915,"confidence":"n","satellite":"N","instrument":"VIIRS","version":"2.0NRT","bright_ti4":318.19,"frp":2.14,"daynight":"N"},"geometry":{"type":"Point","coordinates":[-115.41019,43.27636]}},{"type":"Feature","properties":{"acq_date":"2026-08-08","acq_time":915,"confidence":"n","satellite":"N","instrument":"VIIRS","version":"2.0NRT","bright_ti4":307.92,"frp":2.54,"daynight":"N"},"geometry":{"type":"Point","coordinates":[-115.41611,43.27682]}},{"type":"Feature","properties":{"acq_date":"2026-08-08","acq_time":915,"confidence":"n","satellite":"N","instrument":"VIIRS","version":"2.0NRT","bright_ti4":304.3,"frp":2.01,"daynight":"N"},"geometry":{"type":"Point","coordinates":[-115.3661,43.27742]}},{"type":"Feature","properties":{"acq_date":"2026-08-08","acq_time":915,"confidence":"n","satellite":"N","instrument":"VIIRS","version":"2.0NRT","bright_ti4":316.84,"frp":3.47,"daynight":"N"},"geometry":{"type":"Point","coordinates":[-115.38517,43.27892]}},{"type":"Feature","properties":{"acq_date":"2026-08-08","acq_time":915,"confidence":"n","satellite":"N","instrument":"VIIRS","version":"2.0NRT","bright_ti4":309.47,"frp":2.22,"daynight":"N"},"geometry":{"type":"Point","coordinates":[-115.39156,43.27943]}},{"type":"Feature","properties":{"acq_date":"2026-08-08","acq_time":915,"confidence":"n","satellite":"N","instrument":"VIIRS","version":"2.0NRT","bright_ti4":306.04,"frp":2.22,"daynight":"N"},"geometry":{"type":"Point","coordinates":[-115.39787,43.27992]}},{"type":"Feature","properties":{"acq_date":"2026-08-08","acq_time":915,"confidence":"n","satellite":"N","instrument":"VIIRS","version":"2.0NRT","bright_ti4":305.36,"frp":1.71,"daynight":"N"},"geometry":{"type":"Point","coordinates":[-115.40398,43.2804]}},{"type":"Feature","properties":{"acq_date":"2026-08-08","acq_time":915,"confidence":"n","satellite":"N","instrument":"VIIRS","version":"2.0NRT","bright_ti4":312.11,"frp":2.49,"daynight":"N"},"geometry":{"type":"Point","coordinates":[-115.42181,43.28181]}},{"type":"Feature","properties":{"acq_date":"2026-08-08","acq_time":915,"confidence":"n","satellite":"N","instrument":"VIIRS","version":"2.0NRT","bright_ti4":335.13,"frp":8.77,"daynight":"N"},"geometry":{"type":"Point","coordinates":[-115.42771,43.28227]}},{"type":"Feature","properties":{"acq_date":"2026-08-08","acq_time":915,"confidence":"n","satellite":"N","instrument":"VIIRS","version":"2.0NRT","bright_ti4":352.63,"frp":8.77,"daynight":"N"},"geometry":{"type":"Point","coordinates":[-115.43331,43.28271]}},{"type":"Feature","properties":{"acq_date":"2026-08-08","acq_time":915,"confidence":"n","satellite":"N","instrument":"VIIRS","version":"2.0NRT","bright_ti4":339.46,"frp":3.47,"daynight":"N"},"geometry":{"type":"Point","coordinates":[-115.37838,43.28291]}},{"type":"Feature","properties":{"acq_date":"2026-08-08","acq_time":915,"confidence":"n","satellite":"N","instrument":"VIIRS","version":"2.0NRT","bright_ti4":307.82,"frp":9.97,"daynight":"N"},"geometry":{"type":"Point","coordinates":[-115.4392,43.28317]}},{"type":"Feature","properties":{"acq_date":"2026-08-08","acq_time":915,"confidence":"n","satellite":"N","instrument":"VIIRS","version":"2.0NRT","bright_ti4":301.97,"frp":3.47,"daynight":"N"},"geometry":{"type":"Point","coordinates":[-115.38505,43.28344]}},{"type":"Feature","properties":{"acq_date":"2026-08-08","acq_time":915,"confidence":"n","satellite":"N","instrument":"VIIRS","version":"2.0NRT","bright_ti4":341.66,"frp":8.77,"daynight":"N"},"geometry":{"type":"Point","coordinates":[-115.43237,43.28718]}},{"type":"Feature","properties":{"acq_date":"2026-08-08","acq_time":915,"confidence":"n","satellite":"N","instrument":"VIIRS","version":"2.0NRT","bright_ti4":345.7,"frp":9.97,"daynight":"N"},"geometry":{"type":"Point","coordinates":[-115.43831,43.28764]}},{"type":"Feature","properties":{"acq_date":"2026-08-08","acq_time":915,"confidence":"n","satellite":"N","instrument":"VIIRS","version":"2.0NRT","bright_ti4":312.46,"frp":2.79,"daynight":"N"},"geometry":{"type":"Point","coordinates":[-115.43786,43.29214]}},{"type":"Feature","properties":{"acq_date":"2026-08-08","acq_time":915,"confidence":"n","satellite":"N","instrument":"VIIRS","version":"2.0NRT","bright_ti4":304.02,"frp":2.63,"daynight":"N"},"geometry":{"type":"Point","coordinates":[-115.41816,43.3042]}},{"type":"Feature","properties":{"acq_date":"2026-08-08","acq_time":915,"confidence":"n","satellite":"N","instrument":"VIIRS","version":"2.0NRT","bright_ti4":301.47,"frp":1.3,"daynight":"N"},"geometry":{"type":"Point","coordinates":[-115.41763,43.3087]}},{"type":"Feature","properties":{"acq_date":"2026-08-08","acq_time":915,"confidence":"n","satellite":"N","instrument":"VIIRS","version":"2.0NRT","bright_ti4":302.43,"frp":2.05,"daynight":"N"},"geometry":{"type":"Point","coordinates":[-115.42357,43.30917]}},{"type":"Feature","properties":{"acq_date":"2026-08-08","acq_time":917,"confidence":"n","satellite":"N","instrument":"VIIRS","version":"2.0NRT","bright_ti4":315.36,"frp":1.03,"daynight":"N"},"geometry":{"type":"Point","coordinates":[-116.83603,32.49702]}},{"type":"Feature","properties":{"acq_date":"2026-08-08","acq_time":917,"confidence":"n","satellite":"N","instrument":"VIIRS","version":"2.0NRT","bright_ti4":309.69,"frp":0.87,"daynight":"N"},"geometry":{"type":"Point","coordinates":[-116.74408,32.50461]}},{"type":"Feature","properties":{"acq_date":"2026-08-08","acq_time":917,"confidence":"n","satellite":"N","instrument":"VIIRS","version":"2.0NRT","bright_ti4":310.3,"frp":0.8,"daynight":"N"},"geometry":{"type":"Point","coordinates":[-114.89916,32.54276]}},{"type":"Feature","properties":{"acq_date":"2026-08-08","acq_time":917,"confidence":"n","satellite":"N","instrument":"VIIRS","version":"2.0NRT","bright_ti4":304.21,"frp":0.51,"daynight":"N"},"geometry":{"type":"Point","coordinates":[-117.14733,32.85785]}},{"type":"Feature","properties":{"acq_date":"2026-08-08","acq_time":917,"confidence":"n","satellite":"N","instrument":"VIIRS","version":"2.0NRT","bright_ti4":314.07,"frp":1.84,"daynight":"N"},"geometry":{"type":"Point","coordinates":[-117.39619,33.40105]}},{"type":"Feature","properties":{"acq_date":"2026-08-08","acq_time":917,"confidence":"n","satellite":"N","instrument":"VIIRS","version":"2.0NRT","bright_ti4":304.94,"frp":0.57,"daynight":"N"},"geometry":{"type":"Point","coordinates":[-117.39477,33.40543]}},{"type":"Feature","properties":{"acq_date":"2026-08-08","acq_time":917,"confidence":"n","satellite":"N","instrument":"VIIRS","version":"2.0NRT","bright_ti4":301.31,"frp":0.36,"daynight":"N"},"geometry":{"type":"Point","coordinates":[-117.82368,33.61237]}},{"type":"Feature","properties":{"acq_date":"2026-08-08","acq_time":917,"confidence":"n","satellite":"N","instrument":"VIIRS","version":"2.0NRT","bright_ti4":302.96,"frp":0.74,"daynight":"N"},"geometry":{"type":"Point","coordinates":[-117.71095,33.71786]}},{"type":"Feature","properties":{"acq_date":"2026-08-08","acq_time":917,"confidence":"n","satellite":"N","instrument":"VIIRS","version":"2.0NRT","bright_ti4":306.56,"frp":0.72,"daynight":"N"},"geometry":{"type":"Point","coordinates":[-117.47767,33.79322]}},{"type":"Feature","properties":{"acq_date":"2026-08-08","acq_time":917,"confidence":"n","satellite":"N","instrument":"VIIRS","version":"2.0NRT","bright_ti4":305.67,"frp":1.61,"daynight":"N"},"geometry":{"type":"Point","coordinates":[-118.33357,33.85473]}},{"type":"Feature","properties":{"acq_date":"2026-08-08","acq_time":917,"confidence":"n","satellite":"N","instrument":"VIIRS","version":"2.0NRT","bright_ti4":300.87,"frp":0.86,"daynight":"N"},"geometry":{"type":"Point","coordinates":[-118.19282,34.15142]}},{"type":"Feature","properties":{"acq_date":"2026-08-08","acq_time":917,"confidence":"n","satellite":"N","instrument":"VIIRS","version":"2.0NRT","bright_ti4":302.3,"frp":0.9,"daynight":"N"},"geometry":{"type":"Point","coordinates":[-118.64675,34.42949]}},{"type":"Feature","properties":{"acq_date":"2026-08-08","acq_time":917,"confidence":"n","satellite":"N","instrument":"VIIRS","version":"2.0NRT","bright_ti4":316.21,"frp":1.66,"daynight":"N"},"geometry":{"type":"Point","coordinates":[-117.3397,34.60766]}},{"type":"Feature","properties":{"acq_date":"2026-08-08","acq_time":917,"confidence":"n","satellite":"N","instrument":"VIIRS","version":"2.0NRT","bright_ti4":310.18,"frp":1.41,"daynight":"N"},"geometry":{"type":"Point","coordinates":[-117.10019,34.62206]}},{"type":"Feature","properties":{"acq_date":"2026-08-08","acq_time":917,"confidence":"n","satellite":"N","instrument":"VIIRS","version":"2.0NRT","bright_ti4":311.28,"frp":1.66,"daynight":"N"},"geometry":{"type":"Point","coordinates":[-118.83304,34.80613]}},{"type":"Feature","properties":{"acq_date":"2026-08-08","acq_time":917,"confidence":"n","satellite":"N","instrument":"VIIRS","version":"2.0NRT","bright_ti4":314.28,"frp":1.66,"daynight":"N"},"geometry":{"type":"Point","coordinates":[-118.83943,34.80665]}},{"type":"Feature","properties":{"acq_date":"2026-08-08","acq_time":917,"confidence":"n","satellite":"N","instrument":"VIIRS","version":"2.0NRT","bright_ti4":300.41,"frp":1.66,"daynight":"N"},"geometry":{"type":"Point","coordinates":[-118.83987,34.81167]}},{"type":"Feature","properties":{"acq_date":"2026-08-08","acq_time":917,"confidence":"n","satellite":"N","instrument":"VIIRS","version":"2.0NRT","bright_ti4":322.46,"frp":1.59,"daynight":"N"},"geometry":{"type":"Point","coordinates":[-114.91036,36.35876]}},{"type":"Feature","properties":{"acq_date":"2026-08-08","acq_time":917,"confidence":"n","satellite":"N","instrument":"VIIRS","version":"2.0NRT","bright_ti4":305.5,"frp":2.02,"daynight":"N"},"geometry":{"type":"Point","coordinates":[-116.17848,37.23863]}},{"type":"Feature","properties":{"acq_date":"2026-08-08","acq_time":917,"confidence":"n","satellite":"N","instrument":"VIIRS","version":"2.0NRT","bright_ti4":324.55,"frp":2.02,"daynight":"N"},"geometry":{"type":"Point","coordinates":[-116.18318,37.23908]}},{"type":"Feature","properties":{"acq_date":"2026-08-08","acq_time":917,"confidence":"n","satellite":"N","instrument":"VIIRS","version":"2.0NRT","bright_ti4":311.2,"frp":2.19,"daynight":"N"},"geometry":{"type":"Point","coordinates":[-116.18806,37.23954]}},{"type":"Feature","properties":{"acq_date":"2026-08-08","acq_time":917,"confidence":"n","satellite":"N","instrument":"VIIRS","version":"2.0NRT","bright_ti4":312.37,"frp":2.91,"daynight":"N"},"geometry":{"type":"Point","coordinates":[-116.16832,37.24207]}},{"type":"Feature","properties":{"acq_date":"2026-08-08","acq_time":917,"confidence":"n","satellite":"N","instrument":"VIIRS","version":"2.0NRT","bright_ti4":310.55,"frp":1.84,"daynight":"N"},"geometry":{"type":"Point","coordinates":[-116.16746,37.24236]}},{"type":"Feature","properties":{"acq_date":"2026-08-08","acq_time":917,"confidence":"n","satellite":"N","instrument":"VIIRS","version":"2.0NRT","bright_ti4":327.05,"frp":2.91,"daynight":"N"},"geometry":{"type":"Point","coordinates":[-116.17314,37.24253]}},{"type":"Feature","properties":{"acq_date":"2026-08-08","acq_time":917,"confidence":"n","satellite":"N","instrument":"VIIRS","version":"2.0NRT","bright_ti4":327.68,"frp":3.52,"daynight":"N"},"geometry":{"type":"Point","coordinates":[-116.17233,37.24279]}},{"type":"Feature","properties":{"acq_date":"2026-08-08","acq_time":917,"confidence":"n","satellite":"N","instrument":"VIIRS","version":"2.0NRT","bright_ti4":320.33,"frp":3.15,"daynight":"N"},"geometry":{"type":"Point","coordinates":[-116.17789,37.24298]}},{"type":"Feature","properties":{"acq_date":"2026-08-08","acq_time":917,"confidence":"n","satellite":"N","instrument":"VIIRS","version":"2.0NRT","bright_ti4":320.66,"frp":3.52,"daynight":"N"},"geometry":{"type":"Point","coordinates":[-116.17709,37.24322]}},{"type":"Feature","properties":{"acq_date":"2026-08-08","acq_time":917,"confidence":"n","satellite":"N","instrument":"VIIRS","version":"2.0NRT","bright_ti4":324.25,"frp":3.15,"daynight":"N"},"geometry":{"type":"Point","coordinates":[-116.18264,37.24344]}},{"type":"Feature","properties":{"acq_date":"2026-08-08","acq_time":917,"confidence":"n","satellite":"N","instrument":"VIIRS","version":"2.0NRT","bright_ti4":318.62,"frp":3.02,"daynight":"N"},"geometry":{"type":"Point","coordinates":[-116.18185,37.24364]}},{"type":"Feature","properties":{"acq_date":"2026-08-08","acq_time":917,"confidence":"n","satellite":"N","instrument":"VIIRS","version":"2.0NRT","bright_ti4":314.62,"frp":2.3,"daynight":"N"},"geometry":{"type":"Point","coordinates":[-116.18748,37.2439]}},{"type":"Feature","properties":{"acq_date":"2026-08-08","acq_time":917,"confidence":"n","satellite":"N","instrument":"VIIRS","version":"2.0NRT","bright_ti4":319.53,"frp":3.02,"daynight":"N"},"geometry":{"type":"Point","coordinates":[-116.18664,37.24408]}},{"type":"Feature","properties":{"acq_date":"2026-08-08","acq_time":917,"confidence":"n","satellite":"N","instrument":"VIIRS","version":"2.0NRT","bright_ti4":318.72,"frp":2.91,"daynight":"N"},"geometry":{"type":"Point","coordinates":[-116.16764,37.24642]}},{"type":"Feature","properties":{"acq_date":"2026-08-08","acq_time":917,"confidence":"n","satellite":"N","instrument":"VIIRS","version":"2.0NRT","bright_ti4":310.92,"frp":1.84,"daynight":"N"},"geometry":{"type":"Point","coordinates":[-116.16678,37.2467]}},{"type":"Feature","properties":{"acq_date":"2026-08-08","acq_time":917,"confidence":"n","satellite":"N","instrument":"VIIRS","version":"2.0NRT","bright_ti4":321.71,"frp":2.91,"daynight":"N"},"geometry":{"type":"Point","coordinates":[-116.1725,37.24688]}},{"type":"Feature","properties":{"acq_date":"2026-08-08","acq_time":917,"confidence":"n","satellite":"N","instrument":"VIIRS","version":"2.0NRT","bright_ti4":322.11,"frp":3.52,"daynight":"N"},"geometry":{"type":"Point","coordinates":[-116.17167,37.24714]}},{"type":"Feature","properties":{"acq_date":"2026-08-08","acq_time":917,"confidence":"n","satellite":"N","instrument":"VIIRS","version":"2.0NRT","bright_ti4":315.64,"frp":3.15,"daynight":"N"},"geometry":{"type":"Point","coordinates":[-116.17728,37.24734]}},{"type":"Feature","properties":{"acq_date":"2026-08-08","acq_time":917,"confidence":"n","satellite":"N","instrument":"VIIRS","version":"2.0NRT","bright_ti4":319.11,"frp":3.52,"daynight":"N"},"geometry":{"type":"Point","coordinates":[-116.17648,37.24757]}},{"type":"Feature","properties":{"acq_date":"2026-08-08","acq_time":917,"confidence":"n","satellite":"N","instrument":"VIIRS","version":"2.0NRT","bright_ti4":326.83,"frp":3.15,"daynight":"N"},"geometry":{"type":"Point","coordinates":[-116.18211,37.2478]}},{"type":"Feature","properties":{"acq_date":"2026-08-08","acq_time":917,"confidence":"n","satellite":"N","instrument":"VIIRS","version":"2.0NRT","bright_ti4":324.27,"frp":3.02,"daynight":"N"},"geometry":{"type":"Point","coordinates":[-116.18128,37.248]}},{"type":"Feature","properties":{"acq_date":"2026-08-08","acq_time":917,"confidence":"n","satellite":"N","instrument":"VIIRS","version":"2.0NRT","bright_ti4":306.15,"frp":2.3,"daynight":"N"},"geometry":{"type":"Point","coordinates":[-116.18709,37.24827]}},{"type":"Feature","properties":{"acq_date":"2026-08-08","acq_time":917,"confidence":"n","satellite":"N","instrument":"VIIRS","version":"2.0NRT","bright_ti4":318.33,"frp":3.02,"daynight":"N"},"geometry":{"type":"Point","coordinates":[-116.18624,37.24845]}},{"type":"Feature","properties":{"acq_date":"2026-08-08","acq_time":917,"confidence":"n","satellite":"N","instrument":"VIIRS","version":"2.0NRT","bright_ti4":305.44,"frp":2.75,"daynight":"N"},"geometry":{"type":"Point","coordinates":[-116.17183,37.25123]}},{"type":"Feature","properties":{"acq_date":"2026-08-08","acq_time":917,"confidence":"n","satellite":"N","instrument":"VIIRS","version":"2.0NRT","bright_ti4":301.75,"frp":1.79,"daynight":"N"},"geometry":{"type":"Point","coordinates":[-116.171,37.25149]}},{"type":"Feature","properties":{"acq_date":"2026-08-08","acq_time":917,"confidence":"n","satellite":"N","instrument":"VIIRS","version":"2.0NRT","bright_ti4":327.48,"frp":2.87,"daynight":"N"},"geometry":{"type":"Point","coordinates":[-116.17661,37.25169]}},{"type":"Feature","properties":{"acq_date":"2026-08-08","acq_time":917,"confidence":"n","satellite":"N","instrument":"VIIRS","version":"2.0NRT","bright_ti4":322.8,"frp":1.79,"daynight":"N"},"geometry":{"type":"Point","coordinates":[-116.17578,37.25191]}},{"type":"Feature","properties":{"acq_date":"2026-08-08","acq_time":917,"confidence":"n","satellite":"N","instrument":"VIIRS","version":"2.0NRT","bright_ti4":327.61,"frp":2.87,"daynight":"N"},"geometry":{"type":"Point","coordinates":[-116.18159,37.25216]}},{"type":"Feature","properties":{"acq_date":"2026-08-08","acq_time":917,"confidence":"n","satellite":"N","instrument":"VIIRS","version":"2.0NRT","bright_ti4":326.78,"frp":2.62,"daynight":"N"},"geometry":{"type":"Point","coordinates":[-116.18071,37.25237]}},{"type":"Feature","properties":{"acq_date":"2026-08-08","acq_time":917,"confidence":"n","satellite":"N","instrument":"VIIRS","version":"2.0NRT","bright_ti4":321.09,"frp":3.37,"daynight":"N"},"geometry":{"type":"Point","coordinates":[-116.18682,37.25266]}},{"type":"Feature","properties":{"acq_date":"2026-08-08","acq_time":917,"confidence":"n","satellite":"N","instrument":"VIIRS","version":"2.0NRT","bright_ti4":323.97,"frp":2.62,"daynight":"N"},"geometry":{"type":"Point","coordinates":[-116.18593,37.25283]}},{"type":"Feature","properties":{"acq_date":"2026-08-08","acq_time":917,"confidence":"n","satellite":"N","instrument":"VIIRS","version":"2.0NRT","bright_ti4":305.29,"frp":2.87,"daynight":"N"},"geometry":{"type":"Point","coordinates":[-116.17601,37.25603]}},{"type":"Feature","properties":{"acq_date":"2026-08-08","acq_time":917,"confidence":"n","satellite":"N","instrument":"VIIRS","version":"2.0NRT","bright_ti4":302.24,"frp":1.79,"daynight":"N"},"geometry":{"type":"Point","coordinates":[-116.17516,37.25627]}},{"type":"Feature","properties":{"acq_date":"2026-08-08","acq_time":917,"confidence":"n","satellite":"N","instrument":"VIIRS","version":"2.0NRT","bright_ti4":317.57,"frp":2.87,"daynight":"N"},"geometry":{"type":"Point","coordinates":[-116.18109,37.25652]}},{"type":"Feature","properties":{"acq_date":"2026-08-08","acq_time":917,"confidence":"n","satellite":"N","instrument":"VIIRS","version":"2.0NRT","bright_ti4":316.18,"frp":2.62,"daynight":"N"},"geometry":{"type":"Point","coordinates":[-116.18021,37.25673]}},{"type":"Feature","properties":{"acq_date":"2026-08-08","acq_time":917,"confidence":"n","satellite":"N","instrument":"VIIRS","version":"2.0NRT","bright_ti4":298.98,"frp":2.62,"daynight":"N"},"geometry":{"type":"Point","coordinates":[-116.18555,37.25721]}},{"type":"Feature","properties":{"acq_date":"2026-08-08","acq_time":917,"confidence":"n","satellite":"N","instrument":"VIIRS","version":"2.0NRT","bright_ti4":303.67,"frp":0.67,"daynight":"N"},"geometry":{"type":"Point","coordinates":[-116.17973,37.2611]}},{"type":"Feature","properties":{"acq_date":"2026-08-08","acq_time":1056,"confidence":"n","satellite":"N","instrument":"VIIRS","version":"2.0NRT","bright_ti4":306.45,"frp":3.31,"daynight":"N"},"geometry":{"type":"Point","coordinates":[-114.25874,40.82521]}},{"type":"Feature","properties":{"acq_date":"2026-08-08","acq_time":1056,"confidence":"n","satellite":"N","instrument":"VIIRS","version":"2.0NRT","bright_ti4":339.93,"frp":11.52,"daynight":"N"},"geometry":{"type":"Point","coordinates":[-123.67052,41.12053]}},{"type":"Feature","properties":{"acq_date":"2026-08-08","acq_time":1056,"confidence":"h","satellite":"N","instrument":"VIIRS","version":"2.0NRT","bright_ti4":367,"frp":9.92,"daynight":"N"},"geometry":{"type":"Point","coordinates":[-123.67514,41.12164]}},{"type":"Feature","properties":{"acq_date":"2026-08-08","acq_time":1056,"confidence":"n","satellite":"N","instrument":"VIIRS","version":"2.0NRT","bright_ti4":342.61,"frp":9.92,"daynight":"N"},"geometry":{"type":"Point","coordinates":[-123.67936,41.12265]}},{"type":"Feature","properties":{"acq_date":"2026-08-08","acq_time":1056,"confidence":"n","satellite":"N","instrument":"VIIRS","version":"2.0NRT","bright_ti4":304.8,"frp":1.83,"daynight":"N"},"geometry":{"type":"Point","coordinates":[-123.68355,41.12367]}},{"type":"Feature","properties":{"acq_date":"2026-08-08","acq_time":1056,"confidence":"n","satellite":"N","instrument":"VIIRS","version":"2.0NRT","bright_ti4":329.26,"frp":11.52,"daynight":"N"},"geometry":{"type":"Point","coordinates":[-123.66373,41.12368]}},{"type":"Feature","properties":{"acq_date":"2026-08-08","acq_time":1056,"confidence":"h","satellite":"N","instrument":"VIIRS","version":"2.0NRT","bright_ti4":367,"frp":11.52,"daynight":"N"},"geometry":{"type":"Point","coordinates":[-123.66898,41.12494]}},{"type":"Feature","properties":{"acq_date":"2026-08-08","acq_time":1056,"confidence":"n","satellite":"N","instrument":"VIIRS","version":"2.0NRT","bright_ti4":351.81,"frp":9.92,"daynight":"N"},"geometry":{"type":"Point","coordinates":[-123.67357,41.12604]}},{"type":"Feature","properties":{"acq_date":"2026-08-08","acq_time":1056,"confidence":"n","satellite":"N","instrument":"VIIRS","version":"2.0NRT","bright_ti4":317.09,"frp":9.92,"daynight":"N"},"geometry":{"type":"Point","coordinates":[-123.67781,41.12706]}},{"type":"Feature","properties":{"acq_date":"2026-08-08","acq_time":1056,"confidence":"n","satellite":"N","instrument":"VIIRS","version":"2.0NRT","bright_ti4":305.89,"frp":1.83,"daynight":"N"},"geometry":{"type":"Point","coordinates":[-123.68199,41.12807]}},{"type":"Feature","properties":{"acq_date":"2026-08-08","acq_time":1056,"confidence":"n","satellite":"N","instrument":"VIIRS","version":"2.0NRT","bright_ti4":306.39,"frp":1.71,"daynight":"N"},"geometry":{"type":"Point","coordinates":[-123.66712,41.12926]}},{"type":"Feature","properties":{"acq_date":"2026-08-08","acq_time":1056,"confidence":"n","satellite":"N","instrument":"VIIRS","version":"2.0NRT","bright_ti4":322.36,"frp":3.33,"daynight":"N"},"geometry":{"type":"Point","coordinates":[-123.67164,41.13036]}},{"type":"Feature","properties":{"acq_date":"2026-08-08","acq_time":1056,"confidence":"n","satellite":"N","instrument":"VIIRS","version":"2.0NRT","bright_ti4":326.5,"frp":3.33,"daynight":"N"},"geometry":{"type":"Point","coordinates":[-123.67597,41.13139]}},{"type":"Feature","properties":{"acq_date":"2026-08-08","acq_time":1056,"confidence":"n","satellite":"N","instrument":"VIIRS","version":"2.0NRT","bright_ti4":326.86,"frp":3.57,"daynight":"N"},"geometry":{"type":"Point","coordinates":[-123.68029,41.13243]}},{"type":"Feature","properties":{"acq_date":"2026-08-08","acq_time":1056,"confidence":"n","satellite":"N","instrument":"VIIRS","version":"2.0NRT","bright_ti4":312.19,"frp":2.16,"daynight":"N"},"geometry":{"type":"Point","coordinates":[-116.67499,42.19529]}},{"type":"Feature","properties":{"acq_date":"2026-08-08","acq_time":1056,"confidence":"n","satellite":"N","instrument":"VIIRS","version":"2.0NRT","bright_ti4":297.3,"frp":1.43,"daynight":"N"},"geometry":{"type":"Point","coordinates":[-116.62377,42.19945]}},{"type":"Feature","properties":{"acq_date":"2026-08-08","acq_time":1056,"confidence":"n","satellite":"N","instrument":"VIIRS","version":"2.0NRT","bright_ti4":319.67,"frp":2.32,"daynight":"N"},"geometry":{"type":"Point","coordinates":[-116.61522,42.2035]}},{"type":"Feature","properties":{"acq_date":"2026-08-08","acq_time":1056,"confidence":"n","satellite":"N","instrument":"VIIRS","version":"2.0NRT","bright_ti4":312.26,"frp":2.32,"daynight":"N"},"geometry":{"type":"Point","coordinates":[-116.62068,42.20519]}},{"type":"Feature","properties":{"acq_date":"2026-08-08","acq_time":1056,"confidence":"n","satellite":"N","instrument":"VIIRS","version":"2.0NRT","bright_ti4":297.24,"frp":1.46,"daynight":"N"},"geometry":{"type":"Point","coordinates":[-116.60623,42.20741]}},{"type":"Feature","properties":{"acq_date":"2026-08-08","acq_time":1056,"confidence":"n","satellite":"N","instrument":"VIIRS","version":"2.0NRT","bright_ti4":306.92,"frp":2.32,"daynight":"N"},"geometry":{"type":"Point","coordinates":[-116.61192,42.20917]}},{"type":"Feature","properties":{"acq_date":"2026-08-08","acq_time":1056,"confidence":"n","satellite":"N","instrument":"VIIRS","version":"2.0NRT","bright_ti4":297.03,"frp":0.77,"daynight":"N"},"geometry":{"type":"Point","coordinates":[-116.58869,42.21537]}},{"type":"Feature","properties":{"acq_date":"2026-08-08","acq_time":1056,"confidence":"n","satellite":"N","instrument":"VIIRS","version":"2.0NRT","bright_ti4":301.92,"frp":1.13,"daynight":"N"},"geometry":{"type":"Point","coordinates":[-116.59453,42.21718]}},{"type":"Feature","properties":{"acq_date":"2026-08-08","acq_time":1056,"confidence":"n","satellite":"N","instrument":"VIIRS","version":"2.0NRT","bright_ti4":306.58,"frp":1.77,"daynight":"N"},"geometry":{"type":"Point","coordinates":[-116.57003,42.22301]}},{"type":"Feature","properties":{"acq_date":"2026-08-08","acq_time":1056,"confidence":"n","satellite":"N","instrument":"VIIRS","version":"2.0NRT","bright_ti4":299.77,"frp":1.2,"daynight":"N"},"geometry":{"type":"Point","coordinates":[-116.56984,42.2238]}},{"type":"Feature","properties":{"acq_date":"2026-08-08","acq_time":1056,"confidence":"n","satellite":"N","instrument":"VIIRS","version":"2.0NRT","bright_ti4":307.04,"frp":2.23,"daynight":"N"},"geometry":{"type":"Point","coordinates":[-116.57609,42.22488]}},{"type":"Feature","properties":{"acq_date":"2026-08-08","acq_time":1056,"confidence":"n","satellite":"N","instrument":"VIIRS","version":"2.0NRT","bright_ti4":308,"frp":1.2,"daynight":"N"},"geometry":{"type":"Point","coordinates":[-116.57587,42.22569]}},{"type":"Feature","properties":{"acq_date":"2026-08-08","acq_time":1056,"confidence":"n","satellite":"N","instrument":"VIIRS","version":"2.0NRT","bright_ti4":303.06,"frp":2.31,"daynight":"N"},"geometry":{"type":"Point","coordinates":[-116.89365,42.22838]}},{"type":"Feature","properties":{"acq_date":"2026-08-08","acq_time":1056,"confidence":"n","satellite":"N","instrument":"VIIRS","version":"2.0NRT","bright_ti4":299.58,"frp":3.02,"daynight":"N"},"geometry":{"type":"Point","coordinates":[-116.89057,42.22906]}},{"type":"Feature","properties":{"acq_date":"2026-08-08","acq_time":1056,"confidence":"n","satellite":"N","instrument":"VIIRS","version":"2.0NRT","bright_ti4":321.86,"frp":4.38,"daynight":"N"},"geometry":{"type":"Point","coordinates":[-116.89565,42.23064]}},{"type":"Feature","properties":{"acq_date":"2026-08-08","acq_time":1056,"confidence":"n","satellite":"N","instrument":"VIIRS","version":"2.0NRT","bright_ti4":331.82,"frp":2.31,"daynight":"N"},"geometry":{"type":"Point","coordinates":[-116.89134,42.23428]}},{"type":"Feature","properties":{"acq_date":"2026-08-08","acq_time":1056,"confidence":"n","satellite":"N","instrument":"VIIRS","version":"2.0NRT","bright_ti4":298.35,"frp":2.11,"daynight":"N"},"geometry":{"type":"Point","coordinates":[-116.69481,42.23482]}},{"type":"Feature","properties":{"acq_date":"2026-08-08","acq_time":1056,"confidence":"n","satellite":"N","instrument":"VIIRS","version":"2.0NRT","bright_ti4":300.41,"frp":1.09,"daynight":"N"},"geometry":{"type":"Point","coordinates":[-116.88866,42.23508]}},{"type":"Feature","properties":{"acq_date":"2026-08-08","acq_time":1056,"confidence":"n","satellite":"N","instrument":"VIIRS","version":"2.0NRT","bright_ti4":300.24,"frp":2.31,"daynight":"N"},"geometry":{"type":"Point","coordinates":[-116.89622,42.23576]}},{"type":"Feature","properties":{"acq_date":"2026-08-08","acq_time":1056,"confidence":"n","satellite":"N","instrument":"VIIRS","version":"2.0NRT","bright_ti4":318.37,"frp":3.38,"daynight":"N"},"geometry":{"type":"Point","coordinates":[-116.89335,42.23653]}},{"type":"Feature","properties":{"acq_date":"2026-08-08","acq_time":1056,"confidence":"n","satellite":"N","instrument":"VIIRS","version":"2.0NRT","bright_ti4":322.51,"frp":4.59,"daynight":"N"},"geometry":{"type":"Point","coordinates":[-116.70641,42.2384]}},{"type":"Feature","properties":{"acq_date":"2026-08-08","acq_time":1056,"confidence":"n","satellite":"N","instrument":"VIIRS","version":"2.0NRT","bright_ti4":309.95,"frp":1.25,"daynight":"N"},"geometry":{"type":"Point","coordinates":[-116.68579,42.2387]}},{"type":"Feature","properties":{"acq_date":"2026-08-08","acq_time":1056,"confidence":"n","satellite":"N","instrument":"VIIRS","version":"2.0NRT","bright_ti4":337.25,"frp":4.59,"daynight":"N"},"geometry":{"type":"Point","coordinates":[-116.71203,42.24014]}},{"type":"Feature","properties":{"acq_date":"2026-08-08","acq_time":1056,"confidence":"n","satellite":"N","instrument":"VIIRS","version":"2.0NRT","bright_ti4":307.99,"frp":6.7,"daynight":"N"},"geometry":{"type":"Point","coordinates":[-116.69605,42.24187]}},{"type":"Feature","properties":{"acq_date":"2026-08-08","acq_time":1056,"confidence":"n","satellite":"N","instrument":"VIIRS","version":"2.0NRT","bright_ti4":351.93,"frp":7.69,"daynight":"N"},"geometry":{"type":"Point","coordinates":[-116.70152,42.24356]}},{"type":"Feature","properties":{"acq_date":"2026-08-08","acq_time":1056,"confidence":"n","satellite":"N","instrument":"VIIRS","version":"2.0NRT","bright_ti4":329.19,"frp":7.69,"daynight":"N"},"geometry":{"type":"Point","coordinates":[-116.70743,42.24538]}},{"type":"Feature","properties":{"acq_date":"2026-08-08","acq_time":1056,"confidence":"n","satellite":"N","instrument":"VIIRS","version":"2.0NRT","bright_ti4":312.62,"frp":1.6,"daynight":"N"},"geometry":{"type":"Point","coordinates":[-116.91101,42.24684]}},{"type":"Feature","properties":{"acq_date":"2026-08-08","acq_time":1056,"confidence":"n","satellite":"N","instrument":"VIIRS","version":"2.0NRT","bright_ti4":315.93,"frp":2.96,"daynight":"N"},"geometry":{"type":"Point","coordinates":[-116.7559,42.24703]}},{"type":"Feature","properties":{"acq_date":"2026-08-08","acq_time":1056,"confidence":"n","satellite":"N","instrument":"VIIRS","version":"2.0NRT","bright_ti4":303.19,"frp":1.95,"daynight":"N"},"geometry":{"type":"Point","coordinates":[-116.90701,42.24737]}},{"type":"Feature","properties":{"acq_date":"2026-08-08","acq_time":1056,"confidence":"n","satellite":"N","instrument":"VIIRS","version":"2.0NRT","bright_ti4":298.06,"frp":1.42,"daynight":"N"},"geometry":{"type":"Point","coordinates":[-116.91381,42.24947]}},{"type":"Feature","properties":{"acq_date":"2026-08-08","acq_time":1056,"confidence":"n","satellite":"N","instrument":"VIIRS","version":"2.0NRT","bright_ti4":308.92,"frp":1.6,"daynight":"N"},"geometry":{"type":"Point","coordinates":[-116.90766,42.25241]}},{"type":"Feature","properties":{"acq_date":"2026-08-08","acq_time":1056,"confidence":"n","satellite":"N","instrument":"VIIRS","version":"2.0NRT","bright_ti4":312.85,"frp":2.38,"daynight":"N"},"geometry":{"type":"Point","coordinates":[-116.73225,42.25303]}},{"type":"Feature","properties":{"acq_date":"2026-08-08","acq_time":1056,"confidence":"n","satellite":"N","instrument":"VIIRS","version":"2.0NRT","bright_ti4":306.46,"frp":13.04,"daynight":"N"},"geometry":{"type":"Point","coordinates":[-116.62688,42.25392]}},{"type":"Feature","properties":{"acq_date":"2026-08-08","acq_time":1056,"confidence":"n","satellite":"N","instrument":"VIIRS","version":"2.0NRT","bright_ti4":319.08,"frp":2.96,"daynight":"N"},"geometry":{"type":"Point","coordinates":[-116.75797,42.25431]}},{"type":"Feature","properties":{"acq_date":"2026-08-08","acq_time":1056,"confidence":"n","satellite":"N","instrument":"VIIRS","version":"2.0NRT","bright_ti4":300.53,"frp":1.29,"daynight":"N"},"geometry":{"type":"Point","coordinates":[-116.91016,42.25495]}},{"type":"Feature","properties":{"acq_date":"2026-08-08","acq_time":1056,"confidence":"n","satellite":"N","instrument":"VIIRS","version":"2.0NRT","bright_ti4":302.05,"frp":8.17,"daynight":"N"},"geometry":{"type":"Point","coordinates":[-116.62662,42.25507]}},{"type":"Feature","properties":{"acq_date":"2026-08-08","acq_time":1056,"confidence":"h","satellite":"N","instrument":"VIIRS","version":"2.0NRT","bright_ti4":367,"frp":13.04,"daynight":"N"},"geometry":{"type":"Point","coordinates":[-116.63322,42.25587]}},{"type":"Feature","properties":{"acq_date":"2026-08-08","acq_time":1056,"confidence":"n","satellite":"N","instrument":"VIIRS","version":"2.0NRT","bright_ti4":298.3,"frp":2.84,"daynight":"N"},"geometry":{"type":"Point","coordinates":[-116.76435,42.25628]}},{"type":"Feature","properties":{"acq_date":"2026-08-08","acq_time":1056,"confidence":"h","satellite":"N","instrument":"VIIRS","version":"2.0NRT","bright_ti4":367,"frp":14.33,"daynight":"N"},"geometry":{"type":"Point","coordinates":[-116.63295,42.25705]}},{"type":"Feature","properties":{"acq_date":"2026-08-08","acq_time":1056,"confidence":"n","satellite":"N","instrument":"VIIRS","version":"2.0NRT","bright_ti4":299.63,"frp":12.14,"daynight":"N"},"geometry":{"type":"Point","coordinates":[-116.63951,42.2578]}},{"type":"Feature","properties":{"acq_date":"2026-08-08","acq_time":1056,"confidence":"n","satellite":"N","instrument":"VIIRS","version":"2.0NRT","bright_ti4":316.66,"frp":2.84,"daynight":"N"},"geometry":{"type":"Point","coordinates":[-116.77026,42.2581]}},{"type":"Feature","properties":{"acq_date":"2026-08-08","acq_time":1056,"confidence":"n","satellite":"N","instrument":"VIIRS","version":"2.0NRT","bright_ti4":309.55,"frp":14.33,"daynight":"N"},"geometry":{"type":"Point","coordinates":[-116.63917,42.259]}},{"type":"Feature","properties":{"acq_date":"2026-08-08","acq_time":1056,"confidence":"n","satellite":"N","instrument":"VIIRS","version":"2.0NRT","bright_ti4":309.52,"frp":5.45,"daynight":"N"},"geometry":{"type":"Point","coordinates":[-116.77554,42.25973]}},{"type":"Feature","properties":{"acq_date":"2026-08-08","acq_time":1056,"confidence":"n","satellite":"N","instrument":"VIIRS","version":"2.0NRT","bright_ti4":309,"frp":1.26,"daynight":"N"},"geometry":{"type":"Point","coordinates":[-116.76129,42.26198]}},{"type":"Feature","properties":{"acq_date":"2026-08-08","acq_time":1056,"confidence":"n","satellite":"N","instrument":"VIIRS","version":"2.0NRT","bright_ti4":299.44,"frp":1.33,"daynight":"N"},"geometry":{"type":"Point","coordinates":[-116.63652,42.26356]}},{"type":"Feature","properties":{"acq_date":"2026-08-08","acq_time":1056,"confidence":"n","satellite":"N","instrument":"VIIRS","version":"2.0NRT","bright_ti4":300.72,"frp":1.26,"daynight":"N"},"geometry":{"type":"Point","coordinates":[-116.76733,42.26384]}},{"type":"Feature","properties":{"acq_date":"2026-08-08","acq_time":1056,"confidence":"n","satellite":"N","instrument":"VIIRS","version":"2.0NRT","bright_ti4":307.32,"frp":8.08,"daynight":"N"},"geometry":{"type":"Point","coordinates":[-116.89681,42.26403]}},{"type":"Feature","properties":{"acq_date":"2026-08-08","acq_time":1056,"confidence":"h","satellite":"N","instrument":"VIIRS","version":"2.0NRT","bright_ti4":367,"frp":10.31,"daynight":"N"},"geometry":{"type":"Point","coordinates":[-116.90261,42.26582]}},{"type":"Feature","properties":{"acq_date":"2026-08-08","acq_time":1056,"confidence":"n","satellite":"N","instrument":"VIIRS","version":"2.0NRT","bright_ti4":341.57,"frp":10.31,"daynight":"N"},"geometry":{"type":"Point","coordinates":[-116.89973,42.27153]}},{"type":"Feature","properties":{"acq_date":"2026-08-08","acq_time":1056,"confidence":"n","satellite":"N","instrument":"VIIRS","version":"2.0NRT","bright_ti4":297.6,"frp":1.25,"daynight":"N"},"geometry":{"type":"Point","coordinates":[-116.78139,42.27479]}},{"type":"Feature","properties":{"acq_date":"2026-08-08","acq_time":1056,"confidence":"n","satellite":"N","instrument":"VIIRS","version":"2.0NRT","bright_ti4":298.05,"frp":1.4,"daynight":"N"},"geometry":{"type":"Point","coordinates":[-116.89198,42.27574]}},{"type":"Feature","properties":{"acq_date":"2026-08-08","acq_time":1056,"confidence":"n","satellite":"N","instrument":"VIIRS","version":"2.0NRT","bright_ti4":300.63,"frp":1.25,"daynight":"N"},"geometry":{"type":"Point","coordinates":[-116.78629,42.2763]}},{"type":"Feature","properties":{"acq_date":"2026-08-08","acq_time":1056,"confidence":"n","satellite":"N","instrument":"VIIRS","version":"2.0NRT","bright_ti4":299.43,"frp":1.71,"daynight":"N"},"geometry":{"type":"Point","coordinates":[-116.89765,42.27748]}},{"type":"Feature","properties":{"acq_date":"2026-08-08","acq_time":1056,"confidence":"n","satellite":"N","instrument":"VIIRS","version":"2.0NRT","bright_ti4":296.73,"frp":1.4,"daynight":"N"},"geometry":{"type":"Point","coordinates":[-116.8897,42.28164]}},{"type":"Feature","properties":{"acq_date":"2026-08-08","acq_time":1056,"confidence":"n","satellite":"N","instrument":"VIIRS","version":"2.0NRT","bright_ti4":307.19,"frp":1.71,"daynight":"N"},"geometry":{"type":"Point","coordinates":[-116.89551,42.28342]}},{"type":"Feature","properties":{"acq_date":"2026-08-08","acq_time":1056,"confidence":"n","satellite":"N","instrument":"VIIRS","version":"2.0NRT","bright_ti4":313.32,"frp":3.02,"daynight":"N"},"geometry":{"type":"Point","coordinates":[-116.83076,42.28995]}},{"type":"Feature","properties":{"acq_date":"2026-08-08","acq_time":1056,"confidence":"n","satellite":"N","instrument":"VIIRS","version":"2.0NRT","bright_ti4":300.03,"frp":0.7,"daynight":"N"},"geometry":{"type":"Point","coordinates":[-116.62517,42.32147]}},{"type":"Feature","properties":{"acq_date":"2026-08-08","acq_time":1056,"confidence":"n","satellite":"N","instrument":"VIIRS","version":"2.0NRT","bright_ti4":300.06,"frp":0.7,"daynight":"N"},"geometry":{"type":"Point","coordinates":[-116.63105,42.32329]}},{"type":"Feature","properties":{"acq_date":"2026-08-08","acq_time":1056,"confidence":"n","satellite":"N","instrument":"VIIRS","version":"2.0NRT","bright_ti4":295.79,"frp":0.52,"daynight":"N"},"geometry":{"type":"Point","coordinates":[-116.79471,42.40684]}},{"type":"Feature","properties":{"acq_date":"2026-08-08","acq_time":1056,"confidence":"n","satellite":"N","instrument":"VIIRS","version":"2.0NRT","bright_ti4":320.96,"frp":2.98,"daynight":"N"},"geometry":{"type":"Point","coordinates":[-116.86111,42.4074]}},{"type":"Feature","properties":{"acq_date":"2026-08-08","acq_time":1056,"confidence":"n","satellite":"N","instrument":"VIIRS","version":"2.0NRT","bright_ti4":307.91,"frp":2.95,"daynight":"N"},"geometry":{"type":"Point","coordinates":[-121.60806,42.40805]}},{"type":"Feature","properties":{"acq_date":"2026-08-08","acq_time":1056,"confidence":"n","satellite":"N","instrument":"VIIRS","version":"2.0NRT","bright_ti4":305.87,"frp":2.78,"daynight":"N"},"geometry":{"type":"Point","coordinates":[-116.77991,42.40891]}},{"type":"Feature","properties":{"acq_date":"2026-08-08","acq_time":1056,"confidence":"n","satellite":"N","instrument":"VIIRS","version":"2.0NRT","bright_ti4":315.38,"frp":5.77,"daynight":"N"},"geometry":{"type":"Point","coordinates":[-116.86742,42.40934]}},{"type":"Feature","properties":{"acq_date":"2026-08-08","acq_time":1056,"confidence":"n","satellite":"N","instrument":"VIIRS","version":"2.0NRT","bright_ti4":320.22,"frp":12.71,"daynight":"N"},"geometry":{"type":"Point","coordinates":[-121.60007,42.40981]}},{"type":"Feature","properties":{"acq_date":"2026-08-08","acq_time":1056,"confidence":"n","satellite":"N","instrument":"VIIRS","version":"2.0NRT","bright_ti4":314.15,"frp":2.95,"daynight":"N"},"geometry":{"type":"Point","coordinates":[-121.61515,42.40987]}},{"type":"Feature","properties":{"acq_date":"2026-08-08","acq_time":1056,"confidence":"n","satellite":"N","instrument":"VIIRS","version":"2.0NRT","bright_ti4":307.12,"frp":3.68,"daynight":"N"},"geometry":{"type":"Point","coordinates":[-116.77946,42.41055]}},{"type":"Feature","properties":{"acq_date":"2026-08-08","acq_time":1056,"confidence":"n","satellite":"N","instrument":"VIIRS","version":"2.0NRT","bright_ti4":332.73,"frp":8.29,"daynight":"N"},"geometry":{"type":"Point","coordinates":[-121.59857,42.41079]}},{"type":"Feature","properties":{"acq_date":"2026-08-08","acq_time":1056,"confidence":"n","satellite":"N","instrument":"VIIRS","version":"2.0NRT","bright_ti4":345.99,"frp":12.71,"daynight":"N"},"geometry":{"type":"Point","coordinates":[-121.60708,42.41165]}},{"type":"Feature","properties":{"acq_date":"2026-08-08","acq_time":1056,"confidence":"n","satellite":"N","instrument":"VIIRS","version":"2.0NRT","bright_ti4":326.79,"frp":10.84,"daynight":"N"},"geometry":{"type":"Point","coordinates":[-121.6223,42.41169]}},{"type":"Feature","properties":{"acq_date":"2026-08-08","acq_time":1056,"confidence":"n","satellite":"N","instrument":"VIIRS","version":"2.0NRT","bright_ti4":312.46,"frp":4.48,"daynight":"N"},"geometry":{"type":"Point","coordinates":[-121.5907,42.41253]}},{"type":"Feature","properties":{"acq_date":"2026-08-08","acq_time":1056,"confidence":"n","satellite":"N","instrument":"VIIRS","version":"2.0NRT","bright_ti4":352.14,"frp":17.08,"daynight":"N"},"geometry":{"type":"Point","coordinates":[-121.60559,42.41259]}},{"type":"Feature","properties":{"acq_date":"2026-08-08","acq_time":1056,"confidence":"n","satellite":"N","instrument":"VIIRS","version":"2.0NRT","bright_ti4":312.75,"frp":2.98,"daynight":"N"},"geometry":{"type":"Point","coordinates":[-116.85863,42.41323]}},{"type":"Feature","properties":{"acq_date":"2026-08-08","acq_time":1056,"confidence":"h","satellite":"N","instrument":"VIIRS","version":"2.0NRT","bright_ti4":367,"frp":18.01,"daynight":"N"},"geometry":{"type":"Point","coordinates":[-121.61417,42.4135]}},{"type":"Feature","properties":{"acq_date":"2026-08-08","acq_time":1056,"confidence":"n","satellite":"N","instrument":"VIIRS","version":"2.0NRT","bright_ti4":351.57,"frp":10.84,"daynight":"N"},"geometry":{"type":"Point","coordinates":[-121.62955,42.41354]}},{"type":"Feature","properties":{"acq_date":"2026-08-08","acq_time":1056,"confidence":"n","satellite":"N","instrument":"VIIRS","version":"2.0NRT","bright_ti4":305.69,"frp":8.29,"daynight":"N"},"geometry":{"type":"Point","coordinates":[-121.5892,42.41356]}},{"type":"Feature","properties":{"acq_date":"2026-08-08","acq_time":1056,"confidence":"n","satellite":"N","instrument":"VIIRS","version":"2.0NRT","bright_ti4":354.91,"frp":12.71,"daynight":"N"},"geometry":{"type":"Point","coordinates":[-121.59769,42.41436]}},{"type":"Feature","properties":{"acq_date":"2026-08-08","acq_time":1056,"confidence":"h","satellite":"N","instrument":"VIIRS","version":"2.0NRT","bright_ti4":367,"frp":17.08,"daynight":"N"},"geometry":{"type":"Point","coordinates":[-121.61269,42.41439]}},{"type":"Feature","properties":{"acq_date":"2026-08-08","acq_time":1056,"confidence":"n","satellite":"N","instrument":"VIIRS","version":"2.0NRT","bright_ti4":351.2,"frp":8.29,"daynight":"N"},"geometry":{"type":"Point","coordinates":[-121.59619,42.41534]}},{"type":"Feature","properties":{"acq_date":"2026-08-08","acq_time":1056,"confidence":"h","satellite":"N","instrument":"VIIRS","version":"2.0NRT","bright_ti4":367,"frp":18.01,"daynight":"N"},"geometry":{"type":"Point","coordinates":[-121.62128,42.41537]}},{"type":"Feature","properties":{"acq_date":"2026-08-08","acq_time":1056,"confidence":"n","satellite":"N","instrument":"VIIRS","version":"2.0NRT","bright_ti4":349.96,"frp":9.08,"daynight":"N"},"geometry":{"type":"Point","coordinates":[-121.63694,42.41543]}},{"type":"Feature","properties":{"acq_date":"2026-08-08","acq_time":1056,"confidence":"n","satellite":"N","instrument":"VIIRS","version":"2.0NRT","bright_ti4":353.57,"frp":12.71,"daynight":"N"},"geometry":{"type":"Point","coordinates":[-121.60471,42.41619]}},{"type":"Feature","properties":{"acq_date":"2026-08-08","acq_time":1056,"confidence":"h","satellite":"N","instrument":"VIIRS","version":"2.0NRT","bright_ti4":367,"frp":19.18,"daynight":"N"},"geometry":{"type":"Point","coordinates":[-121.61985,42.41622]}},{"type":"Feature","properties":{"acq_date":"2026-08-08","acq_time":1056,"confidence":"n","satellite":"N","instrument":"VIIRS","version":"2.0NRT","bright_ti4":302.68,"frp":1.19,"daynight":"N"},"geometry":{"type":"Point","coordinates":[-116.84955,42.41703]}},{"type":"Feature","properties":{"acq_date":"2026-08-08","acq_time":1056,"confidence":"n","satellite":"N","instrument":"VIIRS","version":"2.0NRT","bright_ti4":310.73,"frp":2.82,"daynight":"N"},"geometry":{"type":"Point","coordinates":[-121.5884,42.4171]}},{"type":"Feature","properties":{"acq_date":"2026-08-08","acq_time":1056,"confidence":"n","satellite":"N","instrument":"VIIRS","version":"2.0NRT","bright_ti4":351.46,"frp":17.08,"daynight":"N"},"geometry":{"type":"Point","coordinates":[-121.60323,42.41714]}},{"type":"Feature","properties":{"acq_date":"2026-08-08","acq_time":1056,"confidence":"h","satellite":"N","instrument":"VIIRS","version":"2.0NRT","bright_ti4":367,"frp":26.39,"daynight":"N"},"geometry":{"type":"Point","coordinates":[-121.62843,42.41724]}},{"type":"Feature","properties":{"acq_date":"2026-08-08","acq_time":1056,"confidence":"n","satellite":"N","instrument":"VIIRS","version":"2.0NRT","bright_ti4":302.63,"frp":9.08,"daynight":"N"},"geometry":{"type":"Point","coordinates":[-121.64477,42.41743]}},{"type":"Feature","properties":{"acq_date":"2026-08-08","acq_time":1056,"confidence":"h","satellite":"N","instrument":"VIIRS","version":"2.0NRT","bright_ti4":367,"frp":19.18,"daynight":"N"},"geometry":{"type":"Point","coordinates":[-121.62701,42.41805]}},{"type":"Feature","properties":{"acq_date":"2026-08-08","acq_time":1056,"confidence":"n","satellite":"N","instrument":"VIIRS","version":"2.0NRT","bright_ti4":350.89,"frp":18.01,"daynight":"N"},"geometry":{"type":"Point","coordinates":[-121.61179,42.41805]}},{"type":"Feature","properties":{"acq_date":"2026-08-08","acq_time":1056,"confidence":"n","satellite":"N","instrument":"VIIRS","version":"2.0NRT","bright_ti4":303.89,"frp":5.18,"daynight":"N"},"geometry":{"type":"Point","coordinates":[-121.58691,42.41813]}},{"type":"Feature","properties":{"acq_date":"2026-08-08","acq_time":1056,"confidence":"n","satellite":"N","instrument":"VIIRS","version":"2.0NRT","bright_ti4":340.18,"frp":9.6,"daynight":"N"},"geometry":{"type":"Point","coordinates":[-121.59538,42.41892]}},{"type":"Feature","properties":{"acq_date":"2026-08-08","acq_time":1056,"confidence":"n","satellite":"N","instrument":"VIIRS","version":"2.0NRT","bright_ti4":351.37,"frp":17.08,"daynight":"N"},"geometry":{"type":"Point","coordinates":[-121.61031,42.41895]}},{"type":"Feature","properties":{"acq_date":"2026-08-08","acq_time":1056,"confidence":"n","satellite":"N","instrument":"VIIRS","version":"2.0NRT","bright_ti4":301.1,"frp":1.19,"daynight":"N"},"geometry":{"type":"Point","coordinates":[-116.85587,42.41895]}},{"type":"Feature","properties":{"acq_date":"2026-08-08","acq_time":1056,"confidence":"h","satellite":"N","instrument":"VIIRS","version":"2.0NRT","bright_ti4":367,"frp":26.39,"daynight":"N"},"geometry":{"type":"Point","coordinates":[-121.63552,42.41909]}},{"type":"Feature","properties":{"acq_date":"2026-08-08","acq_time":1056,"confidence":"h","satellite":"N","instrument":"VIIRS","version":"2.0NRT","bright_ti4":367,"frp":31.23,"daynight":"N"},"geometry":{"type":"Point","coordinates":[-121.63403,42.41984]}},{"type":"Feature","properties":{"acq_date":"2026-08-08","acq_time":1056,"confidence":"n","satellite":"N","instrument":"VIIRS","version":"2.0NRT","bright_ti4":341.02,"frp":5.18,"daynight":"N"},"geometry":{"type":"Point","coordinates":[-121.59388,42.41991]}},{"type":"Feature","properties":{"acq_date":"2026-08-08","acq_time":1056,"confidence":"n","satellite":"N","instrument":"VIIRS","version":"2.0NRT","bright_ti4":351.07,"frp":18.01,"daynight":"N"},"geometry":{"type":"Point","coordinates":[-121.61897,42.41992]}},{"type":"Feature","properties":{"acq_date":"2026-08-08","acq_time":1056,"confidence":"n","satellite":"N","instrument":"VIIRS","version":"2.0NRT","bright_ti4":343.14,"frp":9.6,"daynight":"N"},"geometry":{"type":"Point","coordinates":[-121.60239,42.42076]}},{"type":"Feature","properties":{"acq_date":"2026-08-08","acq_time":1056,"confidence":"n","satellite":"N","instrument":"VIIRS","version":"2.0NRT","bright_ti4":350.95,"frp":19.18,"daynight":"N"},"geometry":{"type":"Point","coordinates":[-121.61749,42.42078]}},{"type":"Feature","properties":{"acq_date":"2026-08-08","acq_time":1056,"confidence":"h","satellite":"N","instrument":"VIIRS","version":"2.0NRT","bright_ti4":367,"frp":21.1,"daynight":"N"},"geometry":{"type":"Point","coordinates":[-121.64288,42.42102]}},{"type":"Feature","properties":{"acq_date":"2026-08-08","acq_time":1056,"confidence":"h","satellite":"N","instrument":"VIIRS","version":"2.0NRT","bright_ti4":367,"frp":31.23,"daynight":"N"},"geometry":{"type":"Point","coordinates":[-121.6413,42.42169]}},{"type":"Feature","properties":{"acq_date":"2026-08-08","acq_time":1056,"confidence":"n","satellite":"N","instrument":"VIIRS","version":"2.0NRT","bright_ti4":307.56,"frp":2.82,"daynight":"N"},"geometry":{"type":"Point","coordinates":[-121.58618,42.42169]}},{"type":"Feature","properties":{"acq_date":"2026-08-08","acq_time":1056,"confidence":"n","satellite":"N","instrument":"VIIRS","version":"2.0NRT","bright_ti4":340.13,"frp":10.43,"daynight":"N"},"geometry":{"type":"Point","coordinates":[-121.60091,42.4217]}},{"type":"Feature","properties":{"acq_date":"2026-08-08","acq_time":1056,"confidence":"n","satellite":"N","instrument":"VIIRS","version":"2.0NRT","bright_ti4":356.62,"frp":26.39,"daynight":"N"},"geometry":{"type":"Point","coordinates":[-121.626,42.42176]}},{"type":"Feature","properties":{"acq_date":"2026-08-08","acq_time":1056,"confidence":"n","satellite":"N","instrument":"VIIRS","version":"2.0NRT","bright_ti4":353.96,"frp":19.18,"daynight":"N"},"geometry":{"type":"Point","coordinates":[-121.62459,42.42258]}},{"type":"Feature","properties":{"acq_date":"2026-08-08","acq_time":1056,"confidence":"n","satellite":"N","instrument":"VIIRS","version":"2.0NRT","bright_ti4":349,"frp":11.41,"daynight":"N"},"geometry":{"type":"Point","coordinates":[-121.60943,42.4226]}},{"type":"Feature","properties":{"acq_date":"2026-08-08","acq_time":1056,"confidence":"n","satellite":"N","instrument":"VIIRS","version":"2.0NRT","bright_ti4":302.87,"frp":5.18,"daynight":"N"},"geometry":{"type":"Point","coordinates":[-121.58469,42.42273]}},{"type":"Feature","properties":{"acq_date":"2026-08-08","acq_time":1056,"confidence":"n","satellite":"N","instrument":"VIIRS","version":"2.0NRT","bright_ti4":317.24,"frp":21.1,"daynight":"N"},"geometry":{"type":"Point","coordinates":[-121.65059,42.42304]}},{"type":"Feature","properties":{"acq_date":"2026-08-08","acq_time":1056,"confidence":"n","satellite":"N","instrument":"VIIRS","version":"2.0NRT","bright_ti4":346.87,"frp":10.43,"daynight":"N"},"geometry":{"type":"Point","coordinates":[-121.60796,42.4235]}},{"type":"Feature","properties":{"acq_date":"2026-08-08","acq_time":1056,"confidence":"n","satellite":"N","instrument":"VIIRS","version":"2.0NRT","bright_ti4":333.84,"frp":9.6,"daynight":"N"},"geometry":{"type":"Point","coordinates":[-121.59315,42.42351]}},{"type":"Feature","properties":{"acq_date":"2026-08-08","acq_time":1056,"confidence":"h","satellite":"N","instrument":"VIIRS","version":"2.0NRT","bright_ti4":367,"frp":26.39,"daynight":"N"},"geometry":{"type":"Point","coordinates":[-121.63286,42.42356]}},{"type":"Feature","properties":{"acq_date":"2026-08-08","acq_time":1056,"confidence":"n","satellite":"N","instrument":"VIIRS","version":"2.0NRT","bright_ti4":331.75,"frp":10.57,"daynight":"N"},"geometry":{"type":"Point","coordinates":[-121.64893,42.42364]}},{"type":"Feature","properties":{"acq_date":"2026-08-08","acq_time":1056,"confidence":"h","satellite":"N","instrument":"VIIRS","version":"2.0NRT","bright_ti4":367,"frp":31.23,"daynight":"N"},"geometry":{"type":"Point","coordinates":[-121.63145,42.42433]}},{"type":"Feature","properties":{"acq_date":"2026-08-08","acq_time":1056,"confidence":"n","satellite":"N","instrument":"VIIRS","version":"2.0NRT","bright_ti4":351.29,"frp":11.41,"daynight":"N"},"geometry":{"type":"Point","coordinates":[-121.61656,42.42447]}},{"type":"Feature","properties":{"acq_date":"2026-08-08","acq_time":1056,"confidence":"n","satellite":"N","instrument":"VIIRS","version":"2.0NRT","bright_ti4":332.55,"frp":5.18,"daynight":"N"},"geometry":{"type":"Point","coordinates":[-121.59166,42.4245]}},{"type":"Feature","properties":{"acq_date":"2026-08-08","acq_time":1056,"confidence":"n","satellite":"N","instrument":"VIIRS","version":"2.0NRT","bright_ti4":347.7,"frp":8.9,"daynight":"N"},"geometry":{"type":"Point","coordinates":[-121.61507,42.42531]}},{"type":"Feature","properties":{"acq_date":"2026-08-08","acq_time":1056,"confidence":"n","satellite":"N","instrument":"VIIRS","version":"2.0NRT","bright_ti4":336.3,"frp":9.6,"daynight":"N"},"geometry":{"type":"Point","coordinates":[-121.60014,42.42534]}},{"type":"Feature","properties":{"acq_date":"2026-08-08","acq_time":1056,"confidence":"h","satellite":"N","instrument":"VIIRS","version":"2.0NRT","bright_ti4":367,"frp":21.1,"daynight":"N"},"geometry":{"type":"Point","coordinates":[-121.63981,42.42537]}},{"type":"Feature","properties":{"acq_date":"2026-08-08","acq_time":1056,"confidence":"n","satellite":"N","instrument":"VIIRS","version":"2.0NRT","bright_ti4":300.67,"frp":0.77,"daynight":"N"},"geometry":{"type":"Point","coordinates":[-116.76987,42.42565]}},{"type":"Feature","properties":{"acq_date":"2026-08-08","acq_time":1056,"confidence":"h","satellite":"N","instrument":"VIIRS","version":"2.0NRT","bright_ti4":367,"frp":31.23,"daynight":"N"},"geometry":{"type":"Point","coordinates":[-121.63832,42.42609]}},{"type":"Feature","properties":{"acq_date":"2026-08-08","acq_time":1056,"confidence":"n","satellite":"N","instrument":"VIIRS","version":"2.0NRT","bright_ti4":345.28,"frp":7.68,"daynight":"N"},"geometry":{"type":"Point","coordinates":[-121.62358,42.42629]}},{"type":"Feature","properties":{"acq_date":"2026-08-08","acq_time":1056,"confidence":"n","satellite":"N","instrument":"VIIRS","version":"2.0NRT","bright_ti4":334.58,"frp":10.43,"daynight":"N"},"geometry":{"type":"Point","coordinates":[-121.59866,42.42629]}},{"type":"Feature","properties":{"acq_date":"2026-08-08","acq_time":1056,"confidence":"n","satellite":"N","instrument":"VIIRS","version":"2.0NRT","bright_ti4":308.63,"frp":3.55,"daynight":"N"},"geometry":{"type":"Point","coordinates":[-121.58403,42.4263]}},{"type":"Feature","properties":{"acq_date":"2026-08-08","acq_time":1056,"confidence":"n","satellite":"N","instrument":"VIIRS","version":"2.0NRT","bright_ti4":299.68,"frp":1.96,"daynight":"N"},"geometry":{"type":"Point","coordinates":[-116.83876,42.42688]}},{"type":"Feature","properties":{"acq_date":"2026-08-08","acq_time":1056,"confidence":"n","satellite":"N","instrument":"VIIRS","version":"2.0NRT","bright_ti4":341.65,"frp":8.9,"daynight":"N"},"geometry":{"type":"Point","coordinates":[-121.62215,42.42711]}},{"type":"Feature","properties":{"acq_date":"2026-08-08","acq_time":1056,"confidence":"n","satellite":"N","instrument":"VIIRS","version":"2.0NRT","bright_ti4":340.87,"frp":11.41,"daynight":"N"},"geometry":{"type":"Point","coordinates":[-121.60715,42.42717]}},{"type":"Feature","properties":{"acq_date":"2026-08-08","acq_time":1056,"confidence":"n","satellite":"N","instrument":"VIIRS","version":"2.0NRT","bright_ti4":345.91,"frp":21.1,"daynight":"N"},"geometry":{"type":"Point","coordinates":[-121.64705,42.42727]}},{"type":"Feature","properties":{"acq_date":"2026-08-08","acq_time":1056,"confidence":"n","satellite":"N","instrument":"VIIRS","version":"2.0NRT","bright_ti4":296.06,"frp":1.56,"daynight":"N"},"geometry":{"type":"Point","coordinates":[-116.76962,42.42733]}},{"type":"Feature","properties":{"acq_date":"2026-08-08","acq_time":1056,"confidence":"n","satellite":"N","instrument":"VIIRS","version":"2.0NRT","bright_ti4":343.74,"frp":10.57,"daynight":"N"},"geometry":{"type":"Point","coordinates":[-121.64552,42.42792]}},{"type":"Feature","properties":{"acq_date":"2026-08-08","acq_time":1056,"confidence":"n","satellite":"N","instrument":"VIIRS","version":"2.0NRT","bright_ti4":336.36,"frp":7.68,"daynight":"N"},"geometry":{"type":"Point","coordinates":[-121.63037,42.42807]}},{"type":"Feature","properties":{"acq_date":"2026-08-08","acq_time":1056,"confidence":"n","satellite":"N","instrument":"VIIRS","version":"2.0NRT","bright_ti4":339.26,"frp":10.43,"daynight":"N"},"geometry":{"type":"Point","coordinates":[-121.60568,42.42808]}},{"type":"Feature","properties":{"acq_date":"2026-08-08","acq_time":1056,"confidence":"n","satellite":"N","instrument":"VIIRS","version":"2.0NRT","bright_ti4":335.96,"frp":7.17,"daynight":"N"},"geometry":{"type":"Point","coordinates":[-121.59097,42.42811]}},{"type":"Feature","properties":{"acq_date":"2026-08-08","acq_time":1056,"confidence":"n","satellite":"N","instrument":"VIIRS","version":"2.0NRT","bright_ti4":304.89,"frp":0.97,"daynight":"N"},"geometry":{"type":"Point","coordinates":[-116.83807,42.4288]}},{"type":"Feature","properties":{"acq_date":"2026-08-08","acq_time":1056,"confidence":"n","satellite":"N","instrument":"VIIRS","version":"2.0NRT","bright_ti4":331.11,"frp":4.76,"daynight":"N"},"geometry":{"type":"Point","coordinates":[-121.62899,42.42885]}},{"type":"Feature","properties":{"acq_date":"2026-08-08","acq_time":1056,"confidence":"n","satellite":"N","instrument":"VIIRS","version":"2.0NRT","bright_ti4":327.66,"frp":11.41,"daynight":"N"},"geometry":{"type":"Point","coordinates":[-121.61417,42.429]}},{"type":"Feature","properties":{"acq_date":"2026-08-08","acq_time":1056,"confidence":"n","satellite":"N","instrument":"VIIRS","version":"2.0NRT","bright_ti4":339.79,"frp":7.44,"daynight":"N"},"geometry":{"type":"Point","coordinates":[-121.58949,42.42911]}},{"type":"Feature","properties":{"acq_date":"2026-08-08","acq_time":1056,"confidence":"n","satellite":"N","instrument":"VIIRS","version":"2.0NRT","bright_ti4":323.41,"frp":5.21,"daynight":"N"},"geometry":{"type":"Point","coordinates":[-121.65427,42.42916]}},{"type":"Feature","properties":{"acq_date":"2026-08-08","acq_time":1056,"confidence":"n","satellite":"N","instrument":"VIIRS","version":"2.0NRT","bright_ti4":328.88,"frp":10.57,"daynight":"N"},"geometry":{"type":"Point","coordinates":[-121.65275,42.42976]}},{"type":"Feature","properties":{"acq_date":"2026-08-08","acq_time":1056,"confidence":"n","satellite":"N","instrument":"VIIRS","version":"2.0NRT","bright_ti4":327.96,"frp":4.11,"daynight":"N"},"geometry":{"type":"Point","coordinates":[-121.63708,42.42982]}},{"type":"Feature","properties":{"acq_date":"2026-08-08","acq_time":1056,"confidence":"n","satellite":"N","instrument":"VIIRS","version":"2.0NRT","bright_ti4":326.6,"frp":8.9,"daynight":"N"},"geometry":{"type":"Point","coordinates":[-121.61271,42.42986]}},{"type":"Feature","properties":{"acq_date":"2026-08-08","acq_time":1056,"confidence":"n","satellite":"N","instrument":"VIIRS","version":"2.0NRT","bright_ti4":331.63,"frp":7.17,"daynight":"N"},"geometry":{"type":"Point","coordinates":[-121.59794,42.42993]}},{"type":"Feature","properties":{"acq_date":"2026-08-08","acq_time":1056,"confidence":"n","satellite":"N","instrument":"VIIRS","version":"2.0NRT","bright_ti4":320.19,"frp":4.76,"daynight":"N"},"geometry":{"type":"Point","coordinates":[-121.6357,42.43056]}},{"type":"Feature","properties":{"acq_date":"2026-08-08","acq_time":1056,"confidence":"n","satellite":"N","instrument":"VIIRS","version":"2.0NRT","bright_ti4":298.21,"frp":0.97,"daynight":"N"},"geometry":{"type":"Point","coordinates":[-116.84425,42.43072]}},{"type":"Feature","properties":{"acq_date":"2026-08-08","acq_time":1056,"confidence":"n","satellite":"N","instrument":"VIIRS","version":"2.0NRT","bright_ti4":326.17,"frp":7.68,"daynight":"N"},"geometry":{"type":"Point","coordinates":[-121.62118,42.43083]}},{"type":"Feature","properties":{"acq_date":"2026-08-08","acq_time":1056,"confidence":"n","satellite":"N","instrument":"VIIRS","version":"2.0NRT","bright_ti4":331.7,"frp":6.78,"daynight":"N"},"geometry":{"type":"Point","coordinates":[-121.59645,42.43089]}},{"type":"Feature","properties":{"acq_date":"2026-08-08","acq_time":1056,"confidence":"n","satellite":"N","instrument":"VIIRS","version":"2.0NRT","bright_ti4":321.2,"frp":5.21,"daynight":"N"},"geometry":{"type":"Point","coordinates":[-121.66169,42.4311]}},{"type":"Feature","properties":{"acq_date":"2026-08-08","acq_time":1056,"confidence":"n","satellite":"N","instrument":"VIIRS","version":"2.0NRT","bright_ti4":324.34,"frp":3,"daynight":"N"},"geometry":{"type":"Point","coordinates":[-121.66018,42.43165]}},{"type":"Feature","properties":{"acq_date":"2026-08-08","acq_time":1056,"confidence":"n","satellite":"N","instrument":"VIIRS","version":"2.0NRT","bright_ti4":324.13,"frp":4.11,"daynight":"N"},"geometry":{"type":"Point","coordinates":[-121.64407,42.43165]}},{"type":"Feature","properties":{"acq_date":"2026-08-08","acq_time":1056,"confidence":"n","satellite":"N","instrument":"VIIRS","version":"2.0NRT","bright_ti4":323.52,"frp":8.9,"daynight":"N"},"geometry":{"type":"Point","coordinates":[-121.61973,42.43165]}},{"type":"Feature","properties":{"acq_date":"2026-08-08","acq_time":1056,"confidence":"n","satellite":"N","instrument":"VIIRS","version":"2.0NRT","bright_ti4":331.15,"frp":6,"daynight":"N"},"geometry":{"type":"Point","coordinates":[-121.60493,42.43176]}},{"type":"Feature","properties":{"acq_date":"2026-08-08","acq_time":1056,"confidence":"n","satellite":"N","instrument":"VIIRS","version":"2.0NRT","bright_ti4":322.47,"frp":2.93,"daynight":"N"},"geometry":{"type":"Point","coordinates":[-121.64264,42.43233]}},{"type":"Feature","properties":{"acq_date":"2026-08-08","acq_time":1056,"confidence":"n","satellite":"N","instrument":"VIIRS","version":"2.0NRT","bright_ti4":321.61,"frp":7.68,"daynight":"N"},"geometry":{"type":"Point","coordinates":[-121.62792,42.43259]}},{"type":"Feature","properties":{"acq_date":"2026-08-08","acq_time":1056,"confidence":"n","satellite":"N","instrument":"VIIRS","version":"2.0NRT","bright_ti4":329.5,"frp":6.78,"daynight":"N"},"geometry":{"type":"Point","coordinates":[-121.60346,42.43266]}},{"type":"Feature","properties":{"acq_date":"2026-08-08","acq_time":1056,"confidence":"n","satellite":"N","instrument":"VIIRS","version":"2.0NRT","bright_ti4":335.23,"frp":7.17,"daynight":"N"},"geometry":{"type":"Point","coordinates":[-121.58884,42.43273]}},{"type":"Feature","properties":{"acq_date":"2026-08-08","acq_time":1056,"confidence":"n","satellite":"N","instrument":"VIIRS","version":"2.0NRT","bright_ti4":318.96,"frp":4.76,"daynight":"N"},"geometry":{"type":"Point","coordinates":[-121.62652,42.43337]}},{"type":"Feature","properties":{"acq_date":"2026-08-08","acq_time":1056,"confidence":"n","satellite":"N","instrument":"VIIRS","version":"2.0NRT","bright_ti4":316.37,"frp":3.03,"daynight":"N"},"geometry":{"type":"Point","coordinates":[-121.65115,42.43349]}},{"type":"Feature","properties":{"acq_date":"2026-08-08","acq_time":1056,"confidence":"n","satellite":"N","instrument":"VIIRS","version":"2.0NRT","bright_ti4":321.39,"frp":6,"daynight":"N"},"geometry":{"type":"Point","coordinates":[-121.61193,42.43358]}},{"type":"Feature","properties":{"acq_date":"2026-08-08","acq_time":1056,"confidence":"n","satellite":"N","instrument":"VIIRS","version":"2.0NRT","bright_ti4":303.25,"frp":3,"daynight":"N"},"geometry":{"type":"Point","coordinates":[-121.66805,42.43365]}},{"type":"Feature","properties":{"acq_date":"2026-08-08","acq_time":1056,"confidence":"n","satellite":"N","instrument":"VIIRS","version":"2.0NRT","bright_ti4":326.94,"frp":7.44,"daynight":"N"},"geometry":{"type":"Point","coordinates":[-121.58736,42.43373]}},{"type":"Feature","properties":{"acq_date":"2026-08-08","acq_time":1056,"confidence":"n","satellite":"N","instrument":"VIIRS","version":"2.0NRT","bright_ti4":313.61,"frp":2.93,"daynight":"N"},"geometry":{"type":"Point","coordinates":[-121.64971,42.43413]}},{"type":"Feature","properties":{"acq_date":"2026-08-08","acq_time":1056,"confidence":"n","satellite":"N","instrument":"VIIRS","version":"2.0NRT","bright_ti4":313.33,"frp":4.11,"daynight":"N"},"geometry":{"type":"Point","coordinates":[-121.63457,42.43432]}},{"type":"Feature","properties":{"acq_date":"2026-08-08","acq_time":1056,"confidence":"n","satellite":"N","instrument":"VIIRS","version":"2.0NRT","bright_ti4":321.15,"frp":3.53,"daynight":"N"},"geometry":{"type":"Point","coordinates":[-121.6105,42.43445]}},{"type":"Feature","properties":{"acq_date":"2026-08-08","acq_time":1056,"confidence":"n","satellite":"N","instrument":"VIIRS","version":"2.0NRT","bright_ti4":331.38,"frp":7.17,"daynight":"N"},"geometry":{"type":"Point","coordinates":[-121.59576,42.43454]}},{"type":"Feature","properties":{"acq_date":"2026-08-08","acq_time":1056,"confidence":"n","satellite":"N","instrument":"VIIRS","version":"2.0NRT","bright_ti4":312.68,"frp":4.76,"daynight":"N"},"geometry":{"type":"Point","coordinates":[-121.63319,42.43507]}},{"type":"Feature","properties":{"acq_date":"2026-08-08","acq_time":1056,"confidence":"n","satellite":"N","instrument":"VIIRS","version":"2.0NRT","bright_ti4":314.86,"frp":4.89,"daynight":"N"},"geometry":{"type":"Point","coordinates":[-121.61881,42.43538]}},{"type":"Feature","properties":{"acq_date":"2026-08-08","acq_time":1056,"confidence":"n","satellite":"N","instrument":"VIIRS","version":"2.0NRT","bright_ti4":306.53,"frp":3.03,"daynight":"N"},"geometry":{"type":"Point","coordinates":[-121.65856,42.43543]}},{"type":"Feature","properties":{"acq_date":"2026-08-08","acq_time":1056,"confidence":"n","satellite":"N","instrument":"VIIRS","version":"2.0NRT","bright_ti4":329.64,"frp":6.78,"daynight":"N"},"geometry":{"type":"Point","coordinates":[-121.59431,42.43549]}},{"type":"Feature","properties":{"acq_date":"2026-08-08","acq_time":1056,"confidence":"n","satellite":"N","instrument":"VIIRS","version":"2.0NRT","bright_ti4":305.55,"frp":4.9,"daynight":"N"},"geometry":{"type":"Point","coordinates":[-121.65706,42.436]}},{"type":"Feature","properties":{"acq_date":"2026-08-08","acq_time":1056,"confidence":"n","satellite":"N","instrument":"VIIRS","version":"2.0NRT","bright_ti4":307.99,"frp":4.11,"daynight":"N"},"geometry":{"type":"Point","coordinates":[-121.6414,42.4361]}},{"type":"Feature","properties":{"acq_date":"2026-08-08","acq_time":1056,"confidence":"n","satellite":"N","instrument":"VIIRS","version":"2.0NRT","bright_ti4":340.49,"frp":11.19,"daynight":"N"},"geometry":{"type":"Point","coordinates":[-121.70076,42.43616]}},{"type":"Feature","properties":{"acq_date":"2026-08-08","acq_time":1056,"confidence":"n","satellite":"N","instrument":"VIIRS","version":"2.0NRT","bright_ti4":313.83,"frp":3.53,"daynight":"N"},"geometry":{"type":"Point","coordinates":[-121.61741,42.43621]}},{"type":"Feature","properties":{"acq_date":"2026-08-08","acq_time":1056,"confidence":"n","satellite":"N","instrument":"VIIRS","version":"2.0NRT","bright_ti4":328.62,"frp":6,"daynight":"N"},"geometry":{"type":"Point","coordinates":[-121.60275,42.43635]}},{"type":"Feature","properties":{"acq_date":"2026-08-08","acq_time":1056,"confidence":"n","satellite":"N","instrument":"VIIRS","version":"2.0NRT","bright_ti4":340.64,"frp":7.26,"daynight":"N"},"geometry":{"type":"Point","coordinates":[-121.69986,42.43661]}},{"type":"Feature","properties":{"acq_date":"2026-08-08","acq_time":1056,"confidence":"n","satellite":"N","instrument":"VIIRS","version":"2.0NRT","bright_ti4":306.1,"frp":2.93,"daynight":"N"},"geometry":{"type":"Point","coordinates":[-121.63998,42.43681]}},{"type":"Feature","properties":{"acq_date":"2026-08-08","acq_time":1056,"confidence":"n","satellite":"N","instrument":"VIIRS","version":"2.0NRT","bright_ti4":309,"frp":4.89,"daynight":"N"},"geometry":{"type":"Point","coordinates":[-121.6255,42.43711]}},{"type":"Feature","properties":{"acq_date":"2026-08-08","acq_time":1056,"confidence":"n","satellite":"N","instrument":"VIIRS","version":"2.0NRT","bright_ti4":328.97,"frp":6.78,"daynight":"N"},"geometry":{"type":"Point","coordinates":[-121.60127,42.43726]}},{"type":"Feature","properties":{"acq_date":"2026-08-08","acq_time":1056,"confidence":"n","satellite":"N","instrument":"VIIRS","version":"2.0NRT","bright_ti4":324.69,"frp":5.36,"daynight":"N"},"geometry":{"type":"Point","coordinates":[-121.58675,42.43735]}},{"type":"Feature","properties":{"acq_date":"2026-08-08","acq_time":1056,"confidence":"n","satellite":"N","instrument":"VIIRS","version":"2.0NRT","bright_ti4":342.03,"frp":11.19,"daynight":"N"},"geometry":{"type":"Point","coordinates":[-121.70624,42.43758]}},{"type":"Feature","properties":{"acq_date":"2026-08-08","acq_time":1056,"confidence":"n","satellite":"N","instrument":"VIIRS","version":"2.0NRT","bright_ti4":309.29,"frp":3.03,"daynight":"N"},"geometry":{"type":"Point","coordinates":[-121.64835,42.43792]}},{"type":"Feature","properties":{"acq_date":"2026-08-08","acq_time":1056,"confidence":"n","satellite":"N","instrument":"VIIRS","version":"2.0NRT","bright_ti4":307.49,"frp":5.51,"daynight":"N"},"geometry":{"type":"Point","coordinates":[-121.62413,42.43792]}},{"type":"Feature","properties":{"acq_date":"2026-08-08","acq_time":1056,"confidence":"n","satellite":"N","instrument":"VIIRS","version":"2.0NRT","bright_ti4":344.71,"frp":10.92,"daynight":"N"},"geometry":{"type":"Point","coordinates":[-121.70544,42.43803]}},{"type":"Feature","properties":{"acq_date":"2026-08-08","acq_time":1056,"confidence":"n","satellite":"N","instrument":"VIIRS","version":"2.0NRT","bright_ti4":315.66,"frp":6,"daynight":"N"},"geometry":{"type":"Point","coordinates":[-121.60974,42.43818]}},{"type":"Feature","properties":{"acq_date":"2026-08-08","acq_time":1056,"confidence":"n","satellite":"N","instrument":"VIIRS","version":"2.0NRT","bright_ti4":308.79,"frp":2.93,"daynight":"N"},"geometry":{"type":"Point","coordinates":[-121.64695,42.43858]}},{"type":"Feature","properties":{"acq_date":"2026-08-08","acq_time":1056,"confidence":"n","satellite":"N","instrument":"VIIRS","version":"2.0NRT","bright_ti4":301.88,"frp":2.22,"daynight":"N"},"geometry":{"type":"Point","coordinates":[-121.71152,42.43896]}},{"type":"Feature","properties":{"acq_date":"2026-08-08","acq_time":1056,"confidence":"n","satellite":"N","instrument":"VIIRS","version":"2.0NRT","bright_ti4":316.93,"frp":3.53,"daynight":"N"},"geometry":{"type":"Point","coordinates":[-121.60828,42.43904]}},{"type":"Feature","properties":{"acq_date":"2026-08-08","acq_time":1056,"confidence":"n","satellite":"N","instrument":"VIIRS","version":"2.0NRT","bright_ti4":326.5,"frp":5.36,"daynight":"N"},"geometry":{"type":"Point","coordinates":[-121.59364,42.43914]}},{"type":"Feature","properties":{"acq_date":"2026-08-08","acq_time":1056,"confidence":"n","satellite":"N","instrument":"VIIRS","version":"2.0NRT","bright_ti4":303.7,"frp":10.92,"daynight":"N"},"geometry":{"type":"Point","coordinates":[-121.71066,42.43936]}},{"type":"Feature","properties":{"acq_date":"2026-08-08","acq_time":1056,"confidence":"n","satellite":"N","instrument":"VIIRS","version":"2.0NRT","bright_ti4":305.96,"frp":3.61,"daynight":"N"},"geometry":{"type":"Point","coordinates":[-121.6742,42.43951]}},{"type":"Feature","properties":{"acq_date":"2026-08-08","acq_time":1056,"confidence":"n","satellite":"N","instrument":"VIIRS","version":"2.0NRT","bright_ti4":305.4,"frp":2.03,"daynight":"N"},"geometry":{"type":"Point","coordinates":[-121.6729,42.44001]}},{"type":"Feature","properties":{"acq_date":"2026-08-08","acq_time":1056,"confidence":"n","satellite":"N","instrument":"VIIRS","version":"2.0NRT","bright_ti4":299.4,"frp":1.01,"daynight":"N"},"geometry":{"type":"Point","coordinates":[-116.85319,42.4401]}},{"type":"Feature","properties":{"acq_date":"2026-08-08","acq_time":1056,"confidence":"n","satellite":"N","instrument":"VIIRS","version":"2.0NRT","bright_ti4":304.22,"frp":11.19,"daynight":"N"},"geometry":{"type":"Point","coordinates":[-121.69862,42.44073]}},{"type":"Feature","properties":{"acq_date":"2026-08-08","acq_time":1056,"confidence":"n","satellite":"N","instrument":"VIIRS","version":"2.0NRT","bright_ti4":304.95,"frp":3.53,"daynight":"N"},"geometry":{"type":"Point","coordinates":[-121.6152,42.4408]}},{"type":"Feature","properties":{"acq_date":"2026-08-08","acq_time":1056,"confidence":"n","satellite":"N","instrument":"VIIRS","version":"2.0NRT","bright_ti4":325.64,"frp":5.18,"daynight":"N"},"geometry":{"type":"Point","coordinates":[-121.60056,42.44095]}},{"type":"Feature","properties":{"acq_date":"2026-08-08","acq_time":1056,"confidence":"n","satellite":"N","instrument":"VIIRS","version":"2.0NRT","bright_ti4":301.85,"frp":7.26,"daynight":"N"},"geometry":{"type":"Point","coordinates":[-121.69759,42.44116]}},{"type":"Feature","properties":{"acq_date":"2026-08-08","acq_time":1056,"confidence":"n","satellite":"N","instrument":"VIIRS","version":"2.0NRT","bright_ti4":311.61,"frp":3.04,"daynight":"N"},"geometry":{"type":"Point","coordinates":[-121.68154,42.44143]}},{"type":"Feature","properties":{"acq_date":"2026-08-08","acq_time":1056,"confidence":"n","satellite":"N","instrument":"VIIRS","version":"2.0NRT","bright_ti4":310.32,"frp":2.03,"daynight":"N"},"geometry":{"type":"Point","coordinates":[-121.68026,42.44188]}},{"type":"Feature","properties":{"acq_date":"2026-08-08","acq_time":1056,"confidence":"n","satellite":"N","instrument":"VIIRS","version":"2.0NRT","bright_ti4":331.21,"frp":5.36,"daynight":"N"},"geometry":{"type":"Point","coordinates":[-121.58459,42.44196]}},{"type":"Feature","properties":{"acq_date":"2026-08-08","acq_time":1056,"confidence":"n","satellite":"N","instrument":"VIIRS","version":"2.0NRT","bright_ti4":307.48,"frp":6.5,"daynight":"N"},"geometry":{"type":"Point","coordinates":[-121.64582,42.44241]}},{"type":"Feature","properties":{"acq_date":"2026-08-08","acq_time":1056,"confidence":"n","satellite":"N","instrument":"VIIRS","version":"2.0NRT","bright_ti4":321.24,"frp":5.18,"daynight":"N"},"geometry":{"type":"Point","coordinates":[-121.60753,42.44276]}},{"type":"Feature","properties":{"acq_date":"2026-08-08","acq_time":1056,"confidence":"n","satellite":"N","instrument":"VIIRS","version":"2.0NRT","bright_ti4":305.85,"frp":4.89,"daynight":"N"},"geometry":{"type":"Point","coordinates":[-121.64445,42.44308]}},{"type":"Feature","properties":{"acq_date":"2026-08-08","acq_time":1056,"confidence":"n","satellite":"N","instrument":"VIIRS","version":"2.0NRT","bright_ti4":322.84,"frp":3.04,"daynight":"N"},"geometry":{"type":"Point","coordinates":[-121.68894,42.44336]}},{"type":"Feature","properties":{"acq_date":"2026-08-08","acq_time":1056,"confidence":"n","satellite":"N","instrument":"VIIRS","version":"2.0NRT","bright_ti4":307.78,"frp":1.56,"daynight":"N"},"geometry":{"type":"Point","coordinates":[-116.85023,42.44353]}},{"type":"Feature","properties":{"acq_date":"2026-08-08","acq_time":1056,"confidence":"n","satellite":"N","instrument":"VIIRS","version":"2.0NRT","bright_ti4":321.38,"frp":5.36,"daynight":"N"},"geometry":{"type":"Point","coordinates":[-121.59146,42.44375]}},{"type":"Feature","properties":{"acq_date":"2026-08-08","acq_time":1056,"confidence":"n","satellite":"N","instrument":"VIIRS","version":"2.0NRT","bright_ti4":322.21,"frp":2.96,"daynight":"N"},"geometry":{"type":"Point","coordinates":[-121.6877,42.44378]}},{"type":"Feature","properties":{"acq_date":"2026-08-08","acq_time":1056,"confidence":"n","satellite":"N","instrument":"VIIRS","version":"2.0NRT","bright_ti4":310.1,"frp":3.8,"daynight":"N"},"geometry":{"type":"Point","coordinates":[-121.61441,42.44455]}},{"type":"Feature","properties":{"acq_date":"2026-08-08","acq_time":1056,"confidence":"n","satellite":"N","instrument":"VIIRS","version":"2.0NRT","bright_ti4":307.83,"frp":2.92,"daynight":"N"},"geometry":{"type":"Point","coordinates":[-121.69618,42.44524]}},{"type":"Feature","properties":{"acq_date":"2026-08-08","acq_time":1056,"confidence":"n","satellite":"N","instrument":"VIIRS","version":"2.0NRT","bright_ti4":300.86,"frp":1.56,"daynight":"N"},"geometry":{"type":"Point","coordinates":[-116.85642,42.4454]}},{"type":"Feature","properties":{"acq_date":"2026-08-08","acq_time":1056,"confidence":"n","satellite":"N","instrument":"VIIRS","version":"2.0NRT","bright_ti4":308.15,"frp":1.01,"daynight":"N"},"geometry":{"type":"Point","coordinates":[-116.84939,42.4455]}},{"type":"Feature","properties":{"acq_date":"2026-08-08","acq_time":1056,"confidence":"n","satellite":"N","instrument":"VIIRS","version":"2.0NRT","bright_ti4":323.37,"frp":5.18,"daynight":"N"},"geometry":{"type":"Point","coordinates":[-121.59837,42.44555]}},{"type":"Feature","properties":{"acq_date":"2026-08-08","acq_time":1056,"confidence":"n","satellite":"N","instrument":"VIIRS","version":"2.0NRT","bright_ti4":308.27,"frp":2.96,"daynight":"N"},"geometry":{"type":"Point","coordinates":[-121.69504,42.44564]}},{"type":"Feature","properties":{"acq_date":"2026-08-08","acq_time":1056,"confidence":"n","satellite":"N","instrument":"VIIRS","version":"2.0NRT","bright_ti4":308.56,"frp":3.8,"daynight":"N"},"geometry":{"type":"Point","coordinates":[-121.62109,42.44629]}},{"type":"Feature","properties":{"acq_date":"2026-08-08","acq_time":1056,"confidence":"n","satellite":"N","instrument":"VIIRS","version":"2.0NRT","bright_ti4":319.24,"frp":6.25,"daynight":"N"},"geometry":{"type":"Point","coordinates":[-121.58231,42.44653]}},{"type":"Feature","properties":{"acq_date":"2026-08-08","acq_time":1056,"confidence":"n","satellite":"N","instrument":"VIIRS","version":"2.0NRT","bright_ti4":305.77,"frp":3.4,"daynight":"N"},"geometry":{"type":"Point","coordinates":[-121.65955,42.44691]}},{"type":"Feature","properties":{"acq_date":"2026-08-08","acq_time":1056,"confidence":"n","satellite":"N","instrument":"VIIRS","version":"2.0NRT","bright_ti4":301.54,"frp":3.16,"daynight":"N"},"geometry":{"type":"Point","coordinates":[-116.86219,42.44716]}},{"type":"Feature","properties":{"acq_date":"2026-08-08","acq_time":1056,"confidence":"n","satellite":"N","instrument":"VIIRS","version":"2.0NRT","bright_ti4":325.56,"frp":5.18,"daynight":"N"},"geometry":{"type":"Point","coordinates":[-121.60525,42.44733]}},{"type":"Feature","properties":{"acq_date":"2026-08-08","acq_time":1056,"confidence":"n","satellite":"N","instrument":"VIIRS","version":"2.0NRT","bright_ti4":304.83,"frp":1.9,"daynight":"N"},"geometry":{"type":"Point","coordinates":[-116.85545,42.44738]}},{"type":"Feature","properties":{"acq_date":"2026-08-08","acq_time":1056,"confidence":"n","satellite":"N","instrument":"VIIRS","version":"2.0NRT","bright_ti4":324.81,"frp":6.25,"daynight":"N"},"geometry":{"type":"Point","coordinates":[-121.58921,42.44833]}},{"type":"Feature","properties":{"acq_date":"2026-08-08","acq_time":1056,"confidence":"n","satellite":"N","instrument":"VIIRS","version":"2.0NRT","bright_ti4":322.79,"frp":3.8,"daynight":"N"},"geometry":{"type":"Point","coordinates":[-121.61212,42.44912]}},{"type":"Feature","properties":{"acq_date":"2026-08-08","acq_time":1056,"confidence":"n","satellite":"N","instrument":"VIIRS","version":"2.0NRT","bright_ti4":307.73,"frp":1.9,"daynight":"N"},"geometry":{"type":"Point","coordinates":[-116.86126,42.44919]}},{"type":"Feature","properties":{"acq_date":"2026-08-08","acq_time":1056,"confidence":"n","satellite":"N","instrument":"VIIRS","version":"2.0NRT","bright_ti4":316.41,"frp":4.3,"daynight":"N"},"geometry":{"type":"Point","coordinates":[-121.59607,42.45011]}},{"type":"Feature","properties":{"acq_date":"2026-08-08","acq_time":1056,"confidence":"n","satellite":"N","instrument":"VIIRS","version":"2.0NRT","bright_ti4":312.68,"frp":5.5,"daynight":"N"},"geometry":{"type":"Point","coordinates":[-121.65835,42.45082]}},{"type":"Feature","properties":{"acq_date":"2026-08-08","acq_time":1056,"confidence":"n","satellite":"N","instrument":"VIIRS","version":"2.0NRT","bright_ti4":320.29,"frp":3.8,"daynight":"N"},"geometry":{"type":"Point","coordinates":[-121.61881,42.45086]}},{"type":"Feature","properties":{"acq_date":"2026-08-08","acq_time":1056,"confidence":"n","satellite":"N","instrument":"VIIRS","version":"2.0NRT","bright_ti4":300.74,"frp":1.78,"daynight":"N"},"geometry":{"type":"Point","coordinates":[-116.8672,42.45103]}},{"type":"Feature","properties":{"acq_date":"2026-08-08","acq_time":1056,"confidence":"n","satellite":"N","instrument":"VIIRS","version":"2.0NRT","bright_ti4":311.82,"frp":3.4,"daynight":"N"},"geometry":{"type":"Point","coordinates":[-121.65679,42.45135]}},{"type":"Feature","properties":{"acq_date":"2026-08-08","acq_time":1056,"confidence":"n","satellite":"N","instrument":"VIIRS","version":"2.0NRT","bright_ti4":318.45,"frp":4.3,"daynight":"N"},"geometry":{"type":"Point","coordinates":[-121.6029,42.45188]}},{"type":"Feature","properties":{"acq_date":"2026-08-08","acq_time":1056,"confidence":"n","satellite":"N","instrument":"VIIRS","version":"2.0NRT","bright_ti4":314.09,"frp":8.27,"daynight":"N"},"geometry":{"type":"Point","coordinates":[-121.6254,42.45256]}},{"type":"Feature","properties":{"acq_date":"2026-08-08","acq_time":1056,"confidence":"n","satellite":"N","instrument":"VIIRS","version":"2.0NRT","bright_ti4":339.19,"frp":6.25,"daynight":"N"},"geometry":{"type":"Point","coordinates":[-121.58683,42.45288]}},{"type":"Feature","properties":{"acq_date":"2026-08-08","acq_time":1056,"confidence":"n","satellite":"N","instrument":"VIIRS","version":"2.0NRT","bright_ti4":300.9,"frp":2.12,"daynight":"N"},"geometry":{"type":"Point","coordinates":[-121.66521,42.45347]}},{"type":"Feature","properties":{"acq_date":"2026-08-08","acq_time":1056,"confidence":"n","satellite":"N","instrument":"VIIRS","version":"2.0NRT","bright_ti4":317.47,"frp":3.52,"daynight":"N"},"geometry":{"type":"Point","coordinates":[-121.60974,42.45366]}},{"type":"Feature","properties":{"acq_date":"2026-08-08","acq_time":1056,"confidence":"n","satellite":"N","instrument":"VIIRS","version":"2.0NRT","bright_ti4":323.15,"frp":4.3,"daynight":"N"},"geometry":{"type":"Point","coordinates":[-121.59376,42.45467]}},{"type":"Feature","properties":{"acq_date":"2026-08-08","acq_time":1056,"confidence":"n","satellite":"N","instrument":"VIIRS","version":"2.0NRT","bright_ti4":311.62,"frp":5.7,"daynight":"N"},"geometry":{"type":"Point","coordinates":[-121.65564,42.45527]}},{"type":"Feature","properties":{"acq_date":"2026-08-08","acq_time":1056,"confidence":"n","satellite":"N","instrument":"VIIRS","version":"2.0NRT","bright_ti4":318.43,"frp":3.52,"daynight":"N"},"geometry":{"type":"Point","coordinates":[-121.61648,42.45541]}},{"type":"Feature","properties":{"acq_date":"2026-08-08","acq_time":1056,"confidence":"n","satellite":"N","instrument":"VIIRS","version":"2.0NRT","bright_ti4":314.13,"frp":4.3,"daynight":"N"},"geometry":{"type":"Point","coordinates":[-121.60055,42.45644]}},{"type":"Feature","properties":{"acq_date":"2026-08-08","acq_time":1056,"confidence":"n","satellite":"N","instrument":"VIIRS","version":"2.0NRT","bright_ti4":314.28,"frp":3.1,"daynight":"N"},"geometry":{"type":"Point","coordinates":[-121.62313,42.45713]}},{"type":"Feature","properties":{"acq_date":"2026-08-08","acq_time":1056,"confidence":"n","satellite":"N","instrument":"VIIRS","version":"2.0NRT","bright_ti4":304.47,"frp":3.32,"daynight":"N"},"geometry":{"type":"Point","coordinates":[-121.58423,42.45736]}},{"type":"Feature","properties":{"acq_date":"2026-08-08","acq_time":1056,"confidence":"n","satellite":"N","instrument":"VIIRS","version":"2.0NRT","bright_ti4":314.22,"frp":3.52,"daynight":"N"},"geometry":{"type":"Point","coordinates":[-121.60735,42.4582]}},{"type":"Feature","properties":{"acq_date":"2026-08-08","acq_time":1056,"confidence":"n","satellite":"N","instrument":"VIIRS","version":"2.0NRT","bright_ti4":349.24,"frp":5.25,"daynight":"N"},"geometry":{"type":"Point","coordinates":[-121.59127,42.45919]}},{"type":"Feature","properties":{"acq_date":"2026-08-08","acq_time":1056,"confidence":"n","satellite":"N","instrument":"VIIRS","version":"2.0NRT","bright_ti4":311.17,"frp":3.52,"daynight":"N"},"geometry":{"type":"Point","coordinates":[-121.61413,42.45995]}},{"type":"Feature","properties":{"acq_date":"2026-08-08","acq_time":1056,"confidence":"n","satellite":"N","instrument":"VIIRS","version":"2.0NRT","bright_ti4":312.19,"frp":5.25,"daynight":"N"},"geometry":{"type":"Point","coordinates":[-121.5982,42.46098]}},{"type":"Feature","properties":{"acq_date":"2026-08-08","acq_time":1056,"confidence":"n","satellite":"N","instrument":"VIIRS","version":"2.0NRT","bright_ti4":307.75,"frp":3.1,"daynight":"N"},"geometry":{"type":"Point","coordinates":[-121.62082,42.46169]}},{"type":"Feature","properties":{"acq_date":"2026-08-08","acq_time":1056,"confidence":"n","satellite":"N","instrument":"VIIRS","version":"2.0NRT","bright_ti4":311.45,"frp":2.69,"daynight":"N"},"geometry":{"type":"Point","coordinates":[-121.60499,42.46275]}},{"type":"Feature","properties":{"acq_date":"2026-08-08","acq_time":1056,"confidence":"n","satellite":"N","instrument":"VIIRS","version":"2.0NRT","bright_ti4":308.91,"frp":3.1,"daynight":"N"},"geometry":{"type":"Point","coordinates":[-121.62754,42.46343]}},{"type":"Feature","properties":{"acq_date":"2026-08-08","acq_time":1056,"confidence":"n","satellite":"N","instrument":"VIIRS","version":"2.0NRT","bright_ti4":311.09,"frp":5.25,"daynight":"N"},"geometry":{"type":"Point","coordinates":[-121.58864,42.46368]}},{"type":"Feature","properties":{"acq_date":"2026-08-08","acq_time":1056,"confidence":"n","satellite":"N","instrument":"VIIRS","version":"2.0NRT","bright_ti4":310.35,"frp":2.69,"daynight":"N"},"geometry":{"type":"Point","coordinates":[-121.61178,42.4645]}},{"type":"Feature","properties":{"acq_date":"2026-08-08","acq_time":1056,"confidence":"n","satellite":"N","instrument":"VIIRS","version":"2.0NRT","bright_ti4":319.29,"frp":5.25,"daynight":"N"},"geometry":{"type":"Point","coordinates":[-121.59571,42.4655]}},{"type":"Feature","properties":{"acq_date":"2026-08-08","acq_time":1056,"confidence":"n","satellite":"N","instrument":"VIIRS","version":"2.0NRT","bright_ti4":309.99,"frp":3,"daynight":"N"},"geometry":{"type":"Point","coordinates":[-121.61852,42.46625]}},{"type":"Feature","properties":{"acq_date":"2026-08-08","acq_time":1056,"confidence":"n","satellite":"N","instrument":"VIIRS","version":"2.0NRT","bright_ti4":311.09,"frp":2.69,"daynight":"N"},"geometry":{"type":"Point","coordinates":[-121.60264,42.4673]}},{"type":"Feature","properties":{"acq_date":"2026-08-08","acq_time":1056,"confidence":"n","satellite":"N","instrument":"VIIRS","version":"2.0NRT","bright_ti4":310.78,"frp":3,"daynight":"N"},"geometry":{"type":"Point","coordinates":[-121.62527,42.468]}},{"type":"Feature","properties":{"acq_date":"2026-08-08","acq_time":1056,"confidence":"n","satellite":"N","instrument":"VIIRS","version":"2.0NRT","bright_ti4":309.55,"frp":2.69,"daynight":"N"},"geometry":{"type":"Point","coordinates":[-121.60948,42.46906]}},{"type":"Feature","properties":{"acq_date":"2026-08-08","acq_time":1056,"confidence":"n","satellite":"N","instrument":"VIIRS","version":"2.0NRT","bright_ti4":309.79,"frp":3,"daynight":"N"},"geometry":{"type":"Point","coordinates":[-121.61622,42.47081]}},{"type":"Feature","properties":{"acq_date":"2026-08-08","acq_time":1056,"confidence":"n","satellite":"N","instrument":"VIIRS","version":"2.0NRT","bright_ti4":306.59,"frp":2.19,"daynight":"N"},"geometry":{"type":"Point","coordinates":[-121.60018,42.47182]}},{"type":"Feature","properties":{"acq_date":"2026-08-08","acq_time":1056,"confidence":"n","satellite":"N","instrument":"VIIRS","version":"2.0NRT","bright_ti4":313.56,"frp":2.19,"daynight":"N"},"geometry":{"type":"Point","coordinates":[-121.60709,42.4736]}},{"type":"Feature","properties":{"acq_date":"2026-08-08","acq_time":1056,"confidence":"n","satellite":"N","instrument":"VIIRS","version":"2.0NRT","bright_ti4":309.66,"frp":6.04,"daynight":"N"},"geometry":{"type":"Point","coordinates":[-121.63721,42.47623]}},{"type":"Feature","properties":{"acq_date":"2026-08-08","acq_time":1056,"confidence":"n","satellite":"N","instrument":"VIIRS","version":"2.0NRT","bright_ti4":306.64,"frp":2.19,"daynight":"N"},"geometry":{"type":"Point","coordinates":[-121.60462,42.47812]}},{"type":"Feature","properties":{"acq_date":"2026-08-08","acq_time":1056,"confidence":"n","satellite":"N","instrument":"VIIRS","version":"2.0NRT","bright_ti4":305.54,"frp":4.55,"daynight":"N"},"geometry":{"type":"Point","coordinates":[-121.63435,42.48064]}},{"type":"Feature","properties":{"acq_date":"2026-08-08","acq_time":1056,"confidence":"n","satellite":"N","instrument":"VIIRS","version":"2.0NRT","bright_ti4":311.59,"frp":3.49,"daynight":"N"},"geometry":{"type":"Point","coordinates":[-121.64157,42.4825]}},{"type":"Feature","properties":{"acq_date":"2026-08-08","acq_time":1056,"confidence":"n","satellite":"N","instrument":"VIIRS","version":"2.0NRT","bright_ti4":304.61,"frp":3.49,"daynight":"N"},"geometry":{"type":"Point","coordinates":[-121.64861,42.48432]}},{"type":"Feature","properties":{"acq_date":"2026-08-08","acq_time":1056,"confidence":"n","satellite":"N","instrument":"VIIRS","version":"2.0NRT","bright_ti4":314.8,"frp":3.77,"daynight":"N"},"geometry":{"type":"Point","coordinates":[-121.7291,42.48968]}},{"type":"Feature","properties":{"acq_date":"2026-08-08","acq_time":1056,"confidence":"n","satellite":"N","instrument":"VIIRS","version":"2.0NRT","bright_ti4":311.04,"frp":4.45,"daynight":"N"},"geometry":{"type":"Point","coordinates":[-121.61343,42.4907]}},{"type":"Feature","properties":{"acq_date":"2026-08-08","acq_time":1056,"confidence":"n","satellite":"N","instrument":"VIIRS","version":"2.0NRT","bright_ti4":313.13,"frp":3.77,"daynight":"N"},"geometry":{"type":"Point","coordinates":[-121.73542,42.49131]}},{"type":"Feature","properties":{"acq_date":"2026-08-08","acq_time":1056,"confidence":"n","satellite":"N","instrument":"VIIRS","version":"2.0NRT","bright_ti4":315.74,"frp":4.84,"daynight":"N"},"geometry":{"type":"Point","coordinates":[-121.72658,42.49415]}},{"type":"Feature","properties":{"acq_date":"2026-08-08","acq_time":1056,"confidence":"n","satellite":"N","instrument":"VIIRS","version":"2.0NRT","bright_ti4":312.91,"frp":2.62,"daynight":"N"},"geometry":{"type":"Point","coordinates":[-121.61109,42.49525]}},{"type":"Feature","properties":{"acq_date":"2026-08-08","acq_time":1056,"confidence":"n","satellite":"N","instrument":"VIIRS","version":"2.0NRT","bright_ti4":303.37,"frp":4.84,"daynight":"N"},"geometry":{"type":"Point","coordinates":[-121.7328,42.49576]}},{"type":"Feature","properties":{"acq_date":"2026-08-08","acq_time":1056,"confidence":"n","satellite":"N","instrument":"VIIRS","version":"2.0NRT","bright_ti4":312.28,"frp":6.55,"daynight":"N"},"geometry":{"type":"Point","coordinates":[-121.71358,42.49593]}},{"type":"Feature","properties":{"acq_date":"2026-08-08","acq_time":1056,"confidence":"n","satellite":"N","instrument":"VIIRS","version":"2.0NRT","bright_ti4":305.28,"frp":3.34,"daynight":"N"},"geometry":{"type":"Point","coordinates":[-121.6765,42.49664]}},{"type":"Feature","properties":{"acq_date":"2026-08-08","acq_time":1056,"confidence":"n","satellite":"N","instrument":"VIIRS","version":"2.0NRT","bright_ti4":339.26,"frp":6.55,"daynight":"N"},"geometry":{"type":"Point","coordinates":[-121.71863,42.49723]}},{"type":"Feature","properties":{"acq_date":"2026-08-08","acq_time":1056,"confidence":"n","satellite":"N","instrument":"VIIRS","version":"2.0NRT","bright_ti4":342.92,"frp":4.84,"daynight":"N"},"geometry":{"type":"Point","coordinates":[-121.72431,42.49869]}},{"type":"Feature","properties":{"acq_date":"2026-08-08","acq_time":1056,"confidence":"n","satellite":"N","instrument":"VIIRS","version":"2.0NRT","bright_ti4":322.73,"frp":9.64,"daynight":"N"},"geometry":{"type":"Point","coordinates":[-121.70528,42.49891]}},{"type":"Feature","properties":{"acq_date":"2026-08-08","acq_time":1056,"confidence":"n","satellite":"N","instrument":"VIIRS","version":"2.0NRT","bright_ti4":309.61,"frp":2.19,"daynight":"N"},"geometry":{"type":"Point","coordinates":[-121.66832,42.49966]}},{"type":"Feature","properties":{"acq_date":"2026-08-08","acq_time":1056,"confidence":"n","satellite":"N","instrument":"VIIRS","version":"2.0NRT","bright_ti4":333.91,"frp":7.48,"daynight":"N"},"geometry":{"type":"Point","coordinates":[-121.71102,42.50039]}},{"type":"Feature","properties":{"acq_date":"2026-08-08","acq_time":1056,"confidence":"n","satellite":"N","instrument":"VIIRS","version":"2.0NRT","bright_ti4":313.84,"frp":2.19,"daynight":"N"},"geometry":{"type":"Point","coordinates":[-121.67458,42.50127]}},{"type":"Feature","properties":{"acq_date":"2026-08-08","acq_time":1056,"confidence":"n","satellite":"N","instrument":"VIIRS","version":"2.0NRT","bright_ti4":302.99,"frp":4.75,"daynight":"N"},"geometry":{"type":"Point","coordinates":[-121.61552,42.50153]}},{"type":"Feature","properties":{"acq_date":"2026-08-08","acq_time":1056,"confidence":"n","satellite":"N","instrument":"VIIRS","version":"2.0NRT","bright_ti4":325.22,"frp":7.48,"daynight":"N"},"geometry":{"type":"Point","coordinates":[-121.71647,42.50179]}},{"type":"Feature","properties":{"acq_date":"2026-08-08","acq_time":1056,"confidence":"n","satellite":"N","instrument":"VIIRS","version":"2.0NRT","bright_ti4":329.19,"frp":9.64,"daynight":"N"},"geometry":{"type":"Point","coordinates":[-121.69682,42.50187]}},{"type":"Feature","properties":{"acq_date":"2026-08-08","acq_time":1056,"confidence":"n","satellite":"N","instrument":"VIIRS","version":"2.0NRT","bright_ti4":319.08,"frp":3.37,"daynight":"N"},"geometry":{"type":"Point","coordinates":[-121.68102,42.50293]}},{"type":"Feature","properties":{"acq_date":"2026-08-08","acq_time":1056,"confidence":"n","satellite":"N","instrument":"VIIRS","version":"2.0NRT","bright_ti4":302.6,"frp":3.78,"daynight":"N"},"geometry":{"type":"Point","coordinates":[-121.66143,42.50303]}},{"type":"Feature","properties":{"acq_date":"2026-08-08","acq_time":1056,"confidence":"n","satellite":"N","instrument":"VIIRS","version":"2.0NRT","bright_ti4":356.01,"frp":9.64,"daynight":"N"},"geometry":{"type":"Point","coordinates":[-121.70259,42.50335]}},{"type":"Feature","properties":{"acq_date":"2026-08-08","acq_time":1056,"confidence":"n","satellite":"N","instrument":"VIIRS","version":"2.0NRT","bright_ti4":307.9,"frp":2.19,"daynight":"N"},"geometry":{"type":"Point","coordinates":[-121.66734,42.50454]}},{"type":"Feature","properties":{"acq_date":"2026-08-08","acq_time":1056,"confidence":"n","satellite":"N","instrument":"VIIRS","version":"2.0NRT","bright_ti4":317.23,"frp":3.37,"daynight":"N"},"geometry":{"type":"Point","coordinates":[-121.68785,42.50469]}},{"type":"Feature","properties":{"acq_date":"2026-08-08","acq_time":1056,"confidence":"n","satellite":"N","instrument":"VIIRS","version":"2.0NRT","bright_ti4":310.08,"frp":3.31,"daynight":"N"},"geometry":{"type":"Point","coordinates":[-121.6521,42.50577]}},{"type":"Feature","properties":{"acq_date":"2026-08-08","acq_time":1056,"confidence":"n","satellite":"N","instrument":"VIIRS","version":"2.0NRT","bright_ti4":306.32,"frp":2.19,"daynight":"N"},"geometry":{"type":"Point","coordinates":[-121.67302,42.506]}},{"type":"Feature","properties":{"acq_date":"2026-08-08","acq_time":1056,"confidence":"n","satellite":"N","instrument":"VIIRS","version":"2.0NRT","bright_ti4":310.51,"frp":2.99,"daynight":"N"},"geometry":{"type":"Point","coordinates":[-121.69431,42.50634]}},{"type":"Feature","properties":{"acq_date":"2026-08-08","acq_time":1056,"confidence":"n","satellite":"N","instrument":"VIIRS","version":"2.0NRT","bright_ti4":320.48,"frp":3.37,"daynight":"N"},"geometry":{"type":"Point","coordinates":[-121.67871,42.50747]}},{"type":"Feature","properties":{"acq_date":"2026-08-08","acq_time":1056,"confidence":"n","satellite":"N","instrument":"VIIRS","version":"2.0NRT","bright_ti4":311.01,"frp":3.31,"daynight":"N"},"geometry":{"type":"Point","coordinates":[-121.65952,42.50767]}},{"type":"Feature","properties":{"acq_date":"2026-08-08","acq_time":1056,"confidence":"n","satellite":"N","instrument":"VIIRS","version":"2.0NRT","bright_ti4":311.49,"frp":5.77,"daynight":"N"},"geometry":{"type":"Point","coordinates":[-121.63996,42.50779]}},{"type":"Feature","properties":{"acq_date":"2026-08-08","acq_time":1056,"confidence":"n","satellite":"N","instrument":"VIIRS","version":"2.0NRT","bright_ti4":305.58,"frp":1.75,"daynight":"N"},"geometry":{"type":"Point","coordinates":[-121.62038,42.50793]}},{"type":"Feature","properties":{"acq_date":"2026-08-08","acq_time":1056,"confidence":"n","satellite":"N","instrument":"VIIRS","version":"2.0NRT","bright_ti4":314.34,"frp":3.37,"daynight":"N"},"geometry":{"type":"Point","coordinates":[-121.68516,42.50912]}},{"type":"Feature","properties":{"acq_date":"2026-08-08","acq_time":1056,"confidence":"n","satellite":"N","instrument":"VIIRS","version":"2.0NRT","bright_ti4":305.89,"frp":5.51,"daynight":"N"},"geometry":{"type":"Point","coordinates":[-121.66579,42.50927]}},{"type":"Feature","properties":{"acq_date":"2026-08-08","acq_time":1056,"confidence":"n","satellite":"N","instrument":"VIIRS","version":"2.0NRT","bright_ti4":320.68,"frp":4.88,"daynight":"N"},"geometry":{"type":"Point","coordinates":[-121.62865,42.51004]}},{"type":"Feature","properties":{"acq_date":"2026-08-08","acq_time":1056,"confidence":"n","satellite":"N","instrument":"VIIRS","version":"2.0NRT","bright_ti4":322.43,"frp":3.31,"daynight":"N"},"geometry":{"type":"Point","coordinates":[-121.64877,42.51005]}},{"type":"Feature","properties":{"acq_date":"2026-08-08","acq_time":1056,"confidence":"n","satellite":"N","instrument":"VIIRS","version":"2.0NRT","bright_ti4":335,"frp":5.51,"daynight":"N"},"geometry":{"type":"Point","coordinates":[-121.67149,42.51074]}},{"type":"Feature","properties":{"acq_date":"2026-08-08","acq_time":1056,"confidence":"n","satellite":"N","instrument":"VIIRS","version":"2.0NRT","bright_ti4":317.43,"frp":3.31,"daynight":"N"},"geometry":{"type":"Point","coordinates":[-121.65653,42.51204]}},{"type":"Feature","properties":{"acq_date":"2026-08-08","acq_time":1056,"confidence":"n","satellite":"N","instrument":"VIIRS","version":"2.0NRT","bright_ti4":350.54,"frp":18.16,"daynight":"N"},"geometry":{"type":"Point","coordinates":[-121.67669,42.51208]}},{"type":"Feature","properties":{"acq_date":"2026-08-08","acq_time":1056,"confidence":"n","satellite":"N","instrument":"VIIRS","version":"2.0NRT","bright_ti4":322.44,"frp":4.88,"daynight":"N"},"geometry":{"type":"Point","coordinates":[-121.63728,42.51225]}},{"type":"Feature","properties":{"acq_date":"2026-08-08","acq_time":1056,"confidence":"n","satellite":"N","instrument":"VIIRS","version":"2.0NRT","bright_ti4":340.62,"frp":5.51,"daynight":"N"},"geometry":{"type":"Point","coordinates":[-121.66336,42.51379]}},{"type":"Feature","properties":{"acq_date":"2026-08-08","acq_time":1056,"confidence":"n","satellite":"N","instrument":"VIIRS","version":"2.0NRT","bright_ti4":344.57,"frp":7.48,"daynight":"N"},"geometry":{"type":"Point","coordinates":[-121.64552,42.51435]}},{"type":"Feature","properties":{"acq_date":"2026-08-08","acq_time":1056,"confidence":"n","satellite":"N","instrument":"VIIRS","version":"2.0NRT","bright_ti4":322.75,"frp":5.51,"daynight":"N"},"geometry":{"type":"Point","coordinates":[-121.66905,42.51525]}},{"type":"Feature","properties":{"acq_date":"2026-08-08","acq_time":1056,"confidence":"n","satellite":"N","instrument":"VIIRS","version":"2.0NRT","bright_ti4":323.73,"frp":7.48,"daynight":"N"},"geometry":{"type":"Point","coordinates":[-121.65277,42.51621]}},{"type":"Feature","properties":{"acq_date":"2026-08-08","acq_time":1056,"confidence":"n","satellite":"N","instrument":"VIIRS","version":"2.0NRT","bright_ti4":297.19,"frp":1.95,"daynight":"N"},"geometry":{"type":"Point","coordinates":[-116.73707,42.61154]}},{"type":"Feature","properties":{"acq_date":"2026-08-08","acq_time":1056,"confidence":"n","satellite":"N","instrument":"VIIRS","version":"2.0NRT","bright_ti4":296.12,"frp":1.74,"daynight":"N"},"geometry":{"type":"Point","coordinates":[-116.81137,42.62116]}},{"type":"Feature","properties":{"acq_date":"2026-08-08","acq_time":1056,"confidence":"n","satellite":"N","instrument":"VIIRS","version":"2.0NRT","bright_ti4":306.37,"frp":1.74,"daynight":"N"},"geometry":{"type":"Point","coordinates":[-116.80875,42.62691]}},{"type":"Feature","properties":{"acq_date":"2026-08-08","acq_time":1056,"confidence":"n","satellite":"N","instrument":"VIIRS","version":"2.0NRT","bright_ti4":300.1,"frp":1.74,"daynight":"N"},"geometry":{"type":"Point","coordinates":[-116.81429,42.62861]}},{"type":"Feature","properties":{"acq_date":"2026-08-08","acq_time":1056,"confidence":"n","satellite":"N","instrument":"VIIRS","version":"2.0NRT","bright_ti4":297.4,"frp":2.33,"daynight":"N"},"geometry":{"type":"Point","coordinates":[-116.59633,42.62933]}},{"type":"Feature","properties":{"acq_date":"2026-08-08","acq_time":1056,"confidence":"n","satellite":"N","instrument":"VIIRS","version":"2.0NRT","bright_ti4":297.21,"frp":1.53,"daynight":"N"},"geometry":{"type":"Point","coordinates":[-116.576,42.62965]}},{"type":"Feature","properties":{"acq_date":"2026-08-08","acq_time":1056,"confidence":"n","satellite":"N","instrument":"VIIRS","version":"2.0NRT","bright_ti4":314.3,"frp":4.86,"daynight":"N"},"geometry":{"type":"Point","coordinates":[-116.58202,42.63152]}},{"type":"Feature","properties":{"acq_date":"2026-08-08","acq_time":1056,"confidence":"n","satellite":"N","instrument":"VIIRS","version":"2.0NRT","bright_ti4":311.06,"frp":1.27,"daynight":"N"},"geometry":{"type":"Point","coordinates":[-122.90039,42.64149]}},{"type":"Feature","properties":{"acq_date":"2026-08-08","acq_time":1056,"confidence":"n","satellite":"N","instrument":"VIIRS","version":"2.0NRT","bright_ti4":301.68,"frp":2.02,"daynight":"N"},"geometry":{"type":"Point","coordinates":[-122.9053,42.64494]}},{"type":"Feature","properties":{"acq_date":"2026-08-08","acq_time":1056,"confidence":"n","satellite":"N","instrument":"VIIRS","version":"2.0NRT","bright_ti4":295.87,"frp":0.99,"daynight":"N"},"geometry":{"type":"Point","coordinates":[-116.60435,42.6517]}},{"type":"Feature","properties":{"acq_date":"2026-08-08","acq_time":1056,"confidence":"n","satellite":"N","instrument":"VIIRS","version":"2.0NRT","bright_ti4":308.62,"frp":1.54,"daynight":"N"},"geometry":{"type":"Point","coordinates":[-122.5321,43.09841]}},{"type":"Feature","properties":{"acq_date":"2026-08-08","acq_time":1056,"confidence":"n","satellite":"N","instrument":"VIIRS","version":"2.0NRT","bright_ti4":303.4,"frp":0.56,"daynight":"N"},"geometry":{"type":"Point","coordinates":[-122.53168,43.09924]}},{"type":"Feature","properties":{"acq_date":"2026-08-08","acq_time":1056,"confidence":"n","satellite":"N","instrument":"VIIRS","version":"2.0NRT","bright_ti4":300.31,"frp":1.26,"daynight":"N"},"geometry":{"type":"Point","coordinates":[-115.3688,43.26467]}},{"type":"Feature","properties":{"acq_date":"2026-08-08","acq_time":1056,"confidence":"n","satellite":"N","instrument":"VIIRS","version":"2.0NRT","bright_ti4":298.43,"frp":1.76,"daynight":"N"},"geometry":{"type":"Point","coordinates":[-115.36412,43.26825]}},{"type":"Feature","properties":{"acq_date":"2026-08-08","acq_time":1056,"confidence":"n","satellite":"N","instrument":"VIIRS","version":"2.0NRT","bright_ti4":301.15,"frp":2,"daynight":"N"},"geometry":{"type":"Point","coordinates":[-115.39853,43.27244]}},{"type":"Feature","properties":{"acq_date":"2026-08-08","acq_time":1056,"confidence":"n","satellite":"N","instrument":"VIIRS","version":"2.0NRT","bright_ti4":301.61,"frp":2.17,"daynight":"N"},"geometry":{"type":"Point","coordinates":[-115.3936,43.27252]}},{"type":"Feature","properties":{"acq_date":"2026-08-08","acq_time":1056,"confidence":"n","satellite":"N","instrument":"VIIRS","version":"2.0NRT","bright_ti4":307.69,"frp":2.5,"daynight":"N"},"geometry":{"type":"Point","coordinates":[-115.38211,43.27405]}},{"type":"Feature","properties":{"acq_date":"2026-08-08","acq_time":1056,"confidence":"n","satellite":"N","instrument":"VIIRS","version":"2.0NRT","bright_ti4":300.31,"frp":1.14,"daynight":"N"},"geometry":{"type":"Point","coordinates":[-115.36083,43.27411]}},{"type":"Feature","properties":{"acq_date":"2026-08-08","acq_time":1056,"confidence":"n","satellite":"N","instrument":"VIIRS","version":"2.0NRT","bright_ti4":318.64,"frp":2,"daynight":"N"},"geometry":{"type":"Point","coordinates":[-115.40398,43.2742]}},{"type":"Feature","properties":{"acq_date":"2026-08-08","acq_time":1056,"confidence":"n","satellite":"N","instrument":"VIIRS","version":"2.0NRT","bright_ti4":308.37,"frp":2.17,"daynight":"N"},"geometry":{"type":"Point","coordinates":[-115.39925,43.2743]}},{"type":"Feature","properties":{"acq_date":"2026-08-08","acq_time":1056,"confidence":"n","satellite":"N","instrument":"VIIRS","version":"2.0NRT","bright_ti4":302.51,"frp":2.5,"daynight":"N"},"geometry":{"type":"Point","coordinates":[-115.38783,43.27589]}},{"type":"Feature","properties":{"acq_date":"2026-08-08","acq_time":1056,"confidence":"n","satellite":"N","instrument":"VIIRS","version":"2.0NRT","bright_ti4":305.56,"frp":4.06,"daynight":"N"},"geometry":{"type":"Point","coordinates":[-115.40957,43.276]}},{"type":"Feature","properties":{"acq_date":"2026-08-08","acq_time":1056,"confidence":"n","satellite":"N","instrument":"VIIRS","version":"2.0NRT","bright_ti4":297.19,"frp":1.77,"daynight":"N"},"geometry":{"type":"Point","coordinates":[-115.36669,43.276]}},{"type":"Feature","properties":{"acq_date":"2026-08-08","acq_time":1056,"confidence":"n","satellite":"N","instrument":"VIIRS","version":"2.0NRT","bright_ti4":316.1,"frp":5.99,"daynight":"N"},"geometry":{"type":"Point","coordinates":[-115.40475,43.27604]}},{"type":"Feature","properties":{"acq_date":"2026-08-08","acq_time":1056,"confidence":"n","satellite":"N","instrument":"VIIRS","version":"2.0NRT","bright_ti4":311.47,"frp":2,"daynight":"N"},"geometry":{"type":"Point","coordinates":[-115.39337,43.27768]}},{"type":"Feature","properties":{"acq_date":"2026-08-08","acq_time":1056,"confidence":"n","satellite":"N","instrument":"VIIRS","version":"2.0NRT","bright_ti4":310.41,"frp":4.06,"daynight":"N"},"geometry":{"type":"Point","coordinates":[-115.41558,43.27794]}},{"type":"Feature","properties":{"acq_date":"2026-08-08","acq_time":1056,"confidence":"n","satellite":"N","instrument":"VIIRS","version":"2.0NRT","bright_ti4":302.29,"frp":2,"daynight":"N"},"geometry":{"type":"Point","coordinates":[-115.39887,43.27946]}},{"type":"Feature","properties":{"acq_date":"2026-08-08","acq_time":1056,"confidence":"n","satellite":"N","instrument":"VIIRS","version":"2.0NRT","bright_ti4":341.32,"frp":6.16,"daynight":"N"},"geometry":{"type":"Point","coordinates":[-115.41674,43.27984]}},{"type":"Feature","properties":{"acq_date":"2026-08-08","acq_time":1056,"confidence":"n","satellite":"N","instrument":"VIIRS","version":"2.0NRT","bright_ti4":348.38,"frp":6.21,"daynight":"N"},"geometry":{"type":"Point","coordinates":[-115.42191,43.27998]}},{"type":"Feature","properties":{"acq_date":"2026-08-08","acq_time":1056,"confidence":"n","satellite":"N","instrument":"VIIRS","version":"2.0NRT","bright_ti4":324.67,"frp":6.16,"daynight":"N"},"geometry":{"type":"Point","coordinates":[-115.4232,43.28188]}},{"type":"Feature","properties":{"acq_date":"2026-08-08","acq_time":1056,"confidence":"n","satellite":"N","instrument":"VIIRS","version":"2.0NRT","bright_ti4":298.08,"frp":6.21,"daynight":"N"},"geometry":{"type":"Point","coordinates":[-115.4283,43.28204]}},{"type":"Feature","properties":{"acq_date":"2026-08-08","acq_time":1056,"confidence":"n","satellite":"N","instrument":"VIIRS","version":"2.0NRT","bright_ti4":318.29,"frp":2.9,"daynight":"N"},"geometry":{"type":"Point","coordinates":[-115.43037,43.28415]}},{"type":"Feature","properties":{"acq_date":"2026-08-08","acq_time":1056,"confidence":"n","satellite":"N","instrument":"VIIRS","version":"2.0NRT","bright_ti4":319.79,"frp":2.84,"daynight":"N"},"geometry":{"type":"Point","coordinates":[-115.43587,43.28447]}},{"type":"Feature","properties":{"acq_date":"2026-08-08","acq_time":1056,"confidence":"n","satellite":"N","instrument":"VIIRS","version":"2.0NRT","bright_ti4":303.75,"frp":2.9,"daynight":"N"},"geometry":{"type":"Point","coordinates":[-115.4376,43.28642]}},{"type":"Feature","properties":{"acq_date":"2026-08-08","acq_time":1056,"confidence":"n","satellite":"N","instrument":"VIIRS","version":"2.0NRT","bright_ti4":301.45,"frp":2.84,"daynight":"N"},"geometry":{"type":"Point","coordinates":[-115.43245,43.29027]}},{"type":"Feature","properties":{"acq_date":"2026-08-08","acq_time":1058,"confidence":"n","satellite":"N","instrument":"VIIRS","version":"2.0NRT","bright_ti4":304.77,"frp":2.4,"daynight":"N"},"geometry":{"type":"Point","coordinates":[-117.34068,34.60777]}},{"type":"Feature","properties":{"acq_date":"2026-08-08","acq_time":1058,"confidence":"n","satellite":"N","instrument":"VIIRS","version":"2.0NRT","bright_ti4":302.5,"frp":0.66,"daynight":"N"},"geometry":{"type":"Point","coordinates":[-118.8348,34.80482]}},{"type":"Feature","properties":{"acq_date":"2026-08-08","acq_time":1058,"confidence":"n","satellite":"N","instrument":"VIIRS","version":"2.0NRT","bright_ti4":301.07,"frp":0.66,"daynight":"N"},"geometry":{"type":"Point","coordinates":[-118.84178,34.8069]}},{"type":"Feature","properties":{"acq_date":"2026-08-08","acq_time":1058,"confidence":"n","satellite":"N","instrument":"VIIRS","version":"2.0NRT","bright_ti4":299.07,"frp":1.45,"daynight":"N"},"geometry":{"type":"Point","coordinates":[-118.83611,34.80956]}},{"type":"Feature","properties":{"acq_date":"2026-08-08","acq_time":1058,"confidence":"n","satellite":"N","instrument":"VIIRS","version":"2.0NRT","bright_ti4":307.19,"frp":2,"daynight":"N"},"geometry":{"type":"Point","coordinates":[-116.17914,37.24006]}},{"type":"Feature","properties":{"acq_date":"2026-08-08","acq_time":1058,"confidence":"n","satellite":"N","instrument":"VIIRS","version":"2.0NRT","bright_ti4":308.77,"frp":2.98,"daynight":"N"},"geometry":{"type":"Point","coordinates":[-116.17267,37.24135]}},{"type":"Feature","properties":{"acq_date":"2026-08-08","acq_time":1058,"confidence":"n","satellite":"N","instrument":"VIIRS","version":"2.0NRT","bright_ti4":299.38,"frp":2,"daynight":"N"},"geometry":{"type":"Point","coordinates":[-116.18896,37.24328]}},{"type":"Feature","properties":{"acq_date":"2026-08-08","acq_time":1058,"confidence":"n","satellite":"N","instrument":"VIIRS","version":"2.0NRT","bright_ti4":309.95,"frp":5.37,"daynight":"N"},"geometry":{"type":"Point","coordinates":[-116.18346,37.24482]}},{"type":"Feature","properties":{"acq_date":"2026-08-08","acq_time":1058,"confidence":"n","satellite":"N","instrument":"VIIRS","version":"2.0NRT","bright_ti4":317.06,"frp":2.66,"daynight":"N"},"geometry":{"type":"Point","coordinates":[-116.17466,37.24634]}},{"type":"Feature","properties":{"acq_date":"2026-08-08","acq_time":1058,"confidence":"n","satellite":"N","instrument":"VIIRS","version":"2.0NRT","bright_ti4":308.24,"frp":2.98,"daynight":"N"},"geometry":{"type":"Point","coordinates":[-116.16865,37.24781]}},{"type":"Feature","properties":{"acq_date":"2026-08-08","acq_time":1058,"confidence":"n","satellite":"N","instrument":"VIIRS","version":"2.0NRT","bright_ti4":313.34,"frp":2.66,"daynight":"N"},"geometry":{"type":"Point","coordinates":[-116.18451,37.24957]}},{"type":"Feature","properties":{"acq_date":"2026-08-08","acq_time":1058,"confidence":"n","satellite":"N","instrument":"VIIRS","version":"2.0NRT","bright_ti4":321.4,"frp":5.37,"daynight":"N"},"geometry":{"type":"Point","coordinates":[-116.179,37.25113]}},{"type":"Feature","properties":{"acq_date":"2026-08-08","acq_time":1058,"confidence":"n","satellite":"N","instrument":"VIIRS","version":"2.0NRT","bright_ti4":299.6,"frp":2.66,"daynight":"N"},"geometry":{"type":"Point","coordinates":[-116.17065,37.2528]}},{"type":"Feature","properties":{"acq_date":"2026-08-08","acq_time":1058,"confidence":"n","satellite":"N","instrument":"VIIRS","version":"2.0NRT","bright_ti4":308.28,"frp":2.66,"daynight":"N"},"geometry":{"type":"Point","coordinates":[-116.18031,37.25595]}},{"type":"Feature","properties":{"acq_date":"2026-08-08","acq_time":1058,"confidence":"n","satellite":"N","instrument":"VIIRS","version":"2.0NRT","bright_ti4":298.61,"frp":1.31,"daynight":"N"},"geometry":{"type":"Point","coordinates":[-122.11322,38.01312]}}]}