{"type":"FeatureCollection","name":"FIRMS VIIRS CA (last 1 day)","crs":{"type":"name","properties":{"name":"EPSG:4326"}},"fetched_at_utc":"2026-08-07T14:55:47.067Z","source":{"url":"https://firms.modaps.eosdis.nasa.gov/api/area/csv/8c4af552cf654445dd280dfb3ad9337c/VIIRS_SNPP_NRT/-125,32,-113,43.5/1","dataset":"VIIRS_SNPP_NRT","bbox":"-125,32,-113,43.5","day_range":"1"},"features":[{"type":"Feature","properties":{"acq_date":"2026-08-07","acq_time":934,"confidence":"n","satellite":"N","instrument":"VIIRS","version":"2.0NRT","bright_ti4":318.7,"frp":2.5,"daynight":"N"},"geometry":{"type":"Point","coordinates":[-117.33911,34.60734]}},{"type":"Feature","properties":{"acq_date":"2026-08-07","acq_time":934,"confidence":"n","satellite":"N","instrument":"VIIRS","version":"2.0NRT","bright_ti4":318.77,"frp":2.11,"daynight":"N"},"geometry":{"type":"Point","coordinates":[-117.10179,34.62266]}},{"type":"Feature","properties":{"acq_date":"2026-08-07","acq_time":934,"confidence":"n","satellite":"N","instrument":"VIIRS","version":"2.0NRT","bright_ti4":317.68,"frp":2.61,"daynight":"N"},"geometry":{"type":"Point","coordinates":[-118.49213,34.78957]}},{"type":"Feature","properties":{"acq_date":"2026-08-07","acq_time":934,"confidence":"n","satellite":"N","instrument":"VIIRS","version":"2.0NRT","bright_ti4":317.73,"frp":2.13,"daynight":"N"},"geometry":{"type":"Point","coordinates":[-114.90904,36.35776]}},{"type":"Feature","properties":{"acq_date":"2026-08-07","acq_time":934,"confidence":"n","satellite":"N","instrument":"VIIRS","version":"2.0NRT","bright_ti4":313.23,"frp":1.04,"daynight":"N"},"geometry":{"type":"Point","coordinates":[-114.87621,36.38384]}},{"type":"Feature","properties":{"acq_date":"2026-08-07","acq_time":934,"confidence":"n","satellite":"N","instrument":"VIIRS","version":"2.0NRT","bright_ti4":311.04,"frp":1.12,"daynight":"N"},"geometry":{"type":"Point","coordinates":[-114.96253,36.40883]}},{"type":"Feature","properties":{"acq_date":"2026-08-07","acq_time":934,"confidence":"n","satellite":"N","instrument":"VIIRS","version":"2.0NRT","bright_ti4":303.16,"frp":1.13,"daynight":"N"},"geometry":{"type":"Point","coordinates":[-116.16481,37.25602]}},{"type":"Feature","properties":{"acq_date":"2026-08-07","acq_time":934,"confidence":"n","satellite":"N","instrument":"VIIRS","version":"2.0NRT","bright_ti4":308.55,"frp":1.13,"daynight":"N"},"geometry":{"type":"Point","coordinates":[-116.16947,37.25664]}},{"type":"Feature","properties":{"acq_date":"2026-08-07","acq_time":934,"confidence":"n","satellite":"N","instrument":"VIIRS","version":"2.0NRT","bright_ti4":304.74,"frp":1.13,"daynight":"N"},"geometry":{"type":"Point","coordinates":[-116.17411,37.25726]}},{"type":"Feature","properties":{"acq_date":"2026-08-07","acq_time":934,"confidence":"n","satellite":"N","instrument":"VIIRS","version":"2.0NRT","bright_ti4":310,"frp":1.75,"daynight":"N"},"geometry":{"type":"Point","coordinates":[-116.1734,37.26071]}},{"type":"Feature","properties":{"acq_date":"2026-08-07","acq_time":934,"confidence":"n","satellite":"N","instrument":"VIIRS","version":"2.0NRT","bright_ti4":303.07,"frp":0.67,"daynight":"N"},"geometry":{"type":"Point","coordinates":[-121.18698,37.88363]}},{"type":"Feature","properties":{"acq_date":"2026-08-07","acq_time":934,"confidence":"n","satellite":"N","instrument":"VIIRS","version":"2.0NRT","bright_ti4":323.01,"frp":2.32,"daynight":"N"},"geometry":{"type":"Point","coordinates":[-114.25558,40.82267]}},{"type":"Feature","properties":{"acq_date":"2026-08-07","acq_time":934,"confidence":"h","satellite":"N","instrument":"VIIRS","version":"2.0NRT","bright_ti4":367,"frp":3.46,"daynight":"N"},"geometry":{"type":"Point","coordinates":[-122.96193,42.20521]}},{"type":"Feature","properties":{"acq_date":"2026-08-07","acq_time":934,"confidence":"n","satellite":"N","instrument":"VIIRS","version":"2.0NRT","bright_ti4":326.33,"frp":2.34,"daynight":"N"},"geometry":{"type":"Point","coordinates":[-122.96561,42.20542]}},{"type":"Feature","properties":{"acq_date":"2026-08-07","acq_time":934,"confidence":"n","satellite":"N","instrument":"VIIRS","version":"2.0NRT","bright_ti4":309.1,"frp":2.34,"daynight":"N"},"geometry":{"type":"Point","coordinates":[-122.96939,42.20564]}},{"type":"Feature","properties":{"acq_date":"2026-08-07","acq_time":934,"confidence":"n","satellite":"N","instrument":"VIIRS","version":"2.0NRT","bright_ti4":324.73,"frp":1.89,"daynight":"N"},"geometry":{"type":"Point","coordinates":[-122.97342,42.20589]}},{"type":"Feature","properties":{"acq_date":"2026-08-07","acq_time":934,"confidence":"n","satellite":"N","instrument":"VIIRS","version":"2.0NRT","bright_ti4":302,"frp":3.46,"daynight":"N"},"geometry":{"type":"Point","coordinates":[-122.96098,42.21032]}},{"type":"Feature","properties":{"acq_date":"2026-08-07","acq_time":934,"confidence":"n","satellite":"N","instrument":"VIIRS","version":"2.0NRT","bright_ti4":310.82,"frp":2.34,"daynight":"N"},"geometry":{"type":"Point","coordinates":[-122.96469,42.21054]}},{"type":"Feature","properties":{"acq_date":"2026-08-07","acq_time":934,"confidence":"n","satellite":"N","instrument":"VIIRS","version":"2.0NRT","bright_ti4":321.37,"frp":2.34,"daynight":"N"},"geometry":{"type":"Point","coordinates":[-122.96835,42.21076]}},{"type":"Feature","properties":{"acq_date":"2026-08-07","acq_time":934,"confidence":"n","satellite":"N","instrument":"VIIRS","version":"2.0NRT","bright_ti4":317.35,"frp":1.89,"daynight":"N"},"geometry":{"type":"Point","coordinates":[-122.97213,42.21098]}},{"type":"Feature","properties":{"acq_date":"2026-08-07","acq_time":934,"confidence":"n","satellite":"N","instrument":"VIIRS","version":"2.0NRT","bright_ti4":313.04,"frp":1.89,"daynight":"N"},"geometry":{"type":"Point","coordinates":[-122.97612,42.21122]}},{"type":"Feature","properties":{"acq_date":"2026-08-07","acq_time":934,"confidence":"n","satellite":"N","instrument":"VIIRS","version":"2.0NRT","bright_ti4":305.05,"frp":0.63,"daynight":"N"},"geometry":{"type":"Point","coordinates":[-122.9789,42.21656]}},{"type":"Feature","properties":{"acq_date":"2026-08-07","acq_time":934,"confidence":"n","satellite":"N","instrument":"VIIRS","version":"2.0NRT","bright_ti4":300.26,"frp":1.2,"daynight":"N"},"geometry":{"type":"Point","coordinates":[-116.88808,42.2443]}},{"type":"Feature","properties":{"acq_date":"2026-08-07","acq_time":934,"confidence":"n","satellite":"N","instrument":"VIIRS","version":"2.0NRT","bright_ti4":333.02,"frp":3.58,"daynight":"N"},"geometry":{"type":"Point","coordinates":[-116.89396,42.24881]}},{"type":"Feature","properties":{"acq_date":"2026-08-07","acq_time":934,"confidence":"n","satellite":"N","instrument":"VIIRS","version":"2.0NRT","bright_ti4":324.69,"frp":3.8,"daynight":"N"},"geometry":{"type":"Point","coordinates":[-116.88084,42.25116]}},{"type":"Feature","properties":{"acq_date":"2026-08-07","acq_time":934,"confidence":"n","satellite":"N","instrument":"VIIRS","version":"2.0NRT","bright_ti4":313.73,"frp":3.58,"daynight":"N"},"geometry":{"type":"Point","coordinates":[-116.88691,42.25185]}},{"type":"Feature","properties":{"acq_date":"2026-08-07","acq_time":934,"confidence":"n","satellite":"N","instrument":"VIIRS","version":"2.0NRT","bright_ti4":322.44,"frp":3.31,"daynight":"N"},"geometry":{"type":"Point","coordinates":[-116.87889,42.25468]}},{"type":"Feature","properties":{"acq_date":"2026-08-07","acq_time":934,"confidence":"n","satellite":"N","instrument":"VIIRS","version":"2.0NRT","bright_ti4":322.83,"frp":4.77,"daynight":"N"},"geometry":{"type":"Point","coordinates":[-116.88037,42.25495]}},{"type":"Feature","properties":{"acq_date":"2026-08-07","acq_time":934,"confidence":"n","satellite":"N","instrument":"VIIRS","version":"2.0NRT","bright_ti4":302.13,"frp":1.07,"daynight":"N"},"geometry":{"type":"Point","coordinates":[-116.85268,42.25567]}},{"type":"Feature","properties":{"acq_date":"2026-08-07","acq_time":934,"confidence":"n","satellite":"N","instrument":"VIIRS","version":"2.0NRT","bright_ti4":303.58,"frp":1.34,"daynight":"N"},"geometry":{"type":"Point","coordinates":[-116.85428,42.25581]}},{"type":"Feature","properties":{"acq_date":"2026-08-07","acq_time":934,"confidence":"n","satellite":"N","instrument":"VIIRS","version":"2.0NRT","bright_ti4":315.9,"frp":2.45,"daynight":"N"},"geometry":{"type":"Point","coordinates":[-116.8521,42.25944]}},{"type":"Feature","properties":{"acq_date":"2026-08-07","acq_time":934,"confidence":"n","satellite":"N","instrument":"VIIRS","version":"2.0NRT","bright_ti4":321.41,"frp":3.23,"daynight":"N"},"geometry":{"type":"Point","coordinates":[-116.85373,42.25959]}},{"type":"Feature","properties":{"acq_date":"2026-08-07","acq_time":934,"confidence":"n","satellite":"N","instrument":"VIIRS","version":"2.0NRT","bright_ti4":306.78,"frp":2.45,"daynight":"N"},"geometry":{"type":"Point","coordinates":[-116.85869,42.26015]}},{"type":"Feature","properties":{"acq_date":"2026-08-07","acq_time":934,"confidence":"n","satellite":"N","instrument":"VIIRS","version":"2.0NRT","bright_ti4":305.06,"frp":2.13,"daynight":"N"},"geometry":{"type":"Point","coordinates":[-116.75822,42.2606]}},{"type":"Feature","properties":{"acq_date":"2026-08-07","acq_time":934,"confidence":"n","satellite":"N","instrument":"VIIRS","version":"2.0NRT","bright_ti4":307.55,"frp":2.45,"daynight":"N"},"geometry":{"type":"Point","coordinates":[-116.85153,42.26321]}},{"type":"Feature","properties":{"acq_date":"2026-08-07","acq_time":934,"confidence":"n","satellite":"N","instrument":"VIIRS","version":"2.0NRT","bright_ti4":327.12,"frp":3.23,"daynight":"N"},"geometry":{"type":"Point","coordinates":[-116.85314,42.26337]}},{"type":"Feature","properties":{"acq_date":"2026-08-07","acq_time":934,"confidence":"n","satellite":"N","instrument":"VIIRS","version":"2.0NRT","bright_ti4":336.18,"frp":2.45,"daynight":"N"},"geometry":{"type":"Point","coordinates":[-116.85803,42.26392]}},{"type":"Feature","properties":{"acq_date":"2026-08-07","acq_time":934,"confidence":"n","satellite":"N","instrument":"VIIRS","version":"2.0NRT","bright_ti4":323.31,"frp":5.1,"daynight":"N"},"geometry":{"type":"Point","coordinates":[-116.8596,42.2641]}},{"type":"Feature","properties":{"acq_date":"2026-08-07","acq_time":934,"confidence":"n","satellite":"N","instrument":"VIIRS","version":"2.0NRT","bright_ti4":309.92,"frp":13.04,"daynight":"N"},"geometry":{"type":"Point","coordinates":[-116.69015,42.26446]}},{"type":"Feature","properties":{"acq_date":"2026-08-07","acq_time":934,"confidence":"n","satellite":"N","instrument":"VIIRS","version":"2.0NRT","bright_ti4":354.87,"frp":13.04,"daynight":"N"},"geometry":{"type":"Point","coordinates":[-116.69576,42.26509]}},{"type":"Feature","properties":{"acq_date":"2026-08-07","acq_time":934,"confidence":"n","satellite":"N","instrument":"VIIRS","version":"2.0NRT","bright_ti4":307.96,"frp":4.19,"daynight":"N"},"geometry":{"type":"Point","coordinates":[-116.70157,42.26574]}},{"type":"Feature","properties":{"acq_date":"2026-08-07","acq_time":934,"confidence":"n","satellite":"N","instrument":"VIIRS","version":"2.0NRT","bright_ti4":309.32,"frp":1.54,"daynight":"N"},"geometry":{"type":"Point","coordinates":[-116.88242,42.26659]}},{"type":"Feature","properties":{"acq_date":"2026-08-07","acq_time":934,"confidence":"n","satellite":"N","instrument":"VIIRS","version":"2.0NRT","bright_ti4":310.15,"frp":2.2,"daynight":"N"},"geometry":{"type":"Point","coordinates":[-116.8839,42.26688]}},{"type":"Feature","properties":{"acq_date":"2026-08-07","acq_time":934,"confidence":"n","satellite":"N","instrument":"VIIRS","version":"2.0NRT","bright_ti4":345.08,"frp":13.04,"daynight":"N"},"geometry":{"type":"Point","coordinates":[-116.68928,42.26817]}},{"type":"Feature","properties":{"acq_date":"2026-08-07","acq_time":934,"confidence":"n","satellite":"N","instrument":"VIIRS","version":"2.0NRT","bright_ti4":356.41,"frp":13.04,"daynight":"N"},"geometry":{"type":"Point","coordinates":[-116.69488,42.26881]}},{"type":"Feature","properties":{"acq_date":"2026-08-07","acq_time":934,"confidence":"n","satellite":"N","instrument":"VIIRS","version":"2.0NRT","bright_ti4":306.13,"frp":4.19,"daynight":"N"},"geometry":{"type":"Point","coordinates":[-116.70064,42.26945]}},{"type":"Feature","properties":{"acq_date":"2026-08-07","acq_time":934,"confidence":"n","satellite":"N","instrument":"VIIRS","version":"2.0NRT","bright_ti4":300.04,"frp":0.74,"daynight":"N"},"geometry":{"type":"Point","coordinates":[-116.88142,42.27032]}},{"type":"Feature","properties":{"acq_date":"2026-08-07","acq_time":934,"confidence":"n","satellite":"N","instrument":"VIIRS","version":"2.0NRT","bright_ti4":331.61,"frp":21.09,"daynight":"N"},"geometry":{"type":"Point","coordinates":[-116.68844,42.27189]}},{"type":"Feature","properties":{"acq_date":"2026-08-07","acq_time":934,"confidence":"n","satellite":"N","instrument":"VIIRS","version":"2.0NRT","bright_ti4":349.4,"frp":21.09,"daynight":"N"},"geometry":{"type":"Point","coordinates":[-116.69403,42.27252]}},{"type":"Feature","properties":{"acq_date":"2026-08-07","acq_time":934,"confidence":"n","satellite":"N","instrument":"VIIRS","version":"2.0NRT","bright_ti4":344.87,"frp":21.09,"daynight":"N"},"geometry":{"type":"Point","coordinates":[-116.68759,42.27561]}},{"type":"Feature","properties":{"acq_date":"2026-08-07","acq_time":934,"confidence":"n","satellite":"N","instrument":"VIIRS","version":"2.0NRT","bright_ti4":315.54,"frp":21.09,"daynight":"N"},"geometry":{"type":"Point","coordinates":[-116.69322,42.27625]}},{"type":"Feature","properties":{"acq_date":"2026-08-07","acq_time":934,"confidence":"n","satellite":"N","instrument":"VIIRS","version":"2.0NRT","bright_ti4":303.2,"frp":1.46,"daynight":"N"},"geometry":{"type":"Point","coordinates":[-116.78555,42.27893]}},{"type":"Feature","properties":{"acq_date":"2026-08-07","acq_time":934,"confidence":"n","satellite":"N","instrument":"VIIRS","version":"2.0NRT","bright_ti4":345.34,"frp":8.41,"daynight":"N"},"geometry":{"type":"Point","coordinates":[-116.68679,42.27933]}},{"type":"Feature","properties":{"acq_date":"2026-08-07","acq_time":934,"confidence":"n","satellite":"N","instrument":"VIIRS","version":"2.0NRT","bright_ti4":305.93,"frp":8.41,"daynight":"N"},"geometry":{"type":"Point","coordinates":[-116.69246,42.27997]}},{"type":"Feature","properties":{"acq_date":"2026-08-07","acq_time":934,"confidence":"n","satellite":"N","instrument":"VIIRS","version":"2.0NRT","bright_ti4":306.11,"frp":2.62,"daynight":"N"},"geometry":{"type":"Point","coordinates":[-116.78462,42.28265]}},{"type":"Feature","properties":{"acq_date":"2026-08-07","acq_time":934,"confidence":"n","satellite":"N","instrument":"VIIRS","version":"2.0NRT","bright_ti4":337.82,"frp":8.41,"daynight":"N"},"geometry":{"type":"Point","coordinates":[-116.68617,42.28307]}},{"type":"Feature","properties":{"acq_date":"2026-08-07","acq_time":934,"confidence":"n","satellite":"N","instrument":"VIIRS","version":"2.0NRT","bright_ti4":310.32,"frp":8.41,"daynight":"N"},"geometry":{"type":"Point","coordinates":[-116.69187,42.28372]}},{"type":"Feature","properties":{"acq_date":"2026-08-07","acq_time":934,"confidence":"n","satellite":"N","instrument":"VIIRS","version":"2.0NRT","bright_ti4":310.93,"frp":2.5,"daynight":"N"},"geometry":{"type":"Point","coordinates":[-116.69758,42.28436]}},{"type":"Feature","properties":{"acq_date":"2026-08-07","acq_time":934,"confidence":"n","satellite":"N","instrument":"VIIRS","version":"2.0NRT","bright_ti4":303.65,"frp":1.06,"daynight":"N"},"geometry":{"type":"Point","coordinates":[-116.77747,42.28568]}},{"type":"Feature","properties":{"acq_date":"2026-08-07","acq_time":934,"confidence":"n","satellite":"N","instrument":"VIIRS","version":"2.0NRT","bright_ti4":323.64,"frp":2.62,"daynight":"N"},"geometry":{"type":"Point","coordinates":[-116.78368,42.28637]}},{"type":"Feature","properties":{"acq_date":"2026-08-07","acq_time":934,"confidence":"n","satellite":"N","instrument":"VIIRS","version":"2.0NRT","bright_ti4":318.21,"frp":2.21,"daynight":"N"},"geometry":{"type":"Point","coordinates":[-116.6855,42.28681]}},{"type":"Feature","properties":{"acq_date":"2026-08-07","acq_time":934,"confidence":"n","satellite":"N","instrument":"VIIRS","version":"2.0NRT","bright_ti4":321.92,"frp":2.62,"daynight":"N"},"geometry":{"type":"Point","coordinates":[-116.78989,42.28706]}},{"type":"Feature","properties":{"acq_date":"2026-08-07","acq_time":934,"confidence":"n","satellite":"N","instrument":"VIIRS","version":"2.0NRT","bright_ti4":315.8,"frp":2.21,"daynight":"N"},"geometry":{"type":"Point","coordinates":[-116.69127,42.28746]}},{"type":"Feature","properties":{"acq_date":"2026-08-07","acq_time":934,"confidence":"n","satellite":"N","instrument":"VIIRS","version":"2.0NRT","bright_ti4":306.79,"frp":2.45,"daynight":"N"},"geometry":{"type":"Point","coordinates":[-116.69694,42.2881]}},{"type":"Feature","properties":{"acq_date":"2026-08-07","acq_time":934,"confidence":"n","satellite":"N","instrument":"VIIRS","version":"2.0NRT","bright_ti4":306.29,"frp":0.75,"daynight":"N"},"geometry":{"type":"Point","coordinates":[-116.78277,42.2901]}},{"type":"Feature","properties":{"acq_date":"2026-08-07","acq_time":934,"confidence":"n","satellite":"N","instrument":"VIIRS","version":"2.0NRT","bright_ti4":303.15,"frp":0.8,"daynight":"N"},"geometry":{"type":"Point","coordinates":[-116.66574,42.2922]}},{"type":"Feature","properties":{"acq_date":"2026-08-07","acq_time":934,"confidence":"n","satellite":"N","instrument":"VIIRS","version":"2.0NRT","bright_ti4":300.6,"frp":0.44,"daynight":"N"},"geometry":{"type":"Point","coordinates":[-116.65125,42.30198]}},{"type":"Feature","properties":{"acq_date":"2026-08-07","acq_time":934,"confidence":"n","satellite":"N","instrument":"VIIRS","version":"2.0NRT","bright_ti4":316.74,"frp":1.62,"daynight":"N"},"geometry":{"type":"Point","coordinates":[-116.65639,42.30637]}},{"type":"Feature","properties":{"acq_date":"2026-08-07","acq_time":934,"confidence":"n","satellite":"N","instrument":"VIIRS","version":"2.0NRT","bright_ti4":310.45,"frp":3.22,"daynight":"N"},"geometry":{"type":"Point","coordinates":[-116.71102,42.30877]}},{"type":"Feature","properties":{"acq_date":"2026-08-07","acq_time":934,"confidence":"n","satellite":"N","instrument":"VIIRS","version":"2.0NRT","bright_ti4":302.65,"frp":1.33,"daynight":"N"},"geometry":{"type":"Point","coordinates":[-116.87109,42.31914]}},{"type":"Feature","properties":{"acq_date":"2026-08-07","acq_time":934,"confidence":"n","satellite":"N","instrument":"VIIRS","version":"2.0NRT","bright_ti4":300.91,"frp":1.51,"daynight":"N"},"geometry":{"type":"Point","coordinates":[-116.80142,42.32283]}},{"type":"Feature","properties":{"acq_date":"2026-08-07","acq_time":934,"confidence":"n","satellite":"N","instrument":"VIIRS","version":"2.0NRT","bright_ti4":307.61,"frp":1.63,"daynight":"N"},"geometry":{"type":"Point","coordinates":[-116.87035,42.3229]}},{"type":"Feature","properties":{"acq_date":"2026-08-07","acq_time":934,"confidence":"n","satellite":"N","instrument":"VIIRS","version":"2.0NRT","bright_ti4":300.96,"frp":1.61,"daynight":"N"},"geometry":{"type":"Point","coordinates":[-116.7944,42.32587]}},{"type":"Feature","properties":{"acq_date":"2026-08-07","acq_time":934,"confidence":"n","satellite":"N","instrument":"VIIRS","version":"2.0NRT","bright_ti4":311.48,"frp":1.63,"daynight":"N"},"geometry":{"type":"Point","coordinates":[-116.86956,42.32665]}},{"type":"Feature","properties":{"acq_date":"2026-08-07","acq_time":934,"confidence":"n","satellite":"N","instrument":"VIIRS","version":"2.0NRT","bright_ti4":301.24,"frp":1.82,"daynight":"N"},"geometry":{"type":"Point","coordinates":[-116.79354,42.3296]}},{"type":"Feature","properties":{"acq_date":"2026-08-07","acq_time":934,"confidence":"n","satellite":"N","instrument":"VIIRS","version":"2.0NRT","bright_ti4":305.26,"frp":1.33,"daynight":"N"},"geometry":{"type":"Point","coordinates":[-116.79973,42.3303]}},{"type":"Feature","properties":{"acq_date":"2026-08-07","acq_time":934,"confidence":"n","satellite":"N","instrument":"VIIRS","version":"2.0NRT","bright_ti4":302.35,"frp":1.3,"daynight":"N"},"geometry":{"type":"Point","coordinates":[-116.74329,42.33155]}},{"type":"Feature","properties":{"acq_date":"2026-08-07","acq_time":934,"confidence":"n","satellite":"N","instrument":"VIIRS","version":"2.0NRT","bright_ti4":303.28,"frp":1.7,"daynight":"N"},"geometry":{"type":"Point","coordinates":[-116.78046,42.33194]}},{"type":"Feature","properties":{"acq_date":"2026-08-07","acq_time":934,"confidence":"n","satellite":"N","instrument":"VIIRS","version":"2.0NRT","bright_ti4":302.3,"frp":1.39,"daynight":"N"},"geometry":{"type":"Point","coordinates":[-116.74935,42.33223]}},{"type":"Feature","properties":{"acq_date":"2026-08-07","acq_time":934,"confidence":"n","satellite":"N","instrument":"VIIRS","version":"2.0NRT","bright_ti4":305.95,"frp":1.24,"daynight":"N"},"geometry":{"type":"Point","coordinates":[-116.77348,42.33498]}},{"type":"Feature","properties":{"acq_date":"2026-08-07","acq_time":934,"confidence":"n","satellite":"N","instrument":"VIIRS","version":"2.0NRT","bright_ti4":307,"frp":1.3,"daynight":"N"},"geometry":{"type":"Point","coordinates":[-116.74266,42.3353]}},{"type":"Feature","properties":{"acq_date":"2026-08-07","acq_time":934,"confidence":"n","satellite":"N","instrument":"VIIRS","version":"2.0NRT","bright_ti4":308.73,"frp":1.24,"daynight":"N"},"geometry":{"type":"Point","coordinates":[-116.77956,42.33567]}},{"type":"Feature","properties":{"acq_date":"2026-08-07","acq_time":934,"confidence":"n","satellite":"N","instrument":"VIIRS","version":"2.0NRT","bright_ti4":308.52,"frp":1.39,"daynight":"N"},"geometry":{"type":"Point","coordinates":[-116.74866,42.33598]}},{"type":"Feature","properties":{"acq_date":"2026-08-07","acq_time":934,"confidence":"n","satellite":"N","instrument":"VIIRS","version":"2.0NRT","bright_ti4":307.14,"frp":1.39,"daynight":"N"},"geometry":{"type":"Point","coordinates":[-116.75461,42.33666]}},{"type":"Feature","properties":{"acq_date":"2026-08-07","acq_time":934,"confidence":"n","satellite":"N","instrument":"VIIRS","version":"2.0NRT","bright_ti4":306.84,"frp":1.91,"daynight":"N"},"geometry":{"type":"Point","coordinates":[-116.76055,42.33734]}},{"type":"Feature","properties":{"acq_date":"2026-08-07","acq_time":934,"confidence":"n","satellite":"N","instrument":"VIIRS","version":"2.0NRT","bright_ti4":312.99,"frp":1.91,"daynight":"N"},"geometry":{"type":"Point","coordinates":[-116.76655,42.33802]}},{"type":"Feature","properties":{"acq_date":"2026-08-07","acq_time":934,"confidence":"n","satellite":"N","instrument":"VIIRS","version":"2.0NRT","bright_ti4":306.88,"frp":1.24,"daynight":"N"},"geometry":{"type":"Point","coordinates":[-116.77259,42.33871]}},{"type":"Feature","properties":{"acq_date":"2026-08-07","acq_time":934,"confidence":"n","satellite":"N","instrument":"VIIRS","version":"2.0NRT","bright_ti4":309.89,"frp":1.24,"daynight":"N"},"geometry":{"type":"Point","coordinates":[-116.77869,42.33941]}},{"type":"Feature","properties":{"acq_date":"2026-08-07","acq_time":934,"confidence":"n","satellite":"N","instrument":"VIIRS","version":"2.0NRT","bright_ti4":308.77,"frp":1.59,"daynight":"N"},"geometry":{"type":"Point","coordinates":[-116.74796,42.33973]}},{"type":"Feature","properties":{"acq_date":"2026-08-07","acq_time":934,"confidence":"n","satellite":"N","instrument":"VIIRS","version":"2.0NRT","bright_ti4":306.93,"frp":2.46,"daynight":"N"},"geometry":{"type":"Point","coordinates":[-116.75979,42.34107]}},{"type":"Feature","properties":{"acq_date":"2026-08-07","acq_time":934,"confidence":"n","satellite":"N","instrument":"VIIRS","version":"2.0NRT","bright_ti4":309.01,"frp":1.59,"daynight":"N"},"geometry":{"type":"Point","coordinates":[-116.74722,42.34347]}},{"type":"Feature","properties":{"acq_date":"2026-08-07","acq_time":934,"confidence":"n","satellite":"N","instrument":"VIIRS","version":"2.0NRT","bright_ti4":307.48,"frp":1.59,"daynight":"N"},"geometry":{"type":"Point","coordinates":[-116.75311,42.34414]}},{"type":"Feature","properties":{"acq_date":"2026-08-07","acq_time":934,"confidence":"n","satellite":"N","instrument":"VIIRS","version":"2.0NRT","bright_ti4":299.79,"frp":2.43,"daynight":"N"},"geometry":{"type":"Point","coordinates":[-116.74055,42.34653]}},{"type":"Feature","properties":{"acq_date":"2026-08-07","acq_time":934,"confidence":"n","satellite":"N","instrument":"VIIRS","version":"2.0NRT","bright_ti4":307.7,"frp":2.23,"daynight":"N"},"geometry":{"type":"Point","coordinates":[-116.74624,42.34718]}},{"type":"Feature","properties":{"acq_date":"2026-08-07","acq_time":934,"confidence":"n","satellite":"N","instrument":"VIIRS","version":"2.0NRT","bright_ti4":307.58,"frp":1.89,"daynight":"N"},"geometry":{"type":"Point","coordinates":[-116.74644,42.34721]}},{"type":"Feature","properties":{"acq_date":"2026-08-07","acq_time":934,"confidence":"n","satellite":"N","instrument":"VIIRS","version":"2.0NRT","bright_ti4":308.79,"frp":1.44,"daynight":"N"},"geometry":{"type":"Point","coordinates":[-116.75214,42.34782]}},{"type":"Feature","properties":{"acq_date":"2026-08-07","acq_time":934,"confidence":"n","satellite":"N","instrument":"VIIRS","version":"2.0NRT","bright_ti4":308.02,"frp":1.89,"daynight":"N"},"geometry":{"type":"Point","coordinates":[-116.75233,42.34788]}},{"type":"Feature","properties":{"acq_date":"2026-08-07","acq_time":934,"confidence":"n","satellite":"N","instrument":"VIIRS","version":"2.0NRT","bright_ti4":313.94,"frp":2.23,"daynight":"N"},"geometry":{"type":"Point","coordinates":[-116.74545,42.35091]}},{"type":"Feature","properties":{"acq_date":"2026-08-07","acq_time":934,"confidence":"n","satellite":"N","instrument":"VIIRS","version":"2.0NRT","bright_ti4":315.77,"frp":1.89,"daynight":"N"},"geometry":{"type":"Point","coordinates":[-116.74565,42.35094]}},{"type":"Feature","properties":{"acq_date":"2026-08-07","acq_time":934,"confidence":"n","satellite":"N","instrument":"VIIRS","version":"2.0NRT","bright_ti4":301.98,"frp":1.44,"daynight":"N"},"geometry":{"type":"Point","coordinates":[-116.75134,42.35156]}},{"type":"Feature","properties":{"acq_date":"2026-08-07","acq_time":934,"confidence":"n","satellite":"N","instrument":"VIIRS","version":"2.0NRT","bright_ti4":300.3,"frp":1.75,"daynight":"N"},"geometry":{"type":"Point","coordinates":[-116.74905,42.36278]}},{"type":"Feature","properties":{"acq_date":"2026-08-07","acq_time":934,"confidence":"n","satellite":"N","instrument":"VIIRS","version":"2.0NRT","bright_ti4":303.68,"frp":0.79,"daynight":"N"},"geometry":{"type":"Point","coordinates":[-116.80394,42.365]}},{"type":"Feature","properties":{"acq_date":"2026-08-07","acq_time":934,"confidence":"n","satellite":"N","instrument":"VIIRS","version":"2.0NRT","bright_ti4":303.4,"frp":1.23,"daynight":"N"},"geometry":{"type":"Point","coordinates":[-116.80408,42.36529]}},{"type":"Feature","properties":{"acq_date":"2026-08-07","acq_time":934,"confidence":"n","satellite":"N","instrument":"VIIRS","version":"2.0NRT","bright_ti4":303.01,"frp":0.97,"daynight":"N"},"geometry":{"type":"Point","coordinates":[-116.78932,42.37489]}},{"type":"Feature","properties":{"acq_date":"2026-08-07","acq_time":934,"confidence":"n","satellite":"N","instrument":"VIIRS","version":"2.0NRT","bright_ti4":302.25,"frp":0.97,"daynight":"N"},"geometry":{"type":"Point","coordinates":[-116.78848,42.37862]}},{"type":"Feature","properties":{"acq_date":"2026-08-07","acq_time":934,"confidence":"n","satellite":"N","instrument":"VIIRS","version":"2.0NRT","bright_ti4":305.11,"frp":2.74,"daynight":"N"},"geometry":{"type":"Point","coordinates":[-116.80048,42.37995]}},{"type":"Feature","properties":{"acq_date":"2026-08-07","acq_time":934,"confidence":"n","satellite":"N","instrument":"VIIRS","version":"2.0NRT","bright_ti4":300.96,"frp":1.04,"daynight":"N"},"geometry":{"type":"Point","coordinates":[-116.77573,42.38104]}},{"type":"Feature","properties":{"acq_date":"2026-08-07","acq_time":934,"confidence":"n","satellite":"N","instrument":"VIIRS","version":"2.0NRT","bright_ti4":305.5,"frp":1.35,"daynight":"N"},"geometry":{"type":"Point","coordinates":[-116.78754,42.38235]}},{"type":"Feature","properties":{"acq_date":"2026-08-07","acq_time":934,"confidence":"n","satellite":"N","instrument":"VIIRS","version":"2.0NRT","bright_ti4":303.77,"frp":1.04,"daynight":"N"},"geometry":{"type":"Point","coordinates":[-116.75704,42.3828]}},{"type":"Feature","properties":{"acq_date":"2026-08-07","acq_time":934,"confidence":"n","satellite":"N","instrument":"VIIRS","version":"2.0NRT","bright_ti4":310.63,"frp":2.13,"daynight":"N"},"geometry":{"type":"Point","coordinates":[-116.79353,42.38302]}},{"type":"Feature","properties":{"acq_date":"2026-08-07","acq_time":934,"confidence":"n","satellite":"N","instrument":"VIIRS","version":"2.0NRT","bright_ti4":302.6,"frp":1.04,"daynight":"N"},"geometry":{"type":"Point","coordinates":[-116.763,42.38345]}},{"type":"Feature","properties":{"acq_date":"2026-08-07","acq_time":934,"confidence":"n","satellite":"N","instrument":"VIIRS","version":"2.0NRT","bright_ti4":302.48,"frp":1.04,"daynight":"N"},"geometry":{"type":"Point","coordinates":[-116.76893,42.38411]}},{"type":"Feature","properties":{"acq_date":"2026-08-07","acq_time":934,"confidence":"n","satellite":"N","instrument":"VIIRS","version":"2.0NRT","bright_ti4":310.65,"frp":1.04,"daynight":"N"},"geometry":{"type":"Point","coordinates":[-116.77486,42.38477]}},{"type":"Feature","properties":{"acq_date":"2026-08-07","acq_time":934,"confidence":"n","satellite":"N","instrument":"VIIRS","version":"2.0NRT","bright_ti4":302.48,"frp":1.35,"daynight":"N"},"geometry":{"type":"Point","coordinates":[-116.78075,42.38543]}},{"type":"Feature","properties":{"acq_date":"2026-08-07","acq_time":934,"confidence":"n","satellite":"N","instrument":"VIIRS","version":"2.0NRT","bright_ti4":309.59,"frp":1.35,"daynight":"N"},"geometry":{"type":"Point","coordinates":[-116.78658,42.38608]}},{"type":"Feature","properties":{"acq_date":"2026-08-07","acq_time":934,"confidence":"n","satellite":"N","instrument":"VIIRS","version":"2.0NRT","bright_ti4":312.95,"frp":2.13,"daynight":"N"},"geometry":{"type":"Point","coordinates":[-116.79256,42.38674]}},{"type":"Feature","properties":{"acq_date":"2026-08-07","acq_time":934,"confidence":"n","satellite":"N","instrument":"VIIRS","version":"2.0NRT","bright_ti4":315.94,"frp":2.13,"daynight":"N"},"geometry":{"type":"Point","coordinates":[-116.79861,42.38741]}},{"type":"Feature","properties":{"acq_date":"2026-08-07","acq_time":934,"confidence":"n","satellite":"N","instrument":"VIIRS","version":"2.0NRT","bright_ti4":305.15,"frp":1.41,"daynight":"N"},"geometry":{"type":"Point","coordinates":[-116.76804,42.38785]}},{"type":"Feature","properties":{"acq_date":"2026-08-07","acq_time":934,"confidence":"n","satellite":"N","instrument":"VIIRS","version":"2.0NRT","bright_ti4":309.64,"frp":1.41,"daynight":"N"},"geometry":{"type":"Point","coordinates":[-116.77396,42.3885]}},{"type":"Feature","properties":{"acq_date":"2026-08-07","acq_time":934,"confidence":"n","satellite":"N","instrument":"VIIRS","version":"2.0NRT","bright_ti4":307.96,"frp":2.18,"daynight":"N"},"geometry":{"type":"Point","coordinates":[-116.77983,42.38916]}},{"type":"Feature","properties":{"acq_date":"2026-08-07","acq_time":934,"confidence":"n","satellite":"N","instrument":"VIIRS","version":"2.0NRT","bright_ti4":300.15,"frp":1.76,"daynight":"N"},"geometry":{"type":"Point","coordinates":[-116.74938,42.38959]}},{"type":"Feature","properties":{"acq_date":"2026-08-07","acq_time":934,"confidence":"n","satellite":"N","instrument":"VIIRS","version":"2.0NRT","bright_ti4":304.13,"frp":2.77,"daynight":"N"},"geometry":{"type":"Point","coordinates":[-116.75531,42.39026]}},{"type":"Feature","properties":{"acq_date":"2026-08-07","acq_time":934,"confidence":"n","satellite":"N","instrument":"VIIRS","version":"2.0NRT","bright_ti4":305.11,"frp":1.75,"daynight":"N"},"geometry":{"type":"Point","coordinates":[-116.89791,42.39066]}},{"type":"Feature","properties":{"acq_date":"2026-08-07","acq_time":934,"confidence":"n","satellite":"N","instrument":"VIIRS","version":"2.0NRT","bright_ti4":316.91,"frp":3.35,"daynight":"N"},"geometry":{"type":"Point","coordinates":[-116.79765,42.39114]}},{"type":"Feature","properties":{"acq_date":"2026-08-07","acq_time":934,"confidence":"n","satellite":"N","instrument":"VIIRS","version":"2.0NRT","bright_ti4":308.76,"frp":1.41,"daynight":"N"},"geometry":{"type":"Point","coordinates":[-116.7671,42.39157]}},{"type":"Feature","properties":{"acq_date":"2026-08-07","acq_time":934,"confidence":"n","satellite":"N","instrument":"VIIRS","version":"2.0NRT","bright_ti4":302.89,"frp":1.75,"daynight":"N"},"geometry":{"type":"Point","coordinates":[-116.74849,42.39332]}},{"type":"Feature","properties":{"acq_date":"2026-08-07","acq_time":934,"confidence":"n","satellite":"N","instrument":"VIIRS","version":"2.0NRT","bright_ti4":303.27,"frp":1.21,"daynight":"N"},"geometry":{"type":"Point","coordinates":[-116.75443,42.39398]}},{"type":"Feature","properties":{"acq_date":"2026-08-07","acq_time":934,"confidence":"n","satellite":"N","instrument":"VIIRS","version":"2.0NRT","bright_ti4":300.97,"frp":1.21,"daynight":"N"},"geometry":{"type":"Point","coordinates":[-116.76034,42.39465]}},{"type":"Feature","properties":{"acq_date":"2026-08-07","acq_time":934,"confidence":"n","satellite":"N","instrument":"VIIRS","version":"2.0NRT","bright_ti4":304.81,"frp":1.75,"daynight":"N"},"geometry":{"type":"Point","coordinates":[-116.76617,42.39529]}},{"type":"Feature","properties":{"acq_date":"2026-08-07","acq_time":934,"confidence":"n","satellite":"N","instrument":"VIIRS","version":"2.0NRT","bright_ti4":310.75,"frp":2.31,"daynight":"N"},"geometry":{"type":"Point","coordinates":[-116.80297,42.39556]}},{"type":"Feature","properties":{"acq_date":"2026-08-07","acq_time":934,"confidence":"n","satellite":"N","instrument":"VIIRS","version":"2.0NRT","bright_ti4":310.03,"frp":2.31,"daynight":"N"},"geometry":{"type":"Point","coordinates":[-116.8093,42.39626]}},{"type":"Feature","properties":{"acq_date":"2026-08-07","acq_time":934,"confidence":"n","satellite":"N","instrument":"VIIRS","version":"2.0NRT","bright_ti4":315.66,"frp":3.17,"daynight":"N"},"geometry":{"type":"Point","coordinates":[-116.7897,42.39792]}},{"type":"Feature","properties":{"acq_date":"2026-08-07","acq_time":934,"confidence":"n","satellite":"N","instrument":"VIIRS","version":"2.0NRT","bright_ti4":310.88,"frp":1.21,"daynight":"N"},"geometry":{"type":"Point","coordinates":[-116.75948,42.39838]}},{"type":"Feature","properties":{"acq_date":"2026-08-07","acq_time":934,"confidence":"n","satellite":"N","instrument":"VIIRS","version":"2.0NRT","bright_ti4":314.22,"frp":3.17,"daynight":"N"},"geometry":{"type":"Point","coordinates":[-116.79582,42.3986]}},{"type":"Feature","properties":{"acq_date":"2026-08-07","acq_time":934,"confidence":"n","satellite":"N","instrument":"VIIRS","version":"2.0NRT","bright_ti4":312.47,"frp":1.75,"daynight":"N"},"geometry":{"type":"Point","coordinates":[-116.76532,42.39903]}},{"type":"Feature","properties":{"acq_date":"2026-08-07","acq_time":934,"confidence":"n","satellite":"N","instrument":"VIIRS","version":"2.0NRT","bright_ti4":322.8,"frp":2.46,"daynight":"N"},"geometry":{"type":"Point","coordinates":[-116.80211,42.3993]}},{"type":"Feature","properties":{"acq_date":"2026-08-07","acq_time":934,"confidence":"n","satellite":"N","instrument":"VIIRS","version":"2.0NRT","bright_ti4":305.18,"frp":1.71,"daynight":"N"},"geometry":{"type":"Point","coordinates":[-116.73492,42.39945]}},{"type":"Feature","properties":{"acq_date":"2026-08-07","acq_time":934,"confidence":"n","satellite":"N","instrument":"VIIRS","version":"2.0NRT","bright_ti4":316.48,"frp":2.46,"daynight":"N"},"geometry":{"type":"Point","coordinates":[-116.80838,42.39999]}},{"type":"Feature","properties":{"acq_date":"2026-08-07","acq_time":934,"confidence":"n","satellite":"N","instrument":"VIIRS","version":"2.0NRT","bright_ti4":310.42,"frp":2.54,"daynight":"N"},"geometry":{"type":"Point","coordinates":[-116.77697,42.40033]}},{"type":"Feature","properties":{"acq_date":"2026-08-07","acq_time":934,"confidence":"n","satellite":"N","instrument":"VIIRS","version":"2.0NRT","bright_ti4":307.35,"frp":1.91,"daynight":"N"},"geometry":{"type":"Point","coordinates":[-116.81453,42.40068]}},{"type":"Feature","properties":{"acq_date":"2026-08-07","acq_time":934,"confidence":"n","satellite":"N","instrument":"VIIRS","version":"2.0NRT","bright_ti4":320.97,"frp":2.54,"daynight":"N"},"geometry":{"type":"Point","coordinates":[-116.78286,42.40099]}},{"type":"Feature","properties":{"acq_date":"2026-08-07","acq_time":934,"confidence":"n","satellite":"N","instrument":"VIIRS","version":"2.0NRT","bright_ti4":301.24,"frp":0.81,"daynight":"N"},"geometry":{"type":"Point","coordinates":[-116.88905,42.40124]}},{"type":"Feature","properties":{"acq_date":"2026-08-07","acq_time":934,"confidence":"n","satellite":"N","instrument":"VIIRS","version":"2.0NRT","bright_ti4":301.52,"frp":0.51,"daynight":"N"},"geometry":{"type":"Point","coordinates":[-116.85796,42.40165]}},{"type":"Feature","properties":{"acq_date":"2026-08-07","acq_time":934,"confidence":"n","satellite":"N","instrument":"VIIRS","version":"2.0NRT","bright_ti4":332.9,"frp":3.17,"daynight":"N"},"geometry":{"type":"Point","coordinates":[-116.78886,42.40166]}},{"type":"Feature","properties":{"acq_date":"2026-08-07","acq_time":934,"confidence":"n","satellite":"N","instrument":"VIIRS","version":"2.0NRT","bright_ti4":322.6,"frp":3.17,"daynight":"N"},"geometry":{"type":"Point","coordinates":[-116.79502,42.40234]}},{"type":"Feature","properties":{"acq_date":"2026-08-07","acq_time":934,"confidence":"n","satellite":"N","instrument":"VIIRS","version":"2.0NRT","bright_ti4":316.97,"frp":2.2,"daynight":"N"},"geometry":{"type":"Point","coordinates":[-116.76452,42.40277]}},{"type":"Feature","properties":{"acq_date":"2026-08-07","acq_time":934,"confidence":"n","satellite":"N","instrument":"VIIRS","version":"2.0NRT","bright_ti4":322.9,"frp":2.46,"daynight":"N"},"geometry":{"type":"Point","coordinates":[-116.80128,42.40305]}},{"type":"Feature","properties":{"acq_date":"2026-08-07","acq_time":934,"confidence":"n","satellite":"N","instrument":"VIIRS","version":"2.0NRT","bright_ti4":319.42,"frp":2.2,"daynight":"N"},"geometry":{"type":"Point","coordinates":[-116.77026,42.40341]}},{"type":"Feature","properties":{"acq_date":"2026-08-07","acq_time":934,"confidence":"n","satellite":"N","instrument":"VIIRS","version":"2.0NRT","bright_ti4":313.05,"frp":2.46,"daynight":"N"},"geometry":{"type":"Point","coordinates":[-116.8075,42.40373]}},{"type":"Feature","properties":{"acq_date":"2026-08-07","acq_time":934,"confidence":"n","satellite":"N","instrument":"VIIRS","version":"2.0NRT","bright_ti4":333.74,"frp":4.11,"daynight":"N"},"geometry":{"type":"Point","coordinates":[-116.77608,42.40406]}},{"type":"Feature","properties":{"acq_date":"2026-08-07","acq_time":934,"confidence":"n","satellite":"N","instrument":"VIIRS","version":"2.0NRT","bright_ti4":324.84,"frp":4.11,"daynight":"N"},"geometry":{"type":"Point","coordinates":[-116.78201,42.40473]}},{"type":"Feature","properties":{"acq_date":"2026-08-07","acq_time":934,"confidence":"n","satellite":"N","instrument":"VIIRS","version":"2.0NRT","bright_ti4":308.44,"frp":1.91,"daynight":"N"},"geometry":{"type":"Point","coordinates":[-116.81966,42.40509]}},{"type":"Feature","properties":{"acq_date":"2026-08-07","acq_time":934,"confidence":"n","satellite":"N","instrument":"VIIRS","version":"2.0NRT","bright_ti4":328.14,"frp":3.78,"daynight":"N"},"geometry":{"type":"Point","coordinates":[-116.78802,42.4054]}},{"type":"Feature","properties":{"acq_date":"2026-08-07","acq_time":934,"confidence":"n","satellite":"N","instrument":"VIIRS","version":"2.0NRT","bright_ti4":303.66,"frp":0.63,"daynight":"N"},"geometry":{"type":"Point","coordinates":[-116.82561,42.40575]}},{"type":"Feature","properties":{"acq_date":"2026-08-07","acq_time":934,"confidence":"n","satellite":"N","instrument":"VIIRS","version":"2.0NRT","bright_ti4":318.13,"frp":3.78,"daynight":"N"},"geometry":{"type":"Point","coordinates":[-116.7942,42.40609]}},{"type":"Feature","properties":{"acq_date":"2026-08-07","acq_time":934,"confidence":"n","satellite":"N","instrument":"VIIRS","version":"2.0NRT","bright_ti4":322.62,"frp":2.04,"daynight":"N"},"geometry":{"type":"Point","coordinates":[-116.80045,42.40678]}},{"type":"Feature","properties":{"acq_date":"2026-08-07","acq_time":934,"confidence":"n","satellite":"N","instrument":"VIIRS","version":"2.0NRT","bright_ti4":313.15,"frp":2.2,"daynight":"N"},"geometry":{"type":"Point","coordinates":[-116.7695,42.40716]}},{"type":"Feature","properties":{"acq_date":"2026-08-07","acq_time":934,"confidence":"n","satellite":"N","instrument":"VIIRS","version":"2.0NRT","bright_ti4":317.9,"frp":2.04,"daynight":"N"},"geometry":{"type":"Point","coordinates":[-116.80666,42.40748]}},{"type":"Feature","properties":{"acq_date":"2026-08-07","acq_time":934,"confidence":"n","satellite":"N","instrument":"VIIRS","version":"2.0NRT","bright_ti4":298.78,"frp":2.01,"daynight":"N"},"geometry":{"type":"Point","coordinates":[-116.73912,42.40757]}},{"type":"Feature","properties":{"acq_date":"2026-08-07","acq_time":934,"confidence":"n","satellite":"N","instrument":"VIIRS","version":"2.0NRT","bright_ti4":332.21,"frp":4.11,"daynight":"N"},"geometry":{"type":"Point","coordinates":[-116.77536,42.40781]}},{"type":"Feature","properties":{"acq_date":"2026-08-07","acq_time":934,"confidence":"n","satellite":"N","instrument":"VIIRS","version":"2.0NRT","bright_ti4":310.91,"frp":2.1,"daynight":"N"},"geometry":{"type":"Point","coordinates":[-116.81277,42.40816]}},{"type":"Feature","properties":{"acq_date":"2026-08-07","acq_time":934,"confidence":"n","satellite":"N","instrument":"VIIRS","version":"2.0NRT","bright_ti4":319.85,"frp":4.11,"daynight":"N"},"geometry":{"type":"Point","coordinates":[-116.78127,42.40847]}},{"type":"Feature","properties":{"acq_date":"2026-08-07","acq_time":934,"confidence":"n","satellite":"N","instrument":"VIIRS","version":"2.0NRT","bright_ti4":317.5,"frp":2.1,"daynight":"N"},"geometry":{"type":"Point","coordinates":[-116.8188,42.40883]}},{"type":"Feature","properties":{"acq_date":"2026-08-07","acq_time":934,"confidence":"n","satellite":"N","instrument":"VIIRS","version":"2.0NRT","bright_ti4":315.43,"frp":2.06,"daynight":"N"},"geometry":{"type":"Point","coordinates":[-116.82473,42.40949]}},{"type":"Feature","properties":{"acq_date":"2026-08-07","acq_time":934,"confidence":"n","satellite":"N","instrument":"VIIRS","version":"2.0NRT","bright_ti4":300.07,"frp":2.06,"daynight":"N"},"geometry":{"type":"Point","coordinates":[-116.8308,42.41016]}},{"type":"Feature","properties":{"acq_date":"2026-08-07","acq_time":934,"confidence":"n","satellite":"N","instrument":"VIIRS","version":"2.0NRT","bright_ti4":313.72,"frp":2.04,"daynight":"N"},"geometry":{"type":"Point","coordinates":[-116.79962,42.41052]}},{"type":"Feature","properties":{"acq_date":"2026-08-07","acq_time":934,"confidence":"n","satellite":"N","instrument":"VIIRS","version":"2.0NRT","bright_ti4":307.82,"frp":1.9,"daynight":"N"},"geometry":{"type":"Point","coordinates":[-116.76874,42.4109]}},{"type":"Feature","properties":{"acq_date":"2026-08-07","acq_time":934,"confidence":"n","satellite":"N","instrument":"VIIRS","version":"2.0NRT","bright_ti4":306.89,"frp":2.04,"daynight":"N"},"geometry":{"type":"Point","coordinates":[-116.80581,42.41122]}},{"type":"Feature","properties":{"acq_date":"2026-08-07","acq_time":934,"confidence":"n","satellite":"N","instrument":"VIIRS","version":"2.0NRT","bright_ti4":326.82,"frp":2.01,"daynight":"N"},"geometry":{"type":"Point","coordinates":[-116.73831,42.41131]}},{"type":"Feature","properties":{"acq_date":"2026-08-07","acq_time":934,"confidence":"n","satellite":"N","instrument":"VIIRS","version":"2.0NRT","bright_ti4":319.17,"frp":2.88,"daynight":"N"},"geometry":{"type":"Point","coordinates":[-116.77465,42.41156]}},{"type":"Feature","properties":{"acq_date":"2026-08-07","acq_time":934,"confidence":"n","satellite":"N","instrument":"VIIRS","version":"2.0NRT","bright_ti4":312.25,"frp":2.1,"daynight":"N"},"geometry":{"type":"Point","coordinates":[-116.81194,42.4119]}},{"type":"Feature","properties":{"acq_date":"2026-08-07","acq_time":934,"confidence":"n","satellite":"N","instrument":"VIIRS","version":"2.0NRT","bright_ti4":317.16,"frp":4.22,"daynight":"N"},"geometry":{"type":"Point","coordinates":[-116.84939,42.41223]}},{"type":"Feature","properties":{"acq_date":"2026-08-07","acq_time":934,"confidence":"n","satellite":"N","instrument":"VIIRS","version":"2.0NRT","bright_ti4":313.53,"frp":2.88,"daynight":"N"},"geometry":{"type":"Point","coordinates":[-116.78056,42.41223]}},{"type":"Feature","properties":{"acq_date":"2026-08-07","acq_time":934,"confidence":"n","satellite":"N","instrument":"VIIRS","version":"2.0NRT","bright_ti4":316.55,"frp":2.1,"daynight":"N"},"geometry":{"type":"Point","coordinates":[-116.81792,42.41256]}},{"type":"Feature","properties":{"acq_date":"2026-08-07","acq_time":934,"confidence":"n","satellite":"N","instrument":"VIIRS","version":"2.0NRT","bright_ti4":310.51,"frp":4.22,"daynight":"N"},"geometry":{"type":"Point","coordinates":[-116.85529,42.41289]}},{"type":"Feature","properties":{"acq_date":"2026-08-07","acq_time":934,"confidence":"n","satellite":"N","instrument":"VIIRS","version":"2.0NRT","bright_ti4":312.41,"frp":2.51,"daynight":"N"},"geometry":{"type":"Point","coordinates":[-116.78651,42.41289]}},{"type":"Feature","properties":{"acq_date":"2026-08-07","acq_time":934,"confidence":"n","satellite":"N","instrument":"VIIRS","version":"2.0NRT","bright_ti4":329.82,"frp":2.06,"daynight":"N"},"geometry":{"type":"Point","coordinates":[-116.82384,42.41323]}},{"type":"Feature","properties":{"acq_date":"2026-08-07","acq_time":934,"confidence":"n","satellite":"N","instrument":"VIIRS","version":"2.0NRT","bright_ti4":312.77,"frp":2.51,"daynight":"N"},"geometry":{"type":"Point","coordinates":[-116.79264,42.41357]}},{"type":"Feature","properties":{"acq_date":"2026-08-07","acq_time":934,"confidence":"n","satellite":"N","instrument":"VIIRS","version":"2.0NRT","bright_ti4":303.04,"frp":3.32,"daynight":"N"},"geometry":{"type":"Point","coordinates":[-116.72585,42.41373]}},{"type":"Feature","properties":{"acq_date":"2026-08-07","acq_time":934,"confidence":"n","satellite":"N","instrument":"VIIRS","version":"2.0NRT","bright_ti4":308.75,"frp":2.06,"daynight":"N"},"geometry":{"type":"Point","coordinates":[-116.82981,42.4139]}},{"type":"Feature","properties":{"acq_date":"2026-08-07","acq_time":934,"confidence":"n","satellite":"N","instrument":"VIIRS","version":"2.0NRT","bright_ti4":310.51,"frp":1.71,"daynight":"N"},"geometry":{"type":"Point","coordinates":[-116.79883,42.41427]}},{"type":"Feature","properties":{"acq_date":"2026-08-07","acq_time":934,"confidence":"n","satellite":"N","instrument":"VIIRS","version":"2.0NRT","bright_ti4":311.31,"frp":1.87,"daynight":"N"},"geometry":{"type":"Point","coordinates":[-116.83611,42.4146]}},{"type":"Feature","properties":{"acq_date":"2026-08-07","acq_time":934,"confidence":"n","satellite":"N","instrument":"VIIRS","version":"2.0NRT","bright_ti4":307.15,"frp":1.71,"daynight":"N"},"geometry":{"type":"Point","coordinates":[-116.80501,42.41496]}},{"type":"Feature","properties":{"acq_date":"2026-08-07","acq_time":934,"confidence":"n","satellite":"N","instrument":"VIIRS","version":"2.0NRT","bright_ti4":309.09,"frp":1.87,"daynight":"N"},"geometry":{"type":"Point","coordinates":[-116.8423,42.41528]}},{"type":"Feature","properties":{"acq_date":"2026-08-07","acq_time":934,"confidence":"n","satellite":"N","instrument":"VIIRS","version":"2.0NRT","bright_ti4":312.94,"frp":2.93,"daynight":"N"},"geometry":{"type":"Point","coordinates":[-116.81107,42.41564]}},{"type":"Feature","properties":{"acq_date":"2026-08-07","acq_time":934,"confidence":"n","satellite":"N","instrument":"VIIRS","version":"2.0NRT","bright_ti4":342.48,"frp":4.22,"daynight":"N"},"geometry":{"type":"Point","coordinates":[-116.84837,42.41596]}},{"type":"Feature","properties":{"acq_date":"2026-08-07","acq_time":934,"confidence":"n","satellite":"N","instrument":"VIIRS","version":"2.0NRT","bright_ti4":321.98,"frp":2.88,"daynight":"N"},"geometry":{"type":"Point","coordinates":[-116.77984,42.41597]}},{"type":"Feature","properties":{"acq_date":"2026-08-07","acq_time":934,"confidence":"n","satellite":"N","instrument":"VIIRS","version":"2.0NRT","bright_ti4":303.14,"frp":2.17,"daynight":"N"},"geometry":{"type":"Point","coordinates":[-116.71356,42.41616]}},{"type":"Feature","properties":{"acq_date":"2026-08-07","acq_time":934,"confidence":"n","satellite":"N","instrument":"VIIRS","version":"2.0NRT","bright_ti4":320.1,"frp":2.93,"daynight":"N"},"geometry":{"type":"Point","coordinates":[-116.81701,42.41631]}},{"type":"Feature","properties":{"acq_date":"2026-08-07","acq_time":934,"confidence":"n","satellite":"N","instrument":"VIIRS","version":"2.0NRT","bright_ti4":343.36,"frp":4.22,"daynight":"N"},"geometry":{"type":"Point","coordinates":[-116.8544,42.41663]}},{"type":"Feature","properties":{"acq_date":"2026-08-07","acq_time":934,"confidence":"n","satellite":"N","instrument":"VIIRS","version":"2.0NRT","bright_ti4":314.94,"frp":2.51,"daynight":"N"},"geometry":{"type":"Point","coordinates":[-116.78587,42.41665]}},{"type":"Feature","properties":{"acq_date":"2026-08-07","acq_time":934,"confidence":"n","satellite":"N","instrument":"VIIRS","version":"2.0NRT","bright_ti4":323.9,"frp":2.17,"daynight":"N"},"geometry":{"type":"Point","coordinates":[-116.71938,42.41682]}},{"type":"Feature","properties":{"acq_date":"2026-08-07","acq_time":934,"confidence":"n","satellite":"N","instrument":"VIIRS","version":"2.0NRT","bright_ti4":323.39,"frp":2.79,"daynight":"N"},"geometry":{"type":"Point","coordinates":[-116.82288,42.41696]}},{"type":"Feature","properties":{"acq_date":"2026-08-07","acq_time":934,"confidence":"n","satellite":"N","instrument":"VIIRS","version":"2.0NRT","bright_ti4":323.33,"frp":2.51,"daynight":"N"},"geometry":{"type":"Point","coordinates":[-116.79196,42.41733]}},{"type":"Feature","properties":{"acq_date":"2026-08-07","acq_time":934,"confidence":"n","satellite":"N","instrument":"VIIRS","version":"2.0NRT","bright_ti4":337.44,"frp":3.32,"daynight":"N"},"geometry":{"type":"Point","coordinates":[-116.72514,42.41747]}},{"type":"Feature","properties":{"acq_date":"2026-08-07","acq_time":934,"confidence":"n","satellite":"N","instrument":"VIIRS","version":"2.0NRT","bright_ti4":312.71,"frp":2.79,"daynight":"N"},"geometry":{"type":"Point","coordinates":[-116.82883,42.41762]}},{"type":"Feature","properties":{"acq_date":"2026-08-07","acq_time":934,"confidence":"n","satellite":"N","instrument":"VIIRS","version":"2.0NRT","bright_ti4":316.59,"frp":1.71,"daynight":"N"},"geometry":{"type":"Point","coordinates":[-116.7981,42.41802]}},{"type":"Feature","properties":{"acq_date":"2026-08-07","acq_time":934,"confidence":"n","satellite":"N","instrument":"VIIRS","version":"2.0NRT","bright_ti4":314.95,"frp":3.32,"daynight":"N"},"geometry":{"type":"Point","coordinates":[-116.73091,42.41812]}},{"type":"Feature","properties":{"acq_date":"2026-08-07","acq_time":934,"confidence":"n","satellite":"N","instrument":"VIIRS","version":"2.0NRT","bright_ti4":314.39,"frp":1.2,"daynight":"N"},"geometry":{"type":"Point","coordinates":[-116.83501,42.41831]}},{"type":"Feature","properties":{"acq_date":"2026-08-07","acq_time":934,"confidence":"n","satellite":"N","instrument":"VIIRS","version":"2.0NRT","bright_ti4":307.23,"frp":1.71,"daynight":"N"},"geometry":{"type":"Point","coordinates":[-116.80424,42.41871]}},{"type":"Feature","properties":{"acq_date":"2026-08-07","acq_time":934,"confidence":"n","satellite":"N","instrument":"VIIRS","version":"2.0NRT","bright_ti4":306.35,"frp":1.2,"daynight":"N"},"geometry":{"type":"Point","coordinates":[-116.84118,42.419]}},{"type":"Feature","properties":{"acq_date":"2026-08-07","acq_time":934,"confidence":"n","satellite":"N","instrument":"VIIRS","version":"2.0NRT","bright_ti4":321.43,"frp":2.93,"daynight":"N"},"geometry":{"type":"Point","coordinates":[-116.81023,42.41938]}},{"type":"Feature","properties":{"acq_date":"2026-08-07","acq_time":934,"confidence":"n","satellite":"N","instrument":"VIIRS","version":"2.0NRT","bright_ti4":329.83,"frp":3.83,"daynight":"N"},"geometry":{"type":"Point","coordinates":[-116.84733,42.41969]}},{"type":"Feature","properties":{"acq_date":"2026-08-07","acq_time":934,"confidence":"n","satellite":"N","instrument":"VIIRS","version":"2.0NRT","bright_ti4":330.26,"frp":2.93,"daynight":"N"},"geometry":{"type":"Point","coordinates":[-116.81611,42.42004]}},{"type":"Feature","properties":{"acq_date":"2026-08-07","acq_time":934,"confidence":"n","satellite":"N","instrument":"VIIRS","version":"2.0NRT","bright_ti4":302.22,"frp":0.93,"daynight":"N"},"geometry":{"type":"Point","coordinates":[-116.71866,42.42056]}},{"type":"Feature","properties":{"acq_date":"2026-08-07","acq_time":934,"confidence":"n","satellite":"N","instrument":"VIIRS","version":"2.0NRT","bright_ti4":327.21,"frp":2.79,"daynight":"N"},"geometry":{"type":"Point","coordinates":[-116.82196,42.4207]}},{"type":"Feature","properties":{"acq_date":"2026-08-07","acq_time":934,"confidence":"n","satellite":"N","instrument":"VIIRS","version":"2.0NRT","bright_ti4":313,"frp":2.79,"daynight":"N"},"geometry":{"type":"Point","coordinates":[-116.82794,42.42136]}},{"type":"Feature","properties":{"acq_date":"2026-08-07","acq_time":934,"confidence":"n","satellite":"N","instrument":"VIIRS","version":"2.0NRT","bright_ti4":306.59,"frp":1.49,"daynight":"N"},"geometry":{"type":"Point","coordinates":[-116.79739,42.42178]}},{"type":"Feature","properties":{"acq_date":"2026-08-07","acq_time":934,"confidence":"n","satellite":"N","instrument":"VIIRS","version":"2.0NRT","bright_ti4":305.54,"frp":1.2,"daynight":"N"},"geometry":{"type":"Point","coordinates":[-116.83406,42.42205]}},{"type":"Feature","properties":{"acq_date":"2026-08-07","acq_time":934,"confidence":"n","satellite":"N","instrument":"VIIRS","version":"2.0NRT","bright_ti4":310.33,"frp":1.49,"daynight":"N"},"geometry":{"type":"Point","coordinates":[-116.80347,42.42246]}},{"type":"Feature","properties":{"acq_date":"2026-08-07","acq_time":934,"confidence":"n","satellite":"N","instrument":"VIIRS","version":"2.0NRT","bright_ti4":301.13,"frp":1.2,"daynight":"N"},"geometry":{"type":"Point","coordinates":[-116.84021,42.42274]}},{"type":"Feature","properties":{"acq_date":"2026-08-07","acq_time":934,"confidence":"n","satellite":"N","instrument":"VIIRS","version":"2.0NRT","bright_ti4":315.21,"frp":2.69,"daynight":"N"},"geometry":{"type":"Point","coordinates":[-116.80943,42.42313]}},{"type":"Feature","properties":{"acq_date":"2026-08-07","acq_time":934,"confidence":"n","satellite":"N","instrument":"VIIRS","version":"2.0NRT","bright_ti4":324.65,"frp":3.83,"daynight":"N"},"geometry":{"type":"Point","coordinates":[-116.84634,42.42342]}},{"type":"Feature","properties":{"acq_date":"2026-08-07","acq_time":934,"confidence":"n","satellite":"N","instrument":"VIIRS","version":"2.0NRT","bright_ti4":317.05,"frp":2.69,"daynight":"N"},"geometry":{"type":"Point","coordinates":[-116.81529,42.42378]}},{"type":"Feature","properties":{"acq_date":"2026-08-07","acq_time":934,"confidence":"n","satellite":"N","instrument":"VIIRS","version":"2.0NRT","bright_ti4":312.36,"frp":1.49,"daynight":"N"},"geometry":{"type":"Point","coordinates":[-116.79677,42.42554]}},{"type":"Feature","properties":{"acq_date":"2026-08-07","acq_time":934,"confidence":"n","satellite":"N","instrument":"VIIRS","version":"2.0NRT","bright_ti4":303.9,"frp":1.02,"daynight":"N"},"geometry":{"type":"Point","coordinates":[-116.83949,42.42649]}},{"type":"Feature","properties":{"acq_date":"2026-08-07","acq_time":934,"confidence":"n","satellite":"N","instrument":"VIIRS","version":"2.0NRT","bright_ti4":314.18,"frp":2.13,"daynight":"N"},"geometry":{"type":"Point","coordinates":[-116.84541,42.42715]}},{"type":"Feature","properties":{"acq_date":"2026-08-07","acq_time":934,"confidence":"n","satellite":"N","instrument":"VIIRS","version":"2.0NRT","bright_ti4":299.02,"frp":1.02,"daynight":"N"},"geometry":{"type":"Point","coordinates":[-116.83264,42.42957]}},{"type":"Feature","properties":{"acq_date":"2026-08-07","acq_time":934,"confidence":"n","satellite":"N","instrument":"VIIRS","version":"2.0NRT","bright_ti4":308.2,"frp":2,"daynight":"N"},"geometry":{"type":"Point","coordinates":[-116.80788,42.43063]}},{"type":"Feature","properties":{"acq_date":"2026-08-07","acq_time":934,"confidence":"n","satellite":"N","instrument":"VIIRS","version":"2.0NRT","bright_ti4":351.1,"frp":16.66,"daynight":"N"},"geometry":{"type":"Point","coordinates":[-121.66072,42.43247]}},{"type":"Feature","properties":{"acq_date":"2026-08-07","acq_time":934,"confidence":"n","satellite":"N","instrument":"VIIRS","version":"2.0NRT","bright_ti4":345.22,"frp":16.66,"daynight":"N"},"geometry":{"type":"Point","coordinates":[-121.66673,42.43289]}},{"type":"Feature","properties":{"acq_date":"2026-08-07","acq_time":934,"confidence":"n","satellite":"N","instrument":"VIIRS","version":"2.0NRT","bright_ti4":342.53,"frp":15.94,"daynight":"N"},"geometry":{"type":"Point","coordinates":[-121.6545,42.43689]}},{"type":"Feature","properties":{"acq_date":"2026-08-07","acq_time":934,"confidence":"h","satellite":"N","instrument":"VIIRS","version":"2.0NRT","bright_ti4":367,"frp":35.36,"daynight":"N"},"geometry":{"type":"Point","coordinates":[-121.66061,42.43731]}},{"type":"Feature","properties":{"acq_date":"2026-08-07","acq_time":934,"confidence":"n","satellite":"N","instrument":"VIIRS","version":"2.0NRT","bright_ti4":356.67,"frp":35.36,"daynight":"N"},"geometry":{"type":"Point","coordinates":[-121.66657,42.43773]}},{"type":"Feature","properties":{"acq_date":"2026-08-07","acq_time":934,"confidence":"n","satellite":"N","instrument":"VIIRS","version":"2.0NRT","bright_ti4":345.25,"frp":15.63,"daynight":"N"},"geometry":{"type":"Point","coordinates":[-121.67262,42.43814]}},{"type":"Feature","properties":{"acq_date":"2026-08-07","acq_time":934,"confidence":"n","satellite":"N","instrument":"VIIRS","version":"2.0NRT","bright_ti4":321.41,"frp":4.57,"daynight":"N"},"geometry":{"type":"Point","coordinates":[-121.70705,42.44053]}},{"type":"Feature","properties":{"acq_date":"2026-08-07","acq_time":934,"confidence":"n","satellite":"N","instrument":"VIIRS","version":"2.0NRT","bright_ti4":347.23,"frp":15.94,"daynight":"N"},"geometry":{"type":"Point","coordinates":[-121.65418,42.44171]}},{"type":"Feature","properties":{"acq_date":"2026-08-07","acq_time":934,"confidence":"h","satellite":"N","instrument":"VIIRS","version":"2.0NRT","bright_ti4":367,"frp":35.36,"daynight":"N"},"geometry":{"type":"Point","coordinates":[-121.66019,42.44213]}},{"type":"Feature","properties":{"acq_date":"2026-08-07","acq_time":934,"confidence":"h","satellite":"N","instrument":"VIIRS","version":"2.0NRT","bright_ti4":367,"frp":35.36,"daynight":"N"},"geometry":{"type":"Point","coordinates":[-121.66615,42.44254]}},{"type":"Feature","properties":{"acq_date":"2026-08-07","acq_time":934,"confidence":"n","satellite":"N","instrument":"VIIRS","version":"2.0NRT","bright_ti4":354.15,"frp":15.63,"daynight":"N"},"geometry":{"type":"Point","coordinates":[-121.67226,42.44297]}},{"type":"Feature","properties":{"acq_date":"2026-08-07","acq_time":934,"confidence":"n","satellite":"N","instrument":"VIIRS","version":"2.0NRT","bright_ti4":335.06,"frp":15.63,"daynight":"N"},"geometry":{"type":"Point","coordinates":[-121.67871,42.44342]}},{"type":"Feature","properties":{"acq_date":"2026-08-07","acq_time":934,"confidence":"n","satellite":"N","instrument":"VIIRS","version":"2.0NRT","bright_ti4":301.35,"frp":1.08,"daynight":"N"},"geometry":{"type":"Point","coordinates":[-116.78707,42.44362]}},{"type":"Feature","properties":{"acq_date":"2026-08-07","acq_time":934,"confidence":"n","satellite":"N","instrument":"VIIRS","version":"2.0NRT","bright_ti4":316.18,"frp":3.55,"daynight":"N"},"geometry":{"type":"Point","coordinates":[-121.68508,42.44386]}},{"type":"Feature","properties":{"acq_date":"2026-08-07","acq_time":934,"confidence":"n","satellite":"N","instrument":"VIIRS","version":"2.0NRT","bright_ti4":311.46,"frp":3.55,"daynight":"N"},"geometry":{"type":"Point","coordinates":[-121.69143,42.44431]}},{"type":"Feature","properties":{"acq_date":"2026-08-07","acq_time":934,"confidence":"n","satellite":"N","instrument":"VIIRS","version":"2.0NRT","bright_ti4":315.24,"frp":4.57,"daynight":"N"},"geometry":{"type":"Point","coordinates":[-121.70594,42.44531]}},{"type":"Feature","properties":{"acq_date":"2026-08-07","acq_time":934,"confidence":"n","satellite":"N","instrument":"VIIRS","version":"2.0NRT","bright_ti4":323.89,"frp":3.94,"daynight":"N"},"geometry":{"type":"Point","coordinates":[-121.71543,42.44596]}},{"type":"Feature","properties":{"acq_date":"2026-08-07","acq_time":934,"confidence":"n","satellite":"N","instrument":"VIIRS","version":"2.0NRT","bright_ti4":322.11,"frp":6.07,"daynight":"N"},"geometry":{"type":"Point","coordinates":[-121.65376,42.44652]}},{"type":"Feature","properties":{"acq_date":"2026-08-07","acq_time":934,"confidence":"h","satellite":"N","instrument":"VIIRS","version":"2.0NRT","bright_ti4":367,"frp":20.16,"daynight":"N"},"geometry":{"type":"Point","coordinates":[-121.6597,42.44694]}},{"type":"Feature","properties":{"acq_date":"2026-08-07","acq_time":934,"confidence":"n","satellite":"N","instrument":"VIIRS","version":"2.0NRT","bright_ti4":356.46,"frp":20.16,"daynight":"N"},"geometry":{"type":"Point","coordinates":[-121.66563,42.44735]}},{"type":"Feature","properties":{"acq_date":"2026-08-07","acq_time":934,"confidence":"n","satellite":"N","instrument":"VIIRS","version":"2.0NRT","bright_ti4":348.55,"frp":11.27,"daynight":"N"},"geometry":{"type":"Point","coordinates":[-121.67181,42.44778]}},{"type":"Feature","properties":{"acq_date":"2026-08-07","acq_time":934,"confidence":"n","satellite":"N","instrument":"VIIRS","version":"2.0NRT","bright_ti4":336.6,"frp":11.27,"daynight":"N"},"geometry":{"type":"Point","coordinates":[-121.67829,42.44824]}},{"type":"Feature","properties":{"acq_date":"2026-08-07","acq_time":934,"confidence":"n","satellite":"N","instrument":"VIIRS","version":"2.0NRT","bright_ti4":331.01,"frp":5.72,"daynight":"N"},"geometry":{"type":"Point","coordinates":[-121.68472,42.44868]}},{"type":"Feature","properties":{"acq_date":"2026-08-07","acq_time":934,"confidence":"n","satellite":"N","instrument":"VIIRS","version":"2.0NRT","bright_ti4":324.42,"frp":5.72,"daynight":"N"},"geometry":{"type":"Point","coordinates":[-121.69106,42.44913]}},{"type":"Feature","properties":{"acq_date":"2026-08-07","acq_time":934,"confidence":"n","satellite":"N","instrument":"VIIRS","version":"2.0NRT","bright_ti4":316.97,"frp":1.72,"daynight":"N"},"geometry":{"type":"Point","coordinates":[-116.90456,42.44916]}},{"type":"Feature","properties":{"acq_date":"2026-08-07","acq_time":934,"confidence":"n","satellite":"N","instrument":"VIIRS","version":"2.0NRT","bright_ti4":313.81,"frp":2.56,"daynight":"N"},"geometry":{"type":"Point","coordinates":[-121.69753,42.44958]}},{"type":"Feature","properties":{"acq_date":"2026-08-07","acq_time":934,"confidence":"n","satellite":"N","instrument":"VIIRS","version":"2.0NRT","bright_ti4":301.22,"frp":2.56,"daynight":"N"},"geometry":{"type":"Point","coordinates":[-121.70457,42.45007]}},{"type":"Feature","properties":{"acq_date":"2026-08-07","acq_time":934,"confidence":"n","satellite":"N","instrument":"VIIRS","version":"2.0NRT","bright_ti4":311.41,"frp":1.95,"daynight":"N"},"geometry":{"type":"Point","coordinates":[-121.71396,42.45073]}},{"type":"Feature","properties":{"acq_date":"2026-08-07","acq_time":934,"confidence":"n","satellite":"N","instrument":"VIIRS","version":"2.0NRT","bright_ti4":328.93,"frp":20.16,"daynight":"N"},"geometry":{"type":"Point","coordinates":[-121.65919,42.45175]}},{"type":"Feature","properties":{"acq_date":"2026-08-07","acq_time":934,"confidence":"n","satellite":"N","instrument":"VIIRS","version":"2.0NRT","bright_ti4":356.16,"frp":20.16,"daynight":"N"},"geometry":{"type":"Point","coordinates":[-121.66508,42.45216]}},{"type":"Feature","properties":{"acq_date":"2026-08-07","acq_time":934,"confidence":"n","satellite":"N","instrument":"VIIRS","version":"2.0NRT","bright_ti4":345.58,"frp":11.27,"daynight":"N"},"geometry":{"type":"Point","coordinates":[-121.67126,42.4526]}},{"type":"Feature","properties":{"acq_date":"2026-08-07","acq_time":934,"confidence":"n","satellite":"N","instrument":"VIIRS","version":"2.0NRT","bright_ti4":305.77,"frp":1.72,"daynight":"N"},"geometry":{"type":"Point","coordinates":[-116.90392,42.45294]}},{"type":"Feature","properties":{"acq_date":"2026-08-07","acq_time":934,"confidence":"n","satellite":"N","instrument":"VIIRS","version":"2.0NRT","bright_ti4":332.45,"frp":11.27,"daynight":"N"},"geometry":{"type":"Point","coordinates":[-121.67772,42.45305]}},{"type":"Feature","properties":{"acq_date":"2026-08-07","acq_time":934,"confidence":"n","satellite":"N","instrument":"VIIRS","version":"2.0NRT","bright_ti4":325.06,"frp":5.72,"daynight":"N"},"geometry":{"type":"Point","coordinates":[-121.68419,42.4535]}},{"type":"Feature","properties":{"acq_date":"2026-08-07","acq_time":934,"confidence":"n","satellite":"N","instrument":"VIIRS","version":"2.0NRT","bright_ti4":310.61,"frp":1.72,"daynight":"N"},"geometry":{"type":"Point","coordinates":[-116.91005,42.45362]}},{"type":"Feature","properties":{"acq_date":"2026-08-07","acq_time":934,"confidence":"n","satellite":"N","instrument":"VIIRS","version":"2.0NRT","bright_ti4":318.92,"frp":5.72,"daynight":"N"},"geometry":{"type":"Point","coordinates":[-121.69057,42.45395]}},{"type":"Feature","properties":{"acq_date":"2026-08-07","acq_time":934,"confidence":"n","satellite":"N","instrument":"VIIRS","version":"2.0NRT","bright_ti4":309.15,"frp":2.56,"daynight":"N"},"geometry":{"type":"Point","coordinates":[-121.69691,42.4544]}},{"type":"Feature","properties":{"acq_date":"2026-08-07","acq_time":934,"confidence":"n","satellite":"N","instrument":"VIIRS","version":"2.0NRT","bright_ti4":306.36,"frp":2.12,"daynight":"N"},"geometry":{"type":"Point","coordinates":[-116.86456,42.45622]}},{"type":"Feature","properties":{"acq_date":"2026-08-07","acq_time":934,"confidence":"n","satellite":"N","instrument":"VIIRS","version":"2.0NRT","bright_ti4":339.84,"frp":24.04,"daynight":"N"},"geometry":{"type":"Point","coordinates":[-121.65855,42.45655]}},{"type":"Feature","properties":{"acq_date":"2026-08-07","acq_time":934,"confidence":"n","satellite":"N","instrument":"VIIRS","version":"2.0NRT","bright_ti4":355.55,"frp":24.04,"daynight":"N"},"geometry":{"type":"Point","coordinates":[-121.66444,42.45697]}},{"type":"Feature","properties":{"acq_date":"2026-08-07","acq_time":934,"confidence":"n","satellite":"N","instrument":"VIIRS","version":"2.0NRT","bright_ti4":341.46,"frp":8.25,"daynight":"N"},"geometry":{"type":"Point","coordinates":[-121.67067,42.45741]}},{"type":"Feature","properties":{"acq_date":"2026-08-07","acq_time":934,"confidence":"n","satellite":"N","instrument":"VIIRS","version":"2.0NRT","bright_ti4":301.67,"frp":2.57,"daynight":"N"},"geometry":{"type":"Point","coordinates":[-116.90941,42.45741]}},{"type":"Feature","properties":{"acq_date":"2026-08-07","acq_time":934,"confidence":"n","satellite":"N","instrument":"VIIRS","version":"2.0NRT","bright_ti4":329.81,"frp":8.25,"daynight":"N"},"geometry":{"type":"Point","coordinates":[-121.67712,42.45786]}},{"type":"Feature","properties":{"acq_date":"2026-08-07","acq_time":934,"confidence":"n","satellite":"N","instrument":"VIIRS","version":"2.0NRT","bright_ti4":322.65,"frp":4.18,"daynight":"N"},"geometry":{"type":"Point","coordinates":[-121.68359,42.45831]}},{"type":"Feature","properties":{"acq_date":"2026-08-07","acq_time":934,"confidence":"n","satellite":"N","instrument":"VIIRS","version":"2.0NRT","bright_ti4":316.88,"frp":4.18,"daynight":"N"},"geometry":{"type":"Point","coordinates":[-121.68999,42.45876]}},{"type":"Feature","properties":{"acq_date":"2026-08-07","acq_time":934,"confidence":"n","satellite":"N","instrument":"VIIRS","version":"2.0NRT","bright_ti4":305.52,"frp":2.91,"daynight":"N"},"geometry":{"type":"Point","coordinates":[-116.88995,42.45908]}},{"type":"Feature","properties":{"acq_date":"2026-08-07","acq_time":934,"confidence":"n","satellite":"N","instrument":"VIIRS","version":"2.0NRT","bright_ti4":307.5,"frp":3.22,"daynight":"N"},"geometry":{"type":"Point","coordinates":[-121.69633,42.45921]}},{"type":"Feature","properties":{"acq_date":"2026-08-07","acq_time":934,"confidence":"n","satellite":"N","instrument":"VIIRS","version":"2.0NRT","bright_ti4":301,"frp":1.37,"daynight":"N"},"geometry":{"type":"Point","coordinates":[-116.86402,42.46]}},{"type":"Feature","properties":{"acq_date":"2026-08-07","acq_time":934,"confidence":"n","satellite":"N","instrument":"VIIRS","version":"2.0NRT","bright_ti4":340.9,"frp":17.53,"daynight":"N"},"geometry":{"type":"Point","coordinates":[-121.65183,42.46092]}},{"type":"Feature","properties":{"acq_date":"2026-08-07","acq_time":934,"confidence":"h","satellite":"N","instrument":"VIIRS","version":"2.0NRT","bright_ti4":367,"frp":24.04,"daynight":"N"},"geometry":{"type":"Point","coordinates":[-121.65775,42.46134]}},{"type":"Feature","properties":{"acq_date":"2026-08-07","acq_time":934,"confidence":"n","satellite":"N","instrument":"VIIRS","version":"2.0NRT","bright_ti4":349.47,"frp":24.04,"daynight":"N"},"geometry":{"type":"Point","coordinates":[-121.6637,42.46176]}},{"type":"Feature","properties":{"acq_date":"2026-08-07","acq_time":934,"confidence":"n","satellite":"N","instrument":"VIIRS","version":"2.0NRT","bright_ti4":331.36,"frp":8.25,"daynight":"N"},"geometry":{"type":"Point","coordinates":[-121.67004,42.46221]}},{"type":"Feature","properties":{"acq_date":"2026-08-07","acq_time":934,"confidence":"n","satellite":"N","instrument":"VIIRS","version":"2.0NRT","bright_ti4":323.47,"frp":8.25,"daynight":"N"},"geometry":{"type":"Point","coordinates":[-121.67651,42.46267]}},{"type":"Feature","properties":{"acq_date":"2026-08-07","acq_time":934,"confidence":"n","satellite":"N","instrument":"VIIRS","version":"2.0NRT","bright_ti4":316.94,"frp":4.18,"daynight":"N"},"geometry":{"type":"Point","coordinates":[-121.68299,42.46313]}},{"type":"Feature","properties":{"acq_date":"2026-08-07","acq_time":934,"confidence":"n","satellite":"N","instrument":"VIIRS","version":"2.0NRT","bright_ti4":317.61,"frp":4.18,"daynight":"N"},"geometry":{"type":"Point","coordinates":[-121.68942,42.46358]}},{"type":"Feature","properties":{"acq_date":"2026-08-07","acq_time":934,"confidence":"n","satellite":"N","instrument":"VIIRS","version":"2.0NRT","bright_ti4":314.32,"frp":3.22,"daynight":"N"},"geometry":{"type":"Point","coordinates":[-121.6958,42.46403]}},{"type":"Feature","properties":{"acq_date":"2026-08-07","acq_time":934,"confidence":"n","satellite":"N","instrument":"VIIRS","version":"2.0NRT","bright_ti4":325.47,"frp":7.74,"daynight":"N"},"geometry":{"type":"Point","coordinates":[-121.6388,42.46412]}},{"type":"Feature","properties":{"acq_date":"2026-08-07","acq_time":934,"confidence":"n","satellite":"N","instrument":"VIIRS","version":"2.0NRT","bright_ti4":345.71,"frp":7.74,"daynight":"N"},"geometry":{"type":"Point","coordinates":[-121.64529,42.46454]}},{"type":"Feature","properties":{"acq_date":"2026-08-07","acq_time":934,"confidence":"n","satellite":"N","instrument":"VIIRS","version":"2.0NRT","bright_ti4":329.71,"frp":5.06,"daynight":"N"},"geometry":{"type":"Point","coordinates":[-121.63796,42.46478]}},{"type":"Feature","properties":{"acq_date":"2026-08-07","acq_time":934,"confidence":"n","satellite":"N","instrument":"VIIRS","version":"2.0NRT","bright_ti4":351.23,"frp":15.78,"daynight":"N"},"geometry":{"type":"Point","coordinates":[-121.65163,42.46496]}},{"type":"Feature","properties":{"acq_date":"2026-08-07","acq_time":934,"confidence":"n","satellite":"N","instrument":"VIIRS","version":"2.0NRT","bright_ti4":347.61,"frp":12.51,"daynight":"N"},"geometry":{"type":"Point","coordinates":[-121.64445,42.46525]}},{"type":"Feature","properties":{"acq_date":"2026-08-07","acq_time":934,"confidence":"n","satellite":"N","instrument":"VIIRS","version":"2.0NRT","bright_ti4":351.71,"frp":15.78,"daynight":"N"},"geometry":{"type":"Point","coordinates":[-121.65771,42.46536]}},{"type":"Feature","properties":{"acq_date":"2026-08-07","acq_time":934,"confidence":"n","satellite":"N","instrument":"VIIRS","version":"2.0NRT","bright_ti4":351.54,"frp":12.51,"daynight":"N"},"geometry":{"type":"Point","coordinates":[-121.65079,42.4657]}},{"type":"Feature","properties":{"acq_date":"2026-08-07","acq_time":934,"confidence":"n","satellite":"N","instrument":"VIIRS","version":"2.0NRT","bright_ti4":338.96,"frp":7.91,"daynight":"N"},"geometry":{"type":"Point","coordinates":[-121.66383,42.46576]}},{"type":"Feature","properties":{"acq_date":"2026-08-07","acq_time":934,"confidence":"n","satellite":"N","instrument":"VIIRS","version":"2.0NRT","bright_ti4":348.76,"frp":11.04,"daynight":"N"},"geometry":{"type":"Point","coordinates":[-121.65693,42.46613]}},{"type":"Feature","properties":{"acq_date":"2026-08-07","acq_time":934,"confidence":"n","satellite":"N","instrument":"VIIRS","version":"2.0NRT","bright_ti4":325.93,"frp":7.91,"daynight":"N"},"geometry":{"type":"Point","coordinates":[-121.67027,42.46618]}},{"type":"Feature","properties":{"acq_date":"2026-08-07","acq_time":934,"confidence":"n","satellite":"N","instrument":"VIIRS","version":"2.0NRT","bright_ti4":299.84,"frp":0.56,"daynight":"N"},"geometry":{"type":"Point","coordinates":[-121.72723,42.46624]}},{"type":"Feature","properties":{"acq_date":"2026-08-07","acq_time":934,"confidence":"n","satellite":"N","instrument":"VIIRS","version":"2.0NRT","bright_ti4":336.07,"frp":11.04,"daynight":"N"},"geometry":{"type":"Point","coordinates":[-121.66307,42.46656]}},{"type":"Feature","properties":{"acq_date":"2026-08-07","acq_time":934,"confidence":"n","satellite":"N","instrument":"VIIRS","version":"2.0NRT","bright_ti4":320.79,"frp":4.88,"daynight":"N"},"geometry":{"type":"Point","coordinates":[-121.67681,42.46661]}},{"type":"Feature","properties":{"acq_date":"2026-08-07","acq_time":934,"confidence":"n","satellite":"N","instrument":"VIIRS","version":"2.0NRT","bright_ti4":300.33,"frp":0.76,"daynight":"N"},"geometry":{"type":"Point","coordinates":[-116.7892,42.46687]}},{"type":"Feature","properties":{"acq_date":"2026-08-07","acq_time":934,"confidence":"n","satellite":"N","instrument":"VIIRS","version":"2.0NRT","bright_ti4":300.65,"frp":0.64,"daynight":"N"},"geometry":{"type":"Point","coordinates":[-116.78962,42.46693]}},{"type":"Feature","properties":{"acq_date":"2026-08-07","acq_time":934,"confidence":"n","satellite":"N","instrument":"VIIRS","version":"2.0NRT","bright_ti4":325.04,"frp":5.75,"daynight":"N"},"geometry":{"type":"Point","coordinates":[-121.66949,42.46702]}},{"type":"Feature","properties":{"acq_date":"2026-08-07","acq_time":934,"confidence":"n","satellite":"N","instrument":"VIIRS","version":"2.0NRT","bright_ti4":317.57,"frp":4.88,"daynight":"N"},"geometry":{"type":"Point","coordinates":[-121.68332,42.46704]}},{"type":"Feature","properties":{"acq_date":"2026-08-07","acq_time":934,"confidence":"n","satellite":"N","instrument":"VIIRS","version":"2.0NRT","bright_ti4":318.69,"frp":4.12,"daynight":"N"},"geometry":{"type":"Point","coordinates":[-121.68975,42.46746]}},{"type":"Feature","properties":{"acq_date":"2026-08-07","acq_time":934,"confidence":"n","satellite":"N","instrument":"VIIRS","version":"2.0NRT","bright_ti4":320.86,"frp":5.75,"daynight":"N"},"geometry":{"type":"Point","coordinates":[-121.67603,42.46748]}},{"type":"Feature","properties":{"acq_date":"2026-08-07","acq_time":934,"confidence":"n","satellite":"N","instrument":"VIIRS","version":"2.0NRT","bright_ti4":312.15,"frp":4.12,"daynight":"N"},"geometry":{"type":"Point","coordinates":[-121.69617,42.46788]}},{"type":"Feature","properties":{"acq_date":"2026-08-07","acq_time":934,"confidence":"n","satellite":"N","instrument":"VIIRS","version":"2.0NRT","bright_ti4":317.82,"frp":4.37,"daynight":"N"},"geometry":{"type":"Point","coordinates":[-121.68254,42.46795]}},{"type":"Feature","properties":{"acq_date":"2026-08-07","acq_time":934,"confidence":"n","satellite":"N","instrument":"VIIRS","version":"2.0NRT","bright_ti4":317.9,"frp":4.37,"daynight":"N"},"geometry":{"type":"Point","coordinates":[-121.689,42.4684]}},{"type":"Feature","properties":{"acq_date":"2026-08-07","acq_time":934,"confidence":"n","satellite":"N","instrument":"VIIRS","version":"2.0NRT","bright_ti4":313.94,"frp":4.59,"daynight":"N"},"geometry":{"type":"Point","coordinates":[-121.6954,42.46885]}},{"type":"Feature","properties":{"acq_date":"2026-08-07","acq_time":934,"confidence":"n","satellite":"N","instrument":"VIIRS","version":"2.0NRT","bright_ti4":330.89,"frp":7.74,"daynight":"N"},"geometry":{"type":"Point","coordinates":[-121.63772,42.46889]}},{"type":"Feature","properties":{"acq_date":"2026-08-07","acq_time":934,"confidence":"n","satellite":"N","instrument":"VIIRS","version":"2.0NRT","bright_ti4":337.69,"frp":7.74,"daynight":"N"},"geometry":{"type":"Point","coordinates":[-121.64411,42.46931]}},{"type":"Feature","properties":{"acq_date":"2026-08-07","acq_time":934,"confidence":"n","satellite":"N","instrument":"VIIRS","version":"2.0NRT","bright_ti4":324.51,"frp":5.06,"daynight":"N"},"geometry":{"type":"Point","coordinates":[-121.63696,42.46955]}},{"type":"Feature","properties":{"acq_date":"2026-08-07","acq_time":934,"confidence":"n","satellite":"N","instrument":"VIIRS","version":"2.0NRT","bright_ti4":343.92,"frp":15.78,"daynight":"N"},"geometry":{"type":"Point","coordinates":[-121.65054,42.46973]}},{"type":"Feature","properties":{"acq_date":"2026-08-07","acq_time":934,"confidence":"n","satellite":"N","instrument":"VIIRS","version":"2.0NRT","bright_ti4":334.61,"frp":12.51,"daynight":"N"},"geometry":{"type":"Point","coordinates":[-121.64332,42.47001]}},{"type":"Feature","properties":{"acq_date":"2026-08-07","acq_time":934,"confidence":"n","satellite":"N","instrument":"VIIRS","version":"2.0NRT","bright_ti4":345.25,"frp":15.78,"daynight":"N"},"geometry":{"type":"Point","coordinates":[-121.65691,42.47015]}},{"type":"Feature","properties":{"acq_date":"2026-08-07","acq_time":934,"confidence":"n","satellite":"N","instrument":"VIIRS","version":"2.0NRT","bright_ti4":343.02,"frp":12.51,"daynight":"N"},"geometry":{"type":"Point","coordinates":[-121.64978,42.47047]}},{"type":"Feature","properties":{"acq_date":"2026-08-07","acq_time":934,"confidence":"n","satellite":"N","instrument":"VIIRS","version":"2.0NRT","bright_ti4":335.57,"frp":7.91,"daynight":"N"},"geometry":{"type":"Point","coordinates":[-121.66326,42.47057]}},{"type":"Feature","properties":{"acq_date":"2026-08-07","acq_time":934,"confidence":"n","satellite":"N","instrument":"VIIRS","version":"2.0NRT","bright_ti4":298.56,"frp":0.76,"daynight":"N"},"geometry":{"type":"Point","coordinates":[-116.78854,42.47063]}},{"type":"Feature","properties":{"acq_date":"2026-08-07","acq_time":934,"confidence":"n","satellite":"N","instrument":"VIIRS","version":"2.0NRT","bright_ti4":296.38,"frp":0.64,"daynight":"N"},"geometry":{"type":"Point","coordinates":[-116.78898,42.4707]}},{"type":"Feature","properties":{"acq_date":"2026-08-07","acq_time":934,"confidence":"n","satellite":"N","instrument":"VIIRS","version":"2.0NRT","bright_ti4":344.78,"frp":11.04,"daynight":"N"},"geometry":{"type":"Point","coordinates":[-121.6562,42.47092]}},{"type":"Feature","properties":{"acq_date":"2026-08-07","acq_time":934,"confidence":"n","satellite":"N","instrument":"VIIRS","version":"2.0NRT","bright_ti4":327.76,"frp":7.91,"daynight":"N"},"geometry":{"type":"Point","coordinates":[-121.66974,42.471]}},{"type":"Feature","properties":{"acq_date":"2026-08-07","acq_time":934,"confidence":"n","satellite":"N","instrument":"VIIRS","version":"2.0NRT","bright_ti4":337.95,"frp":11.04,"daynight":"N"},"geometry":{"type":"Point","coordinates":[-121.66255,42.47138]}},{"type":"Feature","properties":{"acq_date":"2026-08-07","acq_time":934,"confidence":"n","satellite":"N","instrument":"VIIRS","version":"2.0NRT","bright_ti4":325.23,"frp":4.88,"daynight":"N"},"geometry":{"type":"Point","coordinates":[-121.67632,42.47143]}},{"type":"Feature","properties":{"acq_date":"2026-08-07","acq_time":934,"confidence":"n","satellite":"N","instrument":"VIIRS","version":"2.0NRT","bright_ti4":329.48,"frp":5.75,"daynight":"N"},"geometry":{"type":"Point","coordinates":[-121.66899,42.47184]}},{"type":"Feature","properties":{"acq_date":"2026-08-07","acq_time":934,"confidence":"n","satellite":"N","instrument":"VIIRS","version":"2.0NRT","bright_ti4":322.47,"frp":4.88,"daynight":"N"},"geometry":{"type":"Point","coordinates":[-121.68285,42.47186]}},{"type":"Feature","properties":{"acq_date":"2026-08-07","acq_time":934,"confidence":"n","satellite":"N","instrument":"VIIRS","version":"2.0NRT","bright_ti4":320.87,"frp":4.12,"daynight":"N"},"geometry":{"type":"Point","coordinates":[-121.68934,42.47228]}},{"type":"Feature","properties":{"acq_date":"2026-08-07","acq_time":934,"confidence":"n","satellite":"N","instrument":"VIIRS","version":"2.0NRT","bright_ti4":326.51,"frp":5.75,"daynight":"N"},"geometry":{"type":"Point","coordinates":[-121.67554,42.4723]}},{"type":"Feature","properties":{"acq_date":"2026-08-07","acq_time":934,"confidence":"n","satellite":"N","instrument":"VIIRS","version":"2.0NRT","bright_ti4":322.96,"frp":4.12,"daynight":"N"},"geometry":{"type":"Point","coordinates":[-121.6958,42.47271]}},{"type":"Feature","properties":{"acq_date":"2026-08-07","acq_time":934,"confidence":"n","satellite":"N","instrument":"VIIRS","version":"2.0NRT","bright_ti4":322.75,"frp":4.37,"daynight":"N"},"geometry":{"type":"Point","coordinates":[-121.6821,42.47277]}},{"type":"Feature","properties":{"acq_date":"2026-08-07","acq_time":934,"confidence":"n","satellite":"N","instrument":"VIIRS","version":"2.0NRT","bright_ti4":314.84,"frp":5.96,"daynight":"N"},"geometry":{"type":"Point","coordinates":[-121.70229,42.47313]}},{"type":"Feature","properties":{"acq_date":"2026-08-07","acq_time":934,"confidence":"n","satellite":"N","instrument":"VIIRS","version":"2.0NRT","bright_ti4":323.52,"frp":4.37,"daynight":"N"},"geometry":{"type":"Point","coordinates":[-121.68859,42.47323]}},{"type":"Feature","properties":{"acq_date":"2026-08-07","acq_time":934,"confidence":"n","satellite":"N","instrument":"VIIRS","version":"2.0NRT","bright_ti4":323.5,"frp":4.59,"daynight":"N"},"geometry":{"type":"Point","coordinates":[-121.69507,42.47369]}},{"type":"Feature","properties":{"acq_date":"2026-08-07","acq_time":934,"confidence":"n","satellite":"N","instrument":"VIIRS","version":"2.0NRT","bright_ti4":349.54,"frp":11.68,"daynight":"N"},"geometry":{"type":"Point","coordinates":[-121.64365,42.47412]}},{"type":"Feature","properties":{"acq_date":"2026-08-07","acq_time":934,"confidence":"n","satellite":"N","instrument":"VIIRS","version":"2.0NRT","bright_ti4":322.29,"frp":4.59,"daynight":"N"},"geometry":{"type":"Point","coordinates":[-121.70152,42.47415]}},{"type":"Feature","properties":{"acq_date":"2026-08-07","acq_time":934,"confidence":"n","satellite":"N","instrument":"VIIRS","version":"2.0NRT","bright_ti4":346.27,"frp":15.08,"daynight":"N"},"geometry":{"type":"Point","coordinates":[-121.65033,42.47456]}},{"type":"Feature","properties":{"acq_date":"2026-08-07","acq_time":934,"confidence":"n","satellite":"N","instrument":"VIIRS","version":"2.0NRT","bright_ti4":349.99,"frp":11.48,"daynight":"N"},"geometry":{"type":"Point","coordinates":[-121.64301,42.47483]}},{"type":"Feature","properties":{"acq_date":"2026-08-07","acq_time":934,"confidence":"n","satellite":"N","instrument":"VIIRS","version":"2.0NRT","bright_ti4":341.52,"frp":15.08,"daynight":"N"},"geometry":{"type":"Point","coordinates":[-121.65678,42.47499]}},{"type":"Feature","properties":{"acq_date":"2026-08-07","acq_time":934,"confidence":"n","satellite":"N","instrument":"VIIRS","version":"2.0NRT","bright_ti4":346.19,"frp":11.48,"daynight":"N"},"geometry":{"type":"Point","coordinates":[-121.64967,42.47531]}},{"type":"Feature","properties":{"acq_date":"2026-08-07","acq_time":934,"confidence":"n","satellite":"N","instrument":"VIIRS","version":"2.0NRT","bright_ti4":335.39,"frp":9.05,"daynight":"N"},"geometry":{"type":"Point","coordinates":[-121.66293,42.4754]}},{"type":"Feature","properties":{"acq_date":"2026-08-07","acq_time":934,"confidence":"n","satellite":"N","instrument":"VIIRS","version":"2.0NRT","bright_ti4":347.07,"frp":15.13,"daynight":"N"},"geometry":{"type":"Point","coordinates":[-121.65619,42.47577]}},{"type":"Feature","properties":{"acq_date":"2026-08-07","acq_time":934,"confidence":"n","satellite":"N","instrument":"VIIRS","version":"2.0NRT","bright_ti4":331.12,"frp":9.05,"daynight":"N"},"geometry":{"type":"Point","coordinates":[-121.66927,42.47581]}},{"type":"Feature","properties":{"acq_date":"2026-08-07","acq_time":934,"confidence":"n","satellite":"N","instrument":"VIIRS","version":"2.0NRT","bright_ti4":333.97,"frp":15.13,"daynight":"N"},"geometry":{"type":"Point","coordinates":[-121.66229,42.47621]}},{"type":"Feature","properties":{"acq_date":"2026-08-07","acq_time":934,"confidence":"n","satellite":"N","instrument":"VIIRS","version":"2.0NRT","bright_ti4":328.21,"frp":6.21,"daynight":"N"},"geometry":{"type":"Point","coordinates":[-121.67582,42.47625]}},{"type":"Feature","properties":{"acq_date":"2026-08-07","acq_time":934,"confidence":"n","satellite":"N","instrument":"VIIRS","version":"2.0NRT","bright_ti4":330.73,"frp":8.08,"daynight":"N"},"geometry":{"type":"Point","coordinates":[-121.66855,42.47666]}},{"type":"Feature","properties":{"acq_date":"2026-08-07","acq_time":934,"confidence":"n","satellite":"N","instrument":"VIIRS","version":"2.0NRT","bright_ti4":325.51,"frp":6.21,"daynight":"N"},"geometry":{"type":"Point","coordinates":[-121.68242,42.47668]}},{"type":"Feature","properties":{"acq_date":"2026-08-07","acq_time":934,"confidence":"n","satellite":"N","instrument":"VIIRS","version":"2.0NRT","bright_ti4":330.14,"frp":5.89,"daynight":"N"},"geometry":{"type":"Point","coordinates":[-121.68897,42.47711]}},{"type":"Feature","properties":{"acq_date":"2026-08-07","acq_time":934,"confidence":"n","satellite":"N","instrument":"VIIRS","version":"2.0NRT","bright_ti4":329.18,"frp":8.08,"daynight":"N"},"geometry":{"type":"Point","coordinates":[-121.67505,42.47712]}},{"type":"Feature","properties":{"acq_date":"2026-08-07","acq_time":934,"confidence":"n","satellite":"N","instrument":"VIIRS","version":"2.0NRT","bright_ti4":332.31,"frp":5.89,"daynight":"N"},"geometry":{"type":"Point","coordinates":[-121.69552,42.47754]}},{"type":"Feature","properties":{"acq_date":"2026-08-07","acq_time":934,"confidence":"n","satellite":"N","instrument":"VIIRS","version":"2.0NRT","bright_ti4":326.46,"frp":5.63,"daynight":"N"},"geometry":{"type":"Point","coordinates":[-121.68165,42.47759]}},{"type":"Feature","properties":{"acq_date":"2026-08-07","acq_time":934,"confidence":"n","satellite":"N","instrument":"VIIRS","version":"2.0NRT","bright_ti4":325.04,"frp":4.86,"daynight":"N"},"geometry":{"type":"Point","coordinates":[-121.70199,42.47797]}},{"type":"Feature","properties":{"acq_date":"2026-08-07","acq_time":934,"confidence":"n","satellite":"N","instrument":"VIIRS","version":"2.0NRT","bright_ti4":330.82,"frp":5.63,"daynight":"N"},"geometry":{"type":"Point","coordinates":[-121.68822,42.47806]}},{"type":"Feature","properties":{"acq_date":"2026-08-07","acq_time":934,"confidence":"n","satellite":"N","instrument":"VIIRS","version":"2.0NRT","bright_ti4":332.4,"frp":5.05,"daynight":"N"},"geometry":{"type":"Point","coordinates":[-121.69478,42.47852]}},{"type":"Feature","properties":{"acq_date":"2026-08-07","acq_time":934,"confidence":"n","satellite":"N","instrument":"VIIRS","version":"2.0NRT","bright_ti4":341.54,"frp":11.68,"daynight":"N"},"geometry":{"type":"Point","coordinates":[-121.64361,42.47896]}},{"type":"Feature","properties":{"acq_date":"2026-08-07","acq_time":934,"confidence":"n","satellite":"N","instrument":"VIIRS","version":"2.0NRT","bright_ti4":323.31,"frp":5.05,"daynight":"N"},"geometry":{"type":"Point","coordinates":[-121.70126,42.47898]}},{"type":"Feature","properties":{"acq_date":"2026-08-07","acq_time":934,"confidence":"n","satellite":"N","instrument":"VIIRS","version":"2.0NRT","bright_ti4":346.45,"frp":15.08,"daynight":"N"},"geometry":{"type":"Point","coordinates":[-121.6504,42.4794]}},{"type":"Feature","properties":{"acq_date":"2026-08-07","acq_time":934,"confidence":"n","satellite":"N","instrument":"VIIRS","version":"2.0NRT","bright_ti4":304.63,"frp":3.31,"daynight":"N"},"geometry":{"type":"Point","coordinates":[-121.70811,42.47947]}},{"type":"Feature","properties":{"acq_date":"2026-08-07","acq_time":934,"confidence":"n","satellite":"N","instrument":"VIIRS","version":"2.0NRT","bright_ti4":307.99,"frp":3.42,"daynight":"N"},"geometry":{"type":"Point","coordinates":[-121.72706,42.47958]}},{"type":"Feature","properties":{"acq_date":"2026-08-07","acq_time":934,"confidence":"n","satellite":"N","instrument":"VIIRS","version":"2.0NRT","bright_ti4":332.81,"frp":11.48,"daynight":"N"},"geometry":{"type":"Point","coordinates":[-121.64295,42.47967]}},{"type":"Feature","properties":{"acq_date":"2026-08-07","acq_time":934,"confidence":"n","satellite":"N","instrument":"VIIRS","version":"2.0NRT","bright_ti4":353.97,"frp":15.08,"daynight":"N"},"geometry":{"type":"Point","coordinates":[-121.65676,42.47983]}},{"type":"Feature","properties":{"acq_date":"2026-08-07","acq_time":934,"confidence":"n","satellite":"N","instrument":"VIIRS","version":"2.0NRT","bright_ti4":306.39,"frp":4.87,"daynight":"N"},"geometry":{"type":"Point","coordinates":[-121.73447,42.48006]}},{"type":"Feature","properties":{"acq_date":"2026-08-07","acq_time":934,"confidence":"n","satellite":"N","instrument":"VIIRS","version":"2.0NRT","bright_ti4":341.85,"frp":11.48,"daynight":"N"},"geometry":{"type":"Point","coordinates":[-121.6497,42.48016]}},{"type":"Feature","properties":{"acq_date":"2026-08-07","acq_time":934,"confidence":"n","satellite":"N","instrument":"VIIRS","version":"2.0NRT","bright_ti4":342.21,"frp":9.05,"daynight":"N"},"geometry":{"type":"Point","coordinates":[-121.6627,42.48023]}},{"type":"Feature","properties":{"acq_date":"2026-08-07","acq_time":934,"confidence":"h","satellite":"N","instrument":"VIIRS","version":"2.0NRT","bright_ti4":367,"frp":15.13,"daynight":"N"},"geometry":{"type":"Point","coordinates":[-121.65614,42.48062]}},{"type":"Feature","properties":{"acq_date":"2026-08-07","acq_time":934,"confidence":"n","satellite":"N","instrument":"VIIRS","version":"2.0NRT","bright_ti4":334.93,"frp":9.05,"daynight":"N"},"geometry":{"type":"Point","coordinates":[-121.66888,42.48064]}},{"type":"Feature","properties":{"acq_date":"2026-08-07","acq_time":934,"confidence":"n","satellite":"N","instrument":"VIIRS","version":"2.0NRT","bright_ti4":311.69,"frp":4.67,"daynight":"N"},"geometry":{"type":"Point","coordinates":[-121.7263,42.48077]}},{"type":"Feature","properties":{"acq_date":"2026-08-07","acq_time":934,"confidence":"n","satellite":"N","instrument":"VIIRS","version":"2.0NRT","bright_ti4":350.23,"frp":15.13,"daynight":"N"},"geometry":{"type":"Point","coordinates":[-121.66206,42.48104]}},{"type":"Feature","properties":{"acq_date":"2026-08-07","acq_time":934,"confidence":"n","satellite":"N","instrument":"VIIRS","version":"2.0NRT","bright_ti4":335.17,"frp":6.21,"daynight":"N"},"geometry":{"type":"Point","coordinates":[-121.67535,42.48106]}},{"type":"Feature","properties":{"acq_date":"2026-08-07","acq_time":934,"confidence":"n","satellite":"N","instrument":"VIIRS","version":"2.0NRT","bright_ti4":311.01,"frp":4.67,"daynight":"N"},"geometry":{"type":"Point","coordinates":[-121.73373,42.48129]}},{"type":"Feature","properties":{"acq_date":"2026-08-07","acq_time":934,"confidence":"n","satellite":"N","instrument":"VIIRS","version":"2.0NRT","bright_ti4":339.35,"frp":8.08,"daynight":"N"},"geometry":{"type":"Point","coordinates":[-121.6682,42.48148]}},{"type":"Feature","properties":{"acq_date":"2026-08-07","acq_time":934,"confidence":"n","satellite":"N","instrument":"VIIRS","version":"2.0NRT","bright_ti4":322.38,"frp":6.21,"daynight":"N"},"geometry":{"type":"Point","coordinates":[-121.68199,42.4815]}},{"type":"Feature","properties":{"acq_date":"2026-08-07","acq_time":934,"confidence":"n","satellite":"N","instrument":"VIIRS","version":"2.0NRT","bright_ti4":325.02,"frp":5.89,"daynight":"N"},"geometry":{"type":"Point","coordinates":[-121.68861,42.48194]}},{"type":"Feature","properties":{"acq_date":"2026-08-07","acq_time":934,"confidence":"n","satellite":"N","instrument":"VIIRS","version":"2.0NRT","bright_ti4":337.51,"frp":8.08,"daynight":"N"},"geometry":{"type":"Point","coordinates":[-121.67463,42.48194]}},{"type":"Feature","properties":{"acq_date":"2026-08-07","acq_time":934,"confidence":"n","satellite":"N","instrument":"VIIRS","version":"2.0NRT","bright_ti4":319.79,"frp":5.89,"daynight":"N"},"geometry":{"type":"Point","coordinates":[-121.69521,42.48237]}},{"type":"Feature","properties":{"acq_date":"2026-08-07","acq_time":934,"confidence":"n","satellite":"N","instrument":"VIIRS","version":"2.0NRT","bright_ti4":321.5,"frp":5.63,"daynight":"N"},"geometry":{"type":"Point","coordinates":[-121.68124,42.48241]}},{"type":"Feature","properties":{"acq_date":"2026-08-07","acq_time":934,"confidence":"n","satellite":"N","instrument":"VIIRS","version":"2.0NRT","bright_ti4":318.99,"frp":4.86,"daynight":"N"},"geometry":{"type":"Point","coordinates":[-121.70177,42.48281]}},{"type":"Feature","properties":{"acq_date":"2026-08-07","acq_time":934,"confidence":"n","satellite":"N","instrument":"VIIRS","version":"2.0NRT","bright_ti4":322.44,"frp":5.63,"daynight":"N"},"geometry":{"type":"Point","coordinates":[-121.68787,42.48289]}},{"type":"Feature","properties":{"acq_date":"2026-08-07","acq_time":934,"confidence":"n","satellite":"N","instrument":"VIIRS","version":"2.0NRT","bright_ti4":317.26,"frp":4.86,"daynight":"N"},"geometry":{"type":"Point","coordinates":[-121.70885,42.48327]}},{"type":"Feature","properties":{"acq_date":"2026-08-07","acq_time":934,"confidence":"n","satellite":"N","instrument":"VIIRS","version":"2.0NRT","bright_ti4":318.94,"frp":5.05,"daynight":"N"},"geometry":{"type":"Point","coordinates":[-121.69447,42.48336]}},{"type":"Feature","properties":{"acq_date":"2026-08-07","acq_time":934,"confidence":"n","satellite":"N","instrument":"VIIRS","version":"2.0NRT","bright_ti4":319.7,"frp":5.05,"daynight":"N"},"geometry":{"type":"Point","coordinates":[-121.70107,42.48383]}},{"type":"Feature","properties":{"acq_date":"2026-08-07","acq_time":934,"confidence":"n","satellite":"N","instrument":"VIIRS","version":"2.0NRT","bright_ti4":309.8,"frp":3.42,"daynight":"N"},"geometry":{"type":"Point","coordinates":[-121.71854,42.48389]}},{"type":"Feature","properties":{"acq_date":"2026-08-07","acq_time":934,"confidence":"n","satellite":"N","instrument":"VIIRS","version":"2.0NRT","bright_ti4":304.39,"frp":16.89,"daynight":"N"},"geometry":{"type":"Point","coordinates":[-121.65008,42.48423]}},{"type":"Feature","properties":{"acq_date":"2026-08-07","acq_time":934,"confidence":"n","satellite":"N","instrument":"VIIRS","version":"2.0NRT","bright_ti4":319.67,"frp":3.31,"daynight":"N"},"geometry":{"type":"Point","coordinates":[-121.70811,42.48433]}},{"type":"Feature","properties":{"acq_date":"2026-08-07","acq_time":934,"confidence":"n","satellite":"N","instrument":"VIIRS","version":"2.0NRT","bright_ti4":329.8,"frp":3.42,"daynight":"N"},"geometry":{"type":"Point","coordinates":[-121.72733,42.48446]}},{"type":"Feature","properties":{"acq_date":"2026-08-07","acq_time":934,"confidence":"n","satellite":"N","instrument":"VIIRS","version":"2.0NRT","bright_ti4":335.74,"frp":16.89,"daynight":"N"},"geometry":{"type":"Point","coordinates":[-121.65643,42.48465]}},{"type":"Feature","properties":{"acq_date":"2026-08-07","acq_time":934,"confidence":"n","satellite":"N","instrument":"VIIRS","version":"2.0NRT","bright_ti4":303.02,"frp":13.08,"daynight":"N"},"geometry":{"type":"Point","coordinates":[-121.6494,42.48499]}},{"type":"Feature","properties":{"acq_date":"2026-08-07","acq_time":934,"confidence":"n","satellite":"N","instrument":"VIIRS","version":"2.0NRT","bright_ti4":314.82,"frp":3.31,"daynight":"N"},"geometry":{"type":"Point","coordinates":[-121.71757,42.485]}},{"type":"Feature","properties":{"acq_date":"2026-08-07","acq_time":934,"confidence":"n","satellite":"N","instrument":"VIIRS","version":"2.0NRT","bright_ti4":356.37,"frp":37.02,"daynight":"N"},"geometry":{"type":"Point","coordinates":[-121.66243,42.48505]}},{"type":"Feature","properties":{"acq_date":"2026-08-07","acq_time":934,"confidence":"n","satellite":"N","instrument":"VIIRS","version":"2.0NRT","bright_ti4":336.76,"frp":37.06,"daynight":"N"},"geometry":{"type":"Point","coordinates":[-121.65574,42.48544]}},{"type":"Feature","properties":{"acq_date":"2026-08-07","acq_time":934,"confidence":"n","satellite":"N","instrument":"VIIRS","version":"2.0NRT","bright_ti4":352.73,"frp":37.02,"daynight":"N"},"geometry":{"type":"Point","coordinates":[-121.66856,42.48546]}},{"type":"Feature","properties":{"acq_date":"2026-08-07","acq_time":934,"confidence":"n","satellite":"N","instrument":"VIIRS","version":"2.0NRT","bright_ti4":335.9,"frp":4.67,"daynight":"N"},"geometry":{"type":"Point","coordinates":[-121.72662,42.48566]}},{"type":"Feature","properties":{"acq_date":"2026-08-07","acq_time":934,"confidence":"n","satellite":"N","instrument":"VIIRS","version":"2.0NRT","bright_ti4":355.27,"frp":37.06,"daynight":"N"},"geometry":{"type":"Point","coordinates":[-121.66177,42.48587]}},{"type":"Feature","properties":{"acq_date":"2026-08-07","acq_time":934,"confidence":"n","satellite":"N","instrument":"VIIRS","version":"2.0NRT","bright_ti4":339.83,"frp":8.76,"daynight":"N"},"geometry":{"type":"Point","coordinates":[-121.67494,42.48589]}},{"type":"Feature","properties":{"acq_date":"2026-08-07","acq_time":934,"confidence":"n","satellite":"N","instrument":"VIIRS","version":"2.0NRT","bright_ti4":354.61,"frp":14.28,"daynight":"N"},"geometry":{"type":"Point","coordinates":[-121.66789,42.48631]}},{"type":"Feature","properties":{"acq_date":"2026-08-07","acq_time":934,"confidence":"n","satellite":"N","instrument":"VIIRS","version":"2.0NRT","bright_ti4":323.51,"frp":8.76,"daynight":"N"},"geometry":{"type":"Point","coordinates":[-121.68159,42.48633]}},{"type":"Feature","properties":{"acq_date":"2026-08-07","acq_time":934,"confidence":"n","satellite":"N","instrument":"VIIRS","version":"2.0NRT","bright_ti4":342.23,"frp":14.28,"daynight":"N"},"geometry":{"type":"Point","coordinates":[-121.67425,42.48676]}},{"type":"Feature","properties":{"acq_date":"2026-08-07","acq_time":934,"confidence":"n","satellite":"N","instrument":"VIIRS","version":"2.0NRT","bright_ti4":320.01,"frp":4.33,"daynight":"N"},"geometry":{"type":"Point","coordinates":[-121.68823,42.48677]}},{"type":"Feature","properties":{"acq_date":"2026-08-07","acq_time":934,"confidence":"n","satellite":"N","instrument":"VIIRS","version":"2.0NRT","bright_ti4":317.85,"frp":4.33,"daynight":"N"},"geometry":{"type":"Point","coordinates":[-121.69489,42.48721]}},{"type":"Feature","properties":{"acq_date":"2026-08-07","acq_time":934,"confidence":"n","satellite":"N","instrument":"VIIRS","version":"2.0NRT","bright_ti4":324.68,"frp":5.43,"daynight":"N"},"geometry":{"type":"Point","coordinates":[-121.68085,42.48724]}},{"type":"Feature","properties":{"acq_date":"2026-08-07","acq_time":934,"confidence":"n","satellite":"N","instrument":"VIIRS","version":"2.0NRT","bright_ti4":317.83,"frp":4.96,"daynight":"N"},"geometry":{"type":"Point","coordinates":[-121.70159,42.48765]}},{"type":"Feature","properties":{"acq_date":"2026-08-07","acq_time":934,"confidence":"n","satellite":"N","instrument":"VIIRS","version":"2.0NRT","bright_ti4":320.62,"frp":5.43,"daynight":"N"},"geometry":{"type":"Point","coordinates":[-121.6875,42.48771]}},{"type":"Feature","properties":{"acq_date":"2026-08-07","acq_time":934,"confidence":"n","satellite":"N","instrument":"VIIRS","version":"2.0NRT","bright_ti4":324.28,"frp":4.96,"daynight":"N"},"geometry":{"type":"Point","coordinates":[-121.70905,42.48814]}},{"type":"Feature","properties":{"acq_date":"2026-08-07","acq_time":934,"confidence":"n","satellite":"N","instrument":"VIIRS","version":"2.0NRT","bright_ti4":317.85,"frp":4.08,"daynight":"N"},"geometry":{"type":"Point","coordinates":[-121.69414,42.48819]}},{"type":"Feature","properties":{"acq_date":"2026-08-07","acq_time":934,"confidence":"n","satellite":"N","instrument":"VIIRS","version":"2.0NRT","bright_ti4":317.62,"frp":4.08,"daynight":"N"},"geometry":{"type":"Point","coordinates":[-121.70088,42.48867]}},{"type":"Feature","properties":{"acq_date":"2026-08-07","acq_time":934,"confidence":"n","satellite":"N","instrument":"VIIRS","version":"2.0NRT","bright_ti4":324.88,"frp":6.57,"daynight":"N"},"geometry":{"type":"Point","coordinates":[-121.7188,42.48877]}},{"type":"Feature","properties":{"acq_date":"2026-08-07","acq_time":934,"confidence":"n","satellite":"N","instrument":"VIIRS","version":"2.0NRT","bright_ti4":349.53,"frp":16.89,"daynight":"N"},"geometry":{"type":"Point","coordinates":[-121.64925,42.48902]}},{"type":"Feature","properties":{"acq_date":"2026-08-07","acq_time":934,"confidence":"n","satellite":"N","instrument":"VIIRS","version":"2.0NRT","bright_ti4":324.34,"frp":6.14,"daynight":"N"},"geometry":{"type":"Point","coordinates":[-121.70827,42.4892]}},{"type":"Feature","properties":{"acq_date":"2026-08-07","acq_time":934,"confidence":"n","satellite":"N","instrument":"VIIRS","version":"2.0NRT","bright_ti4":330.94,"frp":6.57,"daynight":"N"},"geometry":{"type":"Point","coordinates":[-121.72751,42.48933]}},{"type":"Feature","properties":{"acq_date":"2026-08-07","acq_time":934,"confidence":"n","satellite":"N","instrument":"VIIRS","version":"2.0NRT","bright_ti4":319.1,"frp":16.89,"daynight":"N"},"geometry":{"type":"Point","coordinates":[-121.65533,42.48943]}},{"type":"Feature","properties":{"acq_date":"2026-08-07","acq_time":934,"confidence":"n","satellite":"N","instrument":"VIIRS","version":"2.0NRT","bright_ti4":356.22,"frp":13.08,"daynight":"N"},"geometry":{"type":"Point","coordinates":[-121.64838,42.48976]}},{"type":"Feature","properties":{"acq_date":"2026-08-07","acq_time":934,"confidence":"n","satellite":"N","instrument":"VIIRS","version":"2.0NRT","bright_ti4":354.17,"frp":37.02,"daynight":"N"},"geometry":{"type":"Point","coordinates":[-121.66151,42.48985]}},{"type":"Feature","properties":{"acq_date":"2026-08-07","acq_time":934,"confidence":"n","satellite":"N","instrument":"VIIRS","version":"2.0NRT","bright_ti4":332.34,"frp":6.14,"daynight":"N"},"geometry":{"type":"Point","coordinates":[-121.71783,42.48989]}},{"type":"Feature","properties":{"acq_date":"2026-08-07","acq_time":934,"confidence":"n","satellite":"N","instrument":"VIIRS","version":"2.0NRT","bright_ti4":305.39,"frp":1.66,"daynight":"N"},"geometry":{"type":"Point","coordinates":[-116.96695,42.49002]}},{"type":"Feature","properties":{"acq_date":"2026-08-07","acq_time":934,"confidence":"n","satellite":"N","instrument":"VIIRS","version":"2.0NRT","bright_ti4":312.48,"frp":37.06,"daynight":"N"},"geometry":{"type":"Point","coordinates":[-121.65438,42.49019]}},{"type":"Feature","properties":{"acq_date":"2026-08-07","acq_time":934,"confidence":"n","satellite":"N","instrument":"VIIRS","version":"2.0NRT","bright_ti4":345.71,"frp":37.02,"daynight":"N"},"geometry":{"type":"Point","coordinates":[-121.66794,42.49027]}},{"type":"Feature","properties":{"acq_date":"2026-08-07","acq_time":934,"confidence":"n","satellite":"N","instrument":"VIIRS","version":"2.0NRT","bright_ti4":322.9,"frp":4.7,"daynight":"N"},"geometry":{"type":"Point","coordinates":[-121.72673,42.49053]}},{"type":"Feature","properties":{"acq_date":"2026-08-07","acq_time":934,"confidence":"n","satellite":"N","instrument":"VIIRS","version":"2.0NRT","bright_ti4":353.47,"frp":37.06,"daynight":"N"},"geometry":{"type":"Point","coordinates":[-121.6606,42.49064]}},{"type":"Feature","properties":{"acq_date":"2026-08-07","acq_time":934,"confidence":"n","satellite":"N","instrument":"VIIRS","version":"2.0NRT","bright_ti4":347.48,"frp":8.76,"daynight":"N"},"geometry":{"type":"Point","coordinates":[-121.67449,42.49071]}},{"type":"Feature","properties":{"acq_date":"2026-08-07","acq_time":934,"confidence":"n","satellite":"N","instrument":"VIIRS","version":"2.0NRT","bright_ti4":343.67,"frp":14.28,"daynight":"N"},"geometry":{"type":"Point","coordinates":[-121.6671,42.4911]}},{"type":"Feature","properties":{"acq_date":"2026-08-07","acq_time":934,"confidence":"n","satellite":"N","instrument":"VIIRS","version":"2.0NRT","bright_ti4":326.47,"frp":8.76,"daynight":"N"},"geometry":{"type":"Point","coordinates":[-121.68111,42.49115]}},{"type":"Feature","properties":{"acq_date":"2026-08-07","acq_time":934,"confidence":"n","satellite":"N","instrument":"VIIRS","version":"2.0NRT","bright_ti4":349.06,"frp":14.28,"daynight":"N"},"geometry":{"type":"Point","coordinates":[-121.67375,42.49158]}},{"type":"Feature","properties":{"acq_date":"2026-08-07","acq_time":934,"confidence":"n","satellite":"N","instrument":"VIIRS","version":"2.0NRT","bright_ti4":321.95,"frp":4.33,"daynight":"N"},"geometry":{"type":"Point","coordinates":[-121.68778,42.49159]}},{"type":"Feature","properties":{"acq_date":"2026-08-07","acq_time":934,"confidence":"n","satellite":"N","instrument":"VIIRS","version":"2.0NRT","bright_ti4":320.1,"frp":4.33,"daynight":"N"},"geometry":{"type":"Point","coordinates":[-121.6945,42.49204]}},{"type":"Feature","properties":{"acq_date":"2026-08-07","acq_time":934,"confidence":"n","satellite":"N","instrument":"VIIRS","version":"2.0NRT","bright_ti4":327.51,"frp":5.43,"daynight":"N"},"geometry":{"type":"Point","coordinates":[-121.68038,42.49206]}},{"type":"Feature","properties":{"acq_date":"2026-08-07","acq_time":934,"confidence":"n","satellite":"N","instrument":"VIIRS","version":"2.0NRT","bright_ti4":320.05,"frp":4.96,"daynight":"N"},"geometry":{"type":"Point","coordinates":[-121.70155,42.4925]}},{"type":"Feature","properties":{"acq_date":"2026-08-07","acq_time":934,"confidence":"n","satellite":"N","instrument":"VIIRS","version":"2.0NRT","bright_ti4":322.39,"frp":5.43,"daynight":"N"},"geometry":{"type":"Point","coordinates":[-121.68705,42.49254]}},{"type":"Feature","properties":{"acq_date":"2026-08-07","acq_time":934,"confidence":"n","satellite":"N","instrument":"VIIRS","version":"2.0NRT","bright_ti4":334.4,"frp":4.96,"daynight":"N"},"geometry":{"type":"Point","coordinates":[-121.70931,42.49302]}},{"type":"Feature","properties":{"acq_date":"2026-08-07","acq_time":934,"confidence":"n","satellite":"N","instrument":"VIIRS","version":"2.0NRT","bright_ti4":321.88,"frp":4.08,"daynight":"N"},"geometry":{"type":"Point","coordinates":[-121.69376,42.49302]}},{"type":"Feature","properties":{"acq_date":"2026-08-07","acq_time":934,"confidence":"n","satellite":"N","instrument":"VIIRS","version":"2.0NRT","bright_ti4":321.97,"frp":4.08,"daynight":"N"},"geometry":{"type":"Point","coordinates":[-121.70081,42.49353]}},{"type":"Feature","properties":{"acq_date":"2026-08-07","acq_time":934,"confidence":"n","satellite":"N","instrument":"VIIRS","version":"2.0NRT","bright_ti4":332.14,"frp":6.57,"daynight":"N"},"geometry":{"type":"Point","coordinates":[-121.71897,42.49364]}},{"type":"Feature","properties":{"acq_date":"2026-08-07","acq_time":934,"confidence":"n","satellite":"N","instrument":"VIIRS","version":"2.0NRT","bright_ti4":351.63,"frp":8.39,"daynight":"N"},"geometry":{"type":"Point","coordinates":[-121.6475,42.49376]}},{"type":"Feature","properties":{"acq_date":"2026-08-07","acq_time":934,"confidence":"n","satellite":"N","instrument":"VIIRS","version":"2.0NRT","bright_ti4":338.65,"frp":6.14,"daynight":"N"},"geometry":{"type":"Point","coordinates":[-121.70852,42.49408]}},{"type":"Feature","properties":{"acq_date":"2026-08-07","acq_time":934,"confidence":"n","satellite":"N","instrument":"VIIRS","version":"2.0NRT","bright_ti4":303.56,"frp":8.39,"daynight":"N"},"geometry":{"type":"Point","coordinates":[-121.65317,42.49414]}},{"type":"Feature","properties":{"acq_date":"2026-08-07","acq_time":934,"confidence":"n","satellite":"N","instrument":"VIIRS","version":"2.0NRT","bright_ti4":311.61,"frp":4.7,"daynight":"N"},"geometry":{"type":"Point","coordinates":[-121.65952,42.49456]}},{"type":"Feature","properties":{"acq_date":"2026-08-07","acq_time":934,"confidence":"n","satellite":"N","instrument":"VIIRS","version":"2.0NRT","bright_ti4":324.24,"frp":6.14,"daynight":"N"},"geometry":{"type":"Point","coordinates":[-121.718,42.49477]}},{"type":"Feature","properties":{"acq_date":"2026-08-07","acq_time":934,"confidence":"n","satellite":"N","instrument":"VIIRS","version":"2.0NRT","bright_ti4":333.11,"frp":4.7,"daynight":"N"},"geometry":{"type":"Point","coordinates":[-121.66673,42.49504]}},{"type":"Feature","properties":{"acq_date":"2026-08-07","acq_time":934,"confidence":"n","satellite":"N","instrument":"VIIRS","version":"2.0NRT","bright_ti4":336.64,"frp":5.56,"daynight":"N"},"geometry":{"type":"Point","coordinates":[-121.67393,42.49552]}},{"type":"Feature","properties":{"acq_date":"2026-08-07","acq_time":934,"confidence":"n","satellite":"N","instrument":"VIIRS","version":"2.0NRT","bright_ti4":334.84,"frp":5.56,"daynight":"N"},"geometry":{"type":"Point","coordinates":[-121.68063,42.49597]}},{"type":"Feature","properties":{"acq_date":"2026-08-07","acq_time":934,"confidence":"n","satellite":"N","instrument":"VIIRS","version":"2.0NRT","bright_ti4":327.38,"frp":7.01,"daynight":"N"},"geometry":{"type":"Point","coordinates":[-121.68733,42.49641]}},{"type":"Feature","properties":{"acq_date":"2026-08-07","acq_time":934,"confidence":"n","satellite":"N","instrument":"VIIRS","version":"2.0NRT","bright_ti4":327.94,"frp":7.01,"daynight":"N"},"geometry":{"type":"Point","coordinates":[-121.69416,42.49687]}},{"type":"Feature","properties":{"acq_date":"2026-08-07","acq_time":934,"confidence":"n","satellite":"N","instrument":"VIIRS","version":"2.0NRT","bright_ti4":336.93,"frp":5.1,"daynight":"N"},"geometry":{"type":"Point","coordinates":[-121.70162,42.49736]}},{"type":"Feature","properties":{"acq_date":"2026-08-07","acq_time":934,"confidence":"n","satellite":"N","instrument":"VIIRS","version":"2.0NRT","bright_ti4":324.22,"frp":5.1,"daynight":"N"},"geometry":{"type":"Point","coordinates":[-121.70967,42.49789]}},{"type":"Feature","properties":{"acq_date":"2026-08-07","acq_time":934,"confidence":"n","satellite":"N","instrument":"VIIRS","version":"2.0NRT","bright_ti4":302.16,"frp":5.56,"daynight":"N"},"geometry":{"type":"Point","coordinates":[-121.68019,42.50079]}},{"type":"Feature","properties":{"acq_date":"2026-08-07","acq_time":934,"confidence":"n","satellite":"N","instrument":"VIIRS","version":"2.0NRT","bright_ti4":337.69,"frp":7.01,"daynight":"N"},"geometry":{"type":"Point","coordinates":[-121.68699,42.50124]}},{"type":"Feature","properties":{"acq_date":"2026-08-07","acq_time":934,"confidence":"n","satellite":"N","instrument":"VIIRS","version":"2.0NRT","bright_ti4":335.84,"frp":7.01,"daynight":"N"},"geometry":{"type":"Point","coordinates":[-121.69396,42.50171]}},{"type":"Feature","properties":{"acq_date":"2026-08-07","acq_time":934,"confidence":"n","satellite":"N","instrument":"VIIRS","version":"2.0NRT","bright_ti4":309.39,"frp":5.1,"daynight":"N"},"geometry":{"type":"Point","coordinates":[-121.70191,42.50224]}},{"type":"Feature","properties":{"acq_date":"2026-08-07","acq_time":934,"confidence":"n","satellite":"N","instrument":"VIIRS","version":"2.0NRT","bright_ti4":316.11,"frp":4.26,"daynight":"N"},"geometry":{"type":"Point","coordinates":[-121.6714,42.50506]}},{"type":"Feature","properties":{"acq_date":"2026-08-07","acq_time":934,"confidence":"n","satellite":"N","instrument":"VIIRS","version":"2.0NRT","bright_ti4":320.8,"frp":4.26,"daynight":"N"},"geometry":{"type":"Point","coordinates":[-121.67974,42.50562]}},{"type":"Feature","properties":{"acq_date":"2026-08-07","acq_time":934,"confidence":"n","satellite":"N","instrument":"VIIRS","version":"2.0NRT","bright_ti4":316.22,"frp":3.68,"daynight":"N"},"geometry":{"type":"Point","coordinates":[-121.68676,42.50609]}},{"type":"Feature","properties":{"acq_date":"2026-08-07","acq_time":934,"confidence":"n","satellite":"N","instrument":"VIIRS","version":"2.0NRT","bright_ti4":296.31,"frp":0.68,"daynight":"N"},"geometry":{"type":"Point","coordinates":[-116.74982,42.56571]}},{"type":"Feature","properties":{"acq_date":"2026-08-07","acq_time":934,"confidence":"n","satellite":"N","instrument":"VIIRS","version":"2.0NRT","bright_ti4":302.16,"frp":1.22,"daynight":"N"},"geometry":{"type":"Point","coordinates":[-116.74983,42.56601]}},{"type":"Feature","properties":{"acq_date":"2026-08-07","acq_time":934,"confidence":"n","satellite":"N","instrument":"VIIRS","version":"2.0NRT","bright_ti4":319.59,"frp":2.87,"daynight":"N"},"geometry":{"type":"Point","coordinates":[-116.74907,42.56946]}},{"type":"Feature","properties":{"acq_date":"2026-08-07","acq_time":934,"confidence":"n","satellite":"N","instrument":"VIIRS","version":"2.0NRT","bright_ti4":316.79,"frp":2.13,"daynight":"N"},"geometry":{"type":"Point","coordinates":[-116.74908,42.56976]}},{"type":"Feature","properties":{"acq_date":"2026-08-07","acq_time":934,"confidence":"n","satellite":"N","instrument":"VIIRS","version":"2.0NRT","bright_ti4":304.97,"frp":1.31,"daynight":"N"},"geometry":{"type":"Point","coordinates":[-116.75502,42.57011]}},{"type":"Feature","properties":{"acq_date":"2026-08-07","acq_time":934,"confidence":"n","satellite":"N","instrument":"VIIRS","version":"2.0NRT","bright_ti4":303.73,"frp":2.13,"daynight":"N"},"geometry":{"type":"Point","coordinates":[-116.75502,42.57044]}},{"type":"Feature","properties":{"acq_date":"2026-08-07","acq_time":934,"confidence":"n","satellite":"N","instrument":"VIIRS","version":"2.0NRT","bright_ti4":301.92,"frp":0.7,"daynight":"N"},"geometry":{"type":"Point","coordinates":[-116.74734,42.57694]}},{"type":"Feature","properties":{"acq_date":"2026-08-07","acq_time":934,"confidence":"n","satellite":"N","instrument":"VIIRS","version":"2.0NRT","bright_ti4":300.67,"frp":1.57,"daynight":"N"},"geometry":{"type":"Point","coordinates":[-116.56148,42.60205]}},{"type":"Feature","properties":{"acq_date":"2026-08-07","acq_time":934,"confidence":"n","satellite":"N","instrument":"VIIRS","version":"2.0NRT","bright_ti4":306.33,"frp":1.94,"daynight":"N"},"geometry":{"type":"Point","coordinates":[-116.74155,42.60313]}},{"type":"Feature","properties":{"acq_date":"2026-08-07","acq_time":934,"confidence":"n","satellite":"N","instrument":"VIIRS","version":"2.0NRT","bright_ti4":305.8,"frp":1.3,"daynight":"N"},"geometry":{"type":"Point","coordinates":[-116.74064,42.60687]}},{"type":"Feature","properties":{"acq_date":"2026-08-07","acq_time":934,"confidence":"n","satellite":"N","instrument":"VIIRS","version":"2.0NRT","bright_ti4":307.48,"frp":1.34,"daynight":"N"},"geometry":{"type":"Point","coordinates":[-116.74683,42.60755]}},{"type":"Feature","properties":{"acq_date":"2026-08-07","acq_time":934,"confidence":"n","satellite":"N","instrument":"VIIRS","version":"2.0NRT","bright_ti4":301.48,"frp":1.25,"daynight":"N"},"geometry":{"type":"Point","coordinates":[-116.72161,42.60859]}},{"type":"Feature","properties":{"acq_date":"2026-08-07","acq_time":934,"confidence":"n","satellite":"N","instrument":"VIIRS","version":"2.0NRT","bright_ti4":309.59,"frp":1.71,"daynight":"N"},"geometry":{"type":"Point","coordinates":[-116.70278,42.61031]}},{"type":"Feature","properties":{"acq_date":"2026-08-07","acq_time":934,"confidence":"n","satellite":"N","instrument":"VIIRS","version":"2.0NRT","bright_ti4":306.06,"frp":2.08,"daynight":"N"},"geometry":{"type":"Point","coordinates":[-116.70869,42.61097]}},{"type":"Feature","properties":{"acq_date":"2026-08-07","acq_time":934,"confidence":"n","satellite":"N","instrument":"VIIRS","version":"2.0NRT","bright_ti4":302.39,"frp":1.71,"daynight":"N"},"geometry":{"type":"Point","coordinates":[-116.70195,42.61404]}},{"type":"Feature","properties":{"acq_date":"2026-08-07","acq_time":934,"confidence":"n","satellite":"N","instrument":"VIIRS","version":"2.0NRT","bright_ti4":299.57,"frp":1.51,"daynight":"N"},"geometry":{"type":"Point","coordinates":[-116.58315,42.61593]}},{"type":"Feature","properties":{"acq_date":"2026-08-07","acq_time":934,"confidence":"n","satellite":"N","instrument":"VIIRS","version":"2.0NRT","bright_ti4":305.16,"frp":1.07,"daynight":"N"},"geometry":{"type":"Point","coordinates":[-116.83833,42.62152]}},{"type":"Feature","properties":{"acq_date":"2026-08-07","acq_time":934,"confidence":"n","satellite":"N","instrument":"VIIRS","version":"2.0NRT","bright_ti4":308.19,"frp":1.9,"daynight":"N"},"geometry":{"type":"Point","coordinates":[-116.67511,42.62252]}},{"type":"Feature","properties":{"acq_date":"2026-08-07","acq_time":934,"confidence":"n","satellite":"N","instrument":"VIIRS","version":"2.0NRT","bright_ti4":308.39,"frp":1.71,"daynight":"N"},"geometry":{"type":"Point","coordinates":[-116.81876,42.6232]}},{"type":"Feature","properties":{"acq_date":"2026-08-07","acq_time":934,"confidence":"n","satellite":"N","instrument":"VIIRS","version":"2.0NRT","bright_ti4":301.22,"frp":1.73,"daynight":"N"},"geometry":{"type":"Point","coordinates":[-116.68119,42.6232]}},{"type":"Feature","properties":{"acq_date":"2026-08-07","acq_time":934,"confidence":"n","satellite":"N","instrument":"VIIRS","version":"2.0NRT","bright_ti4":315.18,"frp":1.71,"daynight":"N"},"geometry":{"type":"Point","coordinates":[-116.82504,42.6239]}},{"type":"Feature","properties":{"acq_date":"2026-08-07","acq_time":934,"confidence":"n","satellite":"N","instrument":"VIIRS","version":"2.0NRT","bright_ti4":299.05,"frp":1.09,"daynight":"N"},"geometry":{"type":"Point","coordinates":[-116.58764,42.62406]}},{"type":"Feature","properties":{"acq_date":"2026-08-07","acq_time":934,"confidence":"n","satellite":"N","instrument":"VIIRS","version":"2.0NRT","bright_ti4":318.09,"frp":1.66,"daynight":"N"},"geometry":{"type":"Point","coordinates":[-116.83128,42.62459]}},{"type":"Feature","properties":{"acq_date":"2026-08-07","acq_time":934,"confidence":"n","satellite":"N","instrument":"VIIRS","version":"2.0NRT","bright_ti4":303.66,"frp":1.25,"daynight":"N"},"geometry":{"type":"Point","coordinates":[-116.59382,42.62477]}},{"type":"Feature","properties":{"acq_date":"2026-08-07","acq_time":934,"confidence":"n","satellite":"N","instrument":"VIIRS","version":"2.0NRT","bright_ti4":302.47,"frp":0.93,"daynight":"N"},"geometry":{"type":"Point","coordinates":[-116.66246,42.62491]}},{"type":"Feature","properties":{"acq_date":"2026-08-07","acq_time":934,"confidence":"n","satellite":"N","instrument":"VIIRS","version":"2.0NRT","bright_ti4":306.03,"frp":1.66,"daynight":"N"},"geometry":{"type":"Point","coordinates":[-116.83753,42.62528]}},{"type":"Feature","properties":{"acq_date":"2026-08-07","acq_time":934,"confidence":"n","satellite":"N","instrument":"VIIRS","version":"2.0NRT","bright_ti4":309.73,"frp":1.9,"daynight":"N"},"geometry":{"type":"Point","coordinates":[-116.66828,42.62556]}},{"type":"Feature","properties":{"acq_date":"2026-08-07","acq_time":934,"confidence":"n","satellite":"N","instrument":"VIIRS","version":"2.0NRT","bright_ti4":315.64,"frp":1.9,"daynight":"N"},"geometry":{"type":"Point","coordinates":[-116.67416,42.62623]}},{"type":"Feature","properties":{"acq_date":"2026-08-07","acq_time":934,"confidence":"n","satellite":"N","instrument":"VIIRS","version":"2.0NRT","bright_ti4":302.4,"frp":1.71,"daynight":"N"},"geometry":{"type":"Point","coordinates":[-116.81787,42.62695]}},{"type":"Feature","properties":{"acq_date":"2026-08-07","acq_time":934,"confidence":"n","satellite":"N","instrument":"VIIRS","version":"2.0NRT","bright_ti4":319.61,"frp":1.71,"daynight":"N"},"geometry":{"type":"Point","coordinates":[-116.82416,42.62765]}},{"type":"Feature","properties":{"acq_date":"2026-08-07","acq_time":934,"confidence":"n","satellite":"N","instrument":"VIIRS","version":"2.0NRT","bright_ti4":311.6,"frp":1.66,"daynight":"N"},"geometry":{"type":"Point","coordinates":[-116.83044,42.62835]}},{"type":"Feature","properties":{"acq_date":"2026-08-07","acq_time":934,"confidence":"n","satellite":"N","instrument":"VIIRS","version":"2.0NRT","bright_ti4":305.76,"frp":1.66,"daynight":"N"},"geometry":{"type":"Point","coordinates":[-116.83672,42.62904]}},{"type":"Feature","properties":{"acq_date":"2026-08-07","acq_time":934,"confidence":"n","satellite":"N","instrument":"VIIRS","version":"2.0NRT","bright_ti4":300.01,"frp":0.8,"daynight":"N"},"geometry":{"type":"Point","coordinates":[-116.70934,42.71462]}},{"type":"Feature","properties":{"acq_date":"2026-08-07","acq_time":934,"confidence":"n","satellite":"N","instrument":"VIIRS","version":"2.0NRT","bright_ti4":300.34,"frp":0.97,"daynight":"N"},"geometry":{"type":"Point","coordinates":[-116.72023,42.7235]}},{"type":"Feature","properties":{"acq_date":"2026-08-07","acq_time":934,"confidence":"n","satellite":"N","instrument":"VIIRS","version":"2.0NRT","bright_ti4":302.61,"frp":0.6,"daynight":"N"},"geometry":{"type":"Point","coordinates":[-116.71956,42.72726]}},{"type":"Feature","properties":{"acq_date":"2026-08-07","acq_time":934,"confidence":"n","satellite":"N","instrument":"VIIRS","version":"2.0NRT","bright_ti4":303.44,"frp":0.99,"daynight":"N"},"geometry":{"type":"Point","coordinates":[-116.78123,42.73412]}},{"type":"Feature","properties":{"acq_date":"2026-08-07","acq_time":934,"confidence":"n","satellite":"N","instrument":"VIIRS","version":"2.0NRT","bright_ti4":303.12,"frp":0.79,"daynight":"N"},"geometry":{"type":"Point","coordinates":[-116.72424,42.73545]}},{"type":"Feature","properties":{"acq_date":"2026-08-07","acq_time":934,"confidence":"n","satellite":"N","instrument":"VIIRS","version":"2.0NRT","bright_ti4":306.37,"frp":1.31,"daynight":"N"},"geometry":{"type":"Point","coordinates":[-116.78656,42.73855]}},{"type":"Feature","properties":{"acq_date":"2026-08-07","acq_time":934,"confidence":"n","satellite":"N","instrument":"VIIRS","version":"2.0NRT","bright_ti4":301.96,"frp":1.31,"daynight":"N"},"geometry":{"type":"Point","coordinates":[-116.79278,42.73925]}},{"type":"Feature","properties":{"acq_date":"2026-08-07","acq_time":934,"confidence":"n","satellite":"N","instrument":"VIIRS","version":"2.0NRT","bright_ti4":306.78,"frp":1.46,"daynight":"N"},"geometry":{"type":"Point","coordinates":[-116.79212,42.74302]}},{"type":"Feature","properties":{"acq_date":"2026-08-07","acq_time":934,"confidence":"n","satellite":"N","instrument":"VIIRS","version":"2.0NRT","bright_ti4":310.8,"frp":1.65,"daynight":"N"},"geometry":{"type":"Point","coordinates":[-116.7792,42.74542]}},{"type":"Feature","properties":{"acq_date":"2026-08-07","acq_time":934,"confidence":"n","satellite":"N","instrument":"VIIRS","version":"2.0NRT","bright_ti4":309.66,"frp":1.41,"daynight":"N"},"geometry":{"type":"Point","coordinates":[-116.75208,42.75393]}},{"type":"Feature","properties":{"acq_date":"2026-08-07","acq_time":934,"confidence":"n","satellite":"N","instrument":"VIIRS","version":"2.0NRT","bright_ti4":303.45,"frp":1.97,"daynight":"N"},"geometry":{"type":"Point","coordinates":[-116.75849,42.75465]}},{"type":"Feature","properties":{"acq_date":"2026-08-07","acq_time":934,"confidence":"n","satellite":"N","instrument":"VIIRS","version":"2.0NRT","bright_ti4":305.68,"frp":1.97,"daynight":"N"},"geometry":{"type":"Point","coordinates":[-116.76452,42.75532]}},{"type":"Feature","properties":{"acq_date":"2026-08-07","acq_time":934,"confidence":"n","satellite":"N","instrument":"VIIRS","version":"2.0NRT","bright_ti4":309.95,"frp":1.41,"daynight":"N"},"geometry":{"type":"Point","coordinates":[-116.75127,42.75768]}},{"type":"Feature","properties":{"acq_date":"2026-08-07","acq_time":934,"confidence":"n","satellite":"N","instrument":"VIIRS","version":"2.0NRT","bright_ti4":317.22,"frp":1.97,"daynight":"N"},"geometry":{"type":"Point","coordinates":[-116.7578,42.75841]}},{"type":"Feature","properties":{"acq_date":"2026-08-07","acq_time":934,"confidence":"n","satellite":"N","instrument":"VIIRS","version":"2.0NRT","bright_ti4":329.09,"frp":1.97,"daynight":"N"},"geometry":{"type":"Point","coordinates":[-116.76397,42.75911]}},{"type":"Feature","properties":{"acq_date":"2026-08-07","acq_time":934,"confidence":"n","satellite":"N","instrument":"VIIRS","version":"2.0NRT","bright_ti4":318.76,"frp":3.91,"daynight":"N"},"geometry":{"type":"Point","coordinates":[-116.76988,42.75977]}},{"type":"Feature","properties":{"acq_date":"2026-08-07","acq_time":934,"confidence":"n","satellite":"N","instrument":"VIIRS","version":"2.0NRT","bright_ti4":302.52,"frp":0.65,"daynight":"N"},"geometry":{"type":"Point","coordinates":[-116.75047,42.76143]}},{"type":"Feature","properties":{"acq_date":"2026-08-07","acq_time":934,"confidence":"n","satellite":"N","instrument":"VIIRS","version":"2.0NRT","bright_ti4":320.31,"frp":1.41,"daynight":"N"},"geometry":{"type":"Point","coordinates":[-116.82668,42.76227]}},{"type":"Feature","properties":{"acq_date":"2026-08-07","acq_time":934,"confidence":"n","satellite":"N","instrument":"VIIRS","version":"2.0NRT","bright_ti4":302.43,"frp":1.28,"daynight":"N"},"geometry":{"type":"Point","coordinates":[-116.76337,42.76288]}},{"type":"Feature","properties":{"acq_date":"2026-08-07","acq_time":934,"confidence":"n","satellite":"N","instrument":"VIIRS","version":"2.0NRT","bright_ti4":312.35,"frp":2.55,"daynight":"N"},"geometry":{"type":"Point","coordinates":[-116.83321,42.763]}},{"type":"Feature","properties":{"acq_date":"2026-08-07","acq_time":934,"confidence":"n","satellite":"N","instrument":"VIIRS","version":"2.0NRT","bright_ti4":298.67,"frp":0.7,"daynight":"N"},"geometry":{"type":"Point","coordinates":[-116.73154,42.76314]}},{"type":"Feature","properties":{"acq_date":"2026-08-07","acq_time":934,"confidence":"n","satellite":"N","instrument":"VIIRS","version":"2.0NRT","bright_ti4":323.94,"frp":2.8,"daynight":"N"},"geometry":{"type":"Point","coordinates":[-116.76934,42.76355]}},{"type":"Feature","properties":{"acq_date":"2026-08-07","acq_time":934,"confidence":"n","satellite":"N","instrument":"VIIRS","version":"2.0NRT","bright_ti4":318.83,"frp":2.8,"daynight":"N"},"geometry":{"type":"Point","coordinates":[-116.77538,42.76423]}},{"type":"Feature","properties":{"acq_date":"2026-08-07","acq_time":934,"confidence":"n","satellite":"N","instrument":"VIIRS","version":"2.0NRT","bright_ti4":300.55,"frp":1.41,"daynight":"N"},"geometry":{"type":"Point","coordinates":[-116.81979,42.76535]}},{"type":"Feature","properties":{"acq_date":"2026-08-07","acq_time":934,"confidence":"n","satellite":"N","instrument":"VIIRS","version":"2.0NRT","bright_ti4":304.14,"frp":1.41,"daynight":"N"},"geometry":{"type":"Point","coordinates":[-116.82603,42.76606]}},{"type":"Feature","properties":{"acq_date":"2026-08-07","acq_time":934,"confidence":"n","satellite":"N","instrument":"VIIRS","version":"2.0NRT","bright_ti4":303.77,"frp":1.28,"daynight":"N"},"geometry":{"type":"Point","coordinates":[-116.76278,42.76666]}},{"type":"Feature","properties":{"acq_date":"2026-08-07","acq_time":934,"confidence":"n","satellite":"N","instrument":"VIIRS","version":"2.0NRT","bright_ti4":302.36,"frp":2.55,"daynight":"N"},"geometry":{"type":"Point","coordinates":[-116.83249,42.76678]}},{"type":"Feature","properties":{"acq_date":"2026-08-07","acq_time":934,"confidence":"n","satellite":"N","instrument":"VIIRS","version":"2.0NRT","bright_ti4":316.08,"frp":2.8,"daynight":"N"},"geometry":{"type":"Point","coordinates":[-116.76879,42.76734]}},{"type":"Feature","properties":{"acq_date":"2026-08-07","acq_time":934,"confidence":"n","satellite":"N","instrument":"VIIRS","version":"2.0NRT","bright_ti4":332.78,"frp":2.55,"daynight":"N"},"geometry":{"type":"Point","coordinates":[-116.83899,42.7675]}},{"type":"Feature","properties":{"acq_date":"2026-08-07","acq_time":934,"confidence":"n","satellite":"N","instrument":"VIIRS","version":"2.0NRT","bright_ti4":304.62,"frp":1.31,"daynight":"N"},"geometry":{"type":"Point","coordinates":[-116.76214,42.77043]}},{"type":"Feature","properties":{"acq_date":"2026-08-07","acq_time":934,"confidence":"n","satellite":"N","instrument":"VIIRS","version":"2.0NRT","bright_ti4":307.98,"frp":1.86,"daynight":"N"},"geometry":{"type":"Point","coordinates":[-116.83176,42.77055]}},{"type":"Feature","properties":{"acq_date":"2026-08-07","acq_time":934,"confidence":"n","satellite":"N","instrument":"VIIRS","version":"2.0NRT","bright_ti4":314.72,"frp":3.04,"daynight":"N"},"geometry":{"type":"Point","coordinates":[-116.76826,42.77112]}},{"type":"Feature","properties":{"acq_date":"2026-08-07","acq_time":934,"confidence":"n","satellite":"N","instrument":"VIIRS","version":"2.0NRT","bright_ti4":318.16,"frp":1.86,"daynight":"N"},"geometry":{"type":"Point","coordinates":[-116.83831,42.77128]}},{"type":"Feature","properties":{"acq_date":"2026-08-07","acq_time":934,"confidence":"n","satellite":"N","instrument":"VIIRS","version":"2.0NRT","bright_ti4":307.07,"frp":1.86,"daynight":"N"},"geometry":{"type":"Point","coordinates":[-116.8376,42.77506]}},{"type":"Feature","properties":{"acq_date":"2026-08-07","acq_time":934,"confidence":"n","satellite":"N","instrument":"VIIRS","version":"2.0NRT","bright_ti4":321.33,"frp":2.29,"daynight":"N"},"geometry":{"type":"Point","coordinates":[-118.37061,42.94722]}},{"type":"Feature","properties":{"acq_date":"2026-08-07","acq_time":934,"confidence":"n","satellite":"N","instrument":"VIIRS","version":"2.0NRT","bright_ti4":312.18,"frp":0.99,"daynight":"N"},"geometry":{"type":"Point","coordinates":[-118.37154,42.94853]}},{"type":"Feature","properties":{"acq_date":"2026-08-07","acq_time":934,"confidence":"n","satellite":"N","instrument":"VIIRS","version":"2.0NRT","bright_ti4":308.9,"frp":0.85,"daynight":"N"},"geometry":{"type":"Point","coordinates":[-122.53112,43.13591]}},{"type":"Feature","properties":{"acq_date":"2026-08-07","acq_time":934,"confidence":"n","satellite":"N","instrument":"VIIRS","version":"2.0NRT","bright_ti4":303.57,"frp":0.83,"daynight":"N"},"geometry":{"type":"Point","coordinates":[-122.54522,43.13676]}},{"type":"Feature","properties":{"acq_date":"2026-08-07","acq_time":934,"confidence":"n","satellite":"N","instrument":"VIIRS","version":"2.0NRT","bright_ti4":302.67,"frp":0.85,"daynight":"N"},"geometry":{"type":"Point","coordinates":[-122.53664,43.14135]}},{"type":"Feature","properties":{"acq_date":"2026-08-07","acq_time":934,"confidence":"n","satellite":"N","instrument":"VIIRS","version":"2.0NRT","bright_ti4":307.51,"frp":0.83,"daynight":"N"},"geometry":{"type":"Point","coordinates":[-122.54112,43.14161]}},{"type":"Feature","properties":{"acq_date":"2026-08-07","acq_time":934,"confidence":"n","satellite":"N","instrument":"VIIRS","version":"2.0NRT","bright_ti4":308.84,"frp":0.83,"daynight":"N"},"geometry":{"type":"Point","coordinates":[-122.54538,43.14187]}},{"type":"Feature","properties":{"acq_date":"2026-08-07","acq_time":934,"confidence":"n","satellite":"N","instrument":"VIIRS","version":"2.0NRT","bright_ti4":304.39,"frp":1.33,"daynight":"N"},"geometry":{"type":"Point","coordinates":[-122.54952,43.14212]}},{"type":"Feature","properties":{"acq_date":"2026-08-07","acq_time":934,"confidence":"n","satellite":"N","instrument":"VIIRS","version":"2.0NRT","bright_ti4":309.17,"frp":1.54,"daynight":"N"},"geometry":{"type":"Point","coordinates":[-115.66914,43.14623]}},{"type":"Feature","properties":{"acq_date":"2026-08-07","acq_time":934,"confidence":"n","satellite":"N","instrument":"VIIRS","version":"2.0NRT","bright_ti4":308.66,"frp":0.56,"daynight":"N"},"geometry":{"type":"Point","coordinates":[-115.73206,43.17974]}},{"type":"Feature","properties":{"acq_date":"2026-08-07","acq_time":937,"confidence":"n","satellite":"N","instrument":"VIIRS","version":"2.0NRT","bright_ti4":306.3,"frp":0.94,"daynight":"N"},"geometry":{"type":"Point","coordinates":[-117.1483,32.85654]}},{"type":"Feature","properties":{"acq_date":"2026-08-07","acq_time":937,"confidence":"n","satellite":"N","instrument":"VIIRS","version":"2.0NRT","bright_ti4":298.06,"frp":0.55,"daynight":"N"},"geometry":{"type":"Point","coordinates":[-117.82171,33.61129]}},{"type":"Feature","properties":{"acq_date":"2026-08-07","acq_time":937,"confidence":"n","satellite":"N","instrument":"VIIRS","version":"2.0NRT","bright_ti4":306.06,"frp":0.55,"daynight":"N"},"geometry":{"type":"Point","coordinates":[-117.82112,33.61486]}},{"type":"Feature","properties":{"acq_date":"2026-08-07","acq_time":937,"confidence":"n","satellite":"N","instrument":"VIIRS","version":"2.0NRT","bright_ti4":314.72,"frp":1.51,"daynight":"N"},"geometry":{"type":"Point","coordinates":[-117.71188,33.71541]}},{"type":"Feature","properties":{"acq_date":"2026-08-07","acq_time":937,"confidence":"n","satellite":"N","instrument":"VIIRS","version":"2.0NRT","bright_ti4":302.37,"frp":0.68,"daynight":"N"},"geometry":{"type":"Point","coordinates":[-117.4749,33.7921]}},{"type":"Feature","properties":{"acq_date":"2026-08-07","acq_time":937,"confidence":"n","satellite":"N","instrument":"VIIRS","version":"2.0NRT","bright_ti4":304,"frp":0.87,"daynight":"N"},"geometry":{"type":"Point","coordinates":[-117.47416,33.7956]}},{"type":"Feature","properties":{"acq_date":"2026-08-07","acq_time":937,"confidence":"n","satellite":"N","instrument":"VIIRS","version":"2.0NRT","bright_ti4":305.42,"frp":0.17,"daynight":"N"},"geometry":{"type":"Point","coordinates":[-117.42599,34.14116]}},{"type":"Feature","properties":{"acq_date":"2026-08-07","acq_time":937,"confidence":"n","satellite":"N","instrument":"VIIRS","version":"2.0NRT","bright_ti4":313.02,"frp":0.82,"daynight":"N"},"geometry":{"type":"Point","coordinates":[-118.1923,34.15176]}},{"type":"Feature","properties":{"acq_date":"2026-08-07","acq_time":937,"confidence":"n","satellite":"N","instrument":"VIIRS","version":"2.0NRT","bright_ti4":316.86,"frp":1.35,"daynight":"N"},"geometry":{"type":"Point","coordinates":[-118.19361,34.15232]}},{"type":"Feature","properties":{"acq_date":"2026-08-07","acq_time":937,"confidence":"n","satellite":"N","instrument":"VIIRS","version":"2.0NRT","bright_ti4":300.56,"frp":0.82,"daynight":"N"},"geometry":{"type":"Point","coordinates":[-118.19142,34.15536]}},{"type":"Feature","properties":{"acq_date":"2026-08-07","acq_time":937,"confidence":"n","satellite":"N","instrument":"VIIRS","version":"2.0NRT","bright_ti4":301.06,"frp":0.35,"daynight":"N"},"geometry":{"type":"Point","coordinates":[-118.38096,34.24228]}},{"type":"Feature","properties":{"acq_date":"2026-08-07","acq_time":937,"confidence":"n","satellite":"N","instrument":"VIIRS","version":"2.0NRT","bright_ti4":307.02,"frp":0.75,"daynight":"N"},"geometry":{"type":"Point","coordinates":[-118.5216,34.33326]}},{"type":"Feature","properties":{"acq_date":"2026-08-07","acq_time":937,"confidence":"n","satellite":"N","instrument":"VIIRS","version":"2.0NRT","bright_ti4":306.53,"frp":0.91,"daynight":"N"},"geometry":{"type":"Point","coordinates":[-118.52091,34.33696]}},{"type":"Feature","properties":{"acq_date":"2026-08-07","acq_time":937,"confidence":"n","satellite":"N","instrument":"VIIRS","version":"2.0NRT","bright_ti4":308.27,"frp":1.55,"daynight":"N"},"geometry":{"type":"Point","coordinates":[-116.85374,34.35556]}},{"type":"Feature","properties":{"acq_date":"2026-08-07","acq_time":937,"confidence":"n","satellite":"N","instrument":"VIIRS","version":"2.0NRT","bright_ti4":309.48,"frp":1.38,"daynight":"N"},"geometry":{"type":"Point","coordinates":[-118.6454,34.42878]}},{"type":"Feature","properties":{"acq_date":"2026-08-07","acq_time":937,"confidence":"n","satellite":"N","instrument":"VIIRS","version":"2.0NRT","bright_ti4":298.4,"frp":0.59,"daynight":"N"},"geometry":{"type":"Point","coordinates":[-114.92522,39.14317]}},{"type":"Feature","properties":{"acq_date":"2026-08-07","acq_time":937,"confidence":"n","satellite":"N","instrument":"VIIRS","version":"2.0NRT","bright_ti4":298.38,"frp":0.51,"daynight":"N"},"geometry":{"type":"Point","coordinates":[-114.91087,39.14466]}},{"type":"Feature","properties":{"acq_date":"2026-08-07","acq_time":937,"confidence":"n","satellite":"N","instrument":"VIIRS","version":"2.0NRT","bright_ti4":310.29,"frp":1.27,"daynight":"N"},"geometry":{"type":"Point","coordinates":[-114.90118,39.1468]}},{"type":"Feature","properties":{"acq_date":"2026-08-07","acq_time":937,"confidence":"n","satellite":"N","instrument":"VIIRS","version":"2.0NRT","bright_ti4":306.23,"frp":0.79,"daynight":"N"},"geometry":{"type":"Point","coordinates":[-114.93345,39.1478]}},{"type":"Feature","properties":{"acq_date":"2026-08-07","acq_time":937,"confidence":"n","satellite":"N","instrument":"VIIRS","version":"2.0NRT","bright_ti4":298.33,"frp":0.79,"daynight":"N"},"geometry":{"type":"Point","coordinates":[-114.93797,39.14842]}},{"type":"Feature","properties":{"acq_date":"2026-08-07","acq_time":937,"confidence":"n","satellite":"N","instrument":"VIIRS","version":"2.0NRT","bright_ti4":304.86,"frp":1.24,"daynight":"N"},"geometry":{"type":"Point","coordinates":[-114.92826,39.15056]}},{"type":"Feature","properties":{"acq_date":"2026-08-07","acq_time":937,"confidence":"n","satellite":"N","instrument":"VIIRS","version":"2.0NRT","bright_ti4":324.99,"frp":1.43,"daynight":"N"},"geometry":{"type":"Point","coordinates":[-114.93279,39.15119]}},{"type":"Feature","properties":{"acq_date":"2026-08-07","acq_time":937,"confidence":"n","satellite":"N","instrument":"VIIRS","version":"2.0NRT","bright_ti4":299.87,"frp":1.43,"daynight":"N"},"geometry":{"type":"Point","coordinates":[-114.93733,39.15182]}},{"type":"Feature","properties":{"acq_date":"2026-08-07","acq_time":1115,"confidence":"n","satellite":"N","instrument":"VIIRS","version":"2.0NRT","bright_ti4":300.42,"frp":3.1,"daynight":"N"},"geometry":{"type":"Point","coordinates":[-116.90894,42.45173]}},{"type":"Feature","properties":{"acq_date":"2026-08-07","acq_time":1115,"confidence":"n","satellite":"N","instrument":"VIIRS","version":"2.0NRT","bright_ti4":307.67,"frp":3.28,"daynight":"N"},"geometry":{"type":"Point","coordinates":[-116.82642,42.629]}},{"type":"Feature","properties":{"acq_date":"2026-08-07","acq_time":1115,"confidence":"n","satellite":"N","instrument":"VIIRS","version":"2.0NRT","bright_ti4":297.94,"frp":2.74,"daynight":"N"},"geometry":{"type":"Point","coordinates":[-116.72419,42.72739]}},{"type":"Feature","properties":{"acq_date":"2026-08-07","acq_time":1115,"confidence":"n","satellite":"N","instrument":"VIIRS","version":"2.0NRT","bright_ti4":303.2,"frp":2.98,"daynight":"N"},"geometry":{"type":"Point","coordinates":[-116.75759,42.75595]}},{"type":"Feature","properties":{"acq_date":"2026-08-07","acq_time":1115,"confidence":"n","satellite":"N","instrument":"VIIRS","version":"2.0NRT","bright_ti4":306.58,"frp":2.98,"daynight":"N"},"geometry":{"type":"Point","coordinates":[-116.76691,42.75934]}},{"type":"Feature","properties":{"acq_date":"2026-08-07","acq_time":1115,"confidence":"n","satellite":"N","instrument":"VIIRS","version":"2.0NRT","bright_ti4":305.68,"frp":3.96,"daynight":"N"},"geometry":{"type":"Point","coordinates":[-116.75587,42.76044]}},{"type":"Feature","properties":{"acq_date":"2026-08-07","acq_time":1115,"confidence":"n","satellite":"N","instrument":"VIIRS","version":"2.0NRT","bright_ti4":300.5,"frp":3.22,"daynight":"N"},"geometry":{"type":"Point","coordinates":[-116.75362,42.76267]}},{"type":"Feature","properties":{"acq_date":"2026-08-07","acq_time":1115,"confidence":"n","satellite":"N","instrument":"VIIRS","version":"2.0NRT","bright_ti4":310.47,"frp":2.22,"daynight":"N"},"geometry":{"type":"Point","coordinates":[-116.83111,42.763]}},{"type":"Feature","properties":{"acq_date":"2026-08-07","acq_time":1115,"confidence":"n","satellite":"N","instrument":"VIIRS","version":"2.0NRT","bright_ti4":303.5,"frp":1.9,"daynight":"N"},"geometry":{"type":"Point","coordinates":[-116.76397,42.76335]}},{"type":"Feature","properties":{"acq_date":"2026-08-07","acq_time":1115,"confidence":"n","satellite":"N","instrument":"VIIRS","version":"2.0NRT","bright_ti4":307.4,"frp":4.06,"daynight":"N"},"geometry":{"type":"Point","coordinates":[-116.82822,42.76535]}},{"type":"Feature","properties":{"acq_date":"2026-08-07","acq_time":1115,"confidence":"n","satellite":"N","instrument":"VIIRS","version":"2.0NRT","bright_ti4":303.88,"frp":2.22,"daynight":"N"},"geometry":{"type":"Point","coordinates":[-116.83843,42.76563]}},{"type":"Feature","properties":{"acq_date":"2026-08-07","acq_time":1115,"confidence":"n","satellite":"N","instrument":"VIIRS","version":"2.0NRT","bright_ti4":301.62,"frp":1.9,"daynight":"N"},"geometry":{"type":"Point","coordinates":[-116.77387,42.76689]}},{"type":"Feature","properties":{"acq_date":"2026-08-07","acq_time":1115,"confidence":"n","satellite":"N","instrument":"VIIRS","version":"2.0NRT","bright_ti4":309.51,"frp":3.1,"daynight":"N"},"geometry":{"type":"Point","coordinates":[-116.83553,42.76802]}},{"type":"Feature","properties":{"acq_date":"2026-08-07","acq_time":1115,"confidence":"n","satellite":"N","instrument":"VIIRS","version":"2.0NRT","bright_ti4":301.66,"frp":3.04,"daynight":"N"},"geometry":{"type":"Point","coordinates":[-116.77007,42.76866]}},{"type":"Feature","properties":{"acq_date":"2026-08-07","acq_time":1115,"confidence":"n","satellite":"N","instrument":"VIIRS","version":"2.0NRT","bright_ti4":303.82,"frp":3.1,"daynight":"N"},"geometry":{"type":"Point","coordinates":[-116.84381,42.77104]}},{"type":"Feature","properties":{"acq_date":"2026-08-07","acq_time":1115,"confidence":"n","satellite":"N","instrument":"VIIRS","version":"2.0NRT","bright_ti4":302.76,"frp":3.24,"daynight":"N"},"geometry":{"type":"Point","coordinates":[-116.83411,42.7722]}},{"type":"Feature","properties":{"acq_date":"2026-08-07","acq_time":1115,"confidence":"n","satellite":"N","instrument":"VIIRS","version":"2.0NRT","bright_ti4":298.95,"frp":1.9,"daynight":"N"},"geometry":{"type":"Point","coordinates":[-116.7671,42.77261]}},{"type":"Feature","properties":{"acq_date":"2026-08-07","acq_time":1115,"confidence":"n","satellite":"N","instrument":"VIIRS","version":"2.0NRT","bright_ti4":302.78,"frp":2.41,"daynight":"N"},"geometry":{"type":"Point","coordinates":[-116.84211,42.77507]}},{"type":"Feature","properties":{"acq_date":"2026-08-07","acq_time":1115,"confidence":"n","satellite":"N","instrument":"VIIRS","version":"2.0NRT","bright_ti4":308.85,"frp":2.43,"daynight":"N"},"geometry":{"type":"Point","coordinates":[-118.37554,42.94678]}},{"type":"Feature","properties":{"acq_date":"2026-08-07","acq_time":1115,"confidence":"n","satellite":"N","instrument":"VIIRS","version":"2.0NRT","bright_ti4":301.69,"frp":0.61,"daynight":"N"},"geometry":{"type":"Point","coordinates":[-122.53604,43.14041]}},{"type":"Feature","properties":{"acq_date":"2026-08-07","acq_time":1115,"confidence":"n","satellite":"N","instrument":"VIIRS","version":"2.0NRT","bright_ti4":302.02,"frp":0.61,"daynight":"N"},"geometry":{"type":"Point","coordinates":[-122.54021,43.14162]}},{"type":"Feature","properties":{"acq_date":"2026-08-07","acq_time":1115,"confidence":"n","satellite":"N","instrument":"VIIRS","version":"2.0NRT","bright_ti4":304.89,"frp":0.85,"daynight":"N"},"geometry":{"type":"Point","coordinates":[-122.54462,43.14293]}},{"type":"Feature","properties":{"acq_date":"2026-08-07","acq_time":1115,"confidence":"n","satellite":"N","instrument":"VIIRS","version":"2.0NRT","bright_ti4":305.42,"frp":0.85,"daynight":"N"},"geometry":{"type":"Point","coordinates":[-122.54964,43.14439]}},{"type":"Feature","properties":{"acq_date":"2026-08-07","acq_time":1117,"confidence":"n","satellite":"N","instrument":"VIIRS","version":"2.0NRT","bright_ti4":303.17,"frp":1.25,"daynight":"N"},"geometry":{"type":"Point","coordinates":[-122.96338,42.20862]}},{"type":"Feature","properties":{"acq_date":"2026-08-07","acq_time":1117,"confidence":"n","satellite":"N","instrument":"VIIRS","version":"2.0NRT","bright_ti4":313.51,"frp":1.9,"daynight":"N"},"geometry":{"type":"Point","coordinates":[-122.96921,42.21033]}},{"type":"Feature","properties":{"acq_date":"2026-08-07","acq_time":1117,"confidence":"n","satellite":"N","instrument":"VIIRS","version":"2.0NRT","bright_ti4":307.98,"frp":1.9,"daynight":"N"},"geometry":{"type":"Point","coordinates":[-122.97463,42.21191]}},{"type":"Feature","properties":{"acq_date":"2026-08-07","acq_time":1117,"confidence":"n","satellite":"N","instrument":"VIIRS","version":"2.0NRT","bright_ti4":310.54,"frp":5.04,"daynight":"N"},"geometry":{"type":"Point","coordinates":[-121.66855,42.43358]}},{"type":"Feature","properties":{"acq_date":"2026-08-07","acq_time":1117,"confidence":"n","satellite":"N","instrument":"VIIRS","version":"2.0NRT","bright_ti4":303.02,"frp":3.57,"daynight":"N"},"geometry":{"type":"Point","coordinates":[-121.65792,42.43444]}},{"type":"Feature","properties":{"acq_date":"2026-08-07","acq_time":1117,"confidence":"n","satellite":"N","instrument":"VIIRS","version":"2.0NRT","bright_ti4":305.11,"frp":3.23,"daynight":"N"},"geometry":{"type":"Point","coordinates":[-121.65636,42.43637]}},{"type":"Feature","properties":{"acq_date":"2026-08-07","acq_time":1117,"confidence":"n","satellite":"N","instrument":"VIIRS","version":"2.0NRT","bright_ti4":332.37,"frp":3.57,"daynight":"N"},"geometry":{"type":"Point","coordinates":[-121.66499,42.43658]}},{"type":"Feature","properties":{"acq_date":"2026-08-07","acq_time":1117,"confidence":"n","satellite":"N","instrument":"VIIRS","version":"2.0NRT","bright_ti4":334.32,"frp":5.77,"daynight":"N"},"geometry":{"type":"Point","coordinates":[-121.70273,42.43761]}},{"type":"Feature","properties":{"acq_date":"2026-08-07","acq_time":1117,"confidence":"n","satellite":"N","instrument":"VIIRS","version":"2.0NRT","bright_ti4":332.22,"frp":5.04,"daynight":"N"},"geometry":{"type":"Point","coordinates":[-121.66343,42.43856]}},{"type":"Feature","properties":{"acq_date":"2026-08-07","acq_time":1117,"confidence":"n","satellite":"N","instrument":"VIIRS","version":"2.0NRT","bright_ti4":327.78,"frp":5.1,"daynight":"N"},"geometry":{"type":"Point","coordinates":[-121.67216,42.43876]}},{"type":"Feature","properties":{"acq_date":"2026-08-07","acq_time":1117,"confidence":"n","satellite":"N","instrument":"VIIRS","version":"2.0NRT","bright_ti4":334.69,"frp":8.42,"daynight":"N"},"geometry":{"type":"Point","coordinates":[-121.70673,42.43885]}},{"type":"Feature","properties":{"acq_date":"2026-08-07","acq_time":1117,"confidence":"n","satellite":"N","instrument":"VIIRS","version":"2.0NRT","bright_ti4":309.48,"frp":3.57,"daynight":"N"},"geometry":{"type":"Point","coordinates":[-121.65322,42.43958]}},{"type":"Feature","properties":{"acq_date":"2026-08-07","acq_time":1117,"confidence":"n","satellite":"N","instrument":"VIIRS","version":"2.0NRT","bright_ti4":307.26,"frp":5.1,"daynight":"N"},"geometry":{"type":"Point","coordinates":[-121.67863,42.44072]}},{"type":"Feature","properties":{"acq_date":"2026-08-07","acq_time":1117,"confidence":"n","satellite":"N","instrument":"VIIRS","version":"2.0NRT","bright_ti4":337.4,"frp":5.04,"daynight":"N"},"geometry":{"type":"Point","coordinates":[-121.67083,42.44085]}},{"type":"Feature","properties":{"acq_date":"2026-08-07","acq_time":1117,"confidence":"n","satellite":"N","instrument":"VIIRS","version":"2.0NRT","bright_ti4":346.12,"frp":7.55,"daynight":"N"},"geometry":{"type":"Point","coordinates":[-121.70098,42.44095]}},{"type":"Feature","properties":{"acq_date":"2026-08-07","acq_time":1117,"confidence":"n","satellite":"N","instrument":"VIIRS","version":"2.0NRT","bright_ti4":305.5,"frp":2.98,"daynight":"N"},"geometry":{"type":"Point","coordinates":[-121.65205,42.44161]}},{"type":"Feature","properties":{"acq_date":"2026-08-07","acq_time":1117,"confidence":"n","satellite":"N","instrument":"VIIRS","version":"2.0NRT","bright_ti4":329.41,"frp":3.57,"daynight":"N"},"geometry":{"type":"Point","coordinates":[-121.66032,42.44173]}},{"type":"Feature","properties":{"acq_date":"2026-08-07","acq_time":1117,"confidence":"n","satellite":"N","instrument":"VIIRS","version":"2.0NRT","bright_ti4":341.59,"frp":7.55,"daynight":"N"},"geometry":{"type":"Point","coordinates":[-121.70532,42.44227]}},{"type":"Feature","properties":{"acq_date":"2026-08-07","acq_time":1117,"confidence":"n","satellite":"N","instrument":"VIIRS","version":"2.0NRT","bright_ti4":319.06,"frp":3.89,"daynight":"N"},"geometry":{"type":"Point","coordinates":[-121.67728,42.44286]}},{"type":"Feature","properties":{"acq_date":"2026-08-07","acq_time":1117,"confidence":"n","satellite":"N","instrument":"VIIRS","version":"2.0NRT","bright_ti4":314.97,"frp":1.91,"daynight":"N"},"geometry":{"type":"Point","coordinates":[-121.69994,42.44331]}},{"type":"Feature","properties":{"acq_date":"2026-08-07","acq_time":1117,"confidence":"n","satellite":"N","instrument":"VIIRS","version":"2.0NRT","bright_ti4":332.24,"frp":4.07,"daynight":"N"},"geometry":{"type":"Point","coordinates":[-121.65907,42.44379]}},{"type":"Feature","properties":{"acq_date":"2026-08-07","acq_time":1117,"confidence":"n","satellite":"N","instrument":"VIIRS","version":"2.0NRT","bright_ti4":331.85,"frp":5.1,"daynight":"N"},"geometry":{"type":"Point","coordinates":[-121.66784,42.444]}},{"type":"Feature","properties":{"acq_date":"2026-08-07","acq_time":1117,"confidence":"n","satellite":"N","instrument":"VIIRS","version":"2.0NRT","bright_ti4":307.87,"frp":6.39,"daynight":"N"},"geometry":{"type":"Point","coordinates":[-121.71329,42.4447]}},{"type":"Feature","properties":{"acq_date":"2026-08-07","acq_time":1117,"confidence":"n","satellite":"N","instrument":"VIIRS","version":"2.0NRT","bright_ti4":320,"frp":6.18,"daynight":"N"},"geometry":{"type":"Point","coordinates":[-121.70477,42.4448]}},{"type":"Feature","properties":{"acq_date":"2026-08-07","acq_time":1117,"confidence":"n","satellite":"N","instrument":"VIIRS","version":"2.0NRT","bright_ti4":309.7,"frp":3.89,"daynight":"N"},"geometry":{"type":"Point","coordinates":[-121.68362,42.44482]}},{"type":"Feature","properties":{"acq_date":"2026-08-07","acq_time":1117,"confidence":"n","satellite":"N","instrument":"VIIRS","version":"2.0NRT","bright_ti4":328.36,"frp":5.1,"daynight":"N"},"geometry":{"type":"Point","coordinates":[-121.67455,42.44603]}},{"type":"Feature","properties":{"acq_date":"2026-08-07","acq_time":1117,"confidence":"n","satellite":"N","instrument":"VIIRS","version":"2.0NRT","bright_ti4":333.51,"frp":4.07,"daynight":"N"},"geometry":{"type":"Point","coordinates":[-121.66663,42.44612]}},{"type":"Feature","properties":{"acq_date":"2026-08-07","acq_time":1117,"confidence":"n","satellite":"N","instrument":"VIIRS","version":"2.0NRT","bright_ti4":319.91,"frp":3.03,"daynight":"N"},"geometry":{"type":"Point","coordinates":[-121.71812,42.44617]}},{"type":"Feature","properties":{"acq_date":"2026-08-07","acq_time":1117,"confidence":"n","satellite":"N","instrument":"VIIRS","version":"2.0NRT","bright_ti4":306.81,"frp":1.91,"daynight":"N"},"geometry":{"type":"Point","coordinates":[-121.69011,42.44683]}},{"type":"Feature","properties":{"acq_date":"2026-08-07","acq_time":1117,"confidence":"n","satellite":"N","instrument":"VIIRS","version":"2.0NRT","bright_ti4":320.54,"frp":4.28,"daynight":"N"},"geometry":{"type":"Point","coordinates":[-121.65586,42.44693]}},{"type":"Feature","properties":{"acq_date":"2026-08-07","acq_time":1117,"confidence":"n","satellite":"N","instrument":"VIIRS","version":"2.0NRT","bright_ti4":305.57,"frp":3.35,"daynight":"N"},"geometry":{"type":"Point","coordinates":[-121.71258,42.44722]}},{"type":"Feature","properties":{"acq_date":"2026-08-07","acq_time":1117,"confidence":"n","satellite":"N","instrument":"VIIRS","version":"2.0NRT","bright_ti4":319.66,"frp":4.54,"daynight":"N"},"geometry":{"type":"Point","coordinates":[-121.6809,42.44796]}},{"type":"Feature","properties":{"acq_date":"2026-08-07","acq_time":1117,"confidence":"n","satellite":"N","instrument":"VIIRS","version":"2.0NRT","bright_ti4":330.72,"frp":5.15,"daynight":"N"},"geometry":{"type":"Point","coordinates":[-121.67342,42.44823]}},{"type":"Feature","properties":{"acq_date":"2026-08-07","acq_time":1117,"confidence":"n","satellite":"N","instrument":"VIIRS","version":"2.0NRT","bright_ti4":331.02,"frp":3.35,"daynight":"N"},"geometry":{"type":"Point","coordinates":[-121.71735,42.44869]}},{"type":"Feature","properties":{"acq_date":"2026-08-07","acq_time":1117,"confidence":"n","satellite":"N","instrument":"VIIRS","version":"2.0NRT","bright_ti4":303.18,"frp":1.91,"daynight":"N"},"geometry":{"type":"Point","coordinates":[-121.69656,42.44882]}},{"type":"Feature","properties":{"acq_date":"2026-08-07","acq_time":1117,"confidence":"n","satellite":"N","instrument":"VIIRS","version":"2.0NRT","bright_ti4":301.82,"frp":4.07,"daynight":"N"},"geometry":{"type":"Point","coordinates":[-121.65467,42.449]}},{"type":"Feature","properties":{"acq_date":"2026-08-07","acq_time":1117,"confidence":"n","satellite":"N","instrument":"VIIRS","version":"2.0NRT","bright_ti4":325.26,"frp":4.42,"daynight":"N"},"geometry":{"type":"Point","coordinates":[-121.66366,42.44929]}},{"type":"Feature","properties":{"acq_date":"2026-08-07","acq_time":1117,"confidence":"n","satellite":"N","instrument":"VIIRS","version":"2.0NRT","bright_ti4":313.65,"frp":4.54,"daynight":"N"},"geometry":{"type":"Point","coordinates":[-121.6874,42.44992]}},{"type":"Feature","properties":{"acq_date":"2026-08-07","acq_time":1117,"confidence":"n","satellite":"N","instrument":"VIIRS","version":"2.0NRT","bright_ti4":319.56,"frp":5.15,"daynight":"N"},"geometry":{"type":"Point","coordinates":[-121.67976,42.45019]}},{"type":"Feature","properties":{"acq_date":"2026-08-07","acq_time":1117,"confidence":"n","satellite":"N","instrument":"VIIRS","version":"2.0NRT","bright_ti4":313.17,"frp":4.07,"daynight":"N"},"geometry":{"type":"Point","coordinates":[-121.66245,42.4514]}},{"type":"Feature","properties":{"acq_date":"2026-08-07","acq_time":1117,"confidence":"n","satellite":"N","instrument":"VIIRS","version":"2.0NRT","bright_ti4":331.21,"frp":4.42,"daynight":"N"},"geometry":{"type":"Point","coordinates":[-121.67078,42.45144]}},{"type":"Feature","properties":{"acq_date":"2026-08-07","acq_time":1117,"confidence":"n","satellite":"N","instrument":"VIIRS","version":"2.0NRT","bright_ti4":303.7,"frp":4.42,"daynight":"N"},"geometry":{"type":"Point","coordinates":[-121.69404,42.45193]}},{"type":"Feature","properties":{"acq_date":"2026-08-07","acq_time":1117,"confidence":"n","satellite":"N","instrument":"VIIRS","version":"2.0NRT","bright_ti4":311.93,"frp":2.85,"daynight":"N"},"geometry":{"type":"Point","coordinates":[-121.71609,42.45208]}},{"type":"Feature","properties":{"acq_date":"2026-08-07","acq_time":1117,"confidence":"n","satellite":"N","instrument":"VIIRS","version":"2.0NRT","bright_ti4":312.7,"frp":2.61,"daynight":"N"},"geometry":{"type":"Point","coordinates":[-121.68619,42.45218]}},{"type":"Feature","properties":{"acq_date":"2026-08-07","acq_time":1117,"confidence":"n","satellite":"N","instrument":"VIIRS","version":"2.0NRT","bright_ti4":320.19,"frp":3.95,"daynight":"N"},"geometry":{"type":"Point","coordinates":[-121.67725,42.4534]}},{"type":"Feature","properties":{"acq_date":"2026-08-07","acq_time":1117,"confidence":"n","satellite":"N","instrument":"VIIRS","version":"2.0NRT","bright_ti4":331.16,"frp":5.15,"daynight":"N"},"geometry":{"type":"Point","coordinates":[-121.66969,42.45364]}},{"type":"Feature","properties":{"acq_date":"2026-08-07","acq_time":1117,"confidence":"n","satellite":"N","instrument":"VIIRS","version":"2.0NRT","bright_ti4":303.69,"frp":2.61,"daynight":"N"},"geometry":{"type":"Point","coordinates":[-121.69283,42.45422]}},{"type":"Feature","properties":{"acq_date":"2026-08-07","acq_time":1117,"confidence":"n","satellite":"N","instrument":"VIIRS","version":"2.0NRT","bright_ti4":306.49,"frp":4.42,"daynight":"N"},"geometry":{"type":"Point","coordinates":[-121.65923,42.4545]}},{"type":"Feature","properties":{"acq_date":"2026-08-07","acq_time":1117,"confidence":"n","satellite":"N","instrument":"VIIRS","version":"2.0NRT","bright_ti4":314.29,"frp":3.95,"daynight":"N"},"geometry":{"type":"Point","coordinates":[-121.68367,42.45534]}},{"type":"Feature","properties":{"acq_date":"2026-08-07","acq_time":1117,"confidence":"n","satellite":"N","instrument":"VIIRS","version":"2.0NRT","bright_ti4":322.62,"frp":5.15,"daynight":"N"},"geometry":{"type":"Point","coordinates":[-121.67622,42.45565]}},{"type":"Feature","properties":{"acq_date":"2026-08-07","acq_time":1117,"confidence":"n","satellite":"N","instrument":"VIIRS","version":"2.0NRT","bright_ti4":301.77,"frp":1.69,"daynight":"N"},"geometry":{"type":"Point","coordinates":[-121.65825,42.45668]}},{"type":"Feature","properties":{"acq_date":"2026-08-07","acq_time":1117,"confidence":"n","satellite":"N","instrument":"VIIRS","version":"2.0NRT","bright_ti4":329.92,"frp":4.42,"daynight":"N"},"geometry":{"type":"Point","coordinates":[-121.66705,42.45686]}},{"type":"Feature","properties":{"acq_date":"2026-08-07","acq_time":1117,"confidence":"n","satellite":"N","instrument":"VIIRS","version":"2.0NRT","bright_ti4":304.7,"frp":2.27,"daynight":"N"},"geometry":{"type":"Point","coordinates":[-121.69025,42.45733]}},{"type":"Feature","properties":{"acq_date":"2026-08-07","acq_time":1117,"confidence":"n","satellite":"N","instrument":"VIIRS","version":"2.0NRT","bright_ti4":315.53,"frp":2.61,"daynight":"N"},"geometry":{"type":"Point","coordinates":[-121.68259,42.45762]}},{"type":"Feature","properties":{"acq_date":"2026-08-07","acq_time":1117,"confidence":"n","satellite":"N","instrument":"VIIRS","version":"2.0NRT","bright_ti4":320.6,"frp":3.95,"daynight":"N"},"geometry":{"type":"Point","coordinates":[-121.6737,42.45887]}},{"type":"Feature","properties":{"acq_date":"2026-08-07","acq_time":1117,"confidence":"n","satellite":"N","instrument":"VIIRS","version":"2.0NRT","bright_ti4":326.45,"frp":3.76,"daynight":"N"},"geometry":{"type":"Point","coordinates":[-121.66608,42.45909]}},{"type":"Feature","properties":{"acq_date":"2026-08-07","acq_time":1117,"confidence":"n","satellite":"N","instrument":"VIIRS","version":"2.0NRT","bright_ti4":307.17,"frp":2.61,"daynight":"N"},"geometry":{"type":"Point","coordinates":[-121.68913,42.45964]}},{"type":"Feature","properties":{"acq_date":"2026-08-07","acq_time":1117,"confidence":"n","satellite":"N","instrument":"VIIRS","version":"2.0NRT","bright_ti4":297.62,"frp":1.69,"daynight":"N"},"geometry":{"type":"Point","coordinates":[-121.64747,42.45992]}},{"type":"Feature","properties":{"acq_date":"2026-08-07","acq_time":1117,"confidence":"n","satellite":"N","instrument":"VIIRS","version":"2.0NRT","bright_ti4":312,"frp":3.95,"daynight":"N"},"geometry":{"type":"Point","coordinates":[-121.68011,42.46081]}},{"type":"Feature","properties":{"acq_date":"2026-08-07","acq_time":1117,"confidence":"n","satellite":"N","instrument":"VIIRS","version":"2.0NRT","bright_ti4":318.06,"frp":3.76,"daynight":"N"},"geometry":{"type":"Point","coordinates":[-121.67269,42.46113]}},{"type":"Feature","properties":{"acq_date":"2026-08-07","acq_time":1117,"confidence":"n","satellite":"N","instrument":"VIIRS","version":"2.0NRT","bright_ti4":313.91,"frp":1.69,"daynight":"N"},"geometry":{"type":"Point","coordinates":[-121.65474,42.46216]}},{"type":"Feature","properties":{"acq_date":"2026-08-07","acq_time":1117,"confidence":"n","satellite":"N","instrument":"VIIRS","version":"2.0NRT","bright_ti4":308.46,"frp":2.27,"daynight":"N"},"geometry":{"type":"Point","coordinates":[-121.68657,42.46276]}},{"type":"Feature","properties":{"acq_date":"2026-08-07","acq_time":1117,"confidence":"n","satellite":"N","instrument":"VIIRS","version":"2.0NRT","bright_ti4":310.45,"frp":2.44,"daynight":"N"},"geometry":{"type":"Point","coordinates":[-121.67904,42.46309]}},{"type":"Feature","properties":{"acq_date":"2026-08-07","acq_time":1117,"confidence":"n","satellite":"N","instrument":"VIIRS","version":"2.0NRT","bright_ti4":322.62,"frp":3.76,"daynight":"N"},"geometry":{"type":"Point","coordinates":[-121.66258,42.46457]}},{"type":"Feature","properties":{"acq_date":"2026-08-07","acq_time":1117,"confidence":"n","satellite":"N","instrument":"VIIRS","version":"2.0NRT","bright_ti4":306.6,"frp":2.27,"daynight":"N"},"geometry":{"type":"Point","coordinates":[-121.6931,42.46473]}},{"type":"Feature","properties":{"acq_date":"2026-08-07","acq_time":1117,"confidence":"n","satellite":"N","instrument":"VIIRS","version":"2.0NRT","bright_ti4":307.81,"frp":2.44,"daynight":"N"},"geometry":{"type":"Point","coordinates":[-121.68539,42.46505]}},{"type":"Feature","properties":{"acq_date":"2026-08-07","acq_time":1117,"confidence":"n","satellite":"N","instrument":"VIIRS","version":"2.0NRT","bright_ti4":319.47,"frp":5.13,"daynight":"N"},"geometry":{"type":"Point","coordinates":[-121.64493,42.4657]}},{"type":"Feature","properties":{"acq_date":"2026-08-07","acq_time":1117,"confidence":"n","satellite":"N","instrument":"VIIRS","version":"2.0NRT","bright_ti4":314.17,"frp":3.76,"daynight":"N"},"geometry":{"type":"Point","coordinates":[-121.66905,42.46657]}},{"type":"Feature","properties":{"acq_date":"2026-08-07","acq_time":1117,"confidence":"n","satellite":"N","instrument":"VIIRS","version":"2.0NRT","bright_ti4":308.46,"frp":2.25,"daynight":"N"},"geometry":{"type":"Point","coordinates":[-121.69181,42.46703]}},{"type":"Feature","properties":{"acq_date":"2026-08-07","acq_time":1117,"confidence":"n","satellite":"N","instrument":"VIIRS","version":"2.0NRT","bright_ti4":330.15,"frp":5.13,"daynight":"N"},"geometry":{"type":"Point","coordinates":[-121.65191,42.46786]}},{"type":"Feature","properties":{"acq_date":"2026-08-07","acq_time":1117,"confidence":"n","satellite":"N","instrument":"VIIRS","version":"2.0NRT","bright_ti4":309.86,"frp":2.44,"daynight":"N"},"geometry":{"type":"Point","coordinates":[-121.6753,42.4685]}},{"type":"Feature","properties":{"acq_date":"2026-08-07","acq_time":1117,"confidence":"n","satellite":"N","instrument":"VIIRS","version":"2.0NRT","bright_ti4":323.35,"frp":5.09,"daynight":"N"},"geometry":{"type":"Point","coordinates":[-121.6588,42.46997]}},{"type":"Feature","properties":{"acq_date":"2026-08-07","acq_time":1117,"confidence":"n","satellite":"N","instrument":"VIIRS","version":"2.0NRT","bright_ti4":307.6,"frp":2.44,"daynight":"N"},"geometry":{"type":"Point","coordinates":[-121.68151,42.47041]}},{"type":"Feature","properties":{"acq_date":"2026-08-07","acq_time":1117,"confidence":"n","satellite":"N","instrument":"VIIRS","version":"2.0NRT","bright_ti4":334.83,"frp":5.13,"daynight":"N"},"geometry":{"type":"Point","coordinates":[-121.64217,42.47143]}},{"type":"Feature","properties":{"acq_date":"2026-08-07","acq_time":1117,"confidence":"n","satellite":"N","instrument":"VIIRS","version":"2.0NRT","bright_ti4":319.36,"frp":5.09,"daynight":"N"},"geometry":{"type":"Point","coordinates":[-121.6653,42.47198]}},{"type":"Feature","properties":{"acq_date":"2026-08-07","acq_time":1117,"confidence":"n","satellite":"N","instrument":"VIIRS","version":"2.0NRT","bright_ti4":306.79,"frp":2.25,"daynight":"N"},"geometry":{"type":"Point","coordinates":[-121.68781,42.47235]}},{"type":"Feature","properties":{"acq_date":"2026-08-07","acq_time":1117,"confidence":"n","satellite":"N","instrument":"VIIRS","version":"2.0NRT","bright_ti4":331.87,"frp":5.13,"daynight":"N"},"geometry":{"type":"Point","coordinates":[-121.64828,42.4733]}},{"type":"Feature","properties":{"acq_date":"2026-08-07","acq_time":1117,"confidence":"n","satellite":"N","instrument":"VIIRS","version":"2.0NRT","bright_ti4":314.5,"frp":2.89,"daynight":"N"},"geometry":{"type":"Point","coordinates":[-121.67161,42.47392]}},{"type":"Feature","properties":{"acq_date":"2026-08-07","acq_time":1117,"confidence":"n","satellite":"N","instrument":"VIIRS","version":"2.0NRT","bright_ti4":307.13,"frp":2.25,"daynight":"N"},"geometry":{"type":"Point","coordinates":[-121.69407,42.47428]}},{"type":"Feature","properties":{"acq_date":"2026-08-07","acq_time":1117,"confidence":"n","satellite":"N","instrument":"VIIRS","version":"2.0NRT","bright_ti4":331.32,"frp":5.09,"daynight":"N"},"geometry":{"type":"Point","coordinates":[-121.65415,42.47511]}},{"type":"Feature","properties":{"acq_date":"2026-08-07","acq_time":1117,"confidence":"n","satellite":"N","instrument":"VIIRS","version":"2.0NRT","bright_ti4":310.94,"frp":2.89,"daynight":"N"},"geometry":{"type":"Point","coordinates":[-121.67776,42.47581]}},{"type":"Feature","properties":{"acq_date":"2026-08-07","acq_time":1117,"confidence":"n","satellite":"N","instrument":"VIIRS","version":"2.0NRT","bright_ti4":305.54,"frp":3.26,"daynight":"N"},"geometry":{"type":"Point","coordinates":[-121.70035,42.4762]}},{"type":"Feature","properties":{"acq_date":"2026-08-07","acq_time":1117,"confidence":"n","satellite":"N","instrument":"VIIRS","version":"2.0NRT","bright_ti4":325.71,"frp":3.46,"daynight":"N"},"geometry":{"type":"Point","coordinates":[-121.63769,42.47662]}},{"type":"Feature","properties":{"acq_date":"2026-08-07","acq_time":1117,"confidence":"n","satellite":"N","instrument":"VIIRS","version":"2.0NRT","bright_ti4":320.54,"frp":5.09,"daynight":"N"},"geometry":{"type":"Point","coordinates":[-121.66087,42.47718]}},{"type":"Feature","properties":{"acq_date":"2026-08-07","acq_time":1117,"confidence":"n","satellite":"N","instrument":"VIIRS","version":"2.0NRT","bright_ti4":309.28,"frp":2.2,"daynight":"N"},"geometry":{"type":"Point","coordinates":[-121.68391,42.4777]}},{"type":"Feature","properties":{"acq_date":"2026-08-07","acq_time":1117,"confidence":"n","satellite":"N","instrument":"VIIRS","version":"2.0NRT","bright_ti4":341.46,"frp":3.46,"daynight":"N"},"geometry":{"type":"Point","coordinates":[-121.64375,42.47849]}},{"type":"Feature","properties":{"acq_date":"2026-08-07","acq_time":1117,"confidence":"n","satellite":"N","instrument":"VIIRS","version":"2.0NRT","bright_ti4":302.51,"frp":1.51,"daynight":"N"},"geometry":{"type":"Point","coordinates":[-121.73119,42.47916]}},{"type":"Feature","properties":{"acq_date":"2026-08-07","acq_time":1117,"confidence":"n","satellite":"N","instrument":"VIIRS","version":"2.0NRT","bright_ti4":312.07,"frp":2.89,"daynight":"N"},"geometry":{"type":"Point","coordinates":[-121.66768,42.47927]}},{"type":"Feature","properties":{"acq_date":"2026-08-07","acq_time":1117,"confidence":"n","satellite":"N","instrument":"VIIRS","version":"2.0NRT","bright_ti4":310.32,"frp":2.2,"daynight":"N"},"geometry":{"type":"Point","coordinates":[-121.69001,42.47958]}},{"type":"Feature","properties":{"acq_date":"2026-08-07","acq_time":1117,"confidence":"n","satellite":"N","instrument":"VIIRS","version":"2.0NRT","bright_ti4":343.92,"frp":5.3,"daynight":"N"},"geometry":{"type":"Point","coordinates":[-121.64949,42.48024]}},{"type":"Feature","properties":{"acq_date":"2026-08-07","acq_time":1117,"confidence":"n","satellite":"N","instrument":"VIIRS","version":"2.0NRT","bright_ti4":312.09,"frp":2.89,"daynight":"N"},"geometry":{"type":"Point","coordinates":[-121.67401,42.48122]}},{"type":"Feature","properties":{"acq_date":"2026-08-07","acq_time":1117,"confidence":"n","satellite":"N","instrument":"VIIRS","version":"2.0NRT","bright_ti4":308.14,"frp":1.77,"daynight":"N"},"geometry":{"type":"Point","coordinates":[-121.69611,42.48145]}},{"type":"Feature","properties":{"acq_date":"2026-08-07","acq_time":1117,"confidence":"n","satellite":"N","instrument":"VIIRS","version":"2.0NRT","bright_ti4":298.21,"frp":3.46,"daynight":"N"},"geometry":{"type":"Point","coordinates":[-121.63316,42.4818]}},{"type":"Feature","properties":{"acq_date":"2026-08-07","acq_time":1117,"confidence":"n","satellite":"N","instrument":"VIIRS","version":"2.0NRT","bright_ti4":325.98,"frp":5.3,"daynight":"N"},"geometry":{"type":"Point","coordinates":[-121.65569,42.48215]}},{"type":"Feature","properties":{"acq_date":"2026-08-07","acq_time":1117,"confidence":"n","satellite":"N","instrument":"VIIRS","version":"2.0NRT","bright_ti4":304.23,"frp":2.55,"daynight":"N"},"geometry":{"type":"Point","coordinates":[-121.7225,42.48302]}},{"type":"Feature","properties":{"acq_date":"2026-08-07","acq_time":1117,"confidence":"n","satellite":"N","instrument":"VIIRS","version":"2.0NRT","bright_ti4":306.04,"frp":2.2,"daynight":"N"},"geometry":{"type":"Point","coordinates":[-121.68007,42.48307]}},{"type":"Feature","properties":{"acq_date":"2026-08-07","acq_time":1117,"confidence":"n","satellite":"N","instrument":"VIIRS","version":"2.0NRT","bright_ti4":304.91,"frp":1.77,"daynight":"N"},"geometry":{"type":"Point","coordinates":[-121.7021,42.48329]}},{"type":"Feature","properties":{"acq_date":"2026-08-07","acq_time":1117,"confidence":"n","satellite":"N","instrument":"VIIRS","version":"2.0NRT","bright_ti4":304.07,"frp":3.46,"daynight":"N"},"geometry":{"type":"Point","coordinates":[-121.63939,42.4837]}},{"type":"Feature","properties":{"acq_date":"2026-08-07","acq_time":1117,"confidence":"n","satellite":"N","instrument":"VIIRS","version":"2.0NRT","bright_ti4":307.85,"frp":1.51,"daynight":"N"},"geometry":{"type":"Point","coordinates":[-121.72695,42.48439]}},{"type":"Feature","properties":{"acq_date":"2026-08-07","acq_time":1117,"confidence":"n","satellite":"N","instrument":"VIIRS","version":"2.0NRT","bright_ti4":335.33,"frp":8.8,"daynight":"N"},"geometry":{"type":"Point","coordinates":[-121.66302,42.48439]}},{"type":"Feature","properties":{"acq_date":"2026-08-07","acq_time":1117,"confidence":"n","satellite":"N","instrument":"VIIRS","version":"2.0NRT","bright_ti4":306.17,"frp":2.25,"daynight":"N"},"geometry":{"type":"Point","coordinates":[-121.70739,42.48492]}},{"type":"Feature","properties":{"acq_date":"2026-08-07","acq_time":1117,"confidence":"n","satellite":"N","instrument":"VIIRS","version":"2.0NRT","bright_ti4":305.75,"frp":2.2,"daynight":"N"},"geometry":{"type":"Point","coordinates":[-121.68607,42.48492]}},{"type":"Feature","properties":{"acq_date":"2026-08-07","acq_time":1117,"confidence":"n","satellite":"N","instrument":"VIIRS","version":"2.0NRT","bright_ti4":311.21,"frp":5.3,"daynight":"N"},"geometry":{"type":"Point","coordinates":[-121.64536,42.48553]}},{"type":"Feature","properties":{"acq_date":"2026-08-07","acq_time":1117,"confidence":"n","satellite":"N","instrument":"VIIRS","version":"2.0NRT","bright_ti4":304.44,"frp":1.51,"daynight":"N"},"geometry":{"type":"Point","coordinates":[-121.73181,42.48589]}},{"type":"Feature","properties":{"acq_date":"2026-08-07","acq_time":1117,"confidence":"n","satellite":"N","instrument":"VIIRS","version":"2.0NRT","bright_ti4":310.97,"frp":2.25,"daynight":"N"},"geometry":{"type":"Point","coordinates":[-121.71184,42.48629]}},{"type":"Feature","properties":{"acq_date":"2026-08-07","acq_time":1117,"confidence":"n","satellite":"N","instrument":"VIIRS","version":"2.0NRT","bright_ti4":331.42,"frp":8.8,"daynight":"N"},"geometry":{"type":"Point","coordinates":[-121.66997,42.48653]}},{"type":"Feature","properties":{"acq_date":"2026-08-07","acq_time":1117,"confidence":"n","satellite":"N","instrument":"VIIRS","version":"2.0NRT","bright_ti4":305.2,"frp":1.77,"daynight":"N"},"geometry":{"type":"Point","coordinates":[-121.69212,42.48677]}},{"type":"Feature","properties":{"acq_date":"2026-08-07","acq_time":1117,"confidence":"n","satellite":"N","instrument":"VIIRS","version":"2.0NRT","bright_ti4":308.73,"frp":5.06,"daynight":"N"},"geometry":{"type":"Point","coordinates":[-121.71571,42.48748]}},{"type":"Feature","properties":{"acq_date":"2026-08-07","acq_time":1117,"confidence":"n","satellite":"N","instrument":"VIIRS","version":"2.0NRT","bright_ti4":316.92,"frp":5.3,"daynight":"N"},"geometry":{"type":"Point","coordinates":[-121.65189,42.48754]}},{"type":"Feature","properties":{"acq_date":"2026-08-07","acq_time":1117,"confidence":"n","satellite":"N","instrument":"VIIRS","version":"2.0NRT","bright_ti4":315.33,"frp":4.13,"daynight":"N"},"geometry":{"type":"Point","coordinates":[-121.67627,42.48846]}},{"type":"Feature","properties":{"acq_date":"2026-08-07","acq_time":1117,"confidence":"n","satellite":"N","instrument":"VIIRS","version":"2.0NRT","bright_ti4":310.61,"frp":5.06,"daynight":"N"},"geometry":{"type":"Point","coordinates":[-121.71926,42.48857]}},{"type":"Feature","properties":{"acq_date":"2026-08-07","acq_time":1117,"confidence":"n","satellite":"N","instrument":"VIIRS","version":"2.0NRT","bright_ti4":304.46,"frp":1.77,"daynight":"N"},"geometry":{"type":"Point","coordinates":[-121.69801,42.48859]}},{"type":"Feature","properties":{"acq_date":"2026-08-07","acq_time":1117,"confidence":"n","satellite":"N","instrument":"VIIRS","version":"2.0NRT","bright_ti4":318.43,"frp":7.18,"daynight":"N"},"geometry":{"type":"Point","coordinates":[-121.72324,42.4898]}},{"type":"Feature","properties":{"acq_date":"2026-08-07","acq_time":1117,"confidence":"n","satellite":"N","instrument":"VIIRS","version":"2.0NRT","bright_ti4":347.51,"frp":8.8,"daynight":"N"},"geometry":{"type":"Point","coordinates":[-121.6599,42.49]}},{"type":"Feature","properties":{"acq_date":"2026-08-07","acq_time":1117,"confidence":"n","satellite":"N","instrument":"VIIRS","version":"2.0NRT","bright_ti4":308.68,"frp":2.25,"daynight":"N"},"geometry":{"type":"Point","coordinates":[-121.70341,42.49025]}},{"type":"Feature","properties":{"acq_date":"2026-08-07","acq_time":1117,"confidence":"n","satellite":"N","instrument":"VIIRS","version":"2.0NRT","bright_ti4":309.42,"frp":4.13,"daynight":"N"},"geometry":{"type":"Point","coordinates":[-121.68233,42.49032]}},{"type":"Feature","properties":{"acq_date":"2026-08-07","acq_time":1117,"confidence":"n","satellite":"N","instrument":"VIIRS","version":"2.0NRT","bright_ti4":326.21,"frp":7.18,"daynight":"N"},"geometry":{"type":"Point","coordinates":[-121.72775,42.49118]}},{"type":"Feature","properties":{"acq_date":"2026-08-07","acq_time":1117,"confidence":"n","satellite":"N","instrument":"VIIRS","version":"2.0NRT","bright_ti4":315.44,"frp":2.25,"daynight":"N"},"geometry":{"type":"Point","coordinates":[-121.70819,42.49171]}},{"type":"Feature","properties":{"acq_date":"2026-08-07","acq_time":1117,"confidence":"n","satellite":"N","instrument":"VIIRS","version":"2.0NRT","bright_ti4":344.23,"frp":8.8,"daynight":"N"},"geometry":{"type":"Point","coordinates":[-121.66679,42.4921]}},{"type":"Feature","properties":{"acq_date":"2026-08-07","acq_time":1117,"confidence":"n","satellite":"N","instrument":"VIIRS","version":"2.0NRT","bright_ti4":308.26,"frp":2.81,"daynight":"N"},"geometry":{"type":"Point","coordinates":[-121.68835,42.49217]}},{"type":"Feature","properties":{"acq_date":"2026-08-07","acq_time":1117,"confidence":"n","satellite":"N","instrument":"VIIRS","version":"2.0NRT","bright_ti4":323.6,"frp":5.06,"daynight":"N"},"geometry":{"type":"Point","coordinates":[-121.71247,42.49302]}},{"type":"Feature","properties":{"acq_date":"2026-08-07","acq_time":1117,"confidence":"n","satellite":"N","instrument":"VIIRS","version":"2.0NRT","bright_ti4":315.21,"frp":4.13,"daynight":"N"},"geometry":{"type":"Point","coordinates":[-121.67268,42.49391]}},{"type":"Feature","properties":{"acq_date":"2026-08-07","acq_time":1117,"confidence":"n","satellite":"N","instrument":"VIIRS","version":"2.0NRT","bright_ti4":309.28,"frp":2.81,"daynight":"N"},"geometry":{"type":"Point","coordinates":[-121.69422,42.49397]}},{"type":"Feature","properties":{"acq_date":"2026-08-07","acq_time":1117,"confidence":"n","satellite":"N","instrument":"VIIRS","version":"2.0NRT","bright_ti4":353.12,"frp":5.06,"daynight":"N"},"geometry":{"type":"Point","coordinates":[-121.71617,42.49416]}},{"type":"Feature","properties":{"acq_date":"2026-08-07","acq_time":1117,"confidence":"n","satellite":"N","instrument":"VIIRS","version":"2.0NRT","bright_ti4":304.93,"frp":1.96,"daynight":"N"},"geometry":{"type":"Point","coordinates":[-121.65215,42.49417]}},{"type":"Feature","properties":{"acq_date":"2026-08-07","acq_time":1117,"confidence":"n","satellite":"N","instrument":"VIIRS","version":"2.0NRT","bright_ti4":353.59,"frp":7.18,"daynight":"N"},"geometry":{"type":"Point","coordinates":[-121.72002,42.49535]}},{"type":"Feature","properties":{"acq_date":"2026-08-07","acq_time":1117,"confidence":"n","satellite":"N","instrument":"VIIRS","version":"2.0NRT","bright_ti4":312.54,"frp":3.49,"daynight":"N"},"geometry":{"type":"Point","coordinates":[-121.69955,42.49561]}},{"type":"Feature","properties":{"acq_date":"2026-08-07","acq_time":1117,"confidence":"n","satellite":"N","instrument":"VIIRS","version":"2.0NRT","bright_ti4":318.67,"frp":4.13,"daynight":"N"},"geometry":{"type":"Point","coordinates":[-121.6787,42.49576]}},{"type":"Feature","properties":{"acq_date":"2026-08-07","acq_time":1117,"confidence":"n","satellite":"N","instrument":"VIIRS","version":"2.0NRT","bright_ti4":332.48,"frp":3.49,"daynight":"N"},"geometry":{"type":"Point","coordinates":[-121.70433,42.49707]}},{"type":"Feature","properties":{"acq_date":"2026-08-07","acq_time":1117,"confidence":"n","satellite":"N","instrument":"VIIRS","version":"2.0NRT","bright_ti4":316.49,"frp":2.81,"daynight":"N"},"geometry":{"type":"Point","coordinates":[-121.68463,42.49757]}},{"type":"Feature","properties":{"acq_date":"2026-08-07","acq_time":1117,"confidence":"n","satellite":"N","instrument":"VIIRS","version":"2.0NRT","bright_ti4":318.75,"frp":3.58,"daynight":"N"},"geometry":{"type":"Point","coordinates":[-121.66547,42.49826]}},{"type":"Feature","properties":{"acq_date":"2026-08-07","acq_time":1117,"confidence":"n","satellite":"N","instrument":"VIIRS","version":"2.0NRT","bright_ti4":326.65,"frp":8.16,"daynight":"N"},"geometry":{"type":"Point","coordinates":[-121.70874,42.49843]}},{"type":"Feature","properties":{"acq_date":"2026-08-07","acq_time":1117,"confidence":"n","satellite":"N","instrument":"VIIRS","version":"2.0NRT","bright_ti4":318.09,"frp":2.81,"daynight":"N"},"geometry":{"type":"Point","coordinates":[-121.69041,42.49935]}},{"type":"Feature","properties":{"acq_date":"2026-08-07","acq_time":1117,"confidence":"n","satellite":"N","instrument":"VIIRS","version":"2.0NRT","bright_ti4":319.14,"frp":3.49,"daynight":"N"},"geometry":{"type":"Point","coordinates":[-121.69573,42.50098]}},{"type":"Feature","properties":{"acq_date":"2026-08-07","acq_time":1117,"confidence":"n","satellite":"N","instrument":"VIIRS","version":"2.0NRT","bright_ti4":313.69,"frp":3.49,"daynight":"N"},"geometry":{"type":"Point","coordinates":[-121.70034,42.50239]}},{"type":"Feature","properties":{"acq_date":"2026-08-07","acq_time":1117,"confidence":"n","satellite":"N","instrument":"VIIRS","version":"2.0NRT","bright_ti4":314.33,"frp":5.11,"daynight":"N"},"geometry":{"type":"Point","coordinates":[-121.68653,42.5047]}},{"type":"Feature","properties":{"acq_date":"2026-08-07","acq_time":1117,"confidence":"n","satellite":"N","instrument":"VIIRS","version":"2.0NRT","bright_ti4":307.45,"frp":2.77,"daynight":"N"},"geometry":{"type":"Point","coordinates":[-121.69194,42.50636]}},{"type":"Feature","properties":{"acq_date":"2026-08-07","acq_time":1117,"confidence":"n","satellite":"N","instrument":"VIIRS","version":"2.0NRT","bright_ti4":313.96,"frp":5.98,"daynight":"N"},"geometry":{"type":"Point","coordinates":[-121.6734,42.50723]}},{"type":"Feature","properties":{"acq_date":"2026-08-07","acq_time":1117,"confidence":"n","satellite":"N","instrument":"VIIRS","version":"2.0NRT","bright_ti4":335.61,"frp":5.11,"daynight":"N"},"geometry":{"type":"Point","coordinates":[-121.6777,42.50855]}}]}