{"type":"FeatureCollection","name":"FIRMS VIIRS CA (last 1 day)","crs":{"type":"name","properties":{"name":"EPSG:4326"}},"fetched_at_utc":"2026-07-26T15:08:34.139Z","source":{"url":"https://firms.modaps.eosdis.nasa.gov/api/area/csv/8c4af552cf654445dd280dfb3ad9337c/VIIRS_SNPP_NRT/-125,32,-113,43.5/1","dataset":"VIIRS_SNPP_NRT","bbox":"-125,32,-113,43.5","day_range":"1"},"features":[{"type":"Feature","properties":{"acq_date":"2026-07-26","acq_time":959,"confidence":"n","satellite":"N","instrument":"VIIRS","version":"2.0URT","bright_ti4":297.05,"frp":0.56,"daynight":"N"},"geometry":{"type":"Point","coordinates":[-117.10995,42.54433]}},{"type":"Feature","properties":{"acq_date":"2026-07-26","acq_time":1000,"confidence":"n","satellite":"N","instrument":"VIIRS","version":"2.0NRT","bright_ti4":308.55,"frp":1.37,"daynight":"N"},"geometry":{"type":"Point","coordinates":[-115.71694,37.40914]}},{"type":"Feature","properties":{"acq_date":"2026-07-26","acq_time":1000,"confidence":"n","satellite":"N","instrument":"VIIRS","version":"2.0NRT","bright_ti4":302.27,"frp":0.59,"daynight":"N"},"geometry":{"type":"Point","coordinates":[-115.71578,37.41267]}},{"type":"Feature","properties":{"acq_date":"2026-07-26","acq_time":1000,"confidence":"n","satellite":"N","instrument":"VIIRS","version":"2.0NRT","bright_ti4":321.72,"frp":3.18,"daynight":"N"},"geometry":{"type":"Point","coordinates":[-115.68686,37.4146]}},{"type":"Feature","properties":{"acq_date":"2026-07-26","acq_time":1000,"confidence":"n","satellite":"N","instrument":"VIIRS","version":"2.0NRT","bright_ti4":341.87,"frp":23.1,"daynight":"N"},"geometry":{"type":"Point","coordinates":[-115.67518,37.41611]}},{"type":"Feature","properties":{"acq_date":"2026-07-26","acq_time":1000,"confidence":"n","satellite":"N","instrument":"VIIRS","version":"2.0NRT","bright_ti4":301.72,"frp":0.59,"daynight":"N"},"geometry":{"type":"Point","coordinates":[-115.71476,37.41621]}},{"type":"Feature","properties":{"acq_date":"2026-07-26","acq_time":1000,"confidence":"n","satellite":"N","instrument":"VIIRS","version":"2.0NRT","bright_ti4":319.3,"frp":3.18,"daynight":"N"},"geometry":{"type":"Point","coordinates":[-115.68047,37.41712]}},{"type":"Feature","properties":{"acq_date":"2026-07-26","acq_time":1000,"confidence":"n","satellite":"N","instrument":"VIIRS","version":"2.0NRT","bright_ti4":304.46,"frp":0.59,"daynight":"N"},"geometry":{"type":"Point","coordinates":[-115.7204,37.41729]}},{"type":"Feature","properties":{"acq_date":"2026-07-26","acq_time":1000,"confidence":"n","satellite":"N","instrument":"VIIRS","version":"2.0NRT","bright_ti4":305.08,"frp":3.18,"daynight":"N"},"geometry":{"type":"Point","coordinates":[-115.68575,37.41814]}},{"type":"Feature","properties":{"acq_date":"2026-07-26","acq_time":1000,"confidence":"n","satellite":"N","instrument":"VIIRS","version":"2.0NRT","bright_ti4":313.87,"frp":1.47,"daynight":"N"},"geometry":{"type":"Point","coordinates":[-115.70816,37.41869]}},{"type":"Feature","properties":{"acq_date":"2026-07-26","acq_time":1000,"confidence":"n","satellite":"N","instrument":"VIIRS","version":"2.0NRT","bright_ti4":304.99,"frp":1.1,"daynight":"N"},"geometry":{"type":"Point","coordinates":[-115.69106,37.41916]}},{"type":"Feature","properties":{"acq_date":"2026-07-26","acq_time":1000,"confidence":"n","satellite":"N","instrument":"VIIRS","version":"2.0NRT","bright_ti4":342.16,"frp":23.38,"daynight":"N"},"geometry":{"type":"Point","coordinates":[-115.67413,37.41965]}},{"type":"Feature","properties":{"acq_date":"2026-07-26","acq_time":1000,"confidence":"n","satellite":"N","instrument":"VIIRS","version":"2.0NRT","bright_ti4":317.6,"frp":1.58,"daynight":"N"},"geometry":{"type":"Point","coordinates":[-115.71371,37.41975]}},{"type":"Feature","properties":{"acq_date":"2026-07-26","acq_time":1000,"confidence":"n","satellite":"N","instrument":"VIIRS","version":"2.0NRT","bright_ti4":311.8,"frp":1.1,"daynight":"N"},"geometry":{"type":"Point","coordinates":[-115.69637,37.42017]}},{"type":"Feature","properties":{"acq_date":"2026-07-26","acq_time":1000,"confidence":"n","satellite":"N","instrument":"VIIRS","version":"2.0NRT","bright_ti4":322.35,"frp":5.28,"daynight":"N"},"geometry":{"type":"Point","coordinates":[-115.67937,37.42066]}},{"type":"Feature","properties":{"acq_date":"2026-07-26","acq_time":1000,"confidence":"n","satellite":"N","instrument":"VIIRS","version":"2.0NRT","bright_ti4":323.03,"frp":1.58,"daynight":"N"},"geometry":{"type":"Point","coordinates":[-115.71944,37.42085]}},{"type":"Feature","properties":{"acq_date":"2026-07-26","acq_time":1000,"confidence":"n","satellite":"N","instrument":"VIIRS","version":"2.0NRT","bright_ti4":306.45,"frp":1.47,"daynight":"N"},"geometry":{"type":"Point","coordinates":[-115.70174,37.42121]}},{"type":"Feature","properties":{"acq_date":"2026-07-26","acq_time":1000,"confidence":"n","satellite":"N","instrument":"VIIRS","version":"2.0NRT","bright_ti4":309.42,"frp":1.58,"daynight":"N"},"geometry":{"type":"Point","coordinates":[-115.71262,37.42329]}},{"type":"Feature","properties":{"acq_date":"2026-07-26","acq_time":1000,"confidence":"n","satellite":"N","instrument":"VIIRS","version":"2.0NRT","bright_ti4":312.19,"frp":1.58,"daynight":"N"},"geometry":{"type":"Point","coordinates":[-115.71822,37.42436]}},{"type":"Feature","properties":{"acq_date":"2026-07-26","acq_time":1000,"confidence":"n","satellite":"N","instrument":"VIIRS","version":"2.0NRT","bright_ti4":301.24,"frp":0.92,"daynight":"N"},"geometry":{"type":"Point","coordinates":[-115.72375,37.42542]}},{"type":"Feature","properties":{"acq_date":"2026-07-26","acq_time":1000,"confidence":"n","satellite":"N","instrument":"VIIRS","version":"2.0NRT","bright_ti4":314.11,"frp":1.96,"daynight":"N"},"geometry":{"type":"Point","coordinates":[-115.68907,37.42627]}},{"type":"Feature","properties":{"acq_date":"2026-07-26","acq_time":1000,"confidence":"n","satellite":"N","instrument":"VIIRS","version":"2.0NRT","bright_ti4":307.71,"frp":1.28,"daynight":"N"},"geometry":{"type":"Point","coordinates":[-115.7116,37.42684]}},{"type":"Feature","properties":{"acq_date":"2026-07-26","acq_time":1000,"confidence":"n","satellite":"N","instrument":"VIIRS","version":"2.0NRT","bright_ti4":344.05,"frp":17.28,"daynight":"N"},"geometry":{"type":"Point","coordinates":[-115.68805,37.42982]}},{"type":"Feature","properties":{"acq_date":"2026-07-26","acq_time":1000,"confidence":"n","satellite":"N","instrument":"VIIRS","version":"2.0NRT","bright_ti4":330.35,"frp":17.28,"daynight":"N"},"geometry":{"type":"Point","coordinates":[-115.69361,37.43088]}},{"type":"Feature","properties":{"acq_date":"2026-07-26","acq_time":1000,"confidence":"n","satellite":"N","instrument":"VIIRS","version":"2.0NRT","bright_ti4":311.17,"frp":2.36,"daynight":"N"},"geometry":{"type":"Point","coordinates":[-115.67623,37.43131]}},{"type":"Feature","properties":{"acq_date":"2026-07-26","acq_time":1000,"confidence":"n","satellite":"N","instrument":"VIIRS","version":"2.0NRT","bright_ti4":345.94,"frp":17.28,"daynight":"N"},"geometry":{"type":"Point","coordinates":[-115.68693,37.43335]}},{"type":"Feature","properties":{"acq_date":"2026-07-26","acq_time":1000,"confidence":"n","satellite":"N","instrument":"VIIRS","version":"2.0NRT","bright_ti4":310.34,"frp":1.27,"daynight":"N"},"geometry":{"type":"Point","coordinates":[-115.68577,37.43688]}},{"type":"Feature","properties":{"acq_date":"2026-07-26","acq_time":1000,"confidence":"n","satellite":"N","instrument":"VIIRS","version":"2.0NRT","bright_ti4":302.93,"frp":0.72,"daynight":"N"},"geometry":{"type":"Point","coordinates":[-121.19061,38.5139]}},{"type":"Feature","properties":{"acq_date":"2026-07-26","acq_time":1000,"confidence":"n","satellite":"N","instrument":"VIIRS","version":"2.0NRT","bright_ti4":316.09,"frp":1.02,"daynight":"N"},"geometry":{"type":"Point","coordinates":[-119.26395,39.62092]}},{"type":"Feature","properties":{"acq_date":"2026-07-26","acq_time":1000,"confidence":"n","satellite":"N","instrument":"VIIRS","version":"2.0NRT","bright_ti4":306.46,"frp":0.85,"daynight":"N"},"geometry":{"type":"Point","coordinates":[-120.14718,39.71473]}},{"type":"Feature","properties":{"acq_date":"2026-07-26","acq_time":1000,"confidence":"n","satellite":"N","instrument":"VIIRS","version":"2.0NRT","bright_ti4":309.28,"frp":0.85,"daynight":"N"},"geometry":{"type":"Point","coordinates":[-120.15179,39.71541]}},{"type":"Feature","properties":{"acq_date":"2026-07-26","acq_time":1000,"confidence":"n","satellite":"N","instrument":"VIIRS","version":"2.0NRT","bright_ti4":315.15,"frp":1.33,"daynight":"N"},"geometry":{"type":"Point","coordinates":[-120.14054,39.72406]}},{"type":"Feature","properties":{"acq_date":"2026-07-26","acq_time":1000,"confidence":"n","satellite":"N","instrument":"VIIRS","version":"2.0NRT","bright_ti4":332.88,"frp":3.16,"daynight":"N"},"geometry":{"type":"Point","coordinates":[-120.13982,39.72739]}},{"type":"Feature","properties":{"acq_date":"2026-07-26","acq_time":1000,"confidence":"n","satellite":"N","instrument":"VIIRS","version":"2.0NRT","bright_ti4":318.12,"frp":1.89,"daynight":"N"},"geometry":{"type":"Point","coordinates":[-114.25422,40.82295]}},{"type":"Feature","properties":{"acq_date":"2026-07-26","acq_time":1000,"confidence":"n","satellite":"N","instrument":"VIIRS","version":"2.0NRT","bright_ti4":303.17,"frp":0.84,"daynight":"N"},"geometry":{"type":"Point","coordinates":[-113.464,42.29871]}},{"type":"Feature","properties":{"acq_date":"2026-07-26","acq_time":1000,"confidence":"n","satellite":"N","instrument":"VIIRS","version":"2.0NRT","bright_ti4":302.11,"frp":1.57,"daynight":"N"},"geometry":{"type":"Point","coordinates":[-117.10314,42.49266]}},{"type":"Feature","properties":{"acq_date":"2026-07-26","acq_time":1000,"confidence":"n","satellite":"N","instrument":"VIIRS","version":"2.0NRT","bright_ti4":300.44,"frp":3.34,"daynight":"N"},"geometry":{"type":"Point","coordinates":[-117.0975,42.49517]}},{"type":"Feature","properties":{"acq_date":"2026-07-26","acq_time":1000,"confidence":"n","satellite":"N","instrument":"VIIRS","version":"2.0NRT","bright_ti4":324.06,"frp":1.76,"daynight":"N"},"geometry":{"type":"Point","coordinates":[-117.14123,42.49554]}},{"type":"Feature","properties":{"acq_date":"2026-07-26","acq_time":1000,"confidence":"n","satellite":"N","instrument":"VIIRS","version":"2.0NRT","bright_ti4":345.77,"frp":3.34,"daynight":"N"},"geometry":{"type":"Point","coordinates":[-117.10214,42.49595]}},{"type":"Feature","properties":{"acq_date":"2026-07-26","acq_time":1000,"confidence":"n","satellite":"N","instrument":"VIIRS","version":"2.0NRT","bright_ti4":329.77,"frp":3.72,"daynight":"N"},"geometry":{"type":"Point","coordinates":[-117.14586,42.49631]}},{"type":"Feature","properties":{"acq_date":"2026-07-26","acq_time":1000,"confidence":"n","satellite":"N","instrument":"VIIRS","version":"2.0NRT","bright_ti4":341.21,"frp":3.72,"daynight":"N"},"geometry":{"type":"Point","coordinates":[-117.15054,42.49708]}},{"type":"Feature","properties":{"acq_date":"2026-07-26","acq_time":1000,"confidence":"n","satellite":"N","instrument":"VIIRS","version":"2.0NRT","bright_ti4":301.47,"frp":2.3,"daynight":"N"},"geometry":{"type":"Point","coordinates":[-117.1552,42.49785]}},{"type":"Feature","properties":{"acq_date":"2026-07-26","acq_time":1000,"confidence":"n","satellite":"N","instrument":"VIIRS","version":"2.0NRT","bright_ti4":300,"frp":3.34,"daynight":"N"},"geometry":{"type":"Point","coordinates":[-117.0965,42.49845]}},{"type":"Feature","properties":{"acq_date":"2026-07-26","acq_time":1000,"confidence":"n","satellite":"N","instrument":"VIIRS","version":"2.0NRT","bright_ti4":303.03,"frp":1.76,"daynight":"N"},"geometry":{"type":"Point","coordinates":[-117.14023,42.49881]}},{"type":"Feature","properties":{"acq_date":"2026-07-26","acq_time":1000,"confidence":"n","satellite":"N","instrument":"VIIRS","version":"2.0NRT","bright_ti4":308.71,"frp":3.72,"daynight":"N"},"geometry":{"type":"Point","coordinates":[-117.14489,42.49958]}},{"type":"Feature","properties":{"acq_date":"2026-07-26","acq_time":1000,"confidence":"n","satellite":"N","instrument":"VIIRS","version":"2.0NRT","bright_ti4":337.67,"frp":3.72,"daynight":"N"},"geometry":{"type":"Point","coordinates":[-117.14954,42.50036]}},{"type":"Feature","properties":{"acq_date":"2026-07-26","acq_time":1000,"confidence":"n","satellite":"N","instrument":"VIIRS","version":"2.0NRT","bright_ti4":301.5,"frp":0.85,"daynight":"N"},"geometry":{"type":"Point","coordinates":[-117.12997,42.50056]}},{"type":"Feature","properties":{"acq_date":"2026-07-26","acq_time":1000,"confidence":"n","satellite":"N","instrument":"VIIRS","version":"2.0NRT","bright_ti4":330.43,"frp":3.58,"daynight":"N"},"geometry":{"type":"Point","coordinates":[-117.11044,42.50076]}},{"type":"Feature","properties":{"acq_date":"2026-07-26","acq_time":1000,"confidence":"n","satellite":"N","instrument":"VIIRS","version":"2.0NRT","bright_ti4":333.78,"frp":2.3,"daynight":"N"},"geometry":{"type":"Point","coordinates":[-117.15421,42.50113]}},{"type":"Feature","properties":{"acq_date":"2026-07-26","acq_time":1000,"confidence":"n","satellite":"N","instrument":"VIIRS","version":"2.0NRT","bright_ti4":305.3,"frp":2.07,"daynight":"N"},"geometry":{"type":"Point","coordinates":[-117.13461,42.50132]}},{"type":"Feature","properties":{"acq_date":"2026-07-26","acq_time":1000,"confidence":"n","satellite":"N","instrument":"VIIRS","version":"2.0NRT","bright_ti4":311.37,"frp":0.85,"daynight":"N"},"geometry":{"type":"Point","coordinates":[-117.12434,42.50307]}},{"type":"Feature","properties":{"acq_date":"2026-07-26","acq_time":1000,"confidence":"n","satellite":"N","instrument":"VIIRS","version":"2.0NRT","bright_ti4":303.41,"frp":0.85,"daynight":"N"},"geometry":{"type":"Point","coordinates":[-117.12899,42.50383]}},{"type":"Feature","properties":{"acq_date":"2026-07-26","acq_time":1000,"confidence":"n","satellite":"N","instrument":"VIIRS","version":"2.0NRT","bright_ti4":307.97,"frp":1.34,"daynight":"N"},"geometry":{"type":"Point","coordinates":[-117.10947,42.50404]}},{"type":"Feature","properties":{"acq_date":"2026-07-26","acq_time":1000,"confidence":"n","satellite":"N","instrument":"VIIRS","version":"2.0NRT","bright_ti4":302.18,"frp":1.16,"daynight":"N"},"geometry":{"type":"Point","coordinates":[-117.15322,42.5044]}},{"type":"Feature","properties":{"acq_date":"2026-07-26","acq_time":1000,"confidence":"n","satellite":"N","instrument":"VIIRS","version":"2.0NRT","bright_ti4":336.5,"frp":1.79,"daynight":"N"},"geometry":{"type":"Point","coordinates":[-117.1141,42.50481]}},{"type":"Feature","properties":{"acq_date":"2026-07-26","acq_time":1000,"confidence":"n","satellite":"N","instrument":"VIIRS","version":"2.0NRT","bright_ti4":307.98,"frp":2.04,"daynight":"N"},"geometry":{"type":"Point","coordinates":[-117.09452,42.50501]}},{"type":"Feature","properties":{"acq_date":"2026-07-26","acq_time":1000,"confidence":"n","satellite":"N","instrument":"VIIRS","version":"2.0NRT","bright_ti4":319.4,"frp":1.16,"daynight":"N"},"geometry":{"type":"Point","coordinates":[-117.15787,42.50517]}},{"type":"Feature","properties":{"acq_date":"2026-07-26","acq_time":1000,"confidence":"n","satellite":"N","instrument":"VIIRS","version":"2.0NRT","bright_ti4":306.93,"frp":1.79,"daynight":"N"},"geometry":{"type":"Point","coordinates":[-117.11311,42.50809]}},{"type":"Feature","properties":{"acq_date":"2026-07-26","acq_time":1000,"confidence":"n","satellite":"N","instrument":"VIIRS","version":"2.0NRT","bright_ti4":314.5,"frp":2.38,"daynight":"N"},"geometry":{"type":"Point","coordinates":[-117.09354,42.50829]}},{"type":"Feature","properties":{"acq_date":"2026-07-26","acq_time":1000,"confidence":"n","satellite":"N","instrument":"VIIRS","version":"2.0NRT","bright_ti4":319.24,"frp":1.16,"daynight":"N"},"geometry":{"type":"Point","coordinates":[-117.15688,42.50845]}},{"type":"Feature","properties":{"acq_date":"2026-07-26","acq_time":1000,"confidence":"n","satellite":"N","instrument":"VIIRS","version":"2.0NRT","bright_ti4":311.2,"frp":1.79,"daynight":"N"},"geometry":{"type":"Point","coordinates":[-117.11774,42.50886]}},{"type":"Feature","properties":{"acq_date":"2026-07-26","acq_time":1000,"confidence":"n","satellite":"N","instrument":"VIIRS","version":"2.0NRT","bright_ti4":304.21,"frp":1.15,"daynight":"N"},"geometry":{"type":"Point","coordinates":[-117.16153,42.50922]}},{"type":"Feature","properties":{"acq_date":"2026-07-26","acq_time":1000,"confidence":"n","satellite":"N","instrument":"VIIRS","version":"2.0NRT","bright_ti4":296.9,"frp":1,"daynight":"N"},"geometry":{"type":"Point","coordinates":[-117.16519,42.51326]}},{"type":"Feature","properties":{"acq_date":"2026-07-26","acq_time":1000,"confidence":"n","satellite":"N","instrument":"VIIRS","version":"2.0NRT","bright_ti4":350.6,"frp":4.98,"daynight":"N"},"geometry":{"type":"Point","coordinates":[-117.16982,42.51403]}},{"type":"Feature","properties":{"acq_date":"2026-07-26","acq_time":1000,"confidence":"n","satellite":"N","instrument":"VIIRS","version":"2.0NRT","bright_ti4":345.14,"frp":4.98,"daynight":"N"},"geometry":{"type":"Point","coordinates":[-117.17445,42.51479]}},{"type":"Feature","properties":{"acq_date":"2026-07-26","acq_time":1000,"confidence":"n","satellite":"N","instrument":"VIIRS","version":"2.0NRT","bright_ti4":330.19,"frp":3.05,"daynight":"N"},"geometry":{"type":"Point","coordinates":[-117.05237,42.51523]}},{"type":"Feature","properties":{"acq_date":"2026-07-26","acq_time":1000,"confidence":"h","satellite":"N","instrument":"VIIRS","version":"2.0NRT","bright_ti4":367,"frp":6.54,"daynight":"N"},"geometry":{"type":"Point","coordinates":[-117.17905,42.51555]}},{"type":"Feature","properties":{"acq_date":"2026-07-26","acq_time":1000,"confidence":"n","satellite":"N","instrument":"VIIRS","version":"2.0NRT","bright_ti4":333.83,"frp":3.05,"daynight":"N"},"geometry":{"type":"Point","coordinates":[-117.05701,42.516]}},{"type":"Feature","properties":{"acq_date":"2026-07-26","acq_time":1000,"confidence":"n","satellite":"N","instrument":"VIIRS","version":"2.0NRT","bright_ti4":353.08,"frp":6.54,"daynight":"N"},"geometry":{"type":"Point","coordinates":[-117.18365,42.51632]}},{"type":"Feature","properties":{"acq_date":"2026-07-26","acq_time":1000,"confidence":"n","satellite":"N","instrument":"VIIRS","version":"2.0NRT","bright_ti4":304.17,"frp":2.62,"daynight":"N"},"geometry":{"type":"Point","coordinates":[-117.18826,42.51708]}},{"type":"Feature","properties":{"acq_date":"2026-07-26","acq_time":1000,"confidence":"n","satellite":"N","instrument":"VIIRS","version":"2.0NRT","bright_ti4":314.16,"frp":4.98,"daynight":"N"},"geometry":{"type":"Point","coordinates":[-117.16885,42.51731]}},{"type":"Feature","properties":{"acq_date":"2026-07-26","acq_time":1000,"confidence":"n","satellite":"N","instrument":"VIIRS","version":"2.0NRT","bright_ti4":331.78,"frp":3.05,"daynight":"N"},"geometry":{"type":"Point","coordinates":[-117.05137,42.51851]}},{"type":"Feature","properties":{"acq_date":"2026-07-26","acq_time":1000,"confidence":"n","satellite":"N","instrument":"VIIRS","version":"2.0NRT","bright_ti4":319.3,"frp":3.05,"daynight":"N"},"geometry":{"type":"Point","coordinates":[-117.056,42.51928]}},{"type":"Feature","properties":{"acq_date":"2026-07-26","acq_time":1000,"confidence":"n","satellite":"N","instrument":"VIIRS","version":"2.0NRT","bright_ti4":304.96,"frp":6.54,"daynight":"N"},"geometry":{"type":"Point","coordinates":[-117.18265,42.51959]}},{"type":"Feature","properties":{"acq_date":"2026-07-26","acq_time":1000,"confidence":"n","satellite":"N","instrument":"VIIRS","version":"2.0NRT","bright_ti4":336.29,"frp":2.62,"daynight":"N"},"geometry":{"type":"Point","coordinates":[-117.18725,42.52035]}},{"type":"Feature","properties":{"acq_date":"2026-07-26","acq_time":1000,"confidence":"n","satellite":"N","instrument":"VIIRS","version":"2.0NRT","bright_ti4":308.89,"frp":1.15,"daynight":"N"},"geometry":{"type":"Point","coordinates":[-117.04893,42.52039]}},{"type":"Feature","properties":{"acq_date":"2026-07-26","acq_time":1000,"confidence":"n","satellite":"N","instrument":"VIIRS","version":"2.0NRT","bright_ti4":312.12,"frp":1.15,"daynight":"N"},"geometry":{"type":"Point","coordinates":[-117.04793,42.52367]}},{"type":"Feature","properties":{"acq_date":"2026-07-26","acq_time":1000,"confidence":"n","satellite":"N","instrument":"VIIRS","version":"2.0NRT","bright_ti4":301.68,"frp":1.23,"daynight":"N"},"geometry":{"type":"Point","coordinates":[-117.08391,42.5239]}},{"type":"Feature","properties":{"acq_date":"2026-07-26","acq_time":1000,"confidence":"n","satellite":"N","instrument":"VIIRS","version":"2.0NRT","bright_ti4":305.6,"frp":1.77,"daynight":"N"},"geometry":{"type":"Point","coordinates":[-116.91456,42.52893]}},{"type":"Feature","properties":{"acq_date":"2026-07-26","acq_time":1000,"confidence":"n","satellite":"N","instrument":"VIIRS","version":"2.0NRT","bright_ti4":297.02,"frp":0.41,"daynight":"N"},"geometry":{"type":"Point","coordinates":[-116.91354,42.53221]}},{"type":"Feature","properties":{"acq_date":"2026-07-26","acq_time":1000,"confidence":"n","satellite":"N","instrument":"VIIRS","version":"2.0NRT","bright_ti4":301.73,"frp":0.73,"daynight":"N"},"geometry":{"type":"Point","coordinates":[-117.11559,42.54182]}},{"type":"Feature","properties":{"acq_date":"2026-07-26","acq_time":1000,"confidence":"n","satellite":"N","instrument":"VIIRS","version":"2.0NRT","bright_ti4":310.9,"frp":1.6,"daynight":"N"},"geometry":{"type":"Point","coordinates":[-117.11458,42.54509]}},{"type":"Feature","properties":{"acq_date":"2026-07-26","acq_time":1000,"confidence":"n","satellite":"N","instrument":"VIIRS","version":"2.0NRT","bright_ti4":323.46,"frp":1.6,"daynight":"N"},"geometry":{"type":"Point","coordinates":[-117.11356,42.54837]}},{"type":"Feature","properties":{"acq_date":"2026-07-26","acq_time":1000,"confidence":"n","satellite":"N","instrument":"VIIRS","version":"2.0NRT","bright_ti4":307.22,"frp":1.6,"daynight":"N"},"geometry":{"type":"Point","coordinates":[-117.11817,42.54913]}},{"type":"Feature","properties":{"acq_date":"2026-07-26","acq_time":1000,"confidence":"n","satellite":"N","instrument":"VIIRS","version":"2.0NRT","bright_ti4":298.9,"frp":0.56,"daynight":"N"},"geometry":{"type":"Point","coordinates":[-117.05952,42.54972]}},{"type":"Feature","properties":{"acq_date":"2026-07-26","acq_time":1000,"confidence":"n","satellite":"N","instrument":"VIIRS","version":"2.0NRT","bright_ti4":302.59,"frp":0.75,"daynight":"N"},"geometry":{"type":"Point","coordinates":[-117.14706,42.55049]}},{"type":"Feature","properties":{"acq_date":"2026-07-26","acq_time":1000,"confidence":"n","satellite":"N","instrument":"VIIRS","version":"2.0NRT","bright_ti4":325.39,"frp":2.23,"daynight":"N"},"geometry":{"type":"Point","coordinates":[-117.11256,42.55164]}},{"type":"Feature","properties":{"acq_date":"2026-07-26","acq_time":1000,"confidence":"n","satellite":"N","instrument":"VIIRS","version":"2.0NRT","bright_ti4":299.15,"frp":0.56,"daynight":"N"},"geometry":{"type":"Point","coordinates":[-117.05853,42.55299]}},{"type":"Feature","properties":{"acq_date":"2026-07-26","acq_time":1000,"confidence":"n","satellite":"N","instrument":"VIIRS","version":"2.0NRT","bright_ti4":309.63,"frp":0.74,"daynight":"N"},"geometry":{"type":"Point","coordinates":[-117.13119,42.55474]}},{"type":"Feature","properties":{"acq_date":"2026-07-26","acq_time":1000,"confidence":"n","satellite":"N","instrument":"VIIRS","version":"2.0NRT","bright_ti4":311.86,"frp":2.23,"daynight":"N"},"geometry":{"type":"Point","coordinates":[-117.11156,42.55492]}},{"type":"Feature","properties":{"acq_date":"2026-07-26","acq_time":1000,"confidence":"n","satellite":"N","instrument":"VIIRS","version":"2.0NRT","bright_ti4":328.8,"frp":1.79,"daynight":"N"},"geometry":{"type":"Point","coordinates":[-117.0575,42.55627]}},{"type":"Feature","properties":{"acq_date":"2026-07-26","acq_time":1000,"confidence":"n","satellite":"N","instrument":"VIIRS","version":"2.0NRT","bright_ti4":298.35,"frp":1.03,"daynight":"N"},"geometry":{"type":"Point","coordinates":[-117.1208,42.55645]}},{"type":"Feature","properties":{"acq_date":"2026-07-26","acq_time":1000,"confidence":"n","satellite":"N","instrument":"VIIRS","version":"2.0NRT","bright_ti4":315.52,"frp":1.81,"daynight":"N"},"geometry":{"type":"Point","coordinates":[-117.10131,42.55666]}},{"type":"Feature","properties":{"acq_date":"2026-07-26","acq_time":1000,"confidence":"n","satellite":"N","instrument":"VIIRS","version":"2.0NRT","bright_ti4":328.67,"frp":2.97,"daynight":"N"},"geometry":{"type":"Point","coordinates":[-117.06215,42.55704]}},{"type":"Feature","properties":{"acq_date":"2026-07-26","acq_time":1000,"confidence":"n","satellite":"N","instrument":"VIIRS","version":"2.0NRT","bright_ti4":299.09,"frp":1.03,"daynight":"N"},"geometry":{"type":"Point","coordinates":[-117.12552,42.55724]}},{"type":"Feature","properties":{"acq_date":"2026-07-26","acq_time":1000,"confidence":"n","satellite":"N","instrument":"VIIRS","version":"2.0NRT","bright_ti4":313.73,"frp":1.81,"daynight":"N"},"geometry":{"type":"Point","coordinates":[-117.10594,42.55743]}},{"type":"Feature","properties":{"acq_date":"2026-07-26","acq_time":1000,"confidence":"n","satellite":"N","instrument":"VIIRS","version":"2.0NRT","bright_ti4":308.09,"frp":1.76,"daynight":"N"},"geometry":{"type":"Point","coordinates":[-117.09564,42.55916]}},{"type":"Feature","properties":{"acq_date":"2026-07-26","acq_time":1000,"confidence":"n","satellite":"N","instrument":"VIIRS","version":"2.0NRT","bright_ti4":302.7,"frp":1.79,"daynight":"N"},"geometry":{"type":"Point","coordinates":[-117.0565,42.55954]}},{"type":"Feature","properties":{"acq_date":"2026-07-26","acq_time":1000,"confidence":"n","satellite":"N","instrument":"VIIRS","version":"2.0NRT","bright_ti4":300.94,"frp":1.15,"daynight":"N"},"geometry":{"type":"Point","coordinates":[-117.11987,42.55974]}},{"type":"Feature","properties":{"acq_date":"2026-07-26","acq_time":1000,"confidence":"n","satellite":"N","instrument":"VIIRS","version":"2.0NRT","bright_ti4":335.41,"frp":2.97,"daynight":"N"},"geometry":{"type":"Point","coordinates":[-117.06113,42.56031]}},{"type":"Feature","properties":{"acq_date":"2026-07-26","acq_time":1000,"confidence":"n","satellite":"N","instrument":"VIIRS","version":"2.0NRT","bright_ti4":330.43,"frp":1.76,"daynight":"N"},"geometry":{"type":"Point","coordinates":[-117.08533,42.56089]}},{"type":"Feature","properties":{"acq_date":"2026-07-26","acq_time":1000,"confidence":"n","satellite":"N","instrument":"VIIRS","version":"2.0NRT","bright_ti4":308.86,"frp":2.97,"daynight":"N"},"geometry":{"type":"Point","coordinates":[-117.06577,42.56108]}},{"type":"Feature","properties":{"acq_date":"2026-07-26","acq_time":1000,"confidence":"n","satellite":"N","instrument":"VIIRS","version":"2.0NRT","bright_ti4":304.99,"frp":1.8,"daynight":"N"},"geometry":{"type":"Point","coordinates":[-117.08997,42.56166]}},{"type":"Feature","properties":{"acq_date":"2026-07-26","acq_time":1000,"confidence":"n","satellite":"N","instrument":"VIIRS","version":"2.0NRT","bright_ti4":333.92,"frp":2.68,"daynight":"N"},"geometry":{"type":"Point","coordinates":[-117.07041,42.56186]}},{"type":"Feature","properties":{"acq_date":"2026-07-26","acq_time":1000,"confidence":"n","satellite":"N","instrument":"VIIRS","version":"2.0NRT","bright_ti4":310.52,"frp":2.68,"daynight":"N"},"geometry":{"type":"Point","coordinates":[-117.07506,42.56263]}},{"type":"Feature","properties":{"acq_date":"2026-07-26","acq_time":1000,"confidence":"n","satellite":"N","instrument":"VIIRS","version":"2.0NRT","bright_ti4":305.69,"frp":1.76,"daynight":"N"},"geometry":{"type":"Point","coordinates":[-117.07971,42.5634]}},{"type":"Feature","properties":{"acq_date":"2026-07-26","acq_time":1000,"confidence":"n","satellite":"N","instrument":"VIIRS","version":"2.0NRT","bright_ti4":311.04,"frp":1.76,"daynight":"N"},"geometry":{"type":"Point","coordinates":[-117.08434,42.56417]}},{"type":"Feature","properties":{"acq_date":"2026-07-26","acq_time":1000,"confidence":"n","satellite":"N","instrument":"VIIRS","version":"2.0NRT","bright_ti4":313.19,"frp":1.44,"daynight":"N"},"geometry":{"type":"Point","coordinates":[-117.04521,42.56455]}},{"type":"Feature","properties":{"acq_date":"2026-07-26","acq_time":1000,"confidence":"n","satellite":"N","instrument":"VIIRS","version":"2.0NRT","bright_ti4":322.66,"frp":1.8,"daynight":"N"},"geometry":{"type":"Point","coordinates":[-117.08897,42.56494]}},{"type":"Feature","properties":{"acq_date":"2026-07-26","acq_time":1000,"confidence":"n","satellite":"N","instrument":"VIIRS","version":"2.0NRT","bright_ti4":321.22,"frp":3.94,"daynight":"N"},"geometry":{"type":"Point","coordinates":[-117.06943,42.56514]}},{"type":"Feature","properties":{"acq_date":"2026-07-26","acq_time":1000,"confidence":"n","satellite":"N","instrument":"VIIRS","version":"2.0NRT","bright_ti4":305.75,"frp":1.8,"daynight":"N"},"geometry":{"type":"Point","coordinates":[-117.09365,42.56572]}},{"type":"Feature","properties":{"acq_date":"2026-07-26","acq_time":1000,"confidence":"n","satellite":"N","instrument":"VIIRS","version":"2.0NRT","bright_ti4":339.65,"frp":3.94,"daynight":"N"},"geometry":{"type":"Point","coordinates":[-117.06847,42.56842]}},{"type":"Feature","properties":{"acq_date":"2026-07-26","acq_time":1000,"confidence":"n","satellite":"N","instrument":"VIIRS","version":"2.0NRT","bright_ti4":302.64,"frp":1.17,"daynight":"N"},"geometry":{"type":"Point","coordinates":[-117.03394,42.56957]}},{"type":"Feature","properties":{"acq_date":"2026-07-26","acq_time":1000,"confidence":"n","satellite":"N","instrument":"VIIRS","version":"2.0NRT","bright_ti4":309,"frp":1.59,"daynight":"N"},"geometry":{"type":"Point","coordinates":[-117.0386,42.57034]}},{"type":"Feature","properties":{"acq_date":"2026-07-26","acq_time":1000,"confidence":"n","satellite":"N","instrument":"VIIRS","version":"2.0NRT","bright_ti4":332.52,"frp":6.63,"daynight":"N"},"geometry":{"type":"Point","coordinates":[-117.0675,42.5717]}},{"type":"Feature","properties":{"acq_date":"2026-07-26","acq_time":1000,"confidence":"n","satellite":"N","instrument":"VIIRS","version":"2.0NRT","bright_ti4":305.3,"frp":0.65,"daynight":"N"},"geometry":{"type":"Point","coordinates":[-117.03296,42.57285]}},{"type":"Feature","properties":{"acq_date":"2026-07-26","acq_time":1000,"confidence":"n","satellite":"N","instrument":"VIIRS","version":"2.0NRT","bright_ti4":343.98,"frp":6.63,"daynight":"N"},"geometry":{"type":"Point","coordinates":[-117.06651,42.57498]}},{"type":"Feature","properties":{"acq_date":"2026-07-26","acq_time":1000,"confidence":"n","satellite":"N","instrument":"VIIRS","version":"2.0NRT","bright_ti4":299.18,"frp":0.65,"daynight":"N"},"geometry":{"type":"Point","coordinates":[-117.02731,42.57535]}},{"type":"Feature","properties":{"acq_date":"2026-07-26","acq_time":1000,"confidence":"n","satellite":"N","instrument":"VIIRS","version":"2.0NRT","bright_ti4":324.33,"frp":3.2,"daynight":"N"},"geometry":{"type":"Point","coordinates":[-117.06549,42.57826]}},{"type":"Feature","properties":{"acq_date":"2026-07-26","acq_time":1000,"confidence":"n","satellite":"N","instrument":"VIIRS","version":"2.0NRT","bright_ti4":327.66,"frp":3.2,"daynight":"N"},"geometry":{"type":"Point","coordinates":[-117.07015,42.57903]}},{"type":"Feature","properties":{"acq_date":"2026-07-26","acq_time":1000,"confidence":"n","satellite":"N","instrument":"VIIRS","version":"2.0NRT","bright_ti4":299.12,"frp":0.52,"daynight":"N"},"geometry":{"type":"Point","coordinates":[-117.03098,42.57941]}},{"type":"Feature","properties":{"acq_date":"2026-07-26","acq_time":1000,"confidence":"n","satellite":"N","instrument":"VIIRS","version":"2.0NRT","bright_ti4":315.2,"frp":1.95,"daynight":"N"},"geometry":{"type":"Point","coordinates":[-117.03563,42.58018]}},{"type":"Feature","properties":{"acq_date":"2026-07-26","acq_time":1000,"confidence":"n","satellite":"N","instrument":"VIIRS","version":"2.0NRT","bright_ti4":309.16,"frp":1.95,"daynight":"N"},"geometry":{"type":"Point","coordinates":[-117.04028,42.58095]}},{"type":"Feature","properties":{"acq_date":"2026-07-26","acq_time":1000,"confidence":"n","satellite":"N","instrument":"VIIRS","version":"2.0NRT","bright_ti4":295.69,"frp":3.2,"daynight":"N"},"geometry":{"type":"Point","coordinates":[-117.0645,42.58154]}},{"type":"Feature","properties":{"acq_date":"2026-07-26","acq_time":1000,"confidence":"n","satellite":"N","instrument":"VIIRS","version":"2.0NRT","bright_ti4":338.4,"frp":2.71,"daynight":"N"},"geometry":{"type":"Point","coordinates":[-117.04492,42.58173]}},{"type":"Feature","properties":{"acq_date":"2026-07-26","acq_time":1000,"confidence":"n","satellite":"N","instrument":"VIIRS","version":"2.0NRT","bright_ti4":327.99,"frp":3.2,"daynight":"N"},"geometry":{"type":"Point","coordinates":[-117.06915,42.58231]}},{"type":"Feature","properties":{"acq_date":"2026-07-26","acq_time":1000,"confidence":"n","satellite":"N","instrument":"VIIRS","version":"2.0NRT","bright_ti4":317.05,"frp":1.95,"daynight":"N"},"geometry":{"type":"Point","coordinates":[-117.03462,42.58346]}},{"type":"Feature","properties":{"acq_date":"2026-07-26","acq_time":1000,"confidence":"n","satellite":"N","instrument":"VIIRS","version":"2.0NRT","bright_ti4":339.13,"frp":1.95,"daynight":"N"},"geometry":{"type":"Point","coordinates":[-117.03928,42.58423]}},{"type":"Feature","properties":{"acq_date":"2026-07-26","acq_time":1000,"confidence":"n","satellite":"N","instrument":"VIIRS","version":"2.0NRT","bright_ti4":301.77,"frp":2.71,"daynight":"N"},"geometry":{"type":"Point","coordinates":[-117.04392,42.585]}},{"type":"Feature","properties":{"acq_date":"2026-07-26","acq_time":1000,"confidence":"n","satellite":"N","instrument":"VIIRS","version":"2.0NRT","bright_ti4":298.51,"frp":2.25,"daynight":"N"},"geometry":{"type":"Point","coordinates":[-117.15116,42.58557]}},{"type":"Feature","properties":{"acq_date":"2026-07-26","acq_time":1000,"confidence":"n","satellite":"N","instrument":"VIIRS","version":"2.0NRT","bright_ti4":313.55,"frp":2.71,"daynight":"N"},"geometry":{"type":"Point","coordinates":[-117.04857,42.58577]}},{"type":"Feature","properties":{"acq_date":"2026-07-26","acq_time":1000,"confidence":"n","satellite":"N","instrument":"VIIRS","version":"2.0NRT","bright_ti4":297.13,"frp":0.86,"daynight":"N"},"geometry":{"type":"Point","coordinates":[-117.05786,42.58732]}},{"type":"Feature","properties":{"acq_date":"2026-07-26","acq_time":1000,"confidence":"n","satellite":"N","instrument":"VIIRS","version":"2.0NRT","bright_ti4":339.23,"frp":2.25,"daynight":"N"},"geometry":{"type":"Point","coordinates":[-117.15481,42.58962]}},{"type":"Feature","properties":{"acq_date":"2026-07-26","acq_time":1000,"confidence":"n","satellite":"N","instrument":"VIIRS","version":"2.0NRT","bright_ti4":303.92,"frp":0.68,"daynight":"N"},"geometry":{"type":"Point","coordinates":[-117.05222,42.58982]}},{"type":"Feature","properties":{"acq_date":"2026-07-26","acq_time":1000,"confidence":"n","satellite":"N","instrument":"VIIRS","version":"2.0NRT","bright_ti4":309.22,"frp":0.97,"daynight":"N"},"geometry":{"type":"Point","coordinates":[-117.25623,42.59259]}},{"type":"Feature","properties":{"acq_date":"2026-07-26","acq_time":1000,"confidence":"n","satellite":"N","instrument":"VIIRS","version":"2.0NRT","bright_ti4":315.65,"frp":1.01,"daynight":"N"},"geometry":{"type":"Point","coordinates":[-117.15381,42.59289]}},{"type":"Feature","properties":{"acq_date":"2026-07-26","acq_time":1000,"confidence":"n","satellite":"N","instrument":"VIIRS","version":"2.0NRT","bright_ti4":299.24,"frp":0.68,"daynight":"N"},"geometry":{"type":"Point","coordinates":[-117.05122,42.59311]}},{"type":"Feature","properties":{"acq_date":"2026-07-26","acq_time":1000,"confidence":"n","satellite":"N","instrument":"VIIRS","version":"2.0NRT","bright_ti4":305.95,"frp":1.07,"daynight":"N"},"geometry":{"type":"Point","coordinates":[-117.25525,42.59586]}},{"type":"Feature","properties":{"acq_date":"2026-07-26","acq_time":1000,"confidence":"n","satellite":"N","instrument":"VIIRS","version":"2.0NRT","bright_ti4":303.17,"frp":1.07,"daynight":"N"},"geometry":{"type":"Point","coordinates":[-117.25988,42.59662]}},{"type":"Feature","properties":{"acq_date":"2026-07-26","acq_time":1000,"confidence":"n","satellite":"N","instrument":"VIIRS","version":"2.0NRT","bright_ti4":319.47,"frp":1.07,"daynight":"N"},"geometry":{"type":"Point","coordinates":[-117.25889,42.59989]}},{"type":"Feature","properties":{"acq_date":"2026-07-26","acq_time":1000,"confidence":"n","satellite":"N","instrument":"VIIRS","version":"2.0NRT","bright_ti4":314.09,"frp":1.65,"daynight":"N"},"geometry":{"type":"Point","coordinates":[-117.25787,42.60317]}},{"type":"Feature","properties":{"acq_date":"2026-07-26","acq_time":1000,"confidence":"n","satellite":"N","instrument":"VIIRS","version":"2.0NRT","bright_ti4":318.13,"frp":1.85,"daynight":"N"},"geometry":{"type":"Point","coordinates":[-117.13594,42.6037]}},{"type":"Feature","properties":{"acq_date":"2026-07-26","acq_time":1000,"confidence":"n","satellite":"N","instrument":"VIIRS","version":"2.0NRT","bright_ti4":315.62,"frp":1.93,"daynight":"N"},"geometry":{"type":"Point","coordinates":[-117.11634,42.6039]}},{"type":"Feature","properties":{"acq_date":"2026-07-26","acq_time":1000,"confidence":"n","satellite":"N","instrument":"VIIRS","version":"2.0NRT","bright_ti4":301.51,"frp":0.69,"daynight":"N"},"geometry":{"type":"Point","coordinates":[-117.04259,42.60544]}},{"type":"Feature","properties":{"acq_date":"2026-07-26","acq_time":1000,"confidence":"n","satellite":"N","instrument":"VIIRS","version":"2.0NRT","bright_ti4":305.92,"frp":0.8,"daynight":"N"},"geometry":{"type":"Point","coordinates":[-117.11069,42.6064]}},{"type":"Feature","properties":{"acq_date":"2026-07-26","acq_time":1000,"confidence":"n","satellite":"N","instrument":"VIIRS","version":"2.0NRT","bright_ti4":329.57,"frp":1.65,"daynight":"N"},"geometry":{"type":"Point","coordinates":[-117.2569,42.60644]}},{"type":"Feature","properties":{"acq_date":"2026-07-26","acq_time":1000,"confidence":"n","satellite":"N","instrument":"VIIRS","version":"2.0NRT","bright_ti4":347.11,"frp":4.09,"daynight":"N"},"geometry":{"type":"Point","coordinates":[-117.25594,42.60972]}},{"type":"Feature","properties":{"acq_date":"2026-07-26","acq_time":1000,"confidence":"n","satellite":"N","instrument":"VIIRS","version":"2.0NRT","bright_ti4":302.14,"frp":4.09,"daynight":"N"},"geometry":{"type":"Point","coordinates":[-117.25497,42.613]}},{"type":"Feature","properties":{"acq_date":"2026-07-26","acq_time":1000,"confidence":"n","satellite":"N","instrument":"VIIRS","version":"2.0NRT","bright_ti4":333.84,"frp":2.7,"daynight":"N"},"geometry":{"type":"Point","coordinates":[-117.11336,42.61373]}},{"type":"Feature","properties":{"acq_date":"2026-07-26","acq_time":1000,"confidence":"n","satellite":"N","instrument":"VIIRS","version":"2.0NRT","bright_ti4":330.34,"frp":2.96,"daynight":"N"},"geometry":{"type":"Point","coordinates":[-117.25398,42.61627]}},{"type":"Feature","properties":{"acq_date":"2026-07-26","acq_time":1000,"confidence":"n","satellite":"N","instrument":"VIIRS","version":"2.0NRT","bright_ti4":331.72,"frp":2.7,"daynight":"N"},"geometry":{"type":"Point","coordinates":[-117.11237,42.617]}},{"type":"Feature","properties":{"acq_date":"2026-07-26","acq_time":1000,"confidence":"n","satellite":"N","instrument":"VIIRS","version":"2.0NRT","bright_ti4":295.82,"frp":2.7,"daynight":"N"},"geometry":{"type":"Point","coordinates":[-117.11702,42.61777]}},{"type":"Feature","properties":{"acq_date":"2026-07-26","acq_time":1000,"confidence":"n","satellite":"N","instrument":"VIIRS","version":"2.0NRT","bright_ti4":296.55,"frp":0.36,"daynight":"N"},"geometry":{"type":"Point","coordinates":[-117.0582,42.61836]}},{"type":"Feature","properties":{"acq_date":"2026-07-26","acq_time":1000,"confidence":"n","satellite":"N","instrument":"VIIRS","version":"2.0NRT","bright_ti4":298.6,"frp":4.9,"daynight":"N"},"geometry":{"type":"Point","coordinates":[-117.10207,42.61874]}},{"type":"Feature","properties":{"acq_date":"2026-07-26","acq_time":1000,"confidence":"n","satellite":"N","instrument":"VIIRS","version":"2.0NRT","bright_ti4":335.82,"frp":4.9,"daynight":"N"},"geometry":{"type":"Point","coordinates":[-117.10672,42.61951]}},{"type":"Feature","properties":{"acq_date":"2026-07-26","acq_time":1000,"confidence":"n","satellite":"N","instrument":"VIIRS","version":"2.0NRT","bright_ti4":296.72,"frp":1.7,"daynight":"N"},"geometry":{"type":"Point","coordinates":[-117.11138,42.62028]}},{"type":"Feature","properties":{"acq_date":"2026-07-26","acq_time":1000,"confidence":"n","satellite":"N","instrument":"VIIRS","version":"2.0NRT","bright_ti4":354.26,"frp":4.9,"daynight":"N"},"geometry":{"type":"Point","coordinates":[-117.10574,42.62279]}},{"type":"Feature","properties":{"acq_date":"2026-07-26","acq_time":1000,"confidence":"n","satellite":"N","instrument":"VIIRS","version":"2.0NRT","bright_ti4":306.54,"frp":1.73,"daynight":"N"},"geometry":{"type":"Point","coordinates":[-117.10474,42.62606]}},{"type":"Feature","properties":{"acq_date":"2026-07-26","acq_time":1000,"confidence":"n","satellite":"N","instrument":"VIIRS","version":"2.0NRT","bright_ti4":299.62,"frp":0.76,"daynight":"N"},"geometry":{"type":"Point","coordinates":[-117.19596,42.63079]}},{"type":"Feature","properties":{"acq_date":"2026-07-26","acq_time":1000,"confidence":"n","satellite":"N","instrument":"VIIRS","version":"2.0NRT","bright_ti4":312.45,"frp":1.07,"daynight":"N"},"geometry":{"type":"Point","coordinates":[-117.10739,42.63338]}},{"type":"Feature","properties":{"acq_date":"2026-07-26","acq_time":1000,"confidence":"n","satellite":"N","instrument":"VIIRS","version":"2.0NRT","bright_ti4":319.27,"frp":2.49,"daynight":"N"},"geometry":{"type":"Point","coordinates":[-117.19497,42.63407]}},{"type":"Feature","properties":{"acq_date":"2026-07-26","acq_time":1000,"confidence":"n","satellite":"N","instrument":"VIIRS","version":"2.0NRT","bright_ti4":330.36,"frp":2.49,"daynight":"N"},"geometry":{"type":"Point","coordinates":[-117.19397,42.63734]}},{"type":"Feature","properties":{"acq_date":"2026-07-26","acq_time":1000,"confidence":"n","satellite":"N","instrument":"VIIRS","version":"2.0NRT","bright_ti4":320.05,"frp":1.51,"daynight":"N"},"geometry":{"type":"Point","coordinates":[-117.193,42.64061]}},{"type":"Feature","properties":{"acq_date":"2026-07-26","acq_time":1000,"confidence":"n","satellite":"N","instrument":"VIIRS","version":"2.0NRT","bright_ti4":300.83,"frp":0.64,"daynight":"N"},"geometry":{"type":"Point","coordinates":[-117.20228,42.64214]}},{"type":"Feature","properties":{"acq_date":"2026-07-26","acq_time":1000,"confidence":"n","satellite":"N","instrument":"VIIRS","version":"2.0NRT","bright_ti4":313.41,"frp":1.74,"daynight":"N"},"geometry":{"type":"Point","coordinates":[-117.01949,42.64221]}},{"type":"Feature","properties":{"acq_date":"2026-07-26","acq_time":1000,"confidence":"n","satellite":"N","instrument":"VIIRS","version":"2.0NRT","bright_ti4":309.32,"frp":1.59,"daynight":"N"},"geometry":{"type":"Point","coordinates":[-117.18736,42.64313]}},{"type":"Feature","properties":{"acq_date":"2026-07-26","acq_time":1000,"confidence":"n","satellite":"N","instrument":"VIIRS","version":"2.0NRT","bright_ti4":295.93,"frp":1.51,"daynight":"N"},"geometry":{"type":"Point","coordinates":[-117.192,42.64389]}},{"type":"Feature","properties":{"acq_date":"2026-07-26","acq_time":1000,"confidence":"n","satellite":"N","instrument":"VIIRS","version":"2.0NRT","bright_ti4":305.74,"frp":1.02,"daynight":"N"},"geometry":{"type":"Point","coordinates":[-117.09224,42.64398]}},{"type":"Feature","properties":{"acq_date":"2026-07-26","acq_time":1000,"confidence":"n","satellite":"N","instrument":"VIIRS","version":"2.0NRT","bright_ti4":298.03,"frp":0.87,"daynight":"N"},"geometry":{"type":"Point","coordinates":[-117.01849,42.64548]}},{"type":"Feature","properties":{"acq_date":"2026-07-26","acq_time":1000,"confidence":"n","satellite":"N","instrument":"VIIRS","version":"2.0NRT","bright_ti4":312.12,"frp":1.02,"daynight":"N"},"geometry":{"type":"Point","coordinates":[-117.0866,42.64648]}},{"type":"Feature","properties":{"acq_date":"2026-07-26","acq_time":1000,"confidence":"n","satellite":"N","instrument":"VIIRS","version":"2.0NRT","bright_ti4":300.94,"frp":1.14,"daynight":"N"},"geometry":{"type":"Point","coordinates":[-117.04741,42.64685]}},{"type":"Feature","properties":{"acq_date":"2026-07-26","acq_time":1000,"confidence":"n","satellite":"N","instrument":"VIIRS","version":"2.0NRT","bright_ti4":303.3,"frp":1.02,"daynight":"N"},"geometry":{"type":"Point","coordinates":[-117.09125,42.64725]}},{"type":"Feature","properties":{"acq_date":"2026-07-26","acq_time":1000,"confidence":"n","satellite":"N","instrument":"VIIRS","version":"2.0NRT","bright_ti4":307.62,"frp":1.51,"daynight":"N"},"geometry":{"type":"Point","coordinates":[-117.08096,42.64899]}},{"type":"Feature","properties":{"acq_date":"2026-07-26","acq_time":1000,"confidence":"n","satellite":"N","instrument":"VIIRS","version":"2.0NRT","bright_ti4":329.18,"frp":2.21,"daynight":"N"},"geometry":{"type":"Point","coordinates":[-117.04178,42.64936]}},{"type":"Feature","properties":{"acq_date":"2026-07-26","acq_time":1000,"confidence":"n","satellite":"N","instrument":"VIIRS","version":"2.0NRT","bright_ti4":331.27,"frp":5.39,"daynight":"N"},"geometry":{"type":"Point","coordinates":[-117.0856,42.64976]}},{"type":"Feature","properties":{"acq_date":"2026-07-26","acq_time":1000,"confidence":"n","satellite":"N","instrument":"VIIRS","version":"2.0NRT","bright_ti4":304.17,"frp":2.49,"daynight":"N"},"geometry":{"type":"Point","coordinates":[-117.04642,42.65014]}},{"type":"Feature","properties":{"acq_date":"2026-07-26","acq_time":1000,"confidence":"n","satellite":"N","instrument":"VIIRS","version":"2.0NRT","bright_ti4":303.06,"frp":0.84,"daynight":"N"},"geometry":{"type":"Point","coordinates":[-117.02681,42.65032]}},{"type":"Feature","properties":{"acq_date":"2026-07-26","acq_time":1000,"confidence":"n","satellite":"N","instrument":"VIIRS","version":"2.0NRT","bright_ti4":295.13,"frp":1.61,"daynight":"N"},"geometry":{"type":"Point","coordinates":[-116.97725,42.65239]}},{"type":"Feature","properties":{"acq_date":"2026-07-26","acq_time":1000,"confidence":"n","satellite":"N","instrument":"VIIRS","version":"2.0NRT","bright_ti4":328.77,"frp":2.21,"daynight":"N"},"geometry":{"type":"Point","coordinates":[-117.04078,42.65264]}},{"type":"Feature","properties":{"acq_date":"2026-07-26","acq_time":1000,"confidence":"n","satellite":"N","instrument":"VIIRS","version":"2.0NRT","bright_ti4":324.96,"frp":2.49,"daynight":"N"},"geometry":{"type":"Point","coordinates":[-117.04544,42.65342]}},{"type":"Feature","properties":{"acq_date":"2026-07-26","acq_time":1000,"confidence":"n","satellite":"N","instrument":"VIIRS","version":"2.0NRT","bright_ti4":322.45,"frp":1.54,"daynight":"N"},"geometry":{"type":"Point","coordinates":[-117.02581,42.65359]}},{"type":"Feature","properties":{"acq_date":"2026-07-26","acq_time":1000,"confidence":"n","satellite":"N","instrument":"VIIRS","version":"2.0NRT","bright_ti4":318.7,"frp":2.49,"daynight":"N"},"geometry":{"type":"Point","coordinates":[-117.05009,42.65419]}},{"type":"Feature","properties":{"acq_date":"2026-07-26","acq_time":1000,"confidence":"n","satellite":"N","instrument":"VIIRS","version":"2.0NRT","bright_ti4":299.95,"frp":1.54,"daynight":"N"},"geometry":{"type":"Point","coordinates":[-117.03047,42.65437]}},{"type":"Feature","properties":{"acq_date":"2026-07-26","acq_time":1000,"confidence":"n","satellite":"N","instrument":"VIIRS","version":"2.0NRT","bright_ti4":302.01,"frp":0.92,"daynight":"N"},"geometry":{"type":"Point","coordinates":[-116.9716,42.65489]}},{"type":"Feature","properties":{"acq_date":"2026-07-26","acq_time":1000,"confidence":"n","satellite":"N","instrument":"VIIRS","version":"2.0NRT","bright_ti4":307.1,"frp":2.08,"daynight":"N"},"geometry":{"type":"Point","coordinates":[-117.05474,42.65496]}},{"type":"Feature","properties":{"acq_date":"2026-07-26","acq_time":1000,"confidence":"n","satellite":"N","instrument":"VIIRS","version":"2.0NRT","bright_ti4":327.68,"frp":1.61,"daynight":"N"},"geometry":{"type":"Point","coordinates":[-116.97626,42.65567]}},{"type":"Feature","properties":{"acq_date":"2026-07-26","acq_time":1000,"confidence":"n","satellite":"N","instrument":"VIIRS","version":"2.0NRT","bright_ti4":319.9,"frp":2.64,"daynight":"N"},"geometry":{"type":"Point","coordinates":[-117.02016,42.65609]}},{"type":"Feature","properties":{"acq_date":"2026-07-26","acq_time":1000,"confidence":"n","satellite":"N","instrument":"VIIRS","version":"2.0NRT","bright_ti4":308.7,"frp":1.33,"daynight":"N"},"geometry":{"type":"Point","coordinates":[-117.04446,42.6567]}},{"type":"Feature","properties":{"acq_date":"2026-07-26","acq_time":1000,"confidence":"n","satellite":"N","instrument":"VIIRS","version":"2.0NRT","bright_ti4":315.4,"frp":1.54,"daynight":"N"},"geometry":{"type":"Point","coordinates":[-117.02481,42.65687]}},{"type":"Feature","properties":{"acq_date":"2026-07-26","acq_time":1000,"confidence":"n","satellite":"N","instrument":"VIIRS","version":"2.0NRT","bright_ti4":323.29,"frp":1.33,"daynight":"N"},"geometry":{"type":"Point","coordinates":[-117.0491,42.65747]}},{"type":"Feature","properties":{"acq_date":"2026-07-26","acq_time":1000,"confidence":"n","satellite":"N","instrument":"VIIRS","version":"2.0NRT","bright_ti4":302.33,"frp":0.95,"daynight":"N"},"geometry":{"type":"Point","coordinates":[-116.97061,42.65817]}},{"type":"Feature","properties":{"acq_date":"2026-07-26","acq_time":1000,"confidence":"n","satellite":"N","instrument":"VIIRS","version":"2.0NRT","bright_ti4":313.37,"frp":1.71,"daynight":"N"},"geometry":{"type":"Point","coordinates":[-117.05376,42.65824]}},{"type":"Feature","properties":{"acq_date":"2026-07-26","acq_time":1000,"confidence":"n","satellite":"N","instrument":"VIIRS","version":"2.0NRT","bright_ti4":339.69,"frp":3.39,"daynight":"N"},"geometry":{"type":"Point","coordinates":[-116.97528,42.65895]}},{"type":"Feature","properties":{"acq_date":"2026-07-26","acq_time":1000,"confidence":"n","satellite":"N","instrument":"VIIRS","version":"2.0NRT","bright_ti4":344.31,"frp":4.66,"daynight":"N"},"geometry":{"type":"Point","coordinates":[-117.01916,42.65937]}},{"type":"Feature","properties":{"acq_date":"2026-07-26","acq_time":1000,"confidence":"n","satellite":"N","instrument":"VIIRS","version":"2.0NRT","bright_ti4":325.43,"frp":3.39,"daynight":"N"},"geometry":{"type":"Point","coordinates":[-116.97994,42.65973]}},{"type":"Feature","properties":{"acq_date":"2026-07-26","acq_time":1000,"confidence":"n","satellite":"N","instrument":"VIIRS","version":"2.0NRT","bright_ti4":313.63,"frp":1.41,"daynight":"N"},"geometry":{"type":"Point","coordinates":[-117.02383,42.66015]}},{"type":"Feature","properties":{"acq_date":"2026-07-26","acq_time":1000,"confidence":"n","satellite":"N","instrument":"VIIRS","version":"2.0NRT","bright_ti4":307.48,"frp":0.95,"daynight":"N"},"geometry":{"type":"Point","coordinates":[-116.96498,42.66068]}},{"type":"Feature","properties":{"acq_date":"2026-07-26","acq_time":1000,"confidence":"n","satellite":"N","instrument":"VIIRS","version":"2.0NRT","bright_ti4":307.28,"frp":1.33,"daynight":"N"},"geometry":{"type":"Point","coordinates":[-117.04813,42.66075]}},{"type":"Feature","properties":{"acq_date":"2026-07-26","acq_time":1000,"confidence":"n","satellite":"N","instrument":"VIIRS","version":"2.0NRT","bright_ti4":311.8,"frp":1.41,"daynight":"N"},"geometry":{"type":"Point","coordinates":[-117.02847,42.66092]}},{"type":"Feature","properties":{"acq_date":"2026-07-26","acq_time":1000,"confidence":"n","satellite":"N","instrument":"VIIRS","version":"2.0NRT","bright_ti4":301.05,"frp":0.95,"daynight":"N"},"geometry":{"type":"Point","coordinates":[-116.96965,42.66146]}},{"type":"Feature","properties":{"acq_date":"2026-07-26","acq_time":1000,"confidence":"n","satellite":"N","instrument":"VIIRS","version":"2.0NRT","bright_ti4":308.48,"frp":1.71,"daynight":"N"},"geometry":{"type":"Point","coordinates":[-117.05278,42.66152]}},{"type":"Feature","properties":{"acq_date":"2026-07-26","acq_time":1000,"confidence":"n","satellite":"N","instrument":"VIIRS","version":"2.0NRT","bright_ti4":310.01,"frp":1.88,"daynight":"N"},"geometry":{"type":"Point","coordinates":[-117.03315,42.6617]}},{"type":"Feature","properties":{"acq_date":"2026-07-26","acq_time":1000,"confidence":"n","satellite":"N","instrument":"VIIRS","version":"2.0NRT","bright_ti4":320.1,"frp":3.39,"daynight":"N"},"geometry":{"type":"Point","coordinates":[-116.97431,42.66224]}},{"type":"Feature","properties":{"acq_date":"2026-07-26","acq_time":1000,"confidence":"n","satellite":"N","instrument":"VIIRS","version":"2.0NRT","bright_ti4":343.85,"frp":3.39,"daynight":"N"},"geometry":{"type":"Point","coordinates":[-116.97896,42.66301]}},{"type":"Feature","properties":{"acq_date":"2026-07-26","acq_time":1000,"confidence":"n","satellite":"N","instrument":"VIIRS","version":"2.0NRT","bright_ti4":306.63,"frp":1.41,"daynight":"N"},"geometry":{"type":"Point","coordinates":[-117.02282,42.66343]}},{"type":"Feature","properties":{"acq_date":"2026-07-26","acq_time":1000,"confidence":"n","satellite":"N","instrument":"VIIRS","version":"2.0NRT","bright_ti4":305.37,"frp":5.08,"daynight":"N"},"geometry":{"type":"Point","coordinates":[-117.00317,42.6636]}},{"type":"Feature","properties":{"acq_date":"2026-07-26","acq_time":1000,"confidence":"n","satellite":"N","instrument":"VIIRS","version":"2.0NRT","bright_ti4":310.17,"frp":0.99,"daynight":"N"},"geometry":{"type":"Point","coordinates":[-116.964,42.66396]}},{"type":"Feature","properties":{"acq_date":"2026-07-26","acq_time":1000,"confidence":"n","satellite":"N","instrument":"VIIRS","version":"2.0NRT","bright_ti4":305.83,"frp":1.41,"daynight":"N"},"geometry":{"type":"Point","coordinates":[-117.02749,42.6642]}},{"type":"Feature","properties":{"acq_date":"2026-07-26","acq_time":1000,"confidence":"n","satellite":"N","instrument":"VIIRS","version":"2.0NRT","bright_ti4":311.42,"frp":0.99,"daynight":"N"},"geometry":{"type":"Point","coordinates":[-116.96866,42.66473]}},{"type":"Feature","properties":{"acq_date":"2026-07-26","acq_time":1000,"confidence":"n","satellite":"N","instrument":"VIIRS","version":"2.0NRT","bright_ti4":319.96,"frp":1.88,"daynight":"N"},"geometry":{"type":"Point","coordinates":[-117.03215,42.66498]}},{"type":"Feature","properties":{"acq_date":"2026-07-26","acq_time":1000,"confidence":"n","satellite":"N","instrument":"VIIRS","version":"2.0NRT","bright_ti4":318.8,"frp":2.65,"daynight":"N"},"geometry":{"type":"Point","coordinates":[-116.9733,42.66551]}},{"type":"Feature","properties":{"acq_date":"2026-07-26","acq_time":1000,"confidence":"n","satellite":"N","instrument":"VIIRS","version":"2.0NRT","bright_ti4":317.42,"frp":1.88,"daynight":"N"},"geometry":{"type":"Point","coordinates":[-117.0368,42.66575]}},{"type":"Feature","properties":{"acq_date":"2026-07-26","acq_time":1000,"confidence":"n","satellite":"N","instrument":"VIIRS","version":"2.0NRT","bright_ti4":298,"frp":1.79,"daynight":"N"},"geometry":{"type":"Point","coordinates":[-116.99754,42.6661]}},{"type":"Feature","properties":{"acq_date":"2026-07-26","acq_time":1000,"confidence":"n","satellite":"N","instrument":"VIIRS","version":"2.0NRT","bright_ti4":331.46,"frp":2.65,"daynight":"N"},"geometry":{"type":"Point","coordinates":[-116.97796,42.66629]}},{"type":"Feature","properties":{"acq_date":"2026-07-26","acq_time":1000,"confidence":"n","satellite":"N","instrument":"VIIRS","version":"2.0NRT","bright_ti4":333.72,"frp":5.08,"daynight":"N"},"geometry":{"type":"Point","coordinates":[-117.00218,42.66688]}},{"type":"Feature","properties":{"acq_date":"2026-07-26","acq_time":1000,"confidence":"n","satellite":"N","instrument":"VIIRS","version":"2.0NRT","bright_ti4":339.62,"frp":9.13,"daynight":"N"},"geometry":{"type":"Point","coordinates":[-116.98259,42.66706]}},{"type":"Feature","properties":{"acq_date":"2026-07-26","acq_time":1000,"confidence":"n","satellite":"N","instrument":"VIIRS","version":"2.0NRT","bright_ti4":303.72,"frp":0.99,"daynight":"N"},"geometry":{"type":"Point","coordinates":[-116.96301,42.66724]}},{"type":"Feature","properties":{"acq_date":"2026-07-26","acq_time":1000,"confidence":"n","satellite":"N","instrument":"VIIRS","version":"2.0NRT","bright_ti4":324.04,"frp":2.66,"daynight":"N"},"geometry":{"type":"Point","coordinates":[-117.0265,42.66748]}},{"type":"Feature","properties":{"acq_date":"2026-07-26","acq_time":1000,"confidence":"n","satellite":"N","instrument":"VIIRS","version":"2.0NRT","bright_ti4":300.51,"frp":0.99,"daynight":"N"},"geometry":{"type":"Point","coordinates":[-116.96766,42.66802]}},{"type":"Feature","properties":{"acq_date":"2026-07-26","acq_time":1000,"confidence":"n","satellite":"N","instrument":"VIIRS","version":"2.0NRT","bright_ti4":311.81,"frp":1.61,"daynight":"N"},"geometry":{"type":"Point","coordinates":[-117.03115,42.66825]}},{"type":"Feature","properties":{"acq_date":"2026-07-26","acq_time":1000,"confidence":"n","satellite":"N","instrument":"VIIRS","version":"2.0NRT","bright_ti4":310.94,"frp":1.93,"daynight":"N"},"geometry":{"type":"Point","coordinates":[-116.99187,42.66861]}},{"type":"Feature","properties":{"acq_date":"2026-07-26","acq_time":1000,"confidence":"n","satellite":"N","instrument":"VIIRS","version":"2.0NRT","bright_ti4":300.63,"frp":1.93,"daynight":"N"},"geometry":{"type":"Point","coordinates":[-116.99652,42.66938]}},{"type":"Feature","properties":{"acq_date":"2026-07-26","acq_time":1000,"confidence":"n","satellite":"N","instrument":"VIIRS","version":"2.0NRT","bright_ti4":322.68,"frp":2.65,"daynight":"N"},"geometry":{"type":"Point","coordinates":[-116.97695,42.66956]}},{"type":"Feature","properties":{"acq_date":"2026-07-26","acq_time":1000,"confidence":"n","satellite":"N","instrument":"VIIRS","version":"2.0NRT","bright_ti4":304.46,"frp":2.21,"daynight":"N"},"geometry":{"type":"Point","coordinates":[-117.04048,42.6698]}},{"type":"Feature","properties":{"acq_date":"2026-07-26","acq_time":1000,"confidence":"n","satellite":"N","instrument":"VIIRS","version":"2.0NRT","bright_ti4":317.7,"frp":1.11,"daynight":"N"},"geometry":{"type":"Point","coordinates":[-117.00118,42.67015]}},{"type":"Feature","properties":{"acq_date":"2026-07-26","acq_time":1000,"confidence":"n","satellite":"N","instrument":"VIIRS","version":"2.0NRT","bright_ti4":343.96,"frp":9.13,"daynight":"N"},"geometry":{"type":"Point","coordinates":[-116.98159,42.67034]}},{"type":"Feature","properties":{"acq_date":"2026-07-26","acq_time":1000,"confidence":"n","satellite":"N","instrument":"VIIRS","version":"2.0NRT","bright_ti4":321.72,"frp":1.45,"daynight":"N"},"geometry":{"type":"Point","coordinates":[-116.96204,42.67052]}},{"type":"Feature","properties":{"acq_date":"2026-07-26","acq_time":1000,"confidence":"n","satellite":"N","instrument":"VIIRS","version":"2.0NRT","bright_ti4":299.96,"frp":1.11,"daynight":"N"},"geometry":{"type":"Point","coordinates":[-117.00585,42.67093]}},{"type":"Feature","properties":{"acq_date":"2026-07-26","acq_time":1000,"confidence":"n","satellite":"N","instrument":"VIIRS","version":"2.0NRT","bright_ti4":347.03,"frp":9.13,"daynight":"N"},"geometry":{"type":"Point","coordinates":[-116.98622,42.67111]}},{"type":"Feature","properties":{"acq_date":"2026-07-26","acq_time":1000,"confidence":"n","satellite":"N","instrument":"VIIRS","version":"2.0NRT","bright_ti4":303.79,"frp":1.61,"daynight":"N"},"geometry":{"type":"Point","coordinates":[-117.03015,42.67153]}},{"type":"Feature","properties":{"acq_date":"2026-07-26","acq_time":1000,"confidence":"n","satellite":"N","instrument":"VIIRS","version":"2.0NRT","bright_ti4":343.73,"frp":1.93,"daynight":"N"},"geometry":{"type":"Point","coordinates":[-116.99088,42.67189]}},{"type":"Feature","properties":{"acq_date":"2026-07-26","acq_time":1000,"confidence":"n","satellite":"N","instrument":"VIIRS","version":"2.0NRT","bright_ti4":304.49,"frp":1.64,"daynight":"N"},"geometry":{"type":"Point","coordinates":[-116.97132,42.67207]}},{"type":"Feature","properties":{"acq_date":"2026-07-26","acq_time":1000,"confidence":"n","satellite":"N","instrument":"VIIRS","version":"2.0NRT","bright_ti4":299.95,"frp":1.93,"daynight":"N"},"geometry":{"type":"Point","coordinates":[-116.99554,42.67266]}},{"type":"Feature","properties":{"acq_date":"2026-07-26","acq_time":1000,"confidence":"n","satellite":"N","instrument":"VIIRS","version":"2.0NRT","bright_ti4":303.16,"frp":1.64,"daynight":"N"},"geometry":{"type":"Point","coordinates":[-116.97597,42.67285]}},{"type":"Feature","properties":{"acq_date":"2026-07-26","acq_time":1000,"confidence":"n","satellite":"N","instrument":"VIIRS","version":"2.0NRT","bright_ti4":312.52,"frp":1.11,"daynight":"N"},"geometry":{"type":"Point","coordinates":[-117.00018,42.67344]}},{"type":"Feature","properties":{"acq_date":"2026-07-26","acq_time":1000,"confidence":"n","satellite":"N","instrument":"VIIRS","version":"2.0NRT","bright_ti4":324.93,"frp":4.66,"daynight":"N"},"geometry":{"type":"Point","coordinates":[-116.98061,42.67362]}},{"type":"Feature","properties":{"acq_date":"2026-07-26","acq_time":1000,"confidence":"n","satellite":"N","instrument":"VIIRS","version":"2.0NRT","bright_ti4":308.71,"frp":1.45,"daynight":"N"},"geometry":{"type":"Point","coordinates":[-116.96104,42.67381]}},{"type":"Feature","properties":{"acq_date":"2026-07-26","acq_time":1000,"confidence":"n","satellite":"N","instrument":"VIIRS","version":"2.0NRT","bright_ti4":307.8,"frp":1.11,"daynight":"N"},"geometry":{"type":"Point","coordinates":[-117.00484,42.67421]}},{"type":"Feature","properties":{"acq_date":"2026-07-26","acq_time":1000,"confidence":"n","satellite":"N","instrument":"VIIRS","version":"2.0NRT","bright_ti4":355.14,"frp":4.66,"daynight":"N"},"geometry":{"type":"Point","coordinates":[-116.98524,42.67439]}},{"type":"Feature","properties":{"acq_date":"2026-07-26","acq_time":1000,"confidence":"n","satellite":"N","instrument":"VIIRS","version":"2.0NRT","bright_ti4":304.14,"frp":1.45,"daynight":"N"},"geometry":{"type":"Point","coordinates":[-116.96569,42.67458]}},{"type":"Feature","properties":{"acq_date":"2026-07-26","acq_time":1000,"confidence":"n","satellite":"N","instrument":"VIIRS","version":"2.0NRT","bright_ti4":312.05,"frp":2.02,"daynight":"N"},"geometry":{"type":"Point","coordinates":[-116.98988,42.67517]}},{"type":"Feature","properties":{"acq_date":"2026-07-26","acq_time":1000,"confidence":"n","satellite":"N","instrument":"VIIRS","version":"2.0NRT","bright_ti4":319.78,"frp":1.64,"daynight":"N"},"geometry":{"type":"Point","coordinates":[-116.97034,42.67535]}},{"type":"Feature","properties":{"acq_date":"2026-07-26","acq_time":1000,"confidence":"n","satellite":"N","instrument":"VIIRS","version":"2.0NRT","bright_ti4":324.31,"frp":1.64,"daynight":"N"},"geometry":{"type":"Point","coordinates":[-116.97498,42.67613]}},{"type":"Feature","properties":{"acq_date":"2026-07-26","acq_time":1000,"confidence":"n","satellite":"N","instrument":"VIIRS","version":"2.0NRT","bright_ti4":309.88,"frp":4.66,"daynight":"N"},"geometry":{"type":"Point","coordinates":[-116.97962,42.6769]}},{"type":"Feature","properties":{"acq_date":"2026-07-26","acq_time":1000,"confidence":"n","satellite":"N","instrument":"VIIRS","version":"2.0NRT","bright_ti4":323.89,"frp":4.66,"daynight":"N"},"geometry":{"type":"Point","coordinates":[-116.98425,42.67767]}},{"type":"Feature","properties":{"acq_date":"2026-07-26","acq_time":1000,"confidence":"n","satellite":"N","instrument":"VIIRS","version":"2.0NRT","bright_ti4":313.91,"frp":1.4,"daynight":"N"},"geometry":{"type":"Point","coordinates":[-116.96471,42.67786]}},{"type":"Feature","properties":{"acq_date":"2026-07-26","acq_time":1000,"confidence":"n","satellite":"N","instrument":"VIIRS","version":"2.0NRT","bright_ti4":309.99,"frp":1.17,"daynight":"N"},"geometry":{"type":"Point","coordinates":[-116.96937,42.67864]}},{"type":"Feature","properties":{"acq_date":"2026-07-26","acq_time":1000,"confidence":"n","satellite":"N","instrument":"VIIRS","version":"2.0NRT","bright_ti4":306.47,"frp":2.02,"daynight":"N"},"geometry":{"type":"Point","coordinates":[-116.99355,42.67922]}},{"type":"Feature","properties":{"acq_date":"2026-07-26","acq_time":1000,"confidence":"n","satellite":"N","instrument":"VIIRS","version":"2.0NRT","bright_ti4":316.02,"frp":1.17,"daynight":"N"},"geometry":{"type":"Point","coordinates":[-116.97401,42.67941]}},{"type":"Feature","properties":{"acq_date":"2026-07-26","acq_time":1000,"confidence":"n","satellite":"N","instrument":"VIIRS","version":"2.0NRT","bright_ti4":300.36,"frp":0.62,"daynight":"N"},"geometry":{"type":"Point","coordinates":[-116.99819,42.67999]}},{"type":"Feature","properties":{"acq_date":"2026-07-26","acq_time":1000,"confidence":"n","satellite":"N","instrument":"VIIRS","version":"2.0NRT","bright_ti4":330.33,"frp":1.69,"daynight":"N"},"geometry":{"type":"Point","coordinates":[-116.97863,42.68018]}},{"type":"Feature","properties":{"acq_date":"2026-07-26","acq_time":1000,"confidence":"n","satellite":"N","instrument":"VIIRS","version":"2.0NRT","bright_ti4":301.9,"frp":1.4,"daynight":"N"},"geometry":{"type":"Point","coordinates":[-116.95907,42.68037]}},{"type":"Feature","properties":{"acq_date":"2026-07-26","acq_time":1000,"confidence":"n","satellite":"N","instrument":"VIIRS","version":"2.0NRT","bright_ti4":320.47,"frp":1.69,"daynight":"N"},"geometry":{"type":"Point","coordinates":[-116.98328,42.68095]}},{"type":"Feature","properties":{"acq_date":"2026-07-26","acq_time":1000,"confidence":"n","satellite":"N","instrument":"VIIRS","version":"2.0NRT","bright_ti4":311.3,"frp":3.46,"daynight":"N"},"geometry":{"type":"Point","coordinates":[-117.06633,42.68098]}},{"type":"Feature","properties":{"acq_date":"2026-07-26","acq_time":1000,"confidence":"n","satellite":"N","instrument":"VIIRS","version":"2.0NRT","bright_ti4":317.22,"frp":1.4,"daynight":"N"},"geometry":{"type":"Point","coordinates":[-116.96374,42.68114]}},{"type":"Feature","properties":{"acq_date":"2026-07-26","acq_time":1000,"confidence":"n","satellite":"N","instrument":"VIIRS","version":"2.0NRT","bright_ti4":332.51,"frp":2.58,"daynight":"N"},"geometry":{"type":"Point","coordinates":[-116.9879,42.68172]}},{"type":"Feature","properties":{"acq_date":"2026-07-26","acq_time":1000,"confidence":"n","satellite":"N","instrument":"VIIRS","version":"2.0NRT","bright_ti4":303.72,"frp":3.46,"daynight":"N"},"geometry":{"type":"Point","coordinates":[-117.07098,42.68175]}},{"type":"Feature","properties":{"acq_date":"2026-07-26","acq_time":1000,"confidence":"n","satellite":"N","instrument":"VIIRS","version":"2.0NRT","bright_ti4":301.29,"frp":1.17,"daynight":"N"},"geometry":{"type":"Point","coordinates":[-116.9684,42.68192]}},{"type":"Feature","properties":{"acq_date":"2026-07-26","acq_time":1000,"confidence":"n","satellite":"N","instrument":"VIIRS","version":"2.0NRT","bright_ti4":309.83,"frp":1.17,"daynight":"N"},"geometry":{"type":"Point","coordinates":[-116.97303,42.68269]}},{"type":"Feature","properties":{"acq_date":"2026-07-26","acq_time":1000,"confidence":"n","satellite":"N","instrument":"VIIRS","version":"2.0NRT","bright_ti4":304.71,"frp":2.23,"daynight":"N"},"geometry":{"type":"Point","coordinates":[-116.95344,42.68287]}},{"type":"Feature","properties":{"acq_date":"2026-07-26","acq_time":1000,"confidence":"n","satellite":"N","instrument":"VIIRS","version":"2.0NRT","bright_ti4":306.88,"frp":1.69,"daynight":"N"},"geometry":{"type":"Point","coordinates":[-116.97766,42.68346]}},{"type":"Feature","properties":{"acq_date":"2026-07-26","acq_time":1000,"confidence":"n","satellite":"N","instrument":"VIIRS","version":"2.0NRT","bright_ti4":320.76,"frp":3.14,"daynight":"N"},"geometry":{"type":"Point","coordinates":[-117.06068,42.68348]}},{"type":"Feature","properties":{"acq_date":"2026-07-26","acq_time":1000,"confidence":"h","satellite":"N","instrument":"VIIRS","version":"2.0NRT","bright_ti4":367,"frp":8.74,"daynight":"N"},"geometry":{"type":"Point","coordinates":[-116.95808,42.68365]}},{"type":"Feature","properties":{"acq_date":"2026-07-26","acq_time":1000,"confidence":"n","satellite":"N","instrument":"VIIRS","version":"2.0NRT","bright_ti4":313.77,"frp":1.69,"daynight":"N"},"geometry":{"type":"Point","coordinates":[-116.98229,42.68423]}},{"type":"Feature","properties":{"acq_date":"2026-07-26","acq_time":1000,"confidence":"n","satellite":"N","instrument":"VIIRS","version":"2.0NRT","bright_ti4":352.56,"frp":3.46,"daynight":"N"},"geometry":{"type":"Point","coordinates":[-117.06533,42.68426]}},{"type":"Feature","properties":{"acq_date":"2026-07-26","acq_time":1000,"confidence":"n","satellite":"N","instrument":"VIIRS","version":"2.0NRT","bright_ti4":319.25,"frp":8.74,"daynight":"N"},"geometry":{"type":"Point","coordinates":[-116.96275,42.68443]}},{"type":"Feature","properties":{"acq_date":"2026-07-26","acq_time":1000,"confidence":"n","satellite":"N","instrument":"VIIRS","version":"2.0NRT","bright_ti4":307.89,"frp":2.58,"daynight":"N"},"geometry":{"type":"Point","coordinates":[-116.98693,42.68501]}},{"type":"Feature","properties":{"acq_date":"2026-07-26","acq_time":1000,"confidence":"n","satellite":"N","instrument":"VIIRS","version":"2.0NRT","bright_ti4":307.31,"frp":1.08,"daynight":"N"},"geometry":{"type":"Point","coordinates":[-116.9674,42.6852]}},{"type":"Feature","properties":{"acq_date":"2026-07-26","acq_time":1000,"confidence":"n","satellite":"N","instrument":"VIIRS","version":"2.0NRT","bright_ti4":306.13,"frp":1.08,"daynight":"N"},"geometry":{"type":"Point","coordinates":[-116.97205,42.68597]}},{"type":"Feature","properties":{"acq_date":"2026-07-26","acq_time":1000,"confidence":"n","satellite":"N","instrument":"VIIRS","version":"2.0NRT","bright_ti4":301.75,"frp":2.23,"daynight":"N"},"geometry":{"type":"Point","coordinates":[-116.95245,42.68615]}},{"type":"Feature","properties":{"acq_date":"2026-07-26","acq_time":1000,"confidence":"n","satellite":"N","instrument":"VIIRS","version":"2.0NRT","bright_ti4":322.09,"frp":3.29,"daynight":"N"},"geometry":{"type":"Point","coordinates":[-117.05968,42.68676]}},{"type":"Feature","properties":{"acq_date":"2026-07-26","acq_time":1000,"confidence":"n","satellite":"N","instrument":"VIIRS","version":"2.0NRT","bright_ti4":353.08,"frp":8.74,"daynight":"N"},"geometry":{"type":"Point","coordinates":[-116.95712,42.68693]}},{"type":"Feature","properties":{"acq_date":"2026-07-26","acq_time":1000,"confidence":"n","satellite":"N","instrument":"VIIRS","version":"2.0NRT","bright_ti4":317.33,"frp":1.39,"daynight":"N"},"geometry":{"type":"Point","coordinates":[-116.98131,42.68752]}},{"type":"Feature","properties":{"acq_date":"2026-07-26","acq_time":1000,"confidence":"n","satellite":"N","instrument":"VIIRS","version":"2.0NRT","bright_ti4":327.73,"frp":3.01,"daynight":"N"},"geometry":{"type":"Point","coordinates":[-117.06433,42.68753]}},{"type":"Feature","properties":{"acq_date":"2026-07-26","acq_time":1000,"confidence":"n","satellite":"N","instrument":"VIIRS","version":"2.0NRT","bright_ti4":329.06,"frp":8.74,"daynight":"N"},"geometry":{"type":"Point","coordinates":[-116.96175,42.68771]}},{"type":"Feature","properties":{"acq_date":"2026-07-26","acq_time":1000,"confidence":"n","satellite":"N","instrument":"VIIRS","version":"2.0NRT","bright_ti4":309.89,"frp":1.08,"daynight":"N"},"geometry":{"type":"Point","coordinates":[-116.96643,42.68848]}},{"type":"Feature","properties":{"acq_date":"2026-07-26","acq_time":1000,"confidence":"n","satellite":"N","instrument":"VIIRS","version":"2.0NRT","bright_ti4":310.56,"frp":1.08,"daynight":"N"},"geometry":{"type":"Point","coordinates":[-116.97106,42.68925]}},{"type":"Feature","properties":{"acq_date":"2026-07-26","acq_time":1000,"confidence":"n","satellite":"N","instrument":"VIIRS","version":"2.0NRT","bright_ti4":310.25,"frp":1.39,"daynight":"N"},"geometry":{"type":"Point","coordinates":[-116.97571,42.69003]}},{"type":"Feature","properties":{"acq_date":"2026-07-26","acq_time":1000,"confidence":"n","satellite":"N","instrument":"VIIRS","version":"2.0NRT","bright_ti4":327.63,"frp":3.86,"daynight":"N"},"geometry":{"type":"Point","coordinates":[-116.95613,42.69021]}},{"type":"Feature","properties":{"acq_date":"2026-07-26","acq_time":1000,"confidence":"n","satellite":"N","instrument":"VIIRS","version":"2.0NRT","bright_ti4":310.43,"frp":1.39,"daynight":"N"},"geometry":{"type":"Point","coordinates":[-116.98035,42.6908]}},{"type":"Feature","properties":{"acq_date":"2026-07-26","acq_time":1000,"confidence":"n","satellite":"N","instrument":"VIIRS","version":"2.0NRT","bright_ti4":340.86,"frp":3.86,"daynight":"N"},"geometry":{"type":"Point","coordinates":[-116.96078,42.69098]}},{"type":"Feature","properties":{"acq_date":"2026-07-26","acq_time":1000,"confidence":"n","satellite":"N","instrument":"VIIRS","version":"2.0NRT","bright_ti4":321.17,"frp":4,"daynight":"N"},"geometry":{"type":"Point","coordinates":[-116.96542,42.69176]}},{"type":"Feature","properties":{"acq_date":"2026-07-26","acq_time":1000,"confidence":"n","satellite":"N","instrument":"VIIRS","version":"2.0NRT","bright_ti4":307.4,"frp":2.49,"daynight":"N"},"geometry":{"type":"Point","coordinates":[-116.98962,42.69234]}},{"type":"Feature","properties":{"acq_date":"2026-07-26","acq_time":1000,"confidence":"n","satellite":"N","instrument":"VIIRS","version":"2.0NRT","bright_ti4":306.47,"frp":4,"daynight":"N"},"geometry":{"type":"Point","coordinates":[-116.97006,42.69253]}},{"type":"Feature","properties":{"acq_date":"2026-07-26","acq_time":1000,"confidence":"n","satellite":"N","instrument":"VIIRS","version":"2.0NRT","bright_ti4":307.94,"frp":1.86,"daynight":"N"},"geometry":{"type":"Point","coordinates":[-116.97471,42.6933]}},{"type":"Feature","properties":{"acq_date":"2026-07-26","acq_time":1000,"confidence":"n","satellite":"N","instrument":"VIIRS","version":"2.0NRT","bright_ti4":307.8,"frp":3.86,"daynight":"N"},"geometry":{"type":"Point","coordinates":[-116.95515,42.69349]}},{"type":"Feature","properties":{"acq_date":"2026-07-26","acq_time":1000,"confidence":"n","satellite":"N","instrument":"VIIRS","version":"2.0NRT","bright_ti4":351.9,"frp":3.86,"daynight":"N"},"geometry":{"type":"Point","coordinates":[-116.95978,42.69426]}},{"type":"Feature","properties":{"acq_date":"2026-07-26","acq_time":1000,"confidence":"n","satellite":"N","instrument":"VIIRS","version":"2.0NRT","bright_ti4":346.62,"frp":4,"daynight":"N"},"geometry":{"type":"Point","coordinates":[-116.96442,42.69504]}},{"type":"Feature","properties":{"acq_date":"2026-07-26","acq_time":1000,"confidence":"n","satellite":"N","instrument":"VIIRS","version":"2.0NRT","bright_ti4":311.69,"frp":4,"daynight":"N"},"geometry":{"type":"Point","coordinates":[-116.96906,42.6958]}},{"type":"Feature","properties":{"acq_date":"2026-07-26","acq_time":1000,"confidence":"n","satellite":"N","instrument":"VIIRS","version":"2.0NRT","bright_ti4":297.52,"frp":3.08,"daynight":"N"},"geometry":{"type":"Point","coordinates":[-116.94953,42.696]}},{"type":"Feature","properties":{"acq_date":"2026-07-26","acq_time":1000,"confidence":"n","satellite":"N","instrument":"VIIRS","version":"2.0NRT","bright_ti4":310.64,"frp":1.86,"daynight":"N"},"geometry":{"type":"Point","coordinates":[-116.97374,42.69659]}},{"type":"Feature","properties":{"acq_date":"2026-07-26","acq_time":1000,"confidence":"n","satellite":"N","instrument":"VIIRS","version":"2.0NRT","bright_ti4":314.63,"frp":1.28,"daynight":"N"},"geometry":{"type":"Point","coordinates":[-116.95879,42.69754]}},{"type":"Feature","properties":{"acq_date":"2026-07-26","acq_time":1000,"confidence":"n","satellite":"N","instrument":"VIIRS","version":"2.0NRT","bright_ti4":299.73,"frp":0.88,"daynight":"N"},"geometry":{"type":"Point","coordinates":[-116.96344,42.69831]}},{"type":"Feature","properties":{"acq_date":"2026-07-26","acq_time":1000,"confidence":"n","satellite":"N","instrument":"VIIRS","version":"2.0NRT","bright_ti4":315.48,"frp":3.08,"daynight":"N"},"geometry":{"type":"Point","coordinates":[-116.9439,42.69851]}},{"type":"Feature","properties":{"acq_date":"2026-07-26","acq_time":1000,"confidence":"n","satellite":"N","instrument":"VIIRS","version":"2.0NRT","bright_ti4":346.57,"frp":3.08,"daynight":"N"},"geometry":{"type":"Point","coordinates":[-116.94856,42.69928]}},{"type":"Feature","properties":{"acq_date":"2026-07-26","acq_time":1000,"confidence":"n","satellite":"N","instrument":"VIIRS","version":"2.0NRT","bright_ti4":315.85,"frp":1.7,"daynight":"N"},"geometry":{"type":"Point","coordinates":[-116.97278,42.69987]}},{"type":"Feature","properties":{"acq_date":"2026-07-26","acq_time":1000,"confidence":"n","satellite":"N","instrument":"VIIRS","version":"2.0NRT","bright_ti4":314.48,"frp":1.7,"daynight":"N"},"geometry":{"type":"Point","coordinates":[-116.97744,42.70064]}},{"type":"Feature","properties":{"acq_date":"2026-07-26","acq_time":1000,"confidence":"n","satellite":"N","instrument":"VIIRS","version":"2.0NRT","bright_ti4":306.87,"frp":0.92,"daynight":"N"},"geometry":{"type":"Point","coordinates":[-117.00155,42.70121]}},{"type":"Feature","properties":{"acq_date":"2026-07-26","acq_time":1000,"confidence":"n","satellite":"N","instrument":"VIIRS","version":"2.0NRT","bright_ti4":301.19,"frp":2.51,"daynight":"N"},"geometry":{"type":"Point","coordinates":[-116.94291,42.70178]}},{"type":"Feature","properties":{"acq_date":"2026-07-26","acq_time":1000,"confidence":"n","satellite":"N","instrument":"VIIRS","version":"2.0NRT","bright_ti4":305.76,"frp":0.92,"daynight":"N"},"geometry":{"type":"Point","coordinates":[-117.0062,42.70199]}},{"type":"Feature","properties":{"acq_date":"2026-07-26","acq_time":1000,"confidence":"n","satellite":"N","instrument":"VIIRS","version":"2.0NRT","bright_ti4":302.03,"frp":0.88,"daynight":"N"},"geometry":{"type":"Point","coordinates":[-116.96716,42.70237]}},{"type":"Feature","properties":{"acq_date":"2026-07-26","acq_time":1000,"confidence":"n","satellite":"N","instrument":"VIIRS","version":"2.0NRT","bright_ti4":339.96,"frp":2.51,"daynight":"N"},"geometry":{"type":"Point","coordinates":[-116.94758,42.70256]}},{"type":"Feature","properties":{"acq_date":"2026-07-26","acq_time":1000,"confidence":"n","satellite":"N","instrument":"VIIRS","version":"2.0NRT","bright_ti4":309.19,"frp":1.7,"daynight":"N"},"geometry":{"type":"Point","coordinates":[-116.97184,42.70316]}},{"type":"Feature","properties":{"acq_date":"2026-07-26","acq_time":1000,"confidence":"n","satellite":"N","instrument":"VIIRS","version":"2.0NRT","bright_ti4":317.86,"frp":2.24,"daynight":"N"},"geometry":{"type":"Point","coordinates":[-116.95219,42.70333]}},{"type":"Feature","properties":{"acq_date":"2026-07-26","acq_time":1000,"confidence":"n","satellite":"N","instrument":"VIIRS","version":"2.0NRT","bright_ti4":313.23,"frp":2.24,"daynight":"N"},"geometry":{"type":"Point","coordinates":[-116.95683,42.70411]}},{"type":"Feature","properties":{"acq_date":"2026-07-26","acq_time":1000,"confidence":"n","satellite":"N","instrument":"VIIRS","version":"2.0NRT","bright_ti4":304.88,"frp":1.42,"daynight":"N"},"geometry":{"type":"Point","coordinates":[-117.00056,42.70449]}},{"type":"Feature","properties":{"acq_date":"2026-07-26","acq_time":1000,"confidence":"n","satellite":"N","instrument":"VIIRS","version":"2.0NRT","bright_ti4":332.94,"frp":3.11,"daynight":"N"},"geometry":{"type":"Point","coordinates":[-117.14705,42.70465]}},{"type":"Feature","properties":{"acq_date":"2026-07-26","acq_time":1000,"confidence":"n","satellite":"N","instrument":"VIIRS","version":"2.0NRT","bright_ti4":322.86,"frp":2.51,"daynight":"N"},"geometry":{"type":"Point","coordinates":[-116.94193,42.70506]}},{"type":"Feature","properties":{"acq_date":"2026-07-26","acq_time":1000,"confidence":"n","satellite":"N","instrument":"VIIRS","version":"2.0NRT","bright_ti4":324.24,"frp":1.42,"daynight":"N"},"geometry":{"type":"Point","coordinates":[-117.00521,42.70526]}},{"type":"Feature","properties":{"acq_date":"2026-07-26","acq_time":1000,"confidence":"n","satellite":"N","instrument":"VIIRS","version":"2.0NRT","bright_ti4":324.48,"frp":2.51,"daynight":"N"},"geometry":{"type":"Point","coordinates":[-116.94661,42.70584]}},{"type":"Feature","properties":{"acq_date":"2026-07-26","acq_time":1000,"confidence":"n","satellite":"N","instrument":"VIIRS","version":"2.0NRT","bright_ti4":303.39,"frp":0.86,"daynight":"N"},"geometry":{"type":"Point","coordinates":[-117.00986,42.70604]}},{"type":"Feature","properties":{"acq_date":"2026-07-26","acq_time":1000,"confidence":"n","satellite":"N","instrument":"VIIRS","version":"2.0NRT","bright_ti4":326.07,"frp":2.38,"daynight":"N"},"geometry":{"type":"Point","coordinates":[-116.97083,42.70643]}},{"type":"Feature","properties":{"acq_date":"2026-07-26","acq_time":1000,"confidence":"n","satellite":"N","instrument":"VIIRS","version":"2.0NRT","bright_ti4":324.37,"frp":2.24,"daynight":"N"},"geometry":{"type":"Point","coordinates":[-116.95123,42.70661]}},{"type":"Feature","properties":{"acq_date":"2026-07-26","acq_time":1000,"confidence":"n","satellite":"N","instrument":"VIIRS","version":"2.0NRT","bright_ti4":305.89,"frp":2.38,"daynight":"N"},"geometry":{"type":"Point","coordinates":[-116.97545,42.7072]}},{"type":"Feature","properties":{"acq_date":"2026-07-26","acq_time":1000,"confidence":"n","satellite":"N","instrument":"VIIRS","version":"2.0NRT","bright_ti4":326.28,"frp":2.24,"daynight":"N"},"geometry":{"type":"Point","coordinates":[-116.95584,42.70738]}},{"type":"Feature","properties":{"acq_date":"2026-07-26","acq_time":1000,"confidence":"n","satellite":"N","instrument":"VIIRS","version":"2.0NRT","bright_ti4":317.07,"frp":1.42,"daynight":"N"},"geometry":{"type":"Point","coordinates":[-116.99957,42.70777]}},{"type":"Feature","properties":{"acq_date":"2026-07-26","acq_time":1000,"confidence":"n","satellite":"N","instrument":"VIIRS","version":"2.0NRT","bright_ti4":323.06,"frp":2.12,"daynight":"N"},"geometry":{"type":"Point","coordinates":[-117.14605,42.70793]}},{"type":"Feature","properties":{"acq_date":"2026-07-26","acq_time":1000,"confidence":"n","satellite":"N","instrument":"VIIRS","version":"2.0NRT","bright_ti4":311.75,"frp":1.42,"daynight":"N"},"geometry":{"type":"Point","coordinates":[-117.00421,42.70855]}},{"type":"Feature","properties":{"acq_date":"2026-07-26","acq_time":1000,"confidence":"n","satellite":"N","instrument":"VIIRS","version":"2.0NRT","bright_ti4":328.55,"frp":2.98,"daynight":"N"},"geometry":{"type":"Point","coordinates":[-116.94563,42.70912]}},{"type":"Feature","properties":{"acq_date":"2026-07-26","acq_time":1000,"confidence":"n","satellite":"N","instrument":"VIIRS","version":"2.0NRT","bright_ti4":309.32,"frp":0.86,"daynight":"N"},"geometry":{"type":"Point","coordinates":[-117.00887,42.70932]}},{"type":"Feature","properties":{"acq_date":"2026-07-26","acq_time":1000,"confidence":"n","satellite":"N","instrument":"VIIRS","version":"2.0NRT","bright_ti4":306.68,"frp":2.98,"daynight":"N"},"geometry":{"type":"Point","coordinates":[-116.98931,42.70951]}},{"type":"Feature","properties":{"acq_date":"2026-07-26","acq_time":1000,"confidence":"n","satellite":"N","instrument":"VIIRS","version":"2.0NRT","bright_ti4":334.13,"frp":2.38,"daynight":"N"},"geometry":{"type":"Point","coordinates":[-116.96983,42.70971]}},{"type":"Feature","properties":{"acq_date":"2026-07-26","acq_time":1000,"confidence":"n","satellite":"N","instrument":"VIIRS","version":"2.0NRT","bright_ti4":326.3,"frp":1.58,"daynight":"N"},"geometry":{"type":"Point","coordinates":[-116.95026,42.70989]}},{"type":"Feature","properties":{"acq_date":"2026-07-26","acq_time":1000,"confidence":"n","satellite":"N","instrument":"VIIRS","version":"2.0NRT","bright_ti4":303.5,"frp":0.86,"daynight":"N"},"geometry":{"type":"Point","coordinates":[-117.01352,42.71009]}},{"type":"Feature","properties":{"acq_date":"2026-07-26","acq_time":1000,"confidence":"n","satellite":"N","instrument":"VIIRS","version":"2.0NRT","bright_ti4":309.37,"frp":1.58,"daynight":"N"},"geometry":{"type":"Point","coordinates":[-116.95487,42.71066]}},{"type":"Feature","properties":{"acq_date":"2026-07-26","acq_time":1000,"confidence":"n","satellite":"N","instrument":"VIIRS","version":"2.0NRT","bright_ti4":301.06,"frp":0.82,"daynight":"N"},"geometry":{"type":"Point","coordinates":[-117.01816,42.71086]}},{"type":"Feature","properties":{"acq_date":"2026-07-26","acq_time":1000,"confidence":"n","satellite":"N","instrument":"VIIRS","version":"2.0NRT","bright_ti4":306.14,"frp":1.25,"daynight":"N"},"geometry":{"type":"Point","coordinates":[-116.99859,42.71105]}},{"type":"Feature","properties":{"acq_date":"2026-07-26","acq_time":1000,"confidence":"n","satellite":"N","instrument":"VIIRS","version":"2.0NRT","bright_ti4":326.78,"frp":2.12,"daynight":"N"},"geometry":{"type":"Point","coordinates":[-117.14505,42.7112]}},{"type":"Feature","properties":{"acq_date":"2026-07-26","acq_time":1000,"confidence":"n","satellite":"N","instrument":"VIIRS","version":"2.0NRT","bright_ti4":306.71,"frp":1.53,"daynight":"N"},"geometry":{"type":"Point","coordinates":[-116.97905,42.71124]}},{"type":"Feature","properties":{"acq_date":"2026-07-26","acq_time":1000,"confidence":"n","satellite":"N","instrument":"VIIRS","version":"2.0NRT","bright_ti4":305.1,"frp":1.53,"daynight":"N"},"geometry":{"type":"Point","coordinates":[-116.9837,42.71201]}},{"type":"Feature","properties":{"acq_date":"2026-07-26","acq_time":1000,"confidence":"n","satellite":"N","instrument":"VIIRS","version":"2.0NRT","bright_ti4":305.88,"frp":0.64,"daynight":"N"},"geometry":{"type":"Point","coordinates":[-117.00789,42.71259]}},{"type":"Feature","properties":{"acq_date":"2026-07-26","acq_time":1000,"confidence":"n","satellite":"N","instrument":"VIIRS","version":"2.0NRT","bright_ti4":303.03,"frp":1.58,"daynight":"N"},"geometry":{"type":"Point","coordinates":[-116.94927,42.71318]}},{"type":"Feature","properties":{"acq_date":"2026-07-26","acq_time":1000,"confidence":"n","satellite":"N","instrument":"VIIRS","version":"2.0NRT","bright_ti4":308.13,"frp":1.58,"daynight":"N"},"geometry":{"type":"Point","coordinates":[-116.95392,42.71394]}},{"type":"Feature","properties":{"acq_date":"2026-07-26","acq_time":1000,"confidence":"n","satellite":"N","instrument":"VIIRS","version":"2.0NRT","bright_ti4":337.29,"frp":3.46,"daynight":"N"},"geometry":{"type":"Point","coordinates":[-117.14406,42.71448]}},{"type":"Feature","properties":{"acq_date":"2026-07-26","acq_time":1000,"confidence":"n","satellite":"N","instrument":"VIIRS","version":"2.0NRT","bright_ti4":304.56,"frp":1.24,"daynight":"N"},"geometry":{"type":"Point","coordinates":[-116.97807,42.71452]}},{"type":"Feature","properties":{"acq_date":"2026-07-26","acq_time":1000,"confidence":"n","satellite":"N","instrument":"VIIRS","version":"2.0NRT","bright_ti4":301.67,"frp":1.38,"daynight":"N"},"geometry":{"type":"Point","coordinates":[-116.95853,42.71471]}},{"type":"Feature","properties":{"acq_date":"2026-07-26","acq_time":1000,"confidence":"n","satellite":"N","instrument":"VIIRS","version":"2.0NRT","bright_ti4":311.44,"frp":1.24,"daynight":"N"},"geometry":{"type":"Point","coordinates":[-116.98273,42.7153]}},{"type":"Feature","properties":{"acq_date":"2026-07-26","acq_time":1000,"confidence":"n","satellite":"N","instrument":"VIIRS","version":"2.0NRT","bright_ti4":302.28,"frp":0.64,"daynight":"N"},"geometry":{"type":"Point","coordinates":[-117.00689,42.71587]}},{"type":"Feature","properties":{"acq_date":"2026-07-26","acq_time":1000,"confidence":"n","satellite":"N","instrument":"VIIRS","version":"2.0NRT","bright_ti4":299.99,"frp":1.32,"daynight":"N"},"geometry":{"type":"Point","coordinates":[-116.9483,42.71645]}},{"type":"Feature","properties":{"acq_date":"2026-07-26","acq_time":1000,"confidence":"n","satellite":"N","instrument":"VIIRS","version":"2.0NRT","bright_ti4":339.03,"frp":5.97,"daynight":"N"},"geometry":{"type":"Point","coordinates":[-117.13843,42.71699]}},{"type":"Feature","properties":{"acq_date":"2026-07-26","acq_time":1000,"confidence":"n","satellite":"N","instrument":"VIIRS","version":"2.0NRT","bright_ti4":317.75,"frp":1.32,"daynight":"N"},"geometry":{"type":"Point","coordinates":[-116.95293,42.71722]}},{"type":"Feature","properties":{"acq_date":"2026-07-26","acq_time":1000,"confidence":"n","satellite":"N","instrument":"VIIRS","version":"2.0NRT","bright_ti4":321.76,"frp":3.46,"daynight":"N"},"geometry":{"type":"Point","coordinates":[-117.14307,42.71775]}},{"type":"Feature","properties":{"acq_date":"2026-07-26","acq_time":1000,"confidence":"n","satellite":"N","instrument":"VIIRS","version":"2.0NRT","bright_ti4":304.53,"frp":2.33,"daynight":"N"},"geometry":{"type":"Point","coordinates":[-116.95753,42.71799]}},{"type":"Feature","properties":{"acq_date":"2026-07-26","acq_time":1000,"confidence":"n","satellite":"N","instrument":"VIIRS","version":"2.0NRT","bright_ti4":349.71,"frp":7,"daynight":"N"},"geometry":{"type":"Point","coordinates":[-117.13743,42.72026]}},{"type":"Feature","properties":{"acq_date":"2026-07-26","acq_time":1000,"confidence":"n","satellite":"N","instrument":"VIIRS","version":"2.0NRT","bright_ti4":314.14,"frp":1.32,"daynight":"N"},"geometry":{"type":"Point","coordinates":[-116.95193,42.7205]}},{"type":"Feature","properties":{"acq_date":"2026-07-26","acq_time":1000,"confidence":"n","satellite":"N","instrument":"VIIRS","version":"2.0NRT","bright_ti4":306.79,"frp":1.97,"daynight":"N"},"geometry":{"type":"Point","coordinates":[-117.33215,42.72129]}},{"type":"Feature","properties":{"acq_date":"2026-07-26","acq_time":1000,"confidence":"n","satellite":"N","instrument":"VIIRS","version":"2.0NRT","bright_ti4":302.96,"frp":0.89,"daynight":"N"},"geometry":{"type":"Point","coordinates":[-116.95335,42.72309]}},{"type":"Feature","properties":{"acq_date":"2026-07-26","acq_time":1000,"confidence":"n","satellite":"N","instrument":"VIIRS","version":"2.0NRT","bright_ti4":335.64,"frp":7,"daynight":"N"},"geometry":{"type":"Point","coordinates":[-117.13644,42.72354]}},{"type":"Feature","properties":{"acq_date":"2026-07-26","acq_time":1000,"confidence":"n","satellite":"N","instrument":"VIIRS","version":"2.0NRT","bright_ti4":304.88,"frp":3.03,"daynight":"N"},"geometry":{"type":"Point","coordinates":[-117.10188,42.72472]}},{"type":"Feature","properties":{"acq_date":"2026-07-26","acq_time":1000,"confidence":"n","satellite":"N","instrument":"VIIRS","version":"2.0NRT","bright_ti4":304.42,"frp":1.19,"daynight":"N"},"geometry":{"type":"Point","coordinates":[-116.96726,42.72541]}},{"type":"Feature","properties":{"acq_date":"2026-07-26","acq_time":1000,"confidence":"n","satellite":"N","instrument":"VIIRS","version":"2.0NRT","bright_ti4":329.88,"frp":3.03,"daynight":"N"},"geometry":{"type":"Point","coordinates":[-117.10653,42.72548]}},{"type":"Feature","properties":{"acq_date":"2026-07-26","acq_time":1000,"confidence":"n","satellite":"N","instrument":"VIIRS","version":"2.0NRT","bright_ti4":330.16,"frp":6.66,"daynight":"N"},"geometry":{"type":"Point","coordinates":[-117.13081,42.72605]}},{"type":"Feature","properties":{"acq_date":"2026-07-26","acq_time":1000,"confidence":"n","satellite":"N","instrument":"VIIRS","version":"2.0NRT","bright_ti4":321.33,"frp":15.64,"daynight":"N"},"geometry":{"type":"Point","coordinates":[-117.10088,42.72799]}},{"type":"Feature","properties":{"acq_date":"2026-07-26","acq_time":1000,"confidence":"n","satellite":"N","instrument":"VIIRS","version":"2.0NRT","bright_ti4":323.3,"frp":3.84,"daynight":"N"},"geometry":{"type":"Point","coordinates":[-117.12516,42.72856]}},{"type":"Feature","properties":{"acq_date":"2026-07-26","acq_time":1000,"confidence":"n","satellite":"N","instrument":"VIIRS","version":"2.0NRT","bright_ti4":303.52,"frp":1.19,"daynight":"N"},"geometry":{"type":"Point","coordinates":[-116.96626,42.72869]}},{"type":"Feature","properties":{"acq_date":"2026-07-26","acq_time":1000,"confidence":"n","satellite":"N","instrument":"VIIRS","version":"2.0NRT","bright_ti4":334.43,"frp":15.64,"daynight":"N"},"geometry":{"type":"Point","coordinates":[-117.10553,42.72876]}},{"type":"Feature","properties":{"acq_date":"2026-07-26","acq_time":1000,"confidence":"n","satellite":"N","instrument":"VIIRS","version":"2.0NRT","bright_ti4":345.46,"frp":6.66,"daynight":"N"},"geometry":{"type":"Point","coordinates":[-117.12981,42.72932]}},{"type":"Feature","properties":{"acq_date":"2026-07-26","acq_time":1000,"confidence":"n","satellite":"N","instrument":"VIIRS","version":"2.0NRT","bright_ti4":302.71,"frp":0.63,"daynight":"N"},"geometry":{"type":"Point","coordinates":[-116.95135,42.72964]}},{"type":"Feature","properties":{"acq_date":"2026-07-26","acq_time":1000,"confidence":"n","satellite":"N","instrument":"VIIRS","version":"2.0NRT","bright_ti4":296.65,"frp":4.97,"daynight":"N"},"geometry":{"type":"Point","coordinates":[-117.11949,42.73106]}},{"type":"Feature","properties":{"acq_date":"2026-07-26","acq_time":1000,"confidence":"n","satellite":"N","instrument":"VIIRS","version":"2.0NRT","bright_ti4":307.07,"frp":1.41,"daynight":"N"},"geometry":{"type":"Point","coordinates":[-116.96059,42.73118]}},{"type":"Feature","properties":{"acq_date":"2026-07-26","acq_time":1000,"confidence":"n","satellite":"N","instrument":"VIIRS","version":"2.0NRT","bright_ti4":329.25,"frp":15.64,"daynight":"N"},"geometry":{"type":"Point","coordinates":[-117.09988,42.73127]}},{"type":"Feature","properties":{"acq_date":"2026-07-26","acq_time":1000,"confidence":"n","satellite":"N","instrument":"VIIRS","version":"2.0NRT","bright_ti4":352.82,"frp":4.97,"daynight":"N"},"geometry":{"type":"Point","coordinates":[-117.12417,42.73183]}},{"type":"Feature","properties":{"acq_date":"2026-07-26","acq_time":1000,"confidence":"n","satellite":"N","instrument":"VIIRS","version":"2.0NRT","bright_ti4":342.39,"frp":15.64,"daynight":"N"},"geometry":{"type":"Point","coordinates":[-117.10455,42.73203]}},{"type":"Feature","properties":{"acq_date":"2026-07-26","acq_time":1000,"confidence":"n","satellite":"N","instrument":"VIIRS","version":"2.0NRT","bright_ti4":311.28,"frp":1.53,"daynight":"N"},"geometry":{"type":"Point","coordinates":[-117.12881,42.7326]}},{"type":"Feature","properties":{"acq_date":"2026-07-26","acq_time":1000,"confidence":"n","satellite":"N","instrument":"VIIRS","version":"2.0NRT","bright_ti4":296.22,"frp":0.51,"daynight":"N"},"geometry":{"type":"Point","coordinates":[-117.10919,42.7328]}},{"type":"Feature","properties":{"acq_date":"2026-07-26","acq_time":1000,"confidence":"n","satellite":"N","instrument":"VIIRS","version":"2.0NRT","bright_ti4":309.69,"frp":0.63,"daynight":"N"},"geometry":{"type":"Point","coordinates":[-116.95038,42.73293]}},{"type":"Feature","properties":{"acq_date":"2026-07-26","acq_time":1000,"confidence":"n","satellite":"N","instrument":"VIIRS","version":"2.0NRT","bright_ti4":310.61,"frp":1.41,"daynight":"N"},"geometry":{"type":"Point","coordinates":[-116.95498,42.73369]}},{"type":"Feature","properties":{"acq_date":"2026-07-26","acq_time":1000,"confidence":"n","satellite":"N","instrument":"VIIRS","version":"2.0NRT","bright_ti4":304.73,"frp":1.41,"daynight":"N"},"geometry":{"type":"Point","coordinates":[-116.95963,42.73447]}},{"type":"Feature","properties":{"acq_date":"2026-07-26","acq_time":1000,"confidence":"n","satellite":"N","instrument":"VIIRS","version":"2.0NRT","bright_ti4":331.9,"frp":4.2,"daynight":"N"},"geometry":{"type":"Point","coordinates":[-117.09888,42.73454]}},{"type":"Feature","properties":{"acq_date":"2026-07-26","acq_time":1000,"confidence":"n","satellite":"N","instrument":"VIIRS","version":"2.0NRT","bright_ti4":329.47,"frp":4.2,"daynight":"N"},"geometry":{"type":"Point","coordinates":[-117.10354,42.73531]}},{"type":"Feature","properties":{"acq_date":"2026-07-26","acq_time":1000,"confidence":"n","satellite":"N","instrument":"VIIRS","version":"2.0NRT","bright_ti4":301.57,"frp":1,"daynight":"N"},"geometry":{"type":"Point","coordinates":[-116.95864,42.73775]}},{"type":"Feature","properties":{"acq_date":"2026-07-26","acq_time":1000,"confidence":"n","satellite":"N","instrument":"VIIRS","version":"2.0NRT","bright_ti4":300.3,"frp":4.2,"daynight":"N"},"geometry":{"type":"Point","coordinates":[-117.0979,42.73782]}},{"type":"Feature","properties":{"acq_date":"2026-07-26","acq_time":1000,"confidence":"n","satellite":"N","instrument":"VIIRS","version":"2.0NRT","bright_ti4":298.65,"frp":1.2,"daynight":"N"},"geometry":{"type":"Point","coordinates":[-117.00696,42.7389]}},{"type":"Feature","properties":{"acq_date":"2026-07-26","acq_time":1000,"confidence":"n","satellite":"N","instrument":"VIIRS","version":"2.0NRT","bright_ti4":313.28,"frp":2.08,"daynight":"N"},"geometry":{"type":"Point","coordinates":[-116.968,42.73931]}},{"type":"Feature","properties":{"acq_date":"2026-07-26","acq_time":1000,"confidence":"n","satellite":"N","instrument":"VIIRS","version":"2.0NRT","bright_ti4":314.78,"frp":1.76,"daynight":"N"},"geometry":{"type":"Point","coordinates":[-116.97267,42.74009]}},{"type":"Feature","properties":{"acq_date":"2026-07-26","acq_time":1000,"confidence":"n","satellite":"N","instrument":"VIIRS","version":"2.0NRT","bright_ti4":295.82,"frp":1.17,"daynight":"N"},"geometry":{"type":"Point","coordinates":[-117.09225,42.74033]}},{"type":"Feature","properties":{"acq_date":"2026-07-26","acq_time":1000,"confidence":"n","satellite":"N","instrument":"VIIRS","version":"2.0NRT","bright_ti4":305.16,"frp":1.76,"daynight":"N"},"geometry":{"type":"Point","coordinates":[-116.97733,42.74087]}},{"type":"Feature","properties":{"acq_date":"2026-07-26","acq_time":1000,"confidence":"n","satellite":"N","instrument":"VIIRS","version":"2.0NRT","bright_ti4":303.52,"frp":1.96,"daynight":"N"},"geometry":{"type":"Point","coordinates":[-117.09692,42.7411]}},{"type":"Feature","properties":{"acq_date":"2026-07-26","acq_time":1000,"confidence":"n","satellite":"N","instrument":"VIIRS","version":"2.0NRT","bright_ti4":330.67,"frp":1.76,"daynight":"N"},"geometry":{"type":"Point","coordinates":[-116.97167,42.74337]}},{"type":"Feature","properties":{"acq_date":"2026-07-26","acq_time":1000,"confidence":"n","satellite":"N","instrument":"VIIRS","version":"2.0NRT","bright_ti4":320.29,"frp":1.17,"daynight":"N"},"geometry":{"type":"Point","coordinates":[-117.09127,42.7436]}},{"type":"Feature","properties":{"acq_date":"2026-07-26","acq_time":1000,"confidence":"n","satellite":"N","instrument":"VIIRS","version":"2.0NRT","bright_ti4":328.9,"frp":1.96,"daynight":"N"},"geometry":{"type":"Point","coordinates":[-117.09593,42.74437]}},{"type":"Feature","properties":{"acq_date":"2026-07-26","acq_time":1000,"confidence":"n","satellite":"N","instrument":"VIIRS","version":"2.0NRT","bright_ti4":331.19,"frp":2.65,"daynight":"N"},"geometry":{"type":"Point","coordinates":[-117.09269,42.74625]}},{"type":"Feature","properties":{"acq_date":"2026-07-26","acq_time":1000,"confidence":"n","satellite":"N","instrument":"VIIRS","version":"2.0NRT","bright_ti4":298.78,"frp":2.69,"daynight":"N"},"geometry":{"type":"Point","coordinates":[-117.09737,42.74702]}},{"type":"Feature","properties":{"acq_date":"2026-07-26","acq_time":1000,"confidence":"n","satellite":"N","instrument":"VIIRS","version":"2.0NRT","bright_ti4":301.16,"frp":0.77,"daynight":"N"},"geometry":{"type":"Point","coordinates":[-116.97532,42.74742]}},{"type":"Feature","properties":{"acq_date":"2026-07-26","acq_time":1000,"confidence":"n","satellite":"N","instrument":"VIIRS","version":"2.0NRT","bright_ti4":320.86,"frp":2.65,"daynight":"N"},"geometry":{"type":"Point","coordinates":[-117.0917,42.74953]}},{"type":"Feature","properties":{"acq_date":"2026-07-26","acq_time":1000,"confidence":"n","satellite":"N","instrument":"VIIRS","version":"2.0NRT","bright_ti4":328.53,"frp":2.69,"daynight":"N"},"geometry":{"type":"Point","coordinates":[-117.09637,42.7503]}},{"type":"Feature","properties":{"acq_date":"2026-07-26","acq_time":1000,"confidence":"n","satellite":"N","instrument":"VIIRS","version":"2.0NRT","bright_ti4":307.45,"frp":0.77,"daynight":"N"},"geometry":{"type":"Point","coordinates":[-116.97428,42.75068]}},{"type":"Feature","properties":{"acq_date":"2026-07-26","acq_time":1000,"confidence":"n","satellite":"N","instrument":"VIIRS","version":"2.0NRT","bright_ti4":316.06,"frp":3.94,"daynight":"N"},"geometry":{"type":"Point","coordinates":[-117.08604,42.75203]}},{"type":"Feature","properties":{"acq_date":"2026-07-26","acq_time":1000,"confidence":"n","satellite":"N","instrument":"VIIRS","version":"2.0NRT","bright_ti4":307.74,"frp":0.84,"daynight":"N"},"geometry":{"type":"Point","coordinates":[-116.94457,42.75263]}},{"type":"Feature","properties":{"acq_date":"2026-07-26","acq_time":1000,"confidence":"n","satellite":"N","instrument":"VIIRS","version":"2.0NRT","bright_ti4":340.69,"frp":3.94,"daynight":"N"},"geometry":{"type":"Point","coordinates":[-117.0907,42.7528]}},{"type":"Feature","properties":{"acq_date":"2026-07-26","acq_time":1000,"confidence":"n","satellite":"N","instrument":"VIIRS","version":"2.0NRT","bright_ti4":296.68,"frp":0.84,"daynight":"N"},"geometry":{"type":"Point","coordinates":[-117.09538,42.75358]}},{"type":"Feature","properties":{"acq_date":"2026-07-26","acq_time":1000,"confidence":"n","satellite":"N","instrument":"VIIRS","version":"2.0NRT","bright_ti4":305.13,"frp":0.5,"daynight":"N"},"geometry":{"type":"Point","coordinates":[-117.0561,42.75395]}},{"type":"Feature","properties":{"acq_date":"2026-07-26","acq_time":1000,"confidence":"n","satellite":"N","instrument":"VIIRS","version":"2.0NRT","bright_ti4":301.99,"frp":1,"daynight":"N"},"geometry":{"type":"Point","coordinates":[-116.97324,42.75395]}},{"type":"Feature","properties":{"acq_date":"2026-07-26","acq_time":1000,"confidence":"n","satellite":"N","instrument":"VIIRS","version":"2.0NRT","bright_ti4":334.67,"frp":4.47,"daynight":"N"},"geometry":{"type":"Point","coordinates":[-117.03649,42.75414]}},{"type":"Feature","properties":{"acq_date":"2026-07-26","acq_time":1000,"confidence":"n","satellite":"N","instrument":"VIIRS","version":"2.0NRT","bright_ti4":305.86,"frp":1.01,"daynight":"N"},"geometry":{"type":"Point","coordinates":[-116.97792,42.75474]}},{"type":"Feature","properties":{"acq_date":"2026-07-26","acq_time":1000,"confidence":"n","satellite":"N","instrument":"VIIRS","version":"2.0NRT","bright_ti4":346.86,"frp":3.94,"daynight":"N"},"geometry":{"type":"Point","coordinates":[-117.08504,42.75531]}},{"type":"Feature","properties":{"acq_date":"2026-07-26","acq_time":1000,"confidence":"n","satellite":"N","instrument":"VIIRS","version":"2.0NRT","bright_ti4":331.96,"frp":3.94,"daynight":"N"},"geometry":{"type":"Point","coordinates":[-117.08971,42.75608]}},{"type":"Feature","properties":{"acq_date":"2026-07-26","acq_time":1000,"confidence":"n","satellite":"N","instrument":"VIIRS","version":"2.0NRT","bright_ti4":300.89,"frp":4.37,"daynight":"N"},"geometry":{"type":"Point","coordinates":[-117.03084,42.75664]}},{"type":"Feature","properties":{"acq_date":"2026-07-26","acq_time":1000,"confidence":"h","satellite":"N","instrument":"VIIRS","version":"2.0NRT","bright_ti4":367,"frp":19.21,"daynight":"N"},"geometry":{"type":"Point","coordinates":[-117.03548,42.75741]}},{"type":"Feature","properties":{"acq_date":"2026-07-26","acq_time":1000,"confidence":"n","satellite":"N","instrument":"VIIRS","version":"2.0NRT","bright_ti4":321.12,"frp":3.95,"daynight":"N"},"geometry":{"type":"Point","coordinates":[-117.0794,42.75781]}},{"type":"Feature","properties":{"acq_date":"2026-07-26","acq_time":1000,"confidence":"n","satellite":"N","instrument":"VIIRS","version":"2.0NRT","bright_ti4":306.77,"frp":1.01,"daynight":"N"},"geometry":{"type":"Point","coordinates":[-116.97687,42.75801]}},{"type":"Feature","properties":{"acq_date":"2026-07-26","acq_time":1000,"confidence":"n","satellite":"N","instrument":"VIIRS","version":"2.0NRT","bright_ti4":340.09,"frp":4.6,"daynight":"N"},"geometry":{"type":"Point","coordinates":[-117.08405,42.75859]}},{"type":"Feature","properties":{"acq_date":"2026-07-26","acq_time":1000,"confidence":"n","satellite":"N","instrument":"VIIRS","version":"2.0NRT","bright_ti4":302.62,"frp":1.34,"daynight":"N"},"geometry":{"type":"Point","coordinates":[-116.96202,42.75898]}},{"type":"Feature","properties":{"acq_date":"2026-07-26","acq_time":1000,"confidence":"n","satellite":"N","instrument":"VIIRS","version":"2.0NRT","bright_ti4":307.23,"frp":1.09,"daynight":"N"},"geometry":{"type":"Point","coordinates":[-116.96664,42.75974]}},{"type":"Feature","properties":{"acq_date":"2026-07-26","acq_time":1000,"confidence":"n","satellite":"N","instrument":"VIIRS","version":"2.0NRT","bright_ti4":327.27,"frp":4.37,"daynight":"N"},"geometry":{"type":"Point","coordinates":[-117.02984,42.75991]}},{"type":"Feature","properties":{"acq_date":"2026-07-26","acq_time":1000,"confidence":"n","satellite":"N","instrument":"VIIRS","version":"2.0NRT","bright_ti4":299.6,"frp":0.77,"daynight":"N"},"geometry":{"type":"Point","coordinates":[-116.94711,42.75994]}},{"type":"Feature","properties":{"acq_date":"2026-07-26","acq_time":1000,"confidence":"n","satellite":"N","instrument":"VIIRS","version":"2.0NRT","bright_ti4":300.47,"frp":3.95,"daynight":"N"},"geometry":{"type":"Point","coordinates":[-117.07375,42.76032]}},{"type":"Feature","properties":{"acq_date":"2026-07-26","acq_time":1000,"confidence":"n","satellite":"N","instrument":"VIIRS","version":"2.0NRT","bright_ti4":305.9,"frp":1.09,"daynight":"N"},"geometry":{"type":"Point","coordinates":[-116.97124,42.76051]}},{"type":"Feature","properties":{"acq_date":"2026-07-26","acq_time":1000,"confidence":"n","satellite":"N","instrument":"VIIRS","version":"2.0NRT","bright_ti4":349.43,"frp":19.21,"daynight":"N"},"geometry":{"type":"Point","coordinates":[-117.03448,42.76069]}},{"type":"Feature","properties":{"acq_date":"2026-07-26","acq_time":1000,"confidence":"n","satellite":"N","instrument":"VIIRS","version":"2.0NRT","bright_ti4":348.25,"frp":3.95,"daynight":"N"},"geometry":{"type":"Point","coordinates":[-117.07841,42.76109]}},{"type":"Feature","properties":{"acq_date":"2026-07-26","acq_time":1000,"confidence":"n","satellite":"N","instrument":"VIIRS","version":"2.0NRT","bright_ti4":315.31,"frp":4.6,"daynight":"N"},"geometry":{"type":"Point","coordinates":[-117.08306,42.76186]}},{"type":"Feature","properties":{"acq_date":"2026-07-26","acq_time":1000,"confidence":"n","satellite":"N","instrument":"VIIRS","version":"2.0NRT","bright_ti4":312.43,"frp":1.16,"daynight":"N"},"geometry":{"type":"Point","coordinates":[-116.94141,42.76242]}},{"type":"Feature","properties":{"acq_date":"2026-07-26","acq_time":1000,"confidence":"n","satellite":"N","instrument":"VIIRS","version":"2.0NRT","bright_ti4":330.18,"frp":2.22,"daynight":"N"},"geometry":{"type":"Point","coordinates":[-117.06809,42.76282]}},{"type":"Feature","properties":{"acq_date":"2026-07-26","acq_time":1000,"confidence":"n","satellite":"N","instrument":"VIIRS","version":"2.0NRT","bright_ti4":298.94,"frp":0.46,"daynight":"N"},"geometry":{"type":"Point","coordinates":[-117.02885,42.76319]}},{"type":"Feature","properties":{"acq_date":"2026-07-26","acq_time":1000,"confidence":"n","satellite":"N","instrument":"VIIRS","version":"2.0NRT","bright_ti4":306.82,"frp":1.82,"daynight":"N"},"geometry":{"type":"Point","coordinates":[-116.94606,42.7632]}},{"type":"Feature","properties":{"acq_date":"2026-07-26","acq_time":1000,"confidence":"n","satellite":"N","instrument":"VIIRS","version":"2.0NRT","bright_ti4":348.39,"frp":7.37,"daynight":"N"},"geometry":{"type":"Point","coordinates":[-117.07276,42.76359]}},{"type":"Feature","properties":{"acq_date":"2026-07-26","acq_time":1000,"confidence":"n","satellite":"N","instrument":"VIIRS","version":"2.0NRT","bright_ti4":304.27,"frp":0.62,"daynight":"N"},"geometry":{"type":"Point","coordinates":[-117.0335,42.76397]}},{"type":"Feature","properties":{"acq_date":"2026-07-26","acq_time":1000,"confidence":"n","satellite":"N","instrument":"VIIRS","version":"2.0NRT","bright_ti4":317.5,"frp":1.82,"daynight":"N"},"geometry":{"type":"Point","coordinates":[-116.95069,42.76397]}},{"type":"Feature","properties":{"acq_date":"2026-07-26","acq_time":1000,"confidence":"n","satellite":"N","instrument":"VIIRS","version":"2.0NRT","bright_ti4":345.61,"frp":7.37,"daynight":"N"},"geometry":{"type":"Point","coordinates":[-117.07742,42.76437]}},{"type":"Feature","properties":{"acq_date":"2026-07-26","acq_time":1000,"confidence":"n","satellite":"N","instrument":"VIIRS","version":"2.0NRT","bright_ti4":337.7,"frp":2.01,"daynight":"N"},"geometry":{"type":"Point","coordinates":[-116.95534,42.76475]}},{"type":"Feature","properties":{"acq_date":"2026-07-26","acq_time":1000,"confidence":"n","satellite":"N","instrument":"VIIRS","version":"2.0NRT","bright_ti4":304,"frp":2.01,"daynight":"N"},"geometry":{"type":"Point","coordinates":[-116.96001,42.76553]}},{"type":"Feature","properties":{"acq_date":"2026-07-26","acq_time":1000,"confidence":"n","satellite":"N","instrument":"VIIRS","version":"2.0NRT","bright_ti4":315.15,"frp":1.16,"daynight":"N"},"geometry":{"type":"Point","coordinates":[-116.94035,42.76569]}},{"type":"Feature","properties":{"acq_date":"2026-07-26","acq_time":1000,"confidence":"n","satellite":"N","instrument":"VIIRS","version":"2.0NRT","bright_ti4":298.16,"frp":2.22,"daynight":"N"},"geometry":{"type":"Point","coordinates":[-117.06711,42.7661]}},{"type":"Feature","properties":{"acq_date":"2026-07-26","acq_time":1000,"confidence":"n","satellite":"N","instrument":"VIIRS","version":"2.0NRT","bright_ti4":323.73,"frp":1.82,"daynight":"N"},"geometry":{"type":"Point","coordinates":[-116.94501,42.76647]}},{"type":"Feature","properties":{"acq_date":"2026-07-26","acq_time":1000,"confidence":"n","satellite":"N","instrument":"VIIRS","version":"2.0NRT","bright_ti4":312.76,"frp":1.82,"daynight":"N"},"geometry":{"type":"Point","coordinates":[-116.94964,42.76724]}},{"type":"Feature","properties":{"acq_date":"2026-07-26","acq_time":1000,"confidence":"n","satellite":"N","instrument":"VIIRS","version":"2.0NRT","bright_ti4":307.17,"frp":2.01,"daynight":"N"},"geometry":{"type":"Point","coordinates":[-116.95428,42.76802]}},{"type":"Feature","properties":{"acq_date":"2026-07-26","acq_time":1000,"confidence":"n","satellite":"N","instrument":"VIIRS","version":"2.0NRT","bright_ti4":305.45,"frp":0.93,"daynight":"N"},"geometry":{"type":"Point","coordinates":[-116.93932,42.76896]}},{"type":"Feature","properties":{"acq_date":"2026-07-26","acq_time":1000,"confidence":"n","satellite":"N","instrument":"VIIRS","version":"2.0NRT","bright_ti4":341.95,"frp":14.53,"daynight":"N"},"geometry":{"type":"Point","coordinates":[-117.06612,42.76938]}},{"type":"Feature","properties":{"acq_date":"2026-07-26","acq_time":1000,"confidence":"n","satellite":"N","instrument":"VIIRS","version":"2.0NRT","bright_ti4":301.62,"frp":1.13,"daynight":"N"},"geometry":{"type":"Point","coordinates":[-116.94395,42.76974]}},{"type":"Feature","properties":{"acq_date":"2026-07-26","acq_time":1000,"confidence":"n","satellite":"N","instrument":"VIIRS","version":"2.0NRT","bright_ti4":318.02,"frp":1.13,"daynight":"N"},"geometry":{"type":"Point","coordinates":[-116.94859,42.77051]}},{"type":"Feature","properties":{"acq_date":"2026-07-26","acq_time":1000,"confidence":"n","satellite":"N","instrument":"VIIRS","version":"2.0NRT","bright_ti4":343.11,"frp":14.53,"daynight":"N"},"geometry":{"type":"Point","coordinates":[-117.06049,42.77189]}},{"type":"Feature","properties":{"acq_date":"2026-07-26","acq_time":1000,"confidence":"n","satellite":"N","instrument":"VIIRS","version":"2.0NRT","bright_ti4":311.39,"frp":0.93,"daynight":"N"},"geometry":{"type":"Point","coordinates":[-116.93826,42.77223]}},{"type":"Feature","properties":{"acq_date":"2026-07-26","acq_time":1000,"confidence":"n","satellite":"N","instrument":"VIIRS","version":"2.0NRT","bright_ti4":345.27,"frp":14.53,"daynight":"N"},"geometry":{"type":"Point","coordinates":[-117.06516,42.77266]}},{"type":"Feature","properties":{"acq_date":"2026-07-26","acq_time":1000,"confidence":"n","satellite":"N","instrument":"VIIRS","version":"2.0NRT","bright_ti4":312.69,"frp":1.13,"daynight":"N"},"geometry":{"type":"Point","coordinates":[-116.94292,42.77301]}},{"type":"Feature","properties":{"acq_date":"2026-07-26","acq_time":1000,"confidence":"n","satellite":"N","instrument":"VIIRS","version":"2.0NRT","bright_ti4":302.82,"frp":1.13,"daynight":"N"},"geometry":{"type":"Point","coordinates":[-116.94758,42.77378]}},{"type":"Feature","properties":{"acq_date":"2026-07-26","acq_time":1000,"confidence":"n","satellite":"N","instrument":"VIIRS","version":"2.0NRT","bright_ti4":326.22,"frp":11.14,"daynight":"N"},"geometry":{"type":"Point","coordinates":[-117.05486,42.77439]}},{"type":"Feature","properties":{"acq_date":"2026-07-26","acq_time":1000,"confidence":"h","satellite":"N","instrument":"VIIRS","version":"2.0NRT","bright_ti4":367,"frp":27.62,"daynight":"N"},"geometry":{"type":"Point","coordinates":[-117.05951,42.77517]}},{"type":"Feature","properties":{"acq_date":"2026-07-26","acq_time":1000,"confidence":"n","satellite":"N","instrument":"VIIRS","version":"2.0NRT","bright_ti4":337.8,"frp":54.26,"daynight":"N"},"geometry":{"type":"Point","coordinates":[-116.93723,42.7755]}},{"type":"Feature","properties":{"acq_date":"2026-07-26","acq_time":1000,"confidence":"n","satellite":"N","instrument":"VIIRS","version":"2.0NRT","bright_ti4":309.98,"frp":15.6,"daynight":"N"},"geometry":{"type":"Point","coordinates":[-116.94188,42.77628]}},{"type":"Feature","properties":{"acq_date":"2026-07-26","acq_time":1000,"confidence":"n","satellite":"N","instrument":"VIIRS","version":"2.0NRT","bright_ti4":306.68,"frp":15.6,"daynight":"N"},"geometry":{"type":"Point","coordinates":[-116.94656,42.77705]}},{"type":"Feature","properties":{"acq_date":"2026-07-26","acq_time":1000,"confidence":"n","satellite":"N","instrument":"VIIRS","version":"2.0NRT","bright_ti4":301.58,"frp":0.63,"daynight":"N"},"geometry":{"type":"Point","coordinates":[-116.95117,42.77783]}},{"type":"Feature","properties":{"acq_date":"2026-07-26","acq_time":1000,"confidence":"n","satellite":"N","instrument":"VIIRS","version":"2.0NRT","bright_ti4":301.61,"frp":0.63,"daynight":"N"},"geometry":{"type":"Point","coordinates":[-116.95584,42.77861]}},{"type":"Feature","properties":{"acq_date":"2026-07-26","acq_time":1000,"confidence":"h","satellite":"N","instrument":"VIIRS","version":"2.0NRT","bright_ti4":367,"frp":54.26,"daynight":"N"},"geometry":{"type":"Point","coordinates":[-116.93617,42.77877]}},{"type":"Feature","properties":{"acq_date":"2026-07-26","acq_time":1000,"confidence":"n","satellite":"N","instrument":"VIIRS","version":"2.0NRT","bright_ti4":298.97,"frp":0.64,"daynight":"N"},"geometry":{"type":"Point","coordinates":[-116.96054,42.77939]}},{"type":"Feature","properties":{"acq_date":"2026-07-26","acq_time":1000,"confidence":"n","satellite":"N","instrument":"VIIRS","version":"2.0NRT","bright_ti4":347.59,"frp":15.6,"daynight":"N"},"geometry":{"type":"Point","coordinates":[-116.94087,42.77956]}},{"type":"Feature","properties":{"acq_date":"2026-07-26","acq_time":1000,"confidence":"n","satellite":"N","instrument":"VIIRS","version":"2.0NRT","bright_ti4":307.84,"frp":15.6,"daynight":"N"},"geometry":{"type":"Point","coordinates":[-116.94554,42.78033]}},{"type":"Feature","properties":{"acq_date":"2026-07-26","acq_time":1000,"confidence":"n","satellite":"N","instrument":"VIIRS","version":"2.0NRT","bright_ti4":313.65,"frp":0.63,"daynight":"N"},"geometry":{"type":"Point","coordinates":[-116.95017,42.7811]}},{"type":"Feature","properties":{"acq_date":"2026-07-26","acq_time":1000,"confidence":"n","satellite":"N","instrument":"VIIRS","version":"2.0NRT","bright_ti4":299.55,"frp":0.63,"daynight":"N"},"geometry":{"type":"Point","coordinates":[-116.95482,42.78187]}},{"type":"Feature","properties":{"acq_date":"2026-07-26","acq_time":1000,"confidence":"h","satellite":"N","instrument":"VIIRS","version":"2.0NRT","bright_ti4":367,"frp":65.81,"daynight":"N"},"geometry":{"type":"Point","coordinates":[-116.93985,42.78283]}},{"type":"Feature","properties":{"acq_date":"2026-07-26","acq_time":1000,"confidence":"n","satellite":"N","instrument":"VIIRS","version":"2.0NRT","bright_ti4":341.72,"frp":65.81,"daynight":"N"},"geometry":{"type":"Point","coordinates":[-116.94453,42.78361]}},{"type":"Feature","properties":{"acq_date":"2026-07-26","acq_time":1000,"confidence":"n","satellite":"N","instrument":"VIIRS","version":"2.0NRT","bright_ti4":297.82,"frp":4.24,"daynight":"N"},"geometry":{"type":"Point","coordinates":[-117.02748,42.78362]}},{"type":"Feature","properties":{"acq_date":"2026-07-26","acq_time":1000,"confidence":"n","satellite":"N","instrument":"VIIRS","version":"2.0NRT","bright_ti4":303.09,"frp":15.57,"daynight":"N"},"geometry":{"type":"Point","coordinates":[-116.94919,42.78438]}},{"type":"Feature","properties":{"acq_date":"2026-07-26","acq_time":1000,"confidence":"n","satellite":"N","instrument":"VIIRS","version":"2.0NRT","bright_ti4":308.51,"frp":15.57,"daynight":"N"},"geometry":{"type":"Point","coordinates":[-116.9538,42.78515]}},{"type":"Feature","properties":{"acq_date":"2026-07-26","acq_time":1000,"confidence":"n","satellite":"N","instrument":"VIIRS","version":"2.0NRT","bright_ti4":332.68,"frp":40.37,"daynight":"N"},"geometry":{"type":"Point","coordinates":[-116.93411,42.78532]}},{"type":"Feature","properties":{"acq_date":"2026-07-26","acq_time":1000,"confidence":"n","satellite":"N","instrument":"VIIRS","version":"2.0NRT","bright_ti4":312.67,"frp":9.45,"daynight":"N"},"geometry":{"type":"Point","coordinates":[-116.9585,42.78593]}},{"type":"Feature","properties":{"acq_date":"2026-07-26","acq_time":1000,"confidence":"n","satellite":"N","instrument":"VIIRS","version":"2.0NRT","bright_ti4":346.91,"frp":65.81,"daynight":"N"},"geometry":{"type":"Point","coordinates":[-116.9388,42.7861]}},{"type":"Feature","properties":{"acq_date":"2026-07-26","acq_time":1000,"confidence":"n","satellite":"N","instrument":"VIIRS","version":"2.0NRT","bright_ti4":298.76,"frp":9.45,"daynight":"N"},"geometry":{"type":"Point","coordinates":[-116.96317,42.78671]}},{"type":"Feature","properties":{"acq_date":"2026-07-26","acq_time":1000,"confidence":"h","satellite":"N","instrument":"VIIRS","version":"2.0NRT","bright_ti4":367,"frp":65.81,"daynight":"N"},"geometry":{"type":"Point","coordinates":[-116.94352,42.78688]}},{"type":"Feature","properties":{"acq_date":"2026-07-26","acq_time":1000,"confidence":"n","satellite":"N","instrument":"VIIRS","version":"2.0NRT","bright_ti4":336.29,"frp":4.24,"daynight":"N"},"geometry":{"type":"Point","coordinates":[-117.0265,42.7869]}},{"type":"Feature","properties":{"acq_date":"2026-07-26","acq_time":1000,"confidence":"n","satellite":"N","instrument":"VIIRS","version":"2.0NRT","bright_ti4":343.62,"frp":15.57,"daynight":"N"},"geometry":{"type":"Point","coordinates":[-116.9482,42.78766]}},{"type":"Feature","properties":{"acq_date":"2026-07-26","acq_time":1000,"confidence":"n","satellite":"N","instrument":"VIIRS","version":"2.0NRT","bright_ti4":301.54,"frp":1.16,"daynight":"N"},"geometry":{"type":"Point","coordinates":[-116.99197,42.78806]}},{"type":"Feature","properties":{"acq_date":"2026-07-26","acq_time":1000,"confidence":"n","satellite":"N","instrument":"VIIRS","version":"2.0NRT","bright_ti4":350.22,"frp":15.57,"daynight":"N"},"geometry":{"type":"Point","coordinates":[-116.9528,42.78843]}},{"type":"Feature","properties":{"acq_date":"2026-07-26","acq_time":1000,"confidence":"n","satellite":"N","instrument":"VIIRS","version":"2.0NRT","bright_ti4":298.35,"frp":0.73,"daynight":"N"},"geometry":{"type":"Point","coordinates":[-116.93308,42.78859]}},{"type":"Feature","properties":{"acq_date":"2026-07-26","acq_time":1000,"confidence":"n","satellite":"N","instrument":"VIIRS","version":"2.0NRT","bright_ti4":304.05,"frp":9.56,"daynight":"N"},"geometry":{"type":"Point","coordinates":[-117.01625,42.78864]}},{"type":"Feature","properties":{"acq_date":"2026-07-26","acq_time":1000,"confidence":"n","satellite":"N","instrument":"VIIRS","version":"2.0NRT","bright_ti4":348.79,"frp":9.45,"daynight":"N"},"geometry":{"type":"Point","coordinates":[-116.95745,42.78921]}},{"type":"Feature","properties":{"acq_date":"2026-07-26","acq_time":1000,"confidence":"n","satellite":"N","instrument":"VIIRS","version":"2.0NRT","bright_ti4":306.1,"frp":1.99,"daynight":"N"},"geometry":{"type":"Point","coordinates":[-116.93778,42.78937]}},{"type":"Feature","properties":{"acq_date":"2026-07-26","acq_time":1000,"confidence":"n","satellite":"N","instrument":"VIIRS","version":"2.0NRT","bright_ti4":340.58,"frp":9.56,"daynight":"N"},"geometry":{"type":"Point","coordinates":[-117.02087,42.78941]}},{"type":"Feature","properties":{"acq_date":"2026-07-26","acq_time":1000,"confidence":"n","satellite":"N","instrument":"VIIRS","version":"2.0NRT","bright_ti4":300.01,"frp":1.26,"daynight":"N"},"geometry":{"type":"Point","coordinates":[-117.0013,42.7896]}},{"type":"Feature","properties":{"acq_date":"2026-07-26","acq_time":1000,"confidence":"n","satellite":"N","instrument":"VIIRS","version":"2.0NRT","bright_ti4":344.13,"frp":9.45,"daynight":"N"},"geometry":{"type":"Point","coordinates":[-116.96213,42.78998]}},{"type":"Feature","properties":{"acq_date":"2026-07-26","acq_time":1000,"confidence":"n","satellite":"N","instrument":"VIIRS","version":"2.0NRT","bright_ti4":343.54,"frp":1.99,"daynight":"N"},"geometry":{"type":"Point","coordinates":[-116.94251,42.79015]}},{"type":"Feature","properties":{"acq_date":"2026-07-26","acq_time":1000,"confidence":"n","satellite":"N","instrument":"VIIRS","version":"2.0NRT","bright_ti4":345.22,"frp":8.03,"daynight":"N"},"geometry":{"type":"Point","coordinates":[-117.02548,42.79017]}},{"type":"Feature","properties":{"acq_date":"2026-07-26","acq_time":1000,"confidence":"n","satellite":"N","instrument":"VIIRS","version":"2.0NRT","bright_ti4":317.09,"frp":8.76,"daynight":"N"},"geometry":{"type":"Point","coordinates":[-117.00597,42.79038]}},{"type":"Feature","properties":{"acq_date":"2026-07-26","acq_time":1000,"confidence":"n","satellite":"N","instrument":"VIIRS","version":"2.0NRT","bright_ti4":346.72,"frp":18.53,"daynight":"N"},"geometry":{"type":"Point","coordinates":[-116.94718,42.79094]}},{"type":"Feature","properties":{"acq_date":"2026-07-26","acq_time":1000,"confidence":"n","satellite":"N","instrument":"VIIRS","version":"2.0NRT","bright_ti4":355.49,"frp":8.76,"daynight":"N"},"geometry":{"type":"Point","coordinates":[-117.0106,42.79115]}},{"type":"Feature","properties":{"acq_date":"2026-07-26","acq_time":1000,"confidence":"n","satellite":"N","instrument":"VIIRS","version":"2.0NRT","bright_ti4":300.94,"frp":10.64,"daynight":"N"},"geometry":{"type":"Point","coordinates":[-116.99095,42.79132]}},{"type":"Feature","properties":{"acq_date":"2026-07-26","acq_time":1000,"confidence":"n","satellite":"N","instrument":"VIIRS","version":"2.0NRT","bright_ti4":334.11,"frp":18.53,"daynight":"N"},"geometry":{"type":"Point","coordinates":[-116.95181,42.79171]}},{"type":"Feature","properties":{"acq_date":"2026-07-26","acq_time":1000,"confidence":"n","satellite":"N","instrument":"VIIRS","version":"2.0NRT","bright_ti4":354.63,"frp":9.56,"daynight":"N"},"geometry":{"type":"Point","coordinates":[-117.01524,42.79192]}},{"type":"Feature","properties":{"acq_date":"2026-07-26","acq_time":1000,"confidence":"n","satellite":"N","instrument":"VIIRS","version":"2.0NRT","bright_ti4":303.05,"frp":1.77,"daynight":"N"},"geometry":{"type":"Point","coordinates":[-116.99558,42.7921]}},{"type":"Feature","properties":{"acq_date":"2026-07-26","acq_time":1000,"confidence":"n","satellite":"N","instrument":"VIIRS","version":"2.0NRT","bright_ti4":330.27,"frp":69.4,"daynight":"N"},"geometry":{"type":"Point","coordinates":[-116.95644,42.79248]}},{"type":"Feature","properties":{"acq_date":"2026-07-26","acq_time":1000,"confidence":"n","satellite":"N","instrument":"VIIRS","version":"2.0NRT","bright_ti4":332.87,"frp":9.56,"daynight":"N"},"geometry":{"type":"Point","coordinates":[-117.01987,42.79269]}},{"type":"Feature","properties":{"acq_date":"2026-07-26","acq_time":1000,"confidence":"n","satellite":"N","instrument":"VIIRS","version":"2.0NRT","bright_ti4":309.15,"frp":1.77,"daynight":"N"},"geometry":{"type":"Point","coordinates":[-117.00027,42.79288]}},{"type":"Feature","properties":{"acq_date":"2026-07-26","acq_time":1000,"confidence":"n","satellite":"N","instrument":"VIIRS","version":"2.0NRT","bright_ti4":310.17,"frp":2.04,"daynight":"N"},"geometry":{"type":"Point","coordinates":[-116.98067,42.79306]}},{"type":"Feature","properties":{"acq_date":"2026-07-26","acq_time":1000,"confidence":"h","satellite":"N","instrument":"VIIRS","version":"2.0NRT","bright_ti4":367,"frp":69.4,"daynight":"N"},"geometry":{"type":"Point","coordinates":[-116.96109,42.79325]}},{"type":"Feature","properties":{"acq_date":"2026-07-26","acq_time":1000,"confidence":"n","satellite":"N","instrument":"VIIRS","version":"2.0NRT","bright_ti4":298.43,"frp":1.99,"daynight":"N"},"geometry":{"type":"Point","coordinates":[-116.94147,42.79343]}},{"type":"Feature","properties":{"acq_date":"2026-07-26","acq_time":1000,"confidence":"n","satellite":"N","instrument":"VIIRS","version":"2.0NRT","bright_ti4":340.41,"frp":7.59,"daynight":"N"},"geometry":{"type":"Point","coordinates":[-117.00495,42.79365]}},{"type":"Feature","properties":{"acq_date":"2026-07-26","acq_time":1000,"confidence":"n","satellite":"N","instrument":"VIIRS","version":"2.0NRT","bright_ti4":353.73,"frp":10.64,"daynight":"N"},"geometry":{"type":"Point","coordinates":[-116.98531,42.79383]}},{"type":"Feature","properties":{"acq_date":"2026-07-26","acq_time":1000,"confidence":"n","satellite":"N","instrument":"VIIRS","version":"2.0NRT","bright_ti4":321.93,"frp":18.77,"daynight":"N"},"geometry":{"type":"Point","coordinates":[-116.96577,42.79403]}},{"type":"Feature","properties":{"acq_date":"2026-07-26","acq_time":1000,"confidence":"n","satellite":"N","instrument":"VIIRS","version":"2.0NRT","bright_ti4":345.24,"frp":7.59,"daynight":"N"},"geometry":{"type":"Point","coordinates":[-117.0096,42.79442]}},{"type":"Feature","properties":{"acq_date":"2026-07-26","acq_time":1000,"confidence":"h","satellite":"N","instrument":"VIIRS","version":"2.0NRT","bright_ti4":367,"frp":10.64,"daynight":"N"},"geometry":{"type":"Point","coordinates":[-116.98994,42.79461]}},{"type":"Feature","properties":{"acq_date":"2026-07-26","acq_time":1000,"confidence":"n","satellite":"N","instrument":"VIIRS","version":"2.0NRT","bright_ti4":299.83,"frp":18.77,"daynight":"N"},"geometry":{"type":"Point","coordinates":[-116.97046,42.79481]}},{"type":"Feature","properties":{"acq_date":"2026-07-26","acq_time":1000,"confidence":"n","satellite":"N","instrument":"VIIRS","version":"2.0NRT","bright_ti4":328.18,"frp":21.07,"daynight":"N"},"geometry":{"type":"Point","coordinates":[-116.97509,42.79558]}},{"type":"Feature","properties":{"acq_date":"2026-07-26","acq_time":1000,"confidence":"n","satellite":"N","instrument":"VIIRS","version":"2.0NRT","bright_ti4":309.22,"frp":69.4,"daynight":"N"},"geometry":{"type":"Point","coordinates":[-116.95543,42.79576]}},{"type":"Feature","properties":{"acq_date":"2026-07-26","acq_time":1000,"confidence":"n","satellite":"N","instrument":"VIIRS","version":"2.0NRT","bright_ti4":302.17,"frp":1.77,"daynight":"N"},"geometry":{"type":"Point","coordinates":[-116.99924,42.79615]}},{"type":"Feature","properties":{"acq_date":"2026-07-26","acq_time":1000,"confidence":"n","satellite":"N","instrument":"VIIRS","version":"2.0NRT","bright_ti4":348.86,"frp":21.07,"daynight":"N"},"geometry":{"type":"Point","coordinates":[-116.97969,42.79634]}},{"type":"Feature","properties":{"acq_date":"2026-07-26","acq_time":1000,"confidence":"h","satellite":"N","instrument":"VIIRS","version":"2.0NRT","bright_ti4":367,"frp":69.4,"daynight":"N"},"geometry":{"type":"Point","coordinates":[-116.96008,42.79653]}},{"type":"Feature","properties":{"acq_date":"2026-07-26","acq_time":1000,"confidence":"n","satellite":"N","instrument":"VIIRS","version":"2.0NRT","bright_ti4":339.66,"frp":7.59,"daynight":"N"},"geometry":{"type":"Point","coordinates":[-117.00391,42.79692]}},{"type":"Feature","properties":{"acq_date":"2026-07-26","acq_time":1000,"confidence":"n","satellite":"N","instrument":"VIIRS","version":"2.0NRT","bright_ti4":332.97,"frp":17.09,"daynight":"N"},"geometry":{"type":"Point","coordinates":[-116.98431,42.79711]}},{"type":"Feature","properties":{"acq_date":"2026-07-26","acq_time":1000,"confidence":"n","satellite":"N","instrument":"VIIRS","version":"2.0NRT","bright_ti4":353.86,"frp":18.77,"daynight":"N"},"geometry":{"type":"Point","coordinates":[-116.96474,42.7973]}},{"type":"Feature","properties":{"acq_date":"2026-07-26","acq_time":1000,"confidence":"n","satellite":"N","instrument":"VIIRS","version":"2.0NRT","bright_ti4":299.74,"frp":17.09,"daynight":"N"},"geometry":{"type":"Point","coordinates":[-116.98895,42.79788]}},{"type":"Feature","properties":{"acq_date":"2026-07-26","acq_time":1000,"confidence":"n","satellite":"N","instrument":"VIIRS","version":"2.0NRT","bright_ti4":351.37,"frp":18.77,"daynight":"N"},"geometry":{"type":"Point","coordinates":[-116.96946,42.79808]}},{"type":"Feature","properties":{"acq_date":"2026-07-26","acq_time":1000,"confidence":"h","satellite":"N","instrument":"VIIRS","version":"2.0NRT","bright_ti4":367,"frp":21.07,"daynight":"N"},"geometry":{"type":"Point","coordinates":[-116.97409,42.79885]}},{"type":"Feature","properties":{"acq_date":"2026-07-26","acq_time":1000,"confidence":"n","satellite":"N","instrument":"VIIRS","version":"2.0NRT","bright_ti4":311.66,"frp":21.07,"daynight":"N"},"geometry":{"type":"Point","coordinates":[-116.97871,42.79962]}},{"type":"Feature","properties":{"acq_date":"2026-07-26","acq_time":1000,"confidence":"n","satellite":"N","instrument":"VIIRS","version":"2.0NRT","bright_ti4":308.03,"frp":1.68,"daynight":"N"},"geometry":{"type":"Point","coordinates":[-116.95905,42.7998]}},{"type":"Feature","properties":{"acq_date":"2026-07-26","acq_time":1000,"confidence":"n","satellite":"N","instrument":"VIIRS","version":"2.0NRT","bright_ti4":321.44,"frp":2.59,"daynight":"N"},"geometry":{"type":"Point","coordinates":[-116.96368,42.80057]}},{"type":"Feature","properties":{"acq_date":"2026-07-26","acq_time":1000,"confidence":"n","satellite":"N","instrument":"VIIRS","version":"2.0NRT","bright_ti4":316.66,"frp":1.4,"daynight":"N"},"geometry":{"type":"Point","coordinates":[-117.53223,42.89011]}},{"type":"Feature","properties":{"acq_date":"2026-07-26","acq_time":1000,"confidence":"n","satellite":"N","instrument":"VIIRS","version":"2.0NRT","bright_ti4":305.16,"frp":3.09,"daynight":"N"},"geometry":{"type":"Point","coordinates":[-118.29657,42.9325]}},{"type":"Feature","properties":{"acq_date":"2026-07-26","acq_time":1000,"confidence":"n","satellite":"N","instrument":"VIIRS","version":"2.0NRT","bright_ti4":330.76,"frp":3.09,"daynight":"N"},"geometry":{"type":"Point","coordinates":[-118.30127,42.93324]}},{"type":"Feature","properties":{"acq_date":"2026-07-26","acq_time":1000,"confidence":"n","satellite":"N","instrument":"VIIRS","version":"2.0NRT","bright_ti4":318.73,"frp":8.11,"daynight":"N"},"geometry":{"type":"Point","coordinates":[-118.30597,42.93396]}},{"type":"Feature","properties":{"acq_date":"2026-07-26","acq_time":1000,"confidence":"n","satellite":"N","instrument":"VIIRS","version":"2.0NRT","bright_ti4":306.95,"frp":1.27,"daynight":"N"},"geometry":{"type":"Point","coordinates":[-118.28629,42.93435]}},{"type":"Feature","properties":{"acq_date":"2026-07-26","acq_time":1000,"confidence":"n","satellite":"N","instrument":"VIIRS","version":"2.0NRT","bright_ti4":331.25,"frp":8.11,"daynight":"N"},"geometry":{"type":"Point","coordinates":[-118.31067,42.93468]}},{"type":"Feature","properties":{"acq_date":"2026-07-26","acq_time":1000,"confidence":"n","satellite":"N","instrument":"VIIRS","version":"2.0NRT","bright_ti4":316.56,"frp":7.91,"daynight":"N"},"geometry":{"type":"Point","coordinates":[-118.33499,42.93501]}},{"type":"Feature","properties":{"acq_date":"2026-07-26","acq_time":1000,"confidence":"n","satellite":"N","instrument":"VIIRS","version":"2.0NRT","bright_ti4":311.71,"frp":1.27,"daynight":"N"},"geometry":{"type":"Point","coordinates":[-118.29095,42.93506]}},{"type":"Feature","properties":{"acq_date":"2026-07-26","acq_time":1000,"confidence":"n","satellite":"N","instrument":"VIIRS","version":"2.0NRT","bright_ti4":343.79,"frp":4.95,"daynight":"N"},"geometry":{"type":"Point","coordinates":[-118.31535,42.93541]}},{"type":"Feature","properties":{"acq_date":"2026-07-26","acq_time":1000,"confidence":"n","satellite":"N","instrument":"VIIRS","version":"2.0NRT","bright_ti4":354.28,"frp":7.91,"daynight":"N"},"geometry":{"type":"Point","coordinates":[-118.33962,42.93571]}},{"type":"Feature","properties":{"acq_date":"2026-07-26","acq_time":1000,"confidence":"n","satellite":"N","instrument":"VIIRS","version":"2.0NRT","bright_ti4":321.5,"frp":3.09,"daynight":"N"},"geometry":{"type":"Point","coordinates":[-118.29565,42.93579]}},{"type":"Feature","properties":{"acq_date":"2026-07-26","acq_time":1000,"confidence":"n","satellite":"N","instrument":"VIIRS","version":"2.0NRT","bright_ti4":319.49,"frp":2.65,"daynight":"N"},"geometry":{"type":"Point","coordinates":[-118.34425,42.93642]}},{"type":"Feature","properties":{"acq_date":"2026-07-26","acq_time":1000,"confidence":"n","satellite":"N","instrument":"VIIRS","version":"2.0NRT","bright_ti4":336.02,"frp":3.09,"daynight":"N"},"geometry":{"type":"Point","coordinates":[-118.30034,42.93652]}},{"type":"Feature","properties":{"acq_date":"2026-07-26","acq_time":1000,"confidence":"n","satellite":"N","instrument":"VIIRS","version":"2.0NRT","bright_ti4":347.07,"frp":8.11,"daynight":"N"},"geometry":{"type":"Point","coordinates":[-118.30505,42.93724]}},{"type":"Feature","properties":{"acq_date":"2026-07-26","acq_time":1000,"confidence":"n","satellite":"N","instrument":"VIIRS","version":"2.0NRT","bright_ti4":335.48,"frp":8.11,"daynight":"N"},"geometry":{"type":"Point","coordinates":[-118.30974,42.93797]}},{"type":"Feature","properties":{"acq_date":"2026-07-26","acq_time":1000,"confidence":"n","satellite":"N","instrument":"VIIRS","version":"2.0NRT","bright_ti4":342.93,"frp":4.95,"daynight":"N"},"geometry":{"type":"Point","coordinates":[-118.31442,42.93869]}},{"type":"Feature","properties":{"acq_date":"2026-07-26","acq_time":1000,"confidence":"n","satellite":"N","instrument":"VIIRS","version":"2.0NRT","bright_ti4":329.61,"frp":4.22,"daynight":"N"},"geometry":{"type":"Point","coordinates":[-118.33867,42.939]}},{"type":"Feature","properties":{"acq_date":"2026-07-26","acq_time":1000,"confidence":"n","satellite":"N","instrument":"VIIRS","version":"2.0NRT","bright_ti4":309.76,"frp":4.95,"daynight":"N"},"geometry":{"type":"Point","coordinates":[-118.31911,42.93941]}},{"type":"Feature","properties":{"acq_date":"2026-07-26","acq_time":1000,"confidence":"n","satellite":"N","instrument":"VIIRS","version":"2.0NRT","bright_ti4":354.91,"frp":14.31,"daynight":"N"},"geometry":{"type":"Point","coordinates":[-118.34327,42.93969]}},{"type":"Feature","properties":{"acq_date":"2026-07-26","acq_time":1000,"confidence":"n","satellite":"N","instrument":"VIIRS","version":"2.0NRT","bright_ti4":355.28,"frp":14.31,"daynight":"N"},"geometry":{"type":"Point","coordinates":[-118.34786,42.94039]}},{"type":"Feature","properties":{"acq_date":"2026-07-26","acq_time":1000,"confidence":"n","satellite":"N","instrument":"VIIRS","version":"2.0NRT","bright_ti4":321.43,"frp":6.22,"daynight":"N"},"geometry":{"type":"Point","coordinates":[-118.35246,42.94109]}},{"type":"Feature","properties":{"acq_date":"2026-07-26","acq_time":1000,"confidence":"n","satellite":"N","instrument":"VIIRS","version":"2.0NRT","bright_ti4":326.52,"frp":14.31,"daynight":"N"},"geometry":{"type":"Point","coordinates":[-118.34232,42.94297]}},{"type":"Feature","properties":{"acq_date":"2026-07-26","acq_time":1000,"confidence":"n","satellite":"N","instrument":"VIIRS","version":"2.0NRT","bright_ti4":311.12,"frp":1.61,"daynight":"N"},"geometry":{"type":"Point","coordinates":[-118.32991,42.94351]}},{"type":"Feature","properties":{"acq_date":"2026-07-26","acq_time":1000,"confidence":"n","satellite":"N","instrument":"VIIRS","version":"2.0NRT","bright_ti4":354.46,"frp":14.31,"daynight":"N"},"geometry":{"type":"Point","coordinates":[-118.34689,42.94366]}},{"type":"Feature","properties":{"acq_date":"2026-07-26","acq_time":1000,"confidence":"n","satellite":"N","instrument":"VIIRS","version":"2.0NRT","bright_ti4":329.08,"frp":6.22,"daynight":"N"},"geometry":{"type":"Point","coordinates":[-118.35151,42.94437]}},{"type":"Feature","properties":{"acq_date":"2026-07-26","acq_time":1000,"confidence":"n","satellite":"N","instrument":"VIIRS","version":"2.0NRT","bright_ti4":345.92,"frp":8.45,"daynight":"N"},"geometry":{"type":"Point","coordinates":[-118.34371,42.94564]}},{"type":"Feature","properties":{"acq_date":"2026-07-26","acq_time":1000,"confidence":"n","satellite":"N","instrument":"VIIRS","version":"2.0NRT","bright_ti4":346.99,"frp":8.45,"daynight":"N"},"geometry":{"type":"Point","coordinates":[-118.34831,42.94635]}},{"type":"Feature","properties":{"acq_date":"2026-07-26","acq_time":1000,"confidence":"n","satellite":"N","instrument":"VIIRS","version":"2.0NRT","bright_ti4":326.38,"frp":8.45,"daynight":"N"},"geometry":{"type":"Point","coordinates":[-118.34278,42.94893]}},{"type":"Feature","properties":{"acq_date":"2026-07-26","acq_time":1000,"confidence":"n","satellite":"N","instrument":"VIIRS","version":"2.0NRT","bright_ti4":305.5,"frp":8.45,"daynight":"N"},"geometry":{"type":"Point","coordinates":[-118.34737,42.94964]}},{"type":"Feature","properties":{"acq_date":"2026-07-26","acq_time":1000,"confidence":"n","satellite":"N","instrument":"VIIRS","version":"2.0NRT","bright_ti4":319.34,"frp":2.21,"daynight":"N"},"geometry":{"type":"Point","coordinates":[-118.30374,42.94977]}},{"type":"Feature","properties":{"acq_date":"2026-07-26","acq_time":1000,"confidence":"n","satellite":"N","instrument":"VIIRS","version":"2.0NRT","bright_ti4":343.44,"frp":8.61,"daynight":"N"},"geometry":{"type":"Point","coordinates":[-118.35201,42.95035]}},{"type":"Feature","properties":{"acq_date":"2026-07-26","acq_time":1000,"confidence":"n","satellite":"N","instrument":"VIIRS","version":"2.0NRT","bright_ti4":322.43,"frp":2.47,"daynight":"N"},"geometry":{"type":"Point","coordinates":[-118.37622,42.95063]}},{"type":"Feature","properties":{"acq_date":"2026-07-26","acq_time":1000,"confidence":"n","satellite":"N","instrument":"VIIRS","version":"2.0NRT","bright_ti4":339.86,"frp":12.67,"daynight":"N"},"geometry":{"type":"Point","coordinates":[-118.38087,42.95135]}},{"type":"Feature","properties":{"acq_date":"2026-07-26","acq_time":1000,"confidence":"n","satellite":"N","instrument":"VIIRS","version":"2.0NRT","bright_ti4":309.96,"frp":1.66,"daynight":"N"},"geometry":{"type":"Point","coordinates":[-118.3372,42.9515]}},{"type":"Feature","properties":{"acq_date":"2026-07-26","acq_time":1000,"confidence":"n","satellite":"N","instrument":"VIIRS","version":"2.0NRT","bright_ti4":309.09,"frp":1.28,"daynight":"N"},"geometry":{"type":"Point","coordinates":[-118.34181,42.95221]}},{"type":"Feature","properties":{"acq_date":"2026-07-26","acq_time":1000,"confidence":"n","satellite":"N","instrument":"VIIRS","version":"2.0NRT","bright_ti4":320.96,"frp":7.41,"daynight":"N"},"geometry":{"type":"Point","coordinates":[-118.29811,42.95234]}},{"type":"Feature","properties":{"acq_date":"2026-07-26","acq_time":1000,"confidence":"n","satellite":"N","instrument":"VIIRS","version":"2.0NRT","bright_ti4":354.99,"frp":6.09,"daynight":"N"},"geometry":{"type":"Point","coordinates":[-118.30281,42.95306]}},{"type":"Feature","properties":{"acq_date":"2026-07-26","acq_time":1000,"confidence":"n","satellite":"N","instrument":"VIIRS","version":"2.0NRT","bright_ti4":304.25,"frp":1.02,"daynight":"N"},"geometry":{"type":"Point","coordinates":[-118.35106,42.95363]}},{"type":"Feature","properties":{"acq_date":"2026-07-26","acq_time":1000,"confidence":"n","satellite":"N","instrument":"VIIRS","version":"2.0NRT","bright_ti4":301.8,"frp":2.47,"daynight":"N"},"geometry":{"type":"Point","coordinates":[-118.37531,42.95392]}},{"type":"Feature","properties":{"acq_date":"2026-07-26","acq_time":1000,"confidence":"n","satellite":"N","instrument":"VIIRS","version":"2.0NRT","bright_ti4":330.52,"frp":3.86,"daynight":"N"},"geometry":{"type":"Point","coordinates":[-118.28778,42.95418]}},{"type":"Feature","properties":{"acq_date":"2026-07-26","acq_time":1000,"confidence":"n","satellite":"N","instrument":"VIIRS","version":"2.0NRT","bright_ti4":305.85,"frp":1.02,"daynight":"N"},"geometry":{"type":"Point","coordinates":[-118.35569,42.95434]}},{"type":"Feature","properties":{"acq_date":"2026-07-26","acq_time":1000,"confidence":"n","satellite":"N","instrument":"VIIRS","version":"2.0NRT","bright_ti4":342.01,"frp":12.67,"daynight":"N"},"geometry":{"type":"Point","coordinates":[-118.37995,42.95463]}},{"type":"Feature","properties":{"acq_date":"2026-07-26","acq_time":1000,"confidence":"n","satellite":"N","instrument":"VIIRS","version":"2.0NRT","bright_ti4":317.67,"frp":1.66,"daynight":"N"},"geometry":{"type":"Point","coordinates":[-118.33625,42.95478]}},{"type":"Feature","properties":{"acq_date":"2026-07-26","acq_time":1000,"confidence":"h","satellite":"N","instrument":"VIIRS","version":"2.0NRT","bright_ti4":367,"frp":7.41,"daynight":"N"},"geometry":{"type":"Point","coordinates":[-118.29247,42.9549]}},{"type":"Feature","properties":{"acq_date":"2026-07-26","acq_time":1000,"confidence":"n","satellite":"N","instrument":"VIIRS","version":"2.0NRT","bright_ti4":316.88,"frp":6.62,"daynight":"N"},"geometry":{"type":"Point","coordinates":[-118.42148,42.95509]}},{"type":"Feature","properties":{"acq_date":"2026-07-26","acq_time":1000,"confidence":"n","satellite":"N","instrument":"VIIRS","version":"2.0NRT","bright_ti4":335.11,"frp":12.67,"daynight":"N"},"geometry":{"type":"Point","coordinates":[-118.38461,42.95535]}},{"type":"Feature","properties":{"acq_date":"2026-07-26","acq_time":1000,"confidence":"n","satellite":"N","instrument":"VIIRS","version":"2.0NRT","bright_ti4":306.17,"frp":1.28,"daynight":"N"},"geometry":{"type":"Point","coordinates":[-118.34088,42.95549]}},{"type":"Feature","properties":{"acq_date":"2026-07-26","acq_time":1000,"confidence":"n","satellite":"N","instrument":"VIIRS","version":"2.0NRT","bright_ti4":351.04,"frp":7.41,"daynight":"N"},"geometry":{"type":"Point","coordinates":[-118.29717,42.95562]}},{"type":"Feature","properties":{"acq_date":"2026-07-26","acq_time":1000,"confidence":"n","satellite":"N","instrument":"VIIRS","version":"2.0NRT","bright_ti4":343.42,"frp":30.92,"daynight":"N"},"geometry":{"type":"Point","coordinates":[-118.42618,42.95581]}},{"type":"Feature","properties":{"acq_date":"2026-07-26","acq_time":1000,"confidence":"n","satellite":"N","instrument":"VIIRS","version":"2.0NRT","bright_ti4":307.47,"frp":95.75,"daynight":"N"},"geometry":{"type":"Point","coordinates":[-118.4136,42.95634]}},{"type":"Feature","properties":{"acq_date":"2026-07-26","acq_time":1000,"confidence":"n","satellite":"N","instrument":"VIIRS","version":"2.0NRT","bright_ti4":323.13,"frp":6.09,"daynight":"N"},"geometry":{"type":"Point","coordinates":[-118.30186,42.95634]}},{"type":"Feature","properties":{"acq_date":"2026-07-26","acq_time":1000,"confidence":"n","satellite":"N","instrument":"VIIRS","version":"2.0NRT","bright_ti4":334.41,"frp":30.92,"daynight":"N"},"geometry":{"type":"Point","coordinates":[-118.43088,42.95653]}},{"type":"Feature","properties":{"acq_date":"2026-07-26","acq_time":1000,"confidence":"n","satellite":"N","instrument":"VIIRS","version":"2.0NRT","bright_ti4":330.65,"frp":24.17,"daynight":"N"},"geometry":{"type":"Point","coordinates":[-118.4183,42.95705]}},{"type":"Feature","properties":{"acq_date":"2026-07-26","acq_time":1000,"confidence":"n","satellite":"N","instrument":"VIIRS","version":"2.0NRT","bright_ti4":340.54,"frp":32.85,"daynight":"N"},"geometry":{"type":"Point","coordinates":[-118.43559,42.95725]}},{"type":"Feature","properties":{"acq_date":"2026-07-26","acq_time":1000,"confidence":"n","satellite":"N","instrument":"VIIRS","version":"2.0NRT","bright_ti4":304.62,"frp":1.02,"daynight":"N"},"geometry":{"type":"Point","coordinates":[-118.35479,42.95763]}},{"type":"Feature","properties":{"acq_date":"2026-07-26","acq_time":1000,"confidence":"h","satellite":"N","instrument":"VIIRS","version":"2.0NRT","bright_ti4":367,"frp":24.17,"daynight":"N"},"geometry":{"type":"Point","coordinates":[-118.42298,42.95776]}},{"type":"Feature","properties":{"acq_date":"2026-07-26","acq_time":1000,"confidence":"n","satellite":"N","instrument":"VIIRS","version":"2.0NRT","bright_ti4":323.17,"frp":32.85,"daynight":"N"},"geometry":{"type":"Point","coordinates":[-118.44026,42.95797]}},{"type":"Feature","properties":{"acq_date":"2026-07-26","acq_time":1000,"confidence":"n","satellite":"N","instrument":"VIIRS","version":"2.0NRT","bright_ti4":321.37,"frp":3.35,"daynight":"N"},"geometry":{"type":"Point","coordinates":[-118.33533,42.95806]}},{"type":"Feature","properties":{"acq_date":"2026-07-26","acq_time":1000,"confidence":"n","satellite":"N","instrument":"VIIRS","version":"2.0NRT","bright_ti4":354.49,"frp":27.46,"daynight":"N"},"geometry":{"type":"Point","coordinates":[-118.42768,42.95848]}},{"type":"Feature","properties":{"acq_date":"2026-07-26","acq_time":1000,"confidence":"n","satellite":"N","instrument":"VIIRS","version":"2.0NRT","bright_ti4":305.88,"frp":1.1,"daynight":"N"},"geometry":{"type":"Point","coordinates":[-118.38371,42.95863]}},{"type":"Feature","properties":{"acq_date":"2026-07-26","acq_time":1000,"confidence":"n","satellite":"N","instrument":"VIIRS","version":"2.0NRT","bright_ti4":301.75,"frp":0.85,"daynight":"N"},"geometry":{"type":"Point","coordinates":[-118.44495,42.95868]}},{"type":"Feature","properties":{"acq_date":"2026-07-26","acq_time":1000,"confidence":"n","satellite":"N","instrument":"VIIRS","version":"2.0NRT","bright_ti4":321.04,"frp":1.42,"daynight":"N"},"geometry":{"type":"Point","coordinates":[-118.33995,42.95877]}},{"type":"Feature","properties":{"acq_date":"2026-07-26","acq_time":1000,"confidence":"h","satellite":"N","instrument":"VIIRS","version":"2.0NRT","bright_ti4":367,"frp":27.46,"daynight":"N"},"geometry":{"type":"Point","coordinates":[-118.43238,42.95919]}},{"type":"Feature","properties":{"acq_date":"2026-07-26","acq_time":1000,"confidence":"n","satellite":"N","instrument":"VIIRS","version":"2.0NRT","bright_ti4":310.31,"frp":1.42,"daynight":"N"},"geometry":{"type":"Point","coordinates":[-118.34458,42.95948]}},{"type":"Feature","properties":{"acq_date":"2026-07-26","acq_time":1000,"confidence":"h","satellite":"N","instrument":"VIIRS","version":"2.0NRT","bright_ti4":367,"frp":95.75,"daynight":"N"},"geometry":{"type":"Point","coordinates":[-118.41268,42.95963]}},{"type":"Feature","properties":{"acq_date":"2026-07-26","acq_time":1000,"confidence":"n","satellite":"N","instrument":"VIIRS","version":"2.0NRT","bright_ti4":350.05,"frp":8.93,"daynight":"N"},"geometry":{"type":"Point","coordinates":[-118.43708,42.95991]}},{"type":"Feature","properties":{"acq_date":"2026-07-26","acq_time":1000,"confidence":"n","satellite":"N","instrument":"VIIRS","version":"2.0NRT","bright_ti4":311.87,"frp":1.51,"daynight":"N"},"geometry":{"type":"Point","coordinates":[-118.34923,42.9602]}},{"type":"Feature","properties":{"acq_date":"2026-07-26","acq_time":1000,"confidence":"n","satellite":"N","instrument":"VIIRS","version":"2.0NRT","bright_ti4":335.3,"frp":24.17,"daynight":"N"},"geometry":{"type":"Point","coordinates":[-118.41737,42.96033]}},{"type":"Feature","properties":{"acq_date":"2026-07-26","acq_time":1000,"confidence":"n","satellite":"N","instrument":"VIIRS","version":"2.0NRT","bright_ti4":337.53,"frp":8.93,"daynight":"N"},"geometry":{"type":"Point","coordinates":[-118.44176,42.96062]}},{"type":"Feature","properties":{"acq_date":"2026-07-26","acq_time":1000,"confidence":"n","satellite":"N","instrument":"VIIRS","version":"2.0NRT","bright_ti4":338.28,"frp":3.35,"daynight":"N"},"geometry":{"type":"Point","coordinates":[-118.32975,42.96062]}},{"type":"Feature","properties":{"acq_date":"2026-07-26","acq_time":1000,"confidence":"n","satellite":"N","instrument":"VIIRS","version":"2.0NRT","bright_ti4":306.93,"frp":1.51,"daynight":"N"},"geometry":{"type":"Point","coordinates":[-118.35387,42.96091]}},{"type":"Feature","properties":{"acq_date":"2026-07-26","acq_time":1000,"confidence":"n","satellite":"N","instrument":"VIIRS","version":"2.0NRT","bright_ti4":350.43,"frp":24.17,"daynight":"N"},"geometry":{"type":"Point","coordinates":[-118.42207,42.96105]}},{"type":"Feature","properties":{"acq_date":"2026-07-26","acq_time":1000,"confidence":"n","satellite":"N","instrument":"VIIRS","version":"2.0NRT","bright_ti4":332.39,"frp":2.75,"daynight":"N"},"geometry":{"type":"Point","coordinates":[-118.44645,42.96133]}},{"type":"Feature","properties":{"acq_date":"2026-07-26","acq_time":1000,"confidence":"n","satellite":"N","instrument":"VIIRS","version":"2.0NRT","bright_ti4":326.26,"frp":27.46,"daynight":"N"},"geometry":{"type":"Point","coordinates":[-118.42677,42.96177]}},{"type":"Feature","properties":{"acq_date":"2026-07-26","acq_time":1000,"confidence":"n","satellite":"N","instrument":"VIIRS","version":"2.0NRT","bright_ti4":305.63,"frp":1.42,"daynight":"N"},"geometry":{"type":"Point","coordinates":[-118.33905,42.96206]}},{"type":"Feature","properties":{"acq_date":"2026-07-26","acq_time":1000,"confidence":"n","satellite":"N","instrument":"VIIRS","version":"2.0NRT","bright_ti4":323.41,"frp":2.24,"daynight":"N"},"geometry":{"type":"Point","coordinates":[-118.40708,42.96219]}},{"type":"Feature","properties":{"acq_date":"2026-07-26","acq_time":1000,"confidence":"n","satellite":"N","instrument":"VIIRS","version":"2.0NRT","bright_ti4":330.22,"frp":27.46,"daynight":"N"},"geometry":{"type":"Point","coordinates":[-118.43147,42.96248]}},{"type":"Feature","properties":{"acq_date":"2026-07-26","acq_time":1000,"confidence":"n","satellite":"N","instrument":"VIIRS","version":"2.0NRT","bright_ti4":322.97,"frp":1.42,"daynight":"N"},"geometry":{"type":"Point","coordinates":[-118.34366,42.96277]}},{"type":"Feature","properties":{"acq_date":"2026-07-26","acq_time":1000,"confidence":"n","satellite":"N","instrument":"VIIRS","version":"2.0NRT","bright_ti4":333.77,"frp":2.24,"daynight":"N"},"geometry":{"type":"Point","coordinates":[-118.41177,42.96291]}},{"type":"Feature","properties":{"acq_date":"2026-07-26","acq_time":1000,"confidence":"n","satellite":"N","instrument":"VIIRS","version":"2.0NRT","bright_ti4":313.13,"frp":8.93,"daynight":"N"},"geometry":{"type":"Point","coordinates":[-118.43616,42.96319]}},{"type":"Feature","properties":{"acq_date":"2026-07-26","acq_time":1000,"confidence":"n","satellite":"N","instrument":"VIIRS","version":"2.0NRT","bright_ti4":326.46,"frp":1.51,"daynight":"N"},"geometry":{"type":"Point","coordinates":[-118.34829,42.96348]}},{"type":"Feature","properties":{"acq_date":"2026-07-26","acq_time":1000,"confidence":"n","satellite":"N","instrument":"VIIRS","version":"2.0NRT","bright_ti4":312.48,"frp":1.37,"daynight":"N"},"geometry":{"type":"Point","coordinates":[-118.41645,42.96362]}},{"type":"Feature","properties":{"acq_date":"2026-07-26","acq_time":1000,"confidence":"n","satellite":"N","instrument":"VIIRS","version":"2.0NRT","bright_ti4":314.19,"frp":8.93,"daynight":"N"},"geometry":{"type":"Point","coordinates":[-118.44085,42.9639]}},{"type":"Feature","properties":{"acq_date":"2026-07-26","acq_time":1000,"confidence":"n","satellite":"N","instrument":"VIIRS","version":"2.0NRT","bright_ti4":319.1,"frp":1.55,"daynight":"N"},"geometry":{"type":"Point","coordinates":[-118.32878,42.96391]}},{"type":"Feature","properties":{"acq_date":"2026-07-26","acq_time":1000,"confidence":"n","satellite":"N","instrument":"VIIRS","version":"2.0NRT","bright_ti4":315.37,"frp":1.51,"daynight":"N"},"geometry":{"type":"Point","coordinates":[-118.35294,42.96419]}},{"type":"Feature","properties":{"acq_date":"2026-07-26","acq_time":1000,"confidence":"n","satellite":"N","instrument":"VIIRS","version":"2.0NRT","bright_ti4":321.91,"frp":1.37,"daynight":"N"},"geometry":{"type":"Point","coordinates":[-118.42115,42.96434]}},{"type":"Feature","properties":{"acq_date":"2026-07-26","acq_time":1000,"confidence":"n","satellite":"N","instrument":"VIIRS","version":"2.0NRT","bright_ti4":302.86,"frp":2.75,"daynight":"N"},"geometry":{"type":"Point","coordinates":[-118.44553,42.96461]}},{"type":"Feature","properties":{"acq_date":"2026-07-26","acq_time":1000,"confidence":"n","satellite":"N","instrument":"VIIRS","version":"2.0NRT","bright_ti4":319.1,"frp":1.55,"daynight":"N"},"geometry":{"type":"Point","coordinates":[-118.33342,42.96462]}},{"type":"Feature","properties":{"acq_date":"2026-07-26","acq_time":1000,"confidence":"n","satellite":"N","instrument":"VIIRS","version":"2.0NRT","bright_ti4":303.89,"frp":0.88,"daynight":"N"},"geometry":{"type":"Point","coordinates":[-118.40148,42.96476]}},{"type":"Feature","properties":{"acq_date":"2026-07-26","acq_time":1000,"confidence":"n","satellite":"N","instrument":"VIIRS","version":"2.0NRT","bright_ti4":306.32,"frp":2.19,"daynight":"N"},"geometry":{"type":"Point","coordinates":[-118.35759,42.9649]}},{"type":"Feature","properties":{"acq_date":"2026-07-26","acq_time":1000,"confidence":"n","satellite":"N","instrument":"VIIRS","version":"2.0NRT","bright_ti4":307.95,"frp":0.87,"daynight":"N"},"geometry":{"type":"Point","coordinates":[-118.42585,42.96505]}},{"type":"Feature","properties":{"acq_date":"2026-07-26","acq_time":1000,"confidence":"n","satellite":"N","instrument":"VIIRS","version":"2.0NRT","bright_ti4":327.57,"frp":1.69,"daynight":"N"},"geometry":{"type":"Point","coordinates":[-118.33807,42.96534]}},{"type":"Feature","properties":{"acq_date":"2026-07-26","acq_time":1000,"confidence":"n","satellite":"N","instrument":"VIIRS","version":"2.0NRT","bright_ti4":322.82,"frp":2.24,"daynight":"N"},"geometry":{"type":"Point","coordinates":[-118.40615,42.96548]}},{"type":"Feature","properties":{"acq_date":"2026-07-26","acq_time":1000,"confidence":"n","satellite":"N","instrument":"VIIRS","version":"2.0NRT","bright_ti4":298.21,"frp":0.87,"daynight":"N"},"geometry":{"type":"Point","coordinates":[-118.43055,42.96576]}},{"type":"Feature","properties":{"acq_date":"2026-07-26","acq_time":1000,"confidence":"n","satellite":"N","instrument":"VIIRS","version":"2.0NRT","bright_ti4":331.36,"frp":1.69,"daynight":"N"},"geometry":{"type":"Point","coordinates":[-118.34268,42.96605]}},{"type":"Feature","properties":{"acq_date":"2026-07-26","acq_time":1000,"confidence":"n","satellite":"N","instrument":"VIIRS","version":"2.0NRT","bright_ti4":297.59,"frp":2.24,"daynight":"N"},"geometry":{"type":"Point","coordinates":[-118.41084,42.96619]}},{"type":"Feature","properties":{"acq_date":"2026-07-26","acq_time":1000,"confidence":"n","satellite":"N","instrument":"VIIRS","version":"2.0NRT","bright_ti4":304.73,"frp":1.05,"daynight":"N"},"geometry":{"type":"Point","coordinates":[-118.43525,42.96648]}},{"type":"Feature","properties":{"acq_date":"2026-07-26","acq_time":1000,"confidence":"n","satellite":"N","instrument":"VIIRS","version":"2.0NRT","bright_ti4":307.13,"frp":1.69,"daynight":"N"},"geometry":{"type":"Point","coordinates":[-118.34733,42.96675]}},{"type":"Feature","properties":{"acq_date":"2026-07-26","acq_time":1000,"confidence":"n","satellite":"N","instrument":"VIIRS","version":"2.0NRT","bright_ti4":317.2,"frp":1.55,"daynight":"N"},"geometry":{"type":"Point","coordinates":[-118.32781,42.96718]}},{"type":"Feature","properties":{"acq_date":"2026-07-26","acq_time":1000,"confidence":"n","satellite":"N","instrument":"VIIRS","version":"2.0NRT","bright_ti4":305.77,"frp":1.05,"daynight":"N"},"geometry":{"type":"Point","coordinates":[-118.43995,42.96719]}},{"type":"Feature","properties":{"acq_date":"2026-07-26","acq_time":1000,"confidence":"n","satellite":"N","instrument":"VIIRS","version":"2.0NRT","bright_ti4":304.09,"frp":1.37,"daynight":"N"},"geometry":{"type":"Point","coordinates":[-118.42022,42.96762]}},{"type":"Feature","properties":{"acq_date":"2026-07-26","acq_time":1000,"confidence":"n","satellite":"N","instrument":"VIIRS","version":"2.0NRT","bright_ti4":298.32,"frp":0.85,"daynight":"N"},"geometry":{"type":"Point","coordinates":[-118.40057,42.96805]}},{"type":"Feature","properties":{"acq_date":"2026-07-26","acq_time":1000,"confidence":"n","satellite":"N","instrument":"VIIRS","version":"2.0NRT","bright_ti4":300.65,"frp":0.87,"daynight":"N"},"geometry":{"type":"Point","coordinates":[-118.42492,42.96833]}},{"type":"Feature","properties":{"acq_date":"2026-07-26","acq_time":1000,"confidence":"n","satellite":"N","instrument":"VIIRS","version":"2.0NRT","bright_ti4":299.14,"frp":0.76,"daynight":"N"},"geometry":{"type":"Point","coordinates":[-118.44929,42.96861]}},{"type":"Feature","properties":{"acq_date":"2026-07-26","acq_time":1000,"confidence":"n","satellite":"N","instrument":"VIIRS","version":"2.0NRT","bright_ti4":305.29,"frp":1.69,"daynight":"N"},"geometry":{"type":"Point","coordinates":[-118.33711,42.96861]}},{"type":"Feature","properties":{"acq_date":"2026-07-26","acq_time":1000,"confidence":"n","satellite":"N","instrument":"VIIRS","version":"2.0NRT","bright_ti4":317.3,"frp":1.16,"daynight":"N"},"geometry":{"type":"Point","coordinates":[-118.40524,42.96876]}},{"type":"Feature","properties":{"acq_date":"2026-07-26","acq_time":1000,"confidence":"n","satellite":"N","instrument":"VIIRS","version":"2.0NRT","bright_ti4":312.26,"frp":1.69,"daynight":"N"},"geometry":{"type":"Point","coordinates":[-118.34173,42.96933]}},{"type":"Feature","properties":{"acq_date":"2026-07-26","acq_time":1000,"confidence":"n","satellite":"N","instrument":"VIIRS","version":"2.0NRT","bright_ti4":355.56,"frp":17.01,"daynight":"N"},"geometry":{"type":"Point","coordinates":[-118.48305,42.97031]}},{"type":"Feature","properties":{"acq_date":"2026-07-26","acq_time":1000,"confidence":"n","satellite":"N","instrument":"VIIRS","version":"2.0NRT","bright_ti4":313.37,"frp":1.21,"daynight":"N"},"geometry":{"type":"Point","coordinates":[-118.32685,42.97046]}},{"type":"Feature","properties":{"acq_date":"2026-07-26","acq_time":1000,"confidence":"n","satellite":"N","instrument":"VIIRS","version":"2.0NRT","bright_ti4":300.56,"frp":0.68,"daynight":"N"},"geometry":{"type":"Point","coordinates":[-118.46336,42.97075]}},{"type":"Feature","properties":{"acq_date":"2026-07-26","acq_time":1000,"confidence":"n","satellite":"N","instrument":"VIIRS","version":"2.0NRT","bright_ti4":301.68,"frp":0.68,"daynight":"N"},"geometry":{"type":"Point","coordinates":[-118.46806,42.97146]}},{"type":"Feature","properties":{"acq_date":"2026-07-26","acq_time":1000,"confidence":"n","satellite":"N","instrument":"VIIRS","version":"2.0NRT","bright_ti4":304.96,"frp":1.16,"daynight":"N"},"geometry":{"type":"Point","coordinates":[-118.40432,42.97204]}},{"type":"Feature","properties":{"acq_date":"2026-07-26","acq_time":1000,"confidence":"n","satellite":"N","instrument":"VIIRS","version":"2.0NRT","bright_ti4":338.94,"frp":2.52,"daynight":"N"},"geometry":{"type":"Point","coordinates":[-118.47277,42.97217]}},{"type":"Feature","properties":{"acq_date":"2026-07-26","acq_time":1000,"confidence":"n","satellite":"N","instrument":"VIIRS","version":"2.0NRT","bright_ti4":319.79,"frp":2.52,"daynight":"N"},"geometry":{"type":"Point","coordinates":[-118.47747,42.97289]}},{"type":"Feature","properties":{"acq_date":"2026-07-26","acq_time":1000,"confidence":"n","satellite":"N","instrument":"VIIRS","version":"2.0NRT","bright_ti4":354.85,"frp":3.95,"daynight":"N"},"geometry":{"type":"Point","coordinates":[-118.48213,42.97359]}},{"type":"Feature","properties":{"acq_date":"2026-07-26","acq_time":1000,"confidence":"n","satellite":"N","instrument":"VIIRS","version":"2.0NRT","bright_ti4":313.98,"frp":1.21,"daynight":"N"},"geometry":{"type":"Point","coordinates":[-118.3259,42.97374]}},{"type":"Feature","properties":{"acq_date":"2026-07-26","acq_time":1000,"confidence":"n","satellite":"N","instrument":"VIIRS","version":"2.0NRT","bright_ti4":348.17,"frp":5.35,"daynight":"N"},"geometry":{"type":"Point","coordinates":[-118.88723,42.97387]}},{"type":"Feature","properties":{"acq_date":"2026-07-26","acq_time":1000,"confidence":"n","satellite":"N","instrument":"VIIRS","version":"2.0NRT","bright_ti4":341.72,"frp":3.95,"daynight":"N"},"geometry":{"type":"Point","coordinates":[-118.48679,42.9743]}},{"type":"Feature","properties":{"acq_date":"2026-07-26","acq_time":1000,"confidence":"n","satellite":"N","instrument":"VIIRS","version":"2.0NRT","bright_ti4":307.06,"frp":1.23,"daynight":"N"},"geometry":{"type":"Point","coordinates":[-118.89186,42.97456]}},{"type":"Feature","properties":{"acq_date":"2026-07-26","acq_time":1000,"confidence":"n","satellite":"N","instrument":"VIIRS","version":"2.0NRT","bright_ti4":302.38,"frp":0.68,"daynight":"N"},"geometry":{"type":"Point","coordinates":[-118.46713,42.97474]}},{"type":"Feature","properties":{"acq_date":"2026-07-26","acq_time":1000,"confidence":"n","satellite":"N","instrument":"VIIRS","version":"2.0NRT","bright_ti4":311.86,"frp":1.46,"daynight":"N"},"geometry":{"type":"Point","coordinates":[-118.49146,42.97501]}},{"type":"Feature","properties":{"acq_date":"2026-07-26","acq_time":1000,"confidence":"n","satellite":"N","instrument":"VIIRS","version":"2.0NRT","bright_ti4":319.07,"frp":2.52,"daynight":"N"},"geometry":{"type":"Point","coordinates":[-118.47185,42.97546]}},{"type":"Feature","properties":{"acq_date":"2026-07-26","acq_time":1000,"confidence":"n","satellite":"N","instrument":"VIIRS","version":"2.0NRT","bright_ti4":328.35,"frp":2.52,"daynight":"N"},"geometry":{"type":"Point","coordinates":[-118.47654,42.97617]}},{"type":"Feature","properties":{"acq_date":"2026-07-26","acq_time":1000,"confidence":"n","satellite":"N","instrument":"VIIRS","version":"2.0NRT","bright_ti4":312.87,"frp":1.61,"daynight":"N"},"geometry":{"type":"Point","coordinates":[-118.32031,42.97631]}},{"type":"Feature","properties":{"acq_date":"2026-07-26","acq_time":1000,"confidence":"n","satellite":"N","instrument":"VIIRS","version":"2.0NRT","bright_ti4":311.09,"frp":3.95,"daynight":"N"},"geometry":{"type":"Point","coordinates":[-118.48123,42.97688]}},{"type":"Feature","properties":{"acq_date":"2026-07-26","acq_time":1000,"confidence":"n","satellite":"N","instrument":"VIIRS","version":"2.0NRT","bright_ti4":326.39,"frp":1.8,"daynight":"N"},"geometry":{"type":"Point","coordinates":[-118.32491,42.97702]}},{"type":"Feature","properties":{"acq_date":"2026-07-26","acq_time":1000,"confidence":"n","satellite":"N","instrument":"VIIRS","version":"2.0NRT","bright_ti4":343.79,"frp":5.35,"daynight":"N"},"geometry":{"type":"Point","coordinates":[-118.88631,42.97717]}},{"type":"Feature","properties":{"acq_date":"2026-07-26","acq_time":1000,"confidence":"n","satellite":"N","instrument":"VIIRS","version":"2.0NRT","bright_ti4":322.99,"frp":3.95,"daynight":"N"},"geometry":{"type":"Point","coordinates":[-118.48589,42.97759]}},{"type":"Feature","properties":{"acq_date":"2026-07-26","acq_time":1000,"confidence":"n","satellite":"N","instrument":"VIIRS","version":"2.0NRT","bright_ti4":301.13,"frp":1.23,"daynight":"N"},"geometry":{"type":"Point","coordinates":[-118.89095,42.97786]}},{"type":"Feature","properties":{"acq_date":"2026-07-26","acq_time":1000,"confidence":"n","satellite":"N","instrument":"VIIRS","version":"2.0NRT","bright_ti4":314.76,"frp":1.46,"daynight":"N"},"geometry":{"type":"Point","coordinates":[-118.49056,42.9783]}},{"type":"Feature","properties":{"acq_date":"2026-07-26","acq_time":1000,"confidence":"n","satellite":"N","instrument":"VIIRS","version":"2.0NRT","bright_ti4":298.33,"frp":0.72,"daynight":"N"},"geometry":{"type":"Point","coordinates":[-118.47092,42.97874]}},{"type":"Feature","properties":{"acq_date":"2026-07-26","acq_time":1000,"confidence":"n","satellite":"N","instrument":"VIIRS","version":"2.0NRT","bright_ti4":305.43,"frp":0.72,"daynight":"N"},"geometry":{"type":"Point","coordinates":[-118.47563,42.97945]}},{"type":"Feature","properties":{"acq_date":"2026-07-26","acq_time":1000,"confidence":"n","satellite":"N","instrument":"VIIRS","version":"2.0NRT","bright_ti4":311.29,"frp":1.75,"daynight":"N"},"geometry":{"type":"Point","coordinates":[-118.36316,42.97945]}},{"type":"Feature","properties":{"acq_date":"2026-07-26","acq_time":1000,"confidence":"n","satellite":"N","instrument":"VIIRS","version":"2.0NRT","bright_ti4":322.1,"frp":1.61,"daynight":"N"},"geometry":{"type":"Point","coordinates":[-118.31934,42.97959]}},{"type":"Feature","properties":{"acq_date":"2026-07-26","acq_time":1000,"confidence":"n","satellite":"N","instrument":"VIIRS","version":"2.0NRT","bright_ti4":300.61,"frp":1.49,"daynight":"N"},"geometry":{"type":"Point","coordinates":[-118.88078,42.97979]}},{"type":"Feature","properties":{"acq_date":"2026-07-26","acq_time":1000,"confidence":"n","satellite":"N","instrument":"VIIRS","version":"2.0NRT","bright_ti4":308.43,"frp":1.17,"daynight":"N"},"geometry":{"type":"Point","coordinates":[-118.48032,42.98017]}},{"type":"Feature","properties":{"acq_date":"2026-07-26","acq_time":1000,"confidence":"n","satellite":"N","instrument":"VIIRS","version":"2.0NRT","bright_ti4":317.11,"frp":1.8,"daynight":"N"},"geometry":{"type":"Point","coordinates":[-118.32396,42.9803]}},{"type":"Feature","properties":{"acq_date":"2026-07-26","acq_time":1000,"confidence":"n","satellite":"N","instrument":"VIIRS","version":"2.0NRT","bright_ti4":314.01,"frp":1.17,"daynight":"N"},"geometry":{"type":"Point","coordinates":[-118.48497,42.98087]}},{"type":"Feature","properties":{"acq_date":"2026-07-26","acq_time":1000,"confidence":"n","satellite":"N","instrument":"VIIRS","version":"2.0NRT","bright_ti4":298.11,"frp":0.23,"daynight":"N"},"geometry":{"type":"Point","coordinates":[-118.86584,42.981]}},{"type":"Feature","properties":{"acq_date":"2026-07-26","acq_time":1000,"confidence":"n","satellite":"N","instrument":"VIIRS","version":"2.0NRT","bright_ti4":304.63,"frp":1.23,"daynight":"N"},"geometry":{"type":"Point","coordinates":[-118.48965,42.98159]}},{"type":"Feature","properties":{"acq_date":"2026-07-26","acq_time":1000,"confidence":"n","satellite":"N","instrument":"VIIRS","version":"2.0NRT","bright_ti4":336.21,"frp":4.64,"daynight":"N"},"geometry":{"type":"Point","coordinates":[-118.37719,42.9816]}},{"type":"Feature","properties":{"acq_date":"2026-07-26","acq_time":1000,"confidence":"n","satellite":"N","instrument":"VIIRS","version":"2.0NRT","bright_ti4":302.57,"frp":1.23,"daynight":"N"},"geometry":{"type":"Point","coordinates":[-118.87055,42.98171]}},{"type":"Feature","properties":{"acq_date":"2026-07-26","acq_time":1000,"confidence":"n","satellite":"N","instrument":"VIIRS","version":"2.0NRT","bright_ti4":314.4,"frp":1.74,"daynight":"N"},"geometry":{"type":"Point","coordinates":[-118.33327,42.98173]}},{"type":"Feature","properties":{"acq_date":"2026-07-26","acq_time":1000,"confidence":"n","satellite":"N","instrument":"VIIRS","version":"2.0NRT","bright_ti4":300.13,"frp":1.23,"daynight":"N"},"geometry":{"type":"Point","coordinates":[-118.49434,42.9823]}},{"type":"Feature","properties":{"acq_date":"2026-07-26","acq_time":1000,"confidence":"n","satellite":"N","instrument":"VIIRS","version":"2.0NRT","bright_ti4":356.46,"frp":9.22,"daynight":"N"},"geometry":{"type":"Point","coordinates":[-118.36226,42.98274]}},{"type":"Feature","properties":{"acq_date":"2026-07-26","acq_time":1000,"confidence":"n","satellite":"N","instrument":"VIIRS","version":"2.0NRT","bright_ti4":315.29,"frp":1.22,"daynight":"N"},"geometry":{"type":"Point","coordinates":[-118.3184,42.98286]}},{"type":"Feature","properties":{"acq_date":"2026-07-26","acq_time":1000,"confidence":"n","satellite":"N","instrument":"VIIRS","version":"2.0NRT","bright_ti4":327.84,"frp":9.22,"daynight":"N"},"geometry":{"type":"Point","coordinates":[-118.36692,42.98345]}},{"type":"Feature","properties":{"acq_date":"2026-07-26","acq_time":1000,"confidence":"n","satellite":"N","instrument":"VIIRS","version":"2.0NRT","bright_ti4":304.32,"frp":0.57,"daynight":"N"},"geometry":{"type":"Point","coordinates":[-118.323,42.98357]}},{"type":"Feature","properties":{"acq_date":"2026-07-26","acq_time":1000,"confidence":"n","satellite":"N","instrument":"VIIRS","version":"2.0NRT","bright_ti4":307.09,"frp":1.17,"daynight":"N"},"geometry":{"type":"Point","coordinates":[-118.48405,42.98416]}},{"type":"Feature","properties":{"acq_date":"2026-07-26","acq_time":1000,"confidence":"n","satellite":"N","instrument":"VIIRS","version":"2.0NRT","bright_ti4":318.02,"frp":1.31,"daynight":"N"},"geometry":{"type":"Point","coordinates":[-118.86491,42.98431]}},{"type":"Feature","properties":{"acq_date":"2026-07-26","acq_time":1000,"confidence":"n","satellite":"N","instrument":"VIIRS","version":"2.0NRT","bright_ti4":301.95,"frp":1.16,"daynight":"N"},"geometry":{"type":"Point","coordinates":[-118.88917,42.98447]}},{"type":"Feature","properties":{"acq_date":"2026-07-26","acq_time":1000,"confidence":"n","satellite":"N","instrument":"VIIRS","version":"2.0NRT","bright_ti4":313.16,"frp":1.23,"daynight":"N"},"geometry":{"type":"Point","coordinates":[-118.48873,42.98487]}},{"type":"Feature","properties":{"acq_date":"2026-07-26","acq_time":1000,"confidence":"n","satellite":"N","instrument":"VIIRS","version":"2.0NRT","bright_ti4":312.66,"frp":0.92,"daynight":"N"},"geometry":{"type":"Point","coordinates":[-118.37625,42.98488]}},{"type":"Feature","properties":{"acq_date":"2026-07-26","acq_time":1000,"confidence":"n","satellite":"N","instrument":"VIIRS","version":"2.0NRT","bright_ti4":319.16,"frp":1.38,"daynight":"N"},"geometry":{"type":"Point","coordinates":[-118.86965,42.98501]}},{"type":"Feature","properties":{"acq_date":"2026-07-26","acq_time":1000,"confidence":"n","satellite":"N","instrument":"VIIRS","version":"2.0NRT","bright_ti4":304.06,"frp":1.16,"daynight":"N"},"geometry":{"type":"Point","coordinates":[-118.89383,42.98516]}},{"type":"Feature","properties":{"acq_date":"2026-07-26","acq_time":1000,"confidence":"n","satellite":"N","instrument":"VIIRS","version":"2.0NRT","bright_ti4":323.65,"frp":1.23,"daynight":"N"},"geometry":{"type":"Point","coordinates":[-118.49342,42.98558]}},{"type":"Feature","properties":{"acq_date":"2026-07-26","acq_time":1000,"confidence":"n","satellite":"N","instrument":"VIIRS","version":"2.0NRT","bright_ti4":303.84,"frp":1.38,"daynight":"N"},"geometry":{"type":"Point","coordinates":[-118.87434,42.9857]}},{"type":"Feature","properties":{"acq_date":"2026-07-26","acq_time":1000,"confidence":"n","satellite":"N","instrument":"VIIRS","version":"2.0NRT","bright_ti4":311.82,"frp":1.22,"daynight":"N"},"geometry":{"type":"Point","coordinates":[-118.31748,42.98615]}},{"type":"Feature","properties":{"acq_date":"2026-07-26","acq_time":1000,"confidence":"n","satellite":"N","instrument":"VIIRS","version":"2.0NRT","bright_ti4":302.5,"frp":0.77,"daynight":"N"},"geometry":{"type":"Point","coordinates":[-118.48315,42.98745]}},{"type":"Feature","properties":{"acq_date":"2026-07-26","acq_time":1000,"confidence":"n","satellite":"N","instrument":"VIIRS","version":"2.0NRT","bright_ti4":311.43,"frp":1.42,"daynight":"N"},"geometry":{"type":"Point","coordinates":[-118.48782,42.98816]}},{"type":"Feature","properties":{"acq_date":"2026-07-26","acq_time":1000,"confidence":"n","satellite":"N","instrument":"VIIRS","version":"2.0NRT","bright_ti4":304.41,"frp":1.38,"daynight":"N"},"geometry":{"type":"Point","coordinates":[-118.86872,42.98831]}},{"type":"Feature","properties":{"acq_date":"2026-07-26","acq_time":1000,"confidence":"n","satellite":"N","instrument":"VIIRS","version":"2.0NRT","bright_ti4":317.27,"frp":1.42,"daynight":"N"},"geometry":{"type":"Point","coordinates":[-118.4925,42.98887]}},{"type":"Feature","properties":{"acq_date":"2026-07-26","acq_time":1000,"confidence":"n","satellite":"N","instrument":"VIIRS","version":"2.0NRT","bright_ti4":312.05,"frp":1.38,"daynight":"N"},"geometry":{"type":"Point","coordinates":[-118.87343,42.98901]}},{"type":"Feature","properties":{"acq_date":"2026-07-26","acq_time":1000,"confidence":"n","satellite":"N","instrument":"VIIRS","version":"2.0NRT","bright_ti4":339,"frp":2.72,"daynight":"N"},"geometry":{"type":"Point","coordinates":[-118.89764,42.98916]}},{"type":"Feature","properties":{"acq_date":"2026-07-26","acq_time":1000,"confidence":"n","satellite":"N","instrument":"VIIRS","version":"2.0NRT","bright_ti4":304.24,"frp":0.86,"daynight":"N"},"geometry":{"type":"Point","coordinates":[-118.36046,42.98931]}},{"type":"Feature","properties":{"acq_date":"2026-07-26","acq_time":1000,"confidence":"n","satellite":"N","instrument":"VIIRS","version":"2.0NRT","bright_ti4":299.52,"frp":0.77,"daynight":"N"},"geometry":{"type":"Point","coordinates":[-118.47757,42.99003]}},{"type":"Feature","properties":{"acq_date":"2026-07-26","acq_time":1000,"confidence":"n","satellite":"N","instrument":"VIIRS","version":"2.0NRT","bright_ti4":322.26,"frp":1.07,"daynight":"N"},"geometry":{"type":"Point","coordinates":[-118.32116,42.99014]}},{"type":"Feature","properties":{"acq_date":"2026-07-26","acq_time":1000,"confidence":"n","satellite":"N","instrument":"VIIRS","version":"2.0NRT","bright_ti4":300.87,"frp":0.77,"daynight":"N"},"geometry":{"type":"Point","coordinates":[-118.48224,42.99074]}},{"type":"Feature","properties":{"acq_date":"2026-07-26","acq_time":1000,"confidence":"n","satellite":"N","instrument":"VIIRS","version":"2.0NRT","bright_ti4":307.28,"frp":1.42,"daynight":"N"},"geometry":{"type":"Point","coordinates":[-118.4869,42.99144]}},{"type":"Feature","properties":{"acq_date":"2026-07-26","acq_time":1000,"confidence":"n","satellite":"N","instrument":"VIIRS","version":"2.0NRT","bright_ti4":307.59,"frp":0.9,"daynight":"N"},"geometry":{"type":"Point","coordinates":[-118.86782,42.99161]}},{"type":"Feature","properties":{"acq_date":"2026-07-26","acq_time":1000,"confidence":"n","satellite":"N","instrument":"VIIRS","version":"2.0NRT","bright_ti4":300.13,"frp":1.47,"daynight":"N"},"geometry":{"type":"Point","coordinates":[-118.89205,42.99177]}},{"type":"Feature","properties":{"acq_date":"2026-07-26","acq_time":1000,"confidence":"n","satellite":"N","instrument":"VIIRS","version":"2.0NRT","bright_ti4":321.91,"frp":1.42,"daynight":"N"},"geometry":{"type":"Point","coordinates":[-118.49157,42.99215]}},{"type":"Feature","properties":{"acq_date":"2026-07-26","acq_time":1000,"confidence":"n","satellite":"N","instrument":"VIIRS","version":"2.0NRT","bright_ti4":311.07,"frp":2.72,"daynight":"N"},"geometry":{"type":"Point","coordinates":[-118.89674,42.99247]}},{"type":"Feature","properties":{"acq_date":"2026-07-26","acq_time":1000,"confidence":"n","satellite":"N","instrument":"VIIRS","version":"2.0NRT","bright_ti4":300.54,"frp":1.18,"daynight":"N"},"geometry":{"type":"Point","coordinates":[-118.49627,42.99287]}},{"type":"Feature","properties":{"acq_date":"2026-07-26","acq_time":1000,"confidence":"n","satellite":"N","instrument":"VIIRS","version":"2.0NRT","bright_ti4":314.49,"frp":1.07,"daynight":"N"},"geometry":{"type":"Point","coordinates":[-118.32027,42.99342]}},{"type":"Feature","properties":{"acq_date":"2026-07-26","acq_time":1000,"confidence":"n","satellite":"N","instrument":"VIIRS","version":"2.0NRT","bright_ti4":303.07,"frp":1.07,"daynight":"N"},"geometry":{"type":"Point","coordinates":[-118.32488,42.99414]}},{"type":"Feature","properties":{"acq_date":"2026-07-26","acq_time":1000,"confidence":"n","satellite":"N","instrument":"VIIRS","version":"2.0NRT","bright_ti4":302.64,"frp":0.85,"daynight":"N"},"geometry":{"type":"Point","coordinates":[-118.48598,42.99473]}},{"type":"Feature","properties":{"acq_date":"2026-07-26","acq_time":1000,"confidence":"n","satellite":"N","instrument":"VIIRS","version":"2.0NRT","bright_ti4":297,"frp":0.85,"daynight":"N"},"geometry":{"type":"Point","coordinates":[-118.49065,42.99544]}},{"type":"Feature","properties":{"acq_date":"2026-07-26","acq_time":1000,"confidence":"n","satellite":"N","instrument":"VIIRS","version":"2.0NRT","bright_ti4":344.53,"frp":4.77,"daynight":"N"},"geometry":{"type":"Point","coordinates":[-118.31475,42.996]}},{"type":"Feature","properties":{"acq_date":"2026-07-26","acq_time":1000,"confidence":"n","satellite":"N","instrument":"VIIRS","version":"2.0NRT","bright_ti4":339.9,"frp":6.47,"daynight":"N"},"geometry":{"type":"Point","coordinates":[-118.31937,42.99671]}},{"type":"Feature","properties":{"acq_date":"2026-07-26","acq_time":1000,"confidence":"n","satellite":"N","instrument":"VIIRS","version":"2.0NRT","bright_ti4":348.71,"frp":6.47,"daynight":"N"},"geometry":{"type":"Point","coordinates":[-118.32398,42.99742]}},{"type":"Feature","properties":{"acq_date":"2026-07-26","acq_time":1000,"confidence":"n","satellite":"N","instrument":"VIIRS","version":"2.0NRT","bright_ti4":311.03,"frp":0.93,"daynight":"N"},"geometry":{"type":"Point","coordinates":[-118.79227,42.99752]}},{"type":"Feature","properties":{"acq_date":"2026-07-26","acq_time":1000,"confidence":"n","satellite":"N","instrument":"VIIRS","version":"2.0NRT","bright_ti4":331.14,"frp":2.05,"daynight":"N"},"geometry":{"type":"Point","coordinates":[-118.32863,42.99813]}},{"type":"Feature","properties":{"acq_date":"2026-07-26","acq_time":1000,"confidence":"n","satellite":"N","instrument":"VIIRS","version":"2.0NRT","bright_ti4":315.03,"frp":1.59,"daynight":"N"},"geometry":{"type":"Point","coordinates":[-118.35768,42.99916]}},{"type":"Feature","properties":{"acq_date":"2026-07-26","acq_time":1000,"confidence":"n","satellite":"N","instrument":"VIIRS","version":"2.0NRT","bright_ti4":341.42,"frp":4.77,"daynight":"N"},"geometry":{"type":"Point","coordinates":[-118.31384,42.99929]}},{"type":"Feature","properties":{"acq_date":"2026-07-26","acq_time":1000,"confidence":"n","satellite":"N","instrument":"VIIRS","version":"2.0NRT","bright_ti4":320,"frp":1.59,"daynight":"N"},"geometry":{"type":"Point","coordinates":[-118.36238,42.99988]}},{"type":"Feature","properties":{"acq_date":"2026-07-26","acq_time":1000,"confidence":"n","satellite":"N","instrument":"VIIRS","version":"2.0NRT","bright_ti4":353.39,"frp":6.47,"daynight":"N"},"geometry":{"type":"Point","coordinates":[-118.31847,43]}},{"type":"Feature","properties":{"acq_date":"2026-07-26","acq_time":1000,"confidence":"n","satellite":"N","instrument":"VIIRS","version":"2.0NRT","bright_ti4":309.77,"frp":0.82,"daynight":"N"},"geometry":{"type":"Point","coordinates":[-118.85561,43.00011]}},{"type":"Feature","properties":{"acq_date":"2026-07-26","acq_time":1000,"confidence":"n","satellite":"N","instrument":"VIIRS","version":"2.0NRT","bright_ti4":332.3,"frp":3.24,"daynight":"N"},"geometry":{"type":"Point","coordinates":[-118.34266,43.00028]}},{"type":"Feature","properties":{"acq_date":"2026-07-26","acq_time":1000,"confidence":"n","satellite":"N","instrument":"VIIRS","version":"2.0NRT","bright_ti4":318.87,"frp":6.47,"daynight":"N"},"geometry":{"type":"Point","coordinates":[-118.3231,43.00071]}},{"type":"Feature","properties":{"acq_date":"2026-07-26","acq_time":1000,"confidence":"n","satellite":"N","instrument":"VIIRS","version":"2.0NRT","bright_ti4":295.5,"frp":0.82,"daynight":"N"},"geometry":{"type":"Point","coordinates":[-118.86034,43.00082]}},{"type":"Feature","properties":{"acq_date":"2026-07-26","acq_time":1000,"confidence":"n","satellite":"N","instrument":"VIIRS","version":"2.0NRT","bright_ti4":302.95,"frp":0.74,"daynight":"N"},"geometry":{"type":"Point","coordinates":[-118.79139,43.00082]}},{"type":"Feature","properties":{"acq_date":"2026-07-26","acq_time":1000,"confidence":"n","satellite":"N","instrument":"VIIRS","version":"2.0NRT","bright_ti4":311.26,"frp":2.05,"daynight":"N"},"geometry":{"type":"Point","coordinates":[-118.32773,43.00142]}},{"type":"Feature","properties":{"acq_date":"2026-07-26","acq_time":1000,"confidence":"n","satellite":"N","instrument":"VIIRS","version":"2.0NRT","bright_ti4":296.79,"frp":0.29,"daynight":"N"},"geometry":{"type":"Point","coordinates":[-118.86506,43.00151]}},{"type":"Feature","properties":{"acq_date":"2026-07-26","acq_time":1000,"confidence":"n","satellite":"N","instrument":"VIIRS","version":"2.0NRT","bright_ti4":312.49,"frp":1.93,"daynight":"N"},"geometry":{"type":"Point","coordinates":[-118.7961,43.00153]}},{"type":"Feature","properties":{"acq_date":"2026-07-26","acq_time":1000,"confidence":"n","satellite":"N","instrument":"VIIRS","version":"2.0NRT","bright_ti4":303.81,"frp":1.83,"daynight":"N"},"geometry":{"type":"Point","coordinates":[-118.48887,43.00202]}},{"type":"Feature","properties":{"acq_date":"2026-07-26","acq_time":1000,"confidence":"n","satellite":"N","instrument":"VIIRS","version":"2.0NRT","bright_ti4":321.29,"frp":2.05,"daynight":"N"},"geometry":{"type":"Point","coordinates":[-118.33237,43.00213]}},{"type":"Feature","properties":{"acq_date":"2026-07-26","acq_time":1000,"confidence":"n","satellite":"N","instrument":"VIIRS","version":"2.0NRT","bright_ti4":336.6,"frp":1.93,"daynight":"N"},"geometry":{"type":"Point","coordinates":[-118.8008,43.00223]}},{"type":"Feature","properties":{"acq_date":"2026-07-26","acq_time":1000,"confidence":"n","satellite":"N","instrument":"VIIRS","version":"2.0NRT","bright_ti4":315.34,"frp":3.04,"daynight":"N"},"geometry":{"type":"Point","coordinates":[-118.84998,43.0027]}},{"type":"Feature","properties":{"acq_date":"2026-07-26","acq_time":1000,"confidence":"n","satellite":"N","instrument":"VIIRS","version":"2.0NRT","bright_ti4":345.74,"frp":3.24,"daynight":"N"},"geometry":{"type":"Point","coordinates":[-118.33701,43.00284]}},{"type":"Feature","properties":{"acq_date":"2026-07-26","acq_time":1000,"confidence":"n","satellite":"N","instrument":"VIIRS","version":"2.0NRT","bright_ti4":342.8,"frp":6.75,"daynight":"N"},"geometry":{"type":"Point","coordinates":[-118.85471,43.00341]}},{"type":"Feature","properties":{"acq_date":"2026-07-26","acq_time":1000,"confidence":"n","satellite":"N","instrument":"VIIRS","version":"2.0NRT","bright_ti4":303.92,"frp":3.24,"daynight":"N"},"geometry":{"type":"Point","coordinates":[-118.34171,43.00356]}},{"type":"Feature","properties":{"acq_date":"2026-07-26","acq_time":1000,"confidence":"n","satellite":"N","instrument":"VIIRS","version":"2.0NRT","bright_ti4":334.66,"frp":6.54,"daynight":"N"},"geometry":{"type":"Point","coordinates":[-118.29795,43.0037]}},{"type":"Feature","properties":{"acq_date":"2026-07-26","acq_time":1000,"confidence":"n","satellite":"N","instrument":"VIIRS","version":"2.0NRT","bright_ti4":322.1,"frp":6.75,"daynight":"N"},"geometry":{"type":"Point","coordinates":[-118.85944,43.00411]}},{"type":"Feature","properties":{"acq_date":"2026-07-26","acq_time":1000,"confidence":"n","satellite":"N","instrument":"VIIRS","version":"2.0NRT","bright_ti4":313.41,"frp":1.04,"daynight":"N"},"geometry":{"type":"Point","coordinates":[-118.33148,43.00542]}},{"type":"Feature","properties":{"acq_date":"2026-07-26","acq_time":1000,"confidence":"n","satellite":"N","instrument":"VIIRS","version":"2.0NRT","bright_ti4":300.4,"frp":1.93,"daynight":"N"},"geometry":{"type":"Point","coordinates":[-118.79991,43.00554]}},{"type":"Feature","properties":{"acq_date":"2026-07-26","acq_time":1000,"confidence":"n","satellite":"N","instrument":"VIIRS","version":"2.0NRT","bright_ti4":303.32,"frp":1.06,"daynight":"N"},"geometry":{"type":"Point","coordinates":[-118.49262,43.00602]}},{"type":"Feature","properties":{"acq_date":"2026-07-26","acq_time":1000,"confidence":"n","satellite":"N","instrument":"VIIRS","version":"2.0NRT","bright_ti4":303.96,"frp":1.09,"daynight":"N"},"geometry":{"type":"Point","coordinates":[-118.38011,43.00602]}},{"type":"Feature","properties":{"acq_date":"2026-07-26","acq_time":1000,"confidence":"n","satellite":"N","instrument":"VIIRS","version":"2.0NRT","bright_ti4":340.78,"frp":18.16,"daynight":"N"},"geometry":{"type":"Point","coordinates":[-118.38477,43.00673]}},{"type":"Feature","properties":{"acq_date":"2026-07-26","acq_time":1000,"confidence":"n","satellite":"N","instrument":"VIIRS","version":"2.0NRT","bright_ti4":310.96,"frp":2.21,"daynight":"N"},"geometry":{"type":"Point","coordinates":[-118.48706,43.0086]}},{"type":"Feature","properties":{"acq_date":"2026-07-26","acq_time":1000,"confidence":"n","satellite":"N","instrument":"VIIRS","version":"2.0NRT","bright_ti4":301.32,"frp":1.09,"daynight":"N"},"geometry":{"type":"Point","coordinates":[-118.37923,43.0093]}},{"type":"Feature","properties":{"acq_date":"2026-07-26","acq_time":1000,"confidence":"n","satellite":"N","instrument":"VIIRS","version":"2.0NRT","bright_ti4":319.48,"frp":1.45,"daynight":"N"},"geometry":{"type":"Point","coordinates":[-118.49172,43.00931]}},{"type":"Feature","properties":{"acq_date":"2026-07-26","acq_time":1000,"confidence":"n","satellite":"N","instrument":"VIIRS","version":"2.0NRT","bright_ti4":308.78,"frp":8.74,"daynight":"N"},"geometry":{"type":"Point","coordinates":[-118.22323,43.00931]}},{"type":"Feature","properties":{"acq_date":"2026-07-26","acq_time":1000,"confidence":"n","satellite":"N","instrument":"VIIRS","version":"2.0NRT","bright_ti4":348.78,"frp":18.16,"daynight":"N"},"geometry":{"type":"Point","coordinates":[-118.38387,43.01001]}},{"type":"Feature","properties":{"acq_date":"2026-07-26","acq_time":1000,"confidence":"n","satellite":"N","instrument":"VIIRS","version":"2.0NRT","bright_ti4":342.57,"frp":5.86,"daynight":"N"},"geometry":{"type":"Point","coordinates":[-118.22791,43.01004]}},{"type":"Feature","properties":{"acq_date":"2026-07-26","acq_time":1000,"confidence":"n","satellite":"N","instrument":"VIIRS","version":"2.0NRT","bright_ti4":322.43,"frp":18.16,"daynight":"N"},"geometry":{"type":"Point","coordinates":[-118.38853,43.01073]}},{"type":"Feature","properties":{"acq_date":"2026-07-26","acq_time":1000,"confidence":"h","satellite":"N","instrument":"VIIRS","version":"2.0NRT","bright_ti4":367,"frp":13.96,"daynight":"N"},"geometry":{"type":"Point","coordinates":[-118.30065,43.01096]}},{"type":"Feature","properties":{"acq_date":"2026-07-26","acq_time":1000,"confidence":"n","satellite":"N","instrument":"VIIRS","version":"2.0NRT","bright_ti4":319.73,"frp":1.24,"daynight":"N"},"geometry":{"type":"Point","coordinates":[-118.23723,43.01147]}},{"type":"Feature","properties":{"acq_date":"2026-07-26","acq_time":1000,"confidence":"n","satellite":"N","instrument":"VIIRS","version":"2.0NRT","bright_ti4":303.14,"frp":1.24,"daynight":"N"},"geometry":{"type":"Point","coordinates":[-118.24188,43.01219]}},{"type":"Feature","properties":{"acq_date":"2026-07-26","acq_time":1000,"confidence":"n","satellite":"N","instrument":"VIIRS","version":"2.0NRT","bright_ti4":343.74,"frp":8.74,"daynight":"N"},"geometry":{"type":"Point","coordinates":[-118.22231,43.01259]}},{"type":"Feature","properties":{"acq_date":"2026-07-26","acq_time":1000,"confidence":"n","satellite":"N","instrument":"VIIRS","version":"2.0NRT","bright_ti4":303.15,"frp":1.45,"daynight":"N"},"geometry":{"type":"Point","coordinates":[-118.49082,43.0126]}},{"type":"Feature","properties":{"acq_date":"2026-07-26","acq_time":1000,"confidence":"n","satellite":"N","instrument":"VIIRS","version":"2.0NRT","bright_ti4":296.33,"frp":0.56,"daynight":"N"},"geometry":{"type":"Point","coordinates":[-118.87175,43.01282]}},{"type":"Feature","properties":{"acq_date":"2026-07-26","acq_time":1000,"confidence":"n","satellite":"N","instrument":"VIIRS","version":"2.0NRT","bright_ti4":311.12,"frp":1.04,"daynight":"N"},"geometry":{"type":"Point","coordinates":[-118.29047,43.01282]}},{"type":"Feature","properties":{"acq_date":"2026-07-26","acq_time":1000,"confidence":"n","satellite":"N","instrument":"VIIRS","version":"2.0NRT","bright_ti4":296.4,"frp":0.51,"daynight":"N"},"geometry":{"type":"Point","coordinates":[-118.38297,43.0133]}},{"type":"Feature","properties":{"acq_date":"2026-07-26","acq_time":1000,"confidence":"n","satellite":"N","instrument":"VIIRS","version":"2.0NRT","bright_ti4":347.26,"frp":5.86,"daynight":"N"},"geometry":{"type":"Point","coordinates":[-118.22698,43.01331]}},{"type":"Feature","properties":{"acq_date":"2026-07-26","acq_time":1000,"confidence":"n","satellite":"N","instrument":"VIIRS","version":"2.0NRT","bright_ti4":317.06,"frp":1.64,"daynight":"N"},"geometry":{"type":"Point","coordinates":[-118.29507,43.01353]}},{"type":"Feature","properties":{"acq_date":"2026-07-26","acq_time":1000,"confidence":"n","satellite":"N","instrument":"VIIRS","version":"2.0NRT","bright_ti4":298.91,"frp":0.51,"daynight":"N"},"geometry":{"type":"Point","coordinates":[-118.38761,43.01401]}},{"type":"Feature","properties":{"acq_date":"2026-07-26","acq_time":1000,"confidence":"n","satellite":"N","instrument":"VIIRS","version":"2.0NRT","bright_ti4":328.47,"frp":5.86,"daynight":"N"},"geometry":{"type":"Point","coordinates":[-118.23164,43.01403]}},{"type":"Feature","properties":{"acq_date":"2026-07-26","acq_time":1000,"confidence":"n","satellite":"N","instrument":"VIIRS","version":"2.0NRT","bright_ti4":327.97,"frp":1.64,"daynight":"N"},"geometry":{"type":"Point","coordinates":[-118.2997,43.01424]}},{"type":"Feature","properties":{"acq_date":"2026-07-26","acq_time":1000,"confidence":"n","satellite":"N","instrument":"VIIRS","version":"2.0NRT","bright_ti4":305.05,"frp":0.94,"daynight":"N"},"geometry":{"type":"Point","coordinates":[-118.48046,43.01445]}},{"type":"Feature","properties":{"acq_date":"2026-07-26","acq_time":1000,"confidence":"n","satellite":"N","instrument":"VIIRS","version":"2.0NRT","bright_ti4":309.41,"frp":1.24,"daynight":"N"},"geometry":{"type":"Point","coordinates":[-118.2363,43.01475]}},{"type":"Feature","properties":{"acq_date":"2026-07-26","acq_time":1000,"confidence":"n","satellite":"N","instrument":"VIIRS","version":"2.0NRT","bright_ti4":313.62,"frp":0.94,"daynight":"N"},"geometry":{"type":"Point","coordinates":[-118.48521,43.01517]}},{"type":"Feature","properties":{"acq_date":"2026-07-26","acq_time":1000,"confidence":"n","satellite":"N","instrument":"VIIRS","version":"2.0NRT","bright_ti4":324.54,"frp":1.24,"daynight":"N"},"geometry":{"type":"Point","coordinates":[-118.24097,43.01547]}},{"type":"Feature","properties":{"acq_date":"2026-07-26","acq_time":1000,"confidence":"n","satellite":"N","instrument":"VIIRS","version":"2.0NRT","bright_ti4":308.76,"frp":2.29,"daynight":"N"},"geometry":{"type":"Point","coordinates":[-118.48989,43.01588]}},{"type":"Feature","properties":{"acq_date":"2026-07-26","acq_time":1000,"confidence":"n","satellite":"N","instrument":"VIIRS","version":"2.0NRT","bright_ti4":308.57,"frp":1.04,"daynight":"N"},"geometry":{"type":"Point","coordinates":[-118.28952,43.0161]}},{"type":"Feature","properties":{"acq_date":"2026-07-26","acq_time":1000,"confidence":"n","satellite":"N","instrument":"VIIRS","version":"2.0NRT","bright_ti4":305.03,"frp":0.56,"daynight":"N"},"geometry":{"type":"Point","coordinates":[-118.87083,43.01612]}},{"type":"Feature","properties":{"acq_date":"2026-07-26","acq_time":1000,"confidence":"n","satellite":"N","instrument":"VIIRS","version":"2.0NRT","bright_ti4":310.46,"frp":1.04,"daynight":"N"},"geometry":{"type":"Point","coordinates":[-118.24564,43.01619]}},{"type":"Feature","properties":{"acq_date":"2026-07-26","acq_time":1000,"confidence":"n","satellite":"N","instrument":"VIIRS","version":"2.0NRT","bright_ti4":318.8,"frp":1.34,"daynight":"N"},"geometry":{"type":"Point","coordinates":[-118.22607,43.0166]}},{"type":"Feature","properties":{"acq_date":"2026-07-26","acq_time":1000,"confidence":"n","satellite":"N","instrument":"VIIRS","version":"2.0NRT","bright_ti4":312.34,"frp":1.64,"daynight":"N"},"geometry":{"type":"Point","coordinates":[-118.29414,43.0168]}},{"type":"Feature","properties":{"acq_date":"2026-07-26","acq_time":1000,"confidence":"n","satellite":"N","instrument":"VIIRS","version":"2.0NRT","bright_ti4":312.52,"frp":1.34,"daynight":"N"},"geometry":{"type":"Point","coordinates":[-118.23073,43.01732]}},{"type":"Feature","properties":{"acq_date":"2026-07-26","acq_time":1000,"confidence":"n","satellite":"N","instrument":"VIIRS","version":"2.0NRT","bright_ti4":305.22,"frp":0.94,"daynight":"N"},"geometry":{"type":"Point","coordinates":[-118.47951,43.01774]}},{"type":"Feature","properties":{"acq_date":"2026-07-26","acq_time":1000,"confidence":"n","satellite":"N","instrument":"VIIRS","version":"2.0NRT","bright_ti4":304.64,"frp":1.37,"daynight":"N"},"geometry":{"type":"Point","coordinates":[-118.23538,43.01804]}},{"type":"Feature","properties":{"acq_date":"2026-07-26","acq_time":1000,"confidence":"n","satellite":"N","instrument":"VIIRS","version":"2.0NRT","bright_ti4":303.33,"frp":0.62,"daynight":"N"},"geometry":{"type":"Point","coordinates":[-118.25971,43.01837]}},{"type":"Feature","properties":{"acq_date":"2026-07-26","acq_time":1000,"confidence":"h","satellite":"N","instrument":"VIIRS","version":"2.0NRT","bright_ti4":367,"frp":35.15,"daynight":"N"},"geometry":{"type":"Point","coordinates":[-118.21581,43.01844]}},{"type":"Feature","properties":{"acq_date":"2026-07-26","acq_time":1000,"confidence":"n","satellite":"N","instrument":"VIIRS","version":"2.0NRT","bright_ti4":305.22,"frp":0.94,"daynight":"N"},"geometry":{"type":"Point","coordinates":[-118.48425,43.01846]}},{"type":"Feature","properties":{"acq_date":"2026-07-26","acq_time":1000,"confidence":"n","satellite":"N","instrument":"VIIRS","version":"2.0NRT","bright_ti4":308.02,"frp":3.74,"daynight":"N"},"geometry":{"type":"Point","coordinates":[-118.28394,43.01867]}},{"type":"Feature","properties":{"acq_date":"2026-07-26","acq_time":1000,"confidence":"n","satellite":"N","instrument":"VIIRS","version":"2.0NRT","bright_ti4":336.15,"frp":2.29,"daynight":"N"},"geometry":{"type":"Point","coordinates":[-118.48896,43.01917]}},{"type":"Feature","properties":{"acq_date":"2026-07-26","acq_time":1000,"confidence":"n","satellite":"N","instrument":"VIIRS","version":"2.0NRT","bright_ti4":347.34,"frp":35.15,"daynight":"N"},"geometry":{"type":"Point","coordinates":[-118.22048,43.01917]}},{"type":"Feature","properties":{"acq_date":"2026-07-26","acq_time":1000,"confidence":"n","satellite":"N","instrument":"VIIRS","version":"2.0NRT","bright_ti4":301.84,"frp":1.16,"daynight":"N"},"geometry":{"type":"Point","coordinates":[-118.24473,43.01948]}},{"type":"Feature","properties":{"acq_date":"2026-07-26","acq_time":1000,"confidence":"n","satellite":"N","instrument":"VIIRS","version":"2.0NRT","bright_ti4":314.46,"frp":2.29,"daynight":"N"},"geometry":{"type":"Point","coordinates":[-118.49366,43.01989]}},{"type":"Feature","properties":{"acq_date":"2026-07-26","acq_time":1000,"confidence":"n","satellite":"N","instrument":"VIIRS","version":"2.0NRT","bright_ti4":322.35,"frp":1.34,"daynight":"N"},"geometry":{"type":"Point","coordinates":[-118.22515,43.01989]}},{"type":"Feature","properties":{"acq_date":"2026-07-26","acq_time":1000,"confidence":"n","satellite":"N","instrument":"VIIRS","version":"2.0NRT","bright_ti4":308.97,"frp":1.34,"daynight":"N"},"geometry":{"type":"Point","coordinates":[-118.22981,43.02061]}},{"type":"Feature","properties":{"acq_date":"2026-07-26","acq_time":1000,"confidence":"n","satellite":"N","instrument":"VIIRS","version":"2.0NRT","bright_ti4":316.08,"frp":1.86,"daynight":"N"},"geometry":{"type":"Point","coordinates":[-118.21489,43.02173]}},{"type":"Feature","properties":{"acq_date":"2026-07-26","acq_time":1000,"confidence":"n","satellite":"N","instrument":"VIIRS","version":"2.0NRT","bright_ti4":326.4,"frp":2.67,"daynight":"N"},"geometry":{"type":"Point","coordinates":[-118.48329,43.02174]}},{"type":"Feature","properties":{"acq_date":"2026-07-26","acq_time":1000,"confidence":"n","satellite":"N","instrument":"VIIRS","version":"2.0NRT","bright_ti4":344.12,"frp":3.74,"daynight":"N"},"geometry":{"type":"Point","coordinates":[-118.28296,43.02194]}},{"type":"Feature","properties":{"acq_date":"2026-07-26","acq_time":1000,"confidence":"n","satellite":"N","instrument":"VIIRS","version":"2.0NRT","bright_ti4":324.61,"frp":1.86,"daynight":"N"},"geometry":{"type":"Point","coordinates":[-118.21957,43.02245]}},{"type":"Feature","properties":{"acq_date":"2026-07-26","acq_time":1000,"confidence":"n","satellite":"N","instrument":"VIIRS","version":"2.0NRT","bright_ti4":335.99,"frp":4.61,"daynight":"N"},"geometry":{"type":"Point","coordinates":[-118.48801,43.02246]}},{"type":"Feature","properties":{"acq_date":"2026-07-26","acq_time":1000,"confidence":"n","satellite":"N","instrument":"VIIRS","version":"2.0NRT","bright_ti4":334.33,"frp":3.74,"daynight":"N"},"geometry":{"type":"Point","coordinates":[-118.28758,43.02264]}},{"type":"Feature","properties":{"acq_date":"2026-07-26","acq_time":1000,"confidence":"n","satellite":"N","instrument":"VIIRS","version":"2.0NRT","bright_ti4":342.12,"frp":4.61,"daynight":"N"},"geometry":{"type":"Point","coordinates":[-118.49274,43.02317]}},{"type":"Feature","properties":{"acq_date":"2026-07-26","acq_time":1000,"confidence":"n","satellite":"N","instrument":"VIIRS","version":"2.0NRT","bright_ti4":299.23,"frp":1.25,"daynight":"N"},"geometry":{"type":"Point","coordinates":[-118.83675,43.02327]}},{"type":"Feature","properties":{"acq_date":"2026-07-26","acq_time":1000,"confidence":"n","satellite":"N","instrument":"VIIRS","version":"2.0NRT","bright_ti4":319.19,"frp":1.16,"daynight":"N"},"geometry":{"type":"Point","coordinates":[-118.2485,43.02349]}},{"type":"Feature","properties":{"acq_date":"2026-07-26","acq_time":1000,"confidence":"n","satellite":"N","instrument":"VIIRS","version":"2.0NRT","bright_ti4":308.23,"frp":1.99,"daynight":"N"},"geometry":{"type":"Point","coordinates":[-118.47291,43.02359]}},{"type":"Feature","properties":{"acq_date":"2026-07-26","acq_time":1000,"confidence":"n","satellite":"N","instrument":"VIIRS","version":"2.0NRT","bright_ti4":304.58,"frp":1.37,"daynight":"N"},"geometry":{"type":"Point","coordinates":[-118.84149,43.02397]}},{"type":"Feature","properties":{"acq_date":"2026-07-26","acq_time":1000,"confidence":"n","satellite":"N","instrument":"VIIRS","version":"2.0NRT","bright_ti4":297.09,"frp":0.69,"daynight":"N"},"geometry":{"type":"Point","coordinates":[-118.40913,43.02415]}},{"type":"Feature","properties":{"acq_date":"2026-07-26","acq_time":1000,"confidence":"n","satellite":"N","instrument":"VIIRS","version":"2.0NRT","bright_ti4":316.42,"frp":2.67,"daynight":"N"},"geometry":{"type":"Point","coordinates":[-118.47762,43.0243]}},{"type":"Feature","properties":{"acq_date":"2026-07-26","acq_time":1000,"confidence":"n","satellite":"N","instrument":"VIIRS","version":"2.0NRT","bright_ti4":331.37,"frp":2.67,"daynight":"N"},"geometry":{"type":"Point","coordinates":[-118.48236,43.02502]}},{"type":"Feature","properties":{"acq_date":"2026-07-26","acq_time":1000,"confidence":"n","satellite":"N","instrument":"VIIRS","version":"2.0NRT","bright_ti4":346.05,"frp":3.74,"daynight":"N"},"geometry":{"type":"Point","coordinates":[-118.28197,43.02521]}},{"type":"Feature","properties":{"acq_date":"2026-07-26","acq_time":1000,"confidence":"n","satellite":"N","instrument":"VIIRS","version":"2.0NRT","bright_ti4":342.83,"frp":4.61,"daynight":"N"},"geometry":{"type":"Point","coordinates":[-118.48709,43.02574]}},{"type":"Feature","properties":{"acq_date":"2026-07-26","acq_time":1000,"confidence":"n","satellite":"N","instrument":"VIIRS","version":"2.0NRT","bright_ti4":298.33,"frp":0.81,"daynight":"N"},"geometry":{"type":"Point","coordinates":[-118.83114,43.02588]}},{"type":"Feature","properties":{"acq_date":"2026-07-26","acq_time":1000,"confidence":"n","satellite":"N","instrument":"VIIRS","version":"2.0NRT","bright_ti4":345.83,"frp":3.74,"daynight":"N"},"geometry":{"type":"Point","coordinates":[-118.28661,43.02592]}},{"type":"Feature","properties":{"acq_date":"2026-07-26","acq_time":1000,"confidence":"n","satellite":"N","instrument":"VIIRS","version":"2.0NRT","bright_ti4":312.16,"frp":2.59,"daynight":"N"},"geometry":{"type":"Point","coordinates":[-118.46727,43.02616]}},{"type":"Feature","properties":{"acq_date":"2026-07-26","acq_time":1000,"confidence":"n","satellite":"N","instrument":"VIIRS","version":"2.0NRT","bright_ti4":300.68,"frp":0.74,"daynight":"N"},"geometry":{"type":"Point","coordinates":[-118.91698,43.02642]}},{"type":"Feature","properties":{"acq_date":"2026-07-26","acq_time":1000,"confidence":"n","satellite":"N","instrument":"VIIRS","version":"2.0NRT","bright_ti4":332.1,"frp":4.61,"daynight":"N"},"geometry":{"type":"Point","coordinates":[-118.49181,43.02646]}},{"type":"Feature","properties":{"acq_date":"2026-07-26","acq_time":1000,"confidence":"n","satellite":"N","instrument":"VIIRS","version":"2.0NRT","bright_ti4":309.39,"frp":0.81,"daynight":"N"},"geometry":{"type":"Point","coordinates":[-118.83587,43.02658]}},{"type":"Feature","properties":{"acq_date":"2026-07-26","acq_time":1000,"confidence":"n","satellite":"N","instrument":"VIIRS","version":"2.0NRT","bright_ti4":339.1,"frp":2.59,"daynight":"N"},"geometry":{"type":"Point","coordinates":[-118.47198,43.02687]}},{"type":"Feature","properties":{"acq_date":"2026-07-26","acq_time":1000,"confidence":"n","satellite":"N","instrument":"VIIRS","version":"2.0NRT","bright_ti4":349.14,"frp":5.85,"daynight":"N"},"geometry":{"type":"Point","coordinates":[-118.47669,43.02759]}},{"type":"Feature","properties":{"acq_date":"2026-07-26","acq_time":1000,"confidence":"n","satellite":"N","instrument":"VIIRS","version":"2.0NRT","bright_ti4":306.03,"frp":1.42,"daynight":"N"},"geometry":{"type":"Point","coordinates":[-118.27642,43.02778]}},{"type":"Feature","properties":{"acq_date":"2026-07-26","acq_time":1000,"confidence":"n","satellite":"N","instrument":"VIIRS","version":"2.0NRT","bright_ti4":325.28,"frp":5.85,"daynight":"N"},"geometry":{"type":"Point","coordinates":[-118.48142,43.02831]}},{"type":"Feature","properties":{"acq_date":"2026-07-26","acq_time":1000,"confidence":"n","satellite":"N","instrument":"VIIRS","version":"2.0NRT","bright_ti4":323.54,"frp":3.74,"daynight":"N"},"geometry":{"type":"Point","coordinates":[-118.28102,43.02848]}},{"type":"Feature","properties":{"acq_date":"2026-07-26","acq_time":1000,"confidence":"n","satellite":"N","instrument":"VIIRS","version":"2.0NRT","bright_ti4":354.22,"frp":5.44,"daynight":"N"},"geometry":{"type":"Point","coordinates":[-118.48615,43.02903]}},{"type":"Feature","properties":{"acq_date":"2026-07-26","acq_time":1000,"confidence":"n","satellite":"N","instrument":"VIIRS","version":"2.0NRT","bright_ti4":331.15,"frp":3.74,"daynight":"N"},"geometry":{"type":"Point","coordinates":[-118.28565,43.02919]}},{"type":"Feature","properties":{"acq_date":"2026-07-26","acq_time":1000,"confidence":"n","satellite":"N","instrument":"VIIRS","version":"2.0NRT","bright_ti4":309.07,"frp":2.59,"daynight":"N"},"geometry":{"type":"Point","coordinates":[-118.46632,43.02944]}},{"type":"Feature","properties":{"acq_date":"2026-07-26","acq_time":1000,"confidence":"n","satellite":"N","instrument":"VIIRS","version":"2.0NRT","bright_ti4":339.78,"frp":2.59,"daynight":"N"},"geometry":{"type":"Point","coordinates":[-118.47104,43.03016]}},{"type":"Feature","properties":{"acq_date":"2026-07-26","acq_time":1000,"confidence":"n","satellite":"N","instrument":"VIIRS","version":"2.0NRT","bright_ti4":298.36,"frp":0.45,"daynight":"N"},"geometry":{"type":"Point","coordinates":[-118.86417,43.03077]}},{"type":"Feature","properties":{"acq_date":"2026-07-26","acq_time":1000,"confidence":"n","satellite":"N","instrument":"VIIRS","version":"2.0NRT","bright_ti4":354.59,"frp":5.85,"daynight":"N"},"geometry":{"type":"Point","coordinates":[-118.47575,43.03088]}},{"type":"Feature","properties":{"acq_date":"2026-07-26","acq_time":1000,"confidence":"n","satellite":"N","instrument":"VIIRS","version":"2.0NRT","bright_ti4":303.83,"frp":1.34,"daynight":"N"},"geometry":{"type":"Point","coordinates":[-118.27547,43.03106]}},{"type":"Feature","properties":{"acq_date":"2026-07-26","acq_time":1000,"confidence":"n","satellite":"N","instrument":"VIIRS","version":"2.0NRT","bright_ti4":296.62,"frp":2.49,"daynight":"N"},"geometry":{"type":"Point","coordinates":[-118.456,43.03129]}},{"type":"Feature","properties":{"acq_date":"2026-07-26","acq_time":1000,"confidence":"n","satellite":"N","instrument":"VIIRS","version":"2.0NRT","bright_ti4":354.32,"frp":5.85,"daynight":"N"},"geometry":{"type":"Point","coordinates":[-118.48048,43.03159]}},{"type":"Feature","properties":{"acq_date":"2026-07-26","acq_time":1000,"confidence":"n","satellite":"N","instrument":"VIIRS","version":"2.0NRT","bright_ti4":339.12,"frp":2.29,"daynight":"N"},"geometry":{"type":"Point","coordinates":[-118.28009,43.03176]}},{"type":"Feature","properties":{"acq_date":"2026-07-26","acq_time":1000,"confidence":"n","satellite":"N","instrument":"VIIRS","version":"2.0NRT","bright_ti4":320.28,"frp":2.49,"daynight":"N"},"geometry":{"type":"Point","coordinates":[-118.4607,43.03201]}},{"type":"Feature","properties":{"acq_date":"2026-07-26","acq_time":1000,"confidence":"n","satellite":"N","instrument":"VIIRS","version":"2.0NRT","bright_ti4":309.27,"frp":5.44,"daynight":"N"},"geometry":{"type":"Point","coordinates":[-118.48519,43.03231]}},{"type":"Feature","properties":{"acq_date":"2026-07-26","acq_time":1000,"confidence":"n","satellite":"N","instrument":"VIIRS","version":"2.0NRT","bright_ti4":301.65,"frp":2.29,"daynight":"N"},"geometry":{"type":"Point","coordinates":[-118.28472,43.03248]}},{"type":"Feature","properties":{"acq_date":"2026-07-26","acq_time":1000,"confidence":"n","satellite":"N","instrument":"VIIRS","version":"2.0NRT","bright_ti4":311.73,"frp":6.9,"daynight":"N"},"geometry":{"type":"Point","coordinates":[-118.46539,43.03272]}},{"type":"Feature","properties":{"acq_date":"2026-07-26","acq_time":1000,"confidence":"n","satellite":"N","instrument":"VIIRS","version":"2.0NRT","bright_ti4":310.49,"frp":1.15,"daynight":"N"},"geometry":{"type":"Point","coordinates":[-118.24574,43.03334]}},{"type":"Feature","properties":{"acq_date":"2026-07-26","acq_time":1000,"confidence":"n","satellite":"N","instrument":"VIIRS","version":"2.0NRT","bright_ti4":352.77,"frp":6.9,"daynight":"N"},"geometry":{"type":"Point","coordinates":[-118.47009,43.03344]}},{"type":"Feature","properties":{"acq_date":"2026-07-26","acq_time":1000,"confidence":"n","satellite":"N","instrument":"VIIRS","version":"2.0NRT","bright_ti4":323.23,"frp":1.34,"daynight":"N"},"geometry":{"type":"Point","coordinates":[-118.2504,43.03406]}},{"type":"Feature","properties":{"acq_date":"2026-07-26","acq_time":1000,"confidence":"n","satellite":"N","instrument":"VIIRS","version":"2.0NRT","bright_ti4":298.89,"frp":0.45,"daynight":"N"},"geometry":{"type":"Point","coordinates":[-118.86324,43.03407]}},{"type":"Feature","properties":{"acq_date":"2026-07-26","acq_time":1000,"confidence":"n","satellite":"N","instrument":"VIIRS","version":"2.0NRT","bright_ti4":353.9,"frp":6.04,"daynight":"N"},"geometry":{"type":"Point","coordinates":[-118.47481,43.03416]}},{"type":"Feature","properties":{"acq_date":"2026-07-26","acq_time":1000,"confidence":"n","satellite":"N","instrument":"VIIRS","version":"2.0NRT","bright_ti4":329.51,"frp":2.49,"daynight":"N"},"geometry":{"type":"Point","coordinates":[-118.45509,43.03458]}},{"type":"Feature","properties":{"acq_date":"2026-07-26","acq_time":1000,"confidence":"n","satellite":"N","instrument":"VIIRS","version":"2.0NRT","bright_ti4":302.68,"frp":1.34,"daynight":"N"},"geometry":{"type":"Point","coordinates":[-118.25507,43.03478]}},{"type":"Feature","properties":{"acq_date":"2026-07-26","acq_time":1000,"confidence":"n","satellite":"N","instrument":"VIIRS","version":"2.0NRT","bright_ti4":329.34,"frp":6.04,"daynight":"N"},"geometry":{"type":"Point","coordinates":[-118.47954,43.03487]}},{"type":"Feature","properties":{"acq_date":"2026-07-26","acq_time":1000,"confidence":"n","satellite":"N","instrument":"VIIRS","version":"2.0NRT","bright_ti4":348.77,"frp":2.49,"daynight":"N"},"geometry":{"type":"Point","coordinates":[-118.45979,43.03529]}},{"type":"Feature","properties":{"acq_date":"2026-07-26","acq_time":1000,"confidence":"n","satellite":"N","instrument":"VIIRS","version":"2.0NRT","bright_ti4":297.73,"frp":0.92,"daynight":"N"},"geometry":{"type":"Point","coordinates":[-118.82841,43.03578]}},{"type":"Feature","properties":{"acq_date":"2026-07-26","acq_time":1000,"confidence":"n","satellite":"N","instrument":"VIIRS","version":"2.0NRT","bright_ti4":335.02,"frp":6.9,"daynight":"N"},"geometry":{"type":"Point","coordinates":[-118.46447,43.03601]}},{"type":"Feature","properties":{"acq_date":"2026-07-26","acq_time":1000,"confidence":"n","satellite":"N","instrument":"VIIRS","version":"2.0NRT","bright_ti4":310.59,"frp":0.92,"daynight":"N"},"geometry":{"type":"Point","coordinates":[-118.83315,43.03648]}},{"type":"Feature","properties":{"acq_date":"2026-07-26","acq_time":1000,"confidence":"h","satellite":"N","instrument":"VIIRS","version":"2.0NRT","bright_ti4":367,"frp":6.9,"daynight":"N"},"geometry":{"type":"Point","coordinates":[-118.46917,43.03672]}},{"type":"Feature","properties":{"acq_date":"2026-07-26","acq_time":1000,"confidence":"n","satellite":"N","instrument":"VIIRS","version":"2.0NRT","bright_ti4":303.62,"frp":1.95,"daynight":"N"},"geometry":{"type":"Point","coordinates":[-118.44946,43.03715]}},{"type":"Feature","properties":{"acq_date":"2026-07-26","acq_time":1000,"confidence":"n","satellite":"N","instrument":"VIIRS","version":"2.0NRT","bright_ti4":345.27,"frp":6.04,"daynight":"N"},"geometry":{"type":"Point","coordinates":[-118.47387,43.03744]}},{"type":"Feature","properties":{"acq_date":"2026-07-26","acq_time":1000,"confidence":"n","satellite":"N","instrument":"VIIRS","version":"2.0NRT","bright_ti4":324.27,"frp":6.08,"daynight":"N"},"geometry":{"type":"Point","coordinates":[-118.45414,43.03786]}},{"type":"Feature","properties":{"acq_date":"2026-07-26","acq_time":1000,"confidence":"n","satellite":"N","instrument":"VIIRS","version":"2.0NRT","bright_ti4":350.89,"frp":6.08,"daynight":"N"},"geometry":{"type":"Point","coordinates":[-118.45885,43.03858]}},{"type":"Feature","properties":{"acq_date":"2026-07-26","acq_time":1000,"confidence":"n","satellite":"N","instrument":"VIIRS","version":"2.0NRT","bright_ti4":336.36,"frp":4.09,"daynight":"N"},"geometry":{"type":"Point","coordinates":[-118.46355,43.0393]}},{"type":"Feature","properties":{"acq_date":"2026-07-26","acq_time":1000,"confidence":"n","satellite":"N","instrument":"VIIRS","version":"2.0NRT","bright_ti4":306.3,"frp":1.95,"daynight":"N"},"geometry":{"type":"Point","coordinates":[-118.44386,43.03972]}},{"type":"Feature","properties":{"acq_date":"2026-07-26","acq_time":1000,"confidence":"n","satellite":"N","instrument":"VIIRS","version":"2.0NRT","bright_ti4":313.24,"frp":1.87,"daynight":"N"},"geometry":{"type":"Point","coordinates":[-118.83223,43.03978]}},{"type":"Feature","properties":{"acq_date":"2026-07-26","acq_time":1000,"confidence":"n","satellite":"N","instrument":"VIIRS","version":"2.0NRT","bright_ti4":328.93,"frp":4.09,"daynight":"N"},"geometry":{"type":"Point","coordinates":[-118.46824,43.04001]}},{"type":"Feature","properties":{"acq_date":"2026-07-26","acq_time":1000,"confidence":"n","satellite":"N","instrument":"VIIRS","version":"2.0NRT","bright_ti4":310.93,"frp":1.39,"daynight":"N"},"geometry":{"type":"Point","coordinates":[-118.26806,43.0402]}},{"type":"Feature","properties":{"acq_date":"2026-07-26","acq_time":1000,"confidence":"n","satellite":"N","instrument":"VIIRS","version":"2.0NRT","bright_ti4":334.51,"frp":1.95,"daynight":"N"},"geometry":{"type":"Point","coordinates":[-118.44854,43.04044]}},{"type":"Feature","properties":{"acq_date":"2026-07-26","acq_time":1000,"confidence":"n","satellite":"N","instrument":"VIIRS","version":"2.0NRT","bright_ti4":305.85,"frp":1.45,"daynight":"N"},"geometry":{"type":"Point","coordinates":[-118.83698,43.04049]}},{"type":"Feature","properties":{"acq_date":"2026-07-26","acq_time":1000,"confidence":"n","satellite":"N","instrument":"VIIRS","version":"2.0NRT","bright_ti4":313.2,"frp":1.39,"daynight":"N"},"geometry":{"type":"Point","coordinates":[-118.27269,43.04091]}},{"type":"Feature","properties":{"acq_date":"2026-07-26","acq_time":1000,"confidence":"n","satellite":"N","instrument":"VIIRS","version":"2.0NRT","bright_ti4":354.5,"frp":6.08,"daynight":"N"},"geometry":{"type":"Point","coordinates":[-118.45322,43.04115]}},{"type":"Feature","properties":{"acq_date":"2026-07-26","acq_time":1000,"confidence":"n","satellite":"N","instrument":"VIIRS","version":"2.0NRT","bright_ti4":349.09,"frp":6.08,"daynight":"N"},"geometry":{"type":"Point","coordinates":[-118.45791,43.04187]}},{"type":"Feature","properties":{"acq_date":"2026-07-26","acq_time":1000,"confidence":"n","satellite":"N","instrument":"VIIRS","version":"2.0NRT","bright_ti4":311.63,"frp":2.33,"daynight":"N"},"geometry":{"type":"Point","coordinates":[-118.43827,43.0423]}},{"type":"Feature","properties":{"acq_date":"2026-07-26","acq_time":1000,"confidence":"n","satellite":"N","instrument":"VIIRS","version":"2.0NRT","bright_ti4":340.15,"frp":8.27,"daynight":"N"},"geometry":{"type":"Point","coordinates":[-118.44296,43.04301]}},{"type":"Feature","properties":{"acq_date":"2026-07-26","acq_time":1000,"confidence":"n","satellite":"N","instrument":"VIIRS","version":"2.0NRT","bright_ti4":349.73,"frp":8.27,"daynight":"N"},"geometry":{"type":"Point","coordinates":[-118.44764,43.04372]}},{"type":"Feature","properties":{"acq_date":"2026-07-26","acq_time":1000,"confidence":"n","satellite":"N","instrument":"VIIRS","version":"2.0NRT","bright_ti4":307.74,"frp":1.45,"daynight":"N"},"geometry":{"type":"Point","coordinates":[-118.83606,43.04379]}},{"type":"Feature","properties":{"acq_date":"2026-07-26","acq_time":1000,"confidence":"n","satellite":"N","instrument":"VIIRS","version":"2.0NRT","bright_ti4":347.02,"frp":21.44,"daynight":"N"},"geometry":{"type":"Point","coordinates":[-118.45229,43.04444]}},{"type":"Feature","properties":{"acq_date":"2026-07-26","acq_time":1000,"confidence":"n","satellite":"N","instrument":"VIIRS","version":"2.0NRT","bright_ti4":324.42,"frp":1.45,"daynight":"N"},"geometry":{"type":"Point","coordinates":[-118.8408,43.04449]}},{"type":"Feature","properties":{"acq_date":"2026-07-26","acq_time":1000,"confidence":"n","satellite":"N","instrument":"VIIRS","version":"2.0NRT","bright_ti4":332.48,"frp":2.33,"daynight":"N"},"geometry":{"type":"Point","coordinates":[-118.43736,43.04558]}},{"type":"Feature","properties":{"acq_date":"2026-07-26","acq_time":1000,"confidence":"n","satellite":"N","instrument":"VIIRS","version":"2.0NRT","bright_ti4":349.25,"frp":8.27,"daynight":"N"},"geometry":{"type":"Point","coordinates":[-118.44205,43.0463]}},{"type":"Feature","properties":{"acq_date":"2026-07-26","acq_time":1000,"confidence":"n","satellite":"N","instrument":"VIIRS","version":"2.0NRT","bright_ti4":300.3,"frp":0.41,"daynight":"N"},"geometry":{"type":"Point","coordinates":[-118.39803,43.04643]}},{"type":"Feature","properties":{"acq_date":"2026-07-26","acq_time":1000,"confidence":"n","satellite":"N","instrument":"VIIRS","version":"2.0NRT","bright_ti4":307.34,"frp":0.75,"daynight":"N"},"geometry":{"type":"Point","coordinates":[-118.92377,43.04645]}},{"type":"Feature","properties":{"acq_date":"2026-07-26","acq_time":1000,"confidence":"n","satellite":"N","instrument":"VIIRS","version":"2.0NRT","bright_ti4":342.41,"frp":8.27,"daynight":"N"},"geometry":{"type":"Point","coordinates":[-118.44674,43.04701]}},{"type":"Feature","properties":{"acq_date":"2026-07-26","acq_time":1000,"confidence":"n","satellite":"N","instrument":"VIIRS","version":"2.0NRT","bright_ti4":310.23,"frp":1.47,"daynight":"N"},"geometry":{"type":"Point","coordinates":[-118.40266,43.04714]}},{"type":"Feature","properties":{"acq_date":"2026-07-26","acq_time":1000,"confidence":"n","satellite":"N","instrument":"VIIRS","version":"2.0NRT","bright_ti4":316.36,"frp":1.47,"daynight":"N"},"geometry":{"type":"Point","coordinates":[-118.40731,43.04785]}},{"type":"Feature","properties":{"acq_date":"2026-07-26","acq_time":1000,"confidence":"n","satellite":"N","instrument":"VIIRS","version":"2.0NRT","bright_ti4":307.6,"frp":0.99,"daynight":"N"},"geometry":{"type":"Point","coordinates":[-118.41197,43.04855]}},{"type":"Feature","properties":{"acq_date":"2026-07-26","acq_time":1000,"confidence":"n","satellite":"N","instrument":"VIIRS","version":"2.0NRT","bright_ti4":303.09,"frp":5.7,"daynight":"N"},"geometry":{"type":"Point","coordinates":[-118.39243,43.04901]}},{"type":"Feature","properties":{"acq_date":"2026-07-26","acq_time":1000,"confidence":"n","satellite":"N","instrument":"VIIRS","version":"2.0NRT","bright_ti4":356.97,"frp":5.7,"daynight":"N"},"geometry":{"type":"Point","coordinates":[-118.39711,43.04972]}},{"type":"Feature","properties":{"acq_date":"2026-07-26","acq_time":1000,"confidence":"n","satellite":"N","instrument":"VIIRS","version":"2.0NRT","bright_ti4":299.94,"frp":0.9,"daynight":"N"},"geometry":{"type":"Point","coordinates":[-118.44583,43.0503]}},{"type":"Feature","properties":{"acq_date":"2026-07-26","acq_time":1000,"confidence":"n","satellite":"N","instrument":"VIIRS","version":"2.0NRT","bright_ti4":345.05,"frp":6.84,"daynight":"N"},"geometry":{"type":"Point","coordinates":[-118.40178,43.05043]}},{"type":"Feature","properties":{"acq_date":"2026-07-26","acq_time":1000,"confidence":"n","satellite":"N","instrument":"VIIRS","version":"2.0NRT","bright_ti4":349.79,"frp":6.84,"daynight":"N"},"geometry":{"type":"Point","coordinates":[-118.40644,43.05114]}},{"type":"Feature","properties":{"acq_date":"2026-07-26","acq_time":1000,"confidence":"n","satellite":"N","instrument":"VIIRS","version":"2.0NRT","bright_ti4":306.98,"frp":1.11,"daynight":"N"},"geometry":{"type":"Point","coordinates":[-118.41108,43.05185]}},{"type":"Feature","properties":{"acq_date":"2026-07-26","acq_time":1000,"confidence":"n","satellite":"N","instrument":"VIIRS","version":"2.0NRT","bright_ti4":306.16,"frp":0.92,"daynight":"N"},"geometry":{"type":"Point","coordinates":[-118.87817,43.08785]}},{"type":"Feature","properties":{"acq_date":"2026-07-26","acq_time":1000,"confidence":"n","satellite":"N","instrument":"VIIRS","version":"2.0NRT","bright_ti4":321.9,"frp":2.25,"daynight":"N"},"geometry":{"type":"Point","coordinates":[-118.88291,43.08855]}},{"type":"Feature","properties":{"acq_date":"2026-07-26","acq_time":1000,"confidence":"n","satellite":"N","instrument":"VIIRS","version":"2.0NRT","bright_ti4":298.43,"frp":0.7,"daynight":"N"},"geometry":{"type":"Point","coordinates":[-122.56795,43.10763]}},{"type":"Feature","properties":{"acq_date":"2026-07-26","acq_time":1000,"confidence":"n","satellite":"N","instrument":"VIIRS","version":"2.0NRT","bright_ti4":302.68,"frp":2.15,"daynight":"N"},"geometry":{"type":"Point","coordinates":[-122.54299,43.10857]}},{"type":"Feature","properties":{"acq_date":"2026-07-26","acq_time":1000,"confidence":"n","satellite":"N","instrument":"VIIRS","version":"2.0NRT","bright_ti4":310.71,"frp":2.03,"daynight":"N"},"geometry":{"type":"Point","coordinates":[-122.54897,43.10925]}},{"type":"Feature","properties":{"acq_date":"2026-07-26","acq_time":1000,"confidence":"n","satellite":"N","instrument":"VIIRS","version":"2.0NRT","bright_ti4":308.53,"frp":2.03,"daynight":"N"},"geometry":{"type":"Point","coordinates":[-122.55488,43.10993]}},{"type":"Feature","properties":{"acq_date":"2026-07-26","acq_time":1000,"confidence":"n","satellite":"N","instrument":"VIIRS","version":"2.0NRT","bright_ti4":321.13,"frp":2.03,"daynight":"N"},"geometry":{"type":"Point","coordinates":[-122.56064,43.11059]}},{"type":"Feature","properties":{"acq_date":"2026-07-26","acq_time":1000,"confidence":"n","satellite":"N","instrument":"VIIRS","version":"2.0NRT","bright_ti4":318.7,"frp":2.03,"daynight":"N"},"geometry":{"type":"Point","coordinates":[-122.56647,43.11125]}},{"type":"Feature","properties":{"acq_date":"2026-07-26","acq_time":1000,"confidence":"n","satellite":"N","instrument":"VIIRS","version":"2.0NRT","bright_ti4":321.54,"frp":2.25,"daynight":"N"},"geometry":{"type":"Point","coordinates":[-122.5727,43.11196]}},{"type":"Feature","properties":{"acq_date":"2026-07-26","acq_time":1000,"confidence":"n","satellite":"N","instrument":"VIIRS","version":"2.0NRT","bright_ti4":331.2,"frp":2.15,"daynight":"N"},"geometry":{"type":"Point","coordinates":[-122.54199,43.11223]}},{"type":"Feature","properties":{"acq_date":"2026-07-26","acq_time":1000,"confidence":"n","satellite":"N","instrument":"VIIRS","version":"2.0NRT","bright_ti4":296.94,"frp":2.25,"daynight":"N"},"geometry":{"type":"Point","coordinates":[-122.5794,43.11272]}},{"type":"Feature","properties":{"acq_date":"2026-07-26","acq_time":1000,"confidence":"n","satellite":"N","instrument":"VIIRS","version":"2.0NRT","bright_ti4":306.71,"frp":2.03,"daynight":"N"},"geometry":{"type":"Point","coordinates":[-122.54772,43.11288]}},{"type":"Feature","properties":{"acq_date":"2026-07-26","acq_time":1000,"confidence":"n","satellite":"N","instrument":"VIIRS","version":"2.0NRT","bright_ti4":302.75,"frp":2.03,"daynight":"N"},"geometry":{"type":"Point","coordinates":[-122.55927,43.11421]}},{"type":"Feature","properties":{"acq_date":"2026-07-26","acq_time":1000,"confidence":"n","satellite":"N","instrument":"VIIRS","version":"2.0NRT","bright_ti4":330.21,"frp":2.25,"daynight":"N"},"geometry":{"type":"Point","coordinates":[-122.57166,43.11562]}},{"type":"Feature","properties":{"acq_date":"2026-07-26","acq_time":1000,"confidence":"n","satellite":"N","instrument":"VIIRS","version":"2.0NRT","bright_ti4":311.19,"frp":2.25,"daynight":"N"},"geometry":{"type":"Point","coordinates":[-122.57844,43.11639]}},{"type":"Feature","properties":{"acq_date":"2026-07-26","acq_time":1000,"confidence":"n","satellite":"N","instrument":"VIIRS","version":"2.0NRT","bright_ti4":298.51,"frp":1.08,"daynight":"N"},"geometry":{"type":"Point","coordinates":[-122.54641,43.11652]}},{"type":"Feature","properties":{"acq_date":"2026-07-26","acq_time":1000,"confidence":"n","satellite":"N","instrument":"VIIRS","version":"2.0NRT","bright_ti4":296.67,"frp":1.62,"daynight":"N"},"geometry":{"type":"Point","coordinates":[-122.56399,43.11853]}},{"type":"Feature","properties":{"acq_date":"2026-07-26","acq_time":1000,"confidence":"n","satellite":"N","instrument":"VIIRS","version":"2.0NRT","bright_ti4":340.4,"frp":2.65,"daynight":"N"},"geometry":{"type":"Point","coordinates":[-122.57075,43.1193]}},{"type":"Feature","properties":{"acq_date":"2026-07-26","acq_time":1000,"confidence":"n","satellite":"N","instrument":"VIIRS","version":"2.0NRT","bright_ti4":311.07,"frp":1.08,"daynight":"N"},"geometry":{"type":"Point","coordinates":[-122.55075,43.12079]}},{"type":"Feature","properties":{"acq_date":"2026-07-26","acq_time":1000,"confidence":"n","satellite":"N","instrument":"VIIRS","version":"2.0NRT","bright_ti4":296.7,"frp":2.65,"daynight":"N"},"geometry":{"type":"Point","coordinates":[-122.56995,43.12298]}},{"type":"Feature","properties":{"acq_date":"2026-07-26","acq_time":1000,"confidence":"n","satellite":"N","instrument":"VIIRS","version":"2.0NRT","bright_ti4":313.32,"frp":2.65,"daynight":"N"},"geometry":{"type":"Point","coordinates":[-122.57668,43.12375]}},{"type":"Feature","properties":{"acq_date":"2026-07-26","acq_time":1000,"confidence":"n","satellite":"N","instrument":"VIIRS","version":"2.0NRT","bright_ti4":321.47,"frp":2.17,"daynight":"N"},"geometry":{"type":"Point","coordinates":[-122.55621,43.12519]}},{"type":"Feature","properties":{"acq_date":"2026-07-26","acq_time":1000,"confidence":"n","satellite":"N","instrument":"VIIRS","version":"2.0NRT","bright_ti4":322.15,"frp":2.17,"daynight":"N"},"geometry":{"type":"Point","coordinates":[-122.5624,43.1259]}},{"type":"Feature","properties":{"acq_date":"2026-07-26","acq_time":1000,"confidence":"n","satellite":"N","instrument":"VIIRS","version":"2.0NRT","bright_ti4":315.31,"frp":2.04,"daynight":"N"},"geometry":{"type":"Point","coordinates":[-122.56924,43.12668]}},{"type":"Feature","properties":{"acq_date":"2026-07-26","acq_time":1000,"confidence":"n","satellite":"N","instrument":"VIIRS","version":"2.0NRT","bright_ti4":312.32,"frp":2.04,"daynight":"N"},"geometry":{"type":"Point","coordinates":[-122.57586,43.12744]}},{"type":"Feature","properties":{"acq_date":"2026-07-26","acq_time":1000,"confidence":"n","satellite":"N","instrument":"VIIRS","version":"2.0NRT","bright_ti4":301.18,"frp":2.17,"daynight":"N"},"geometry":{"type":"Point","coordinates":[-122.56188,43.12962]}},{"type":"Feature","properties":{"acq_date":"2026-07-26","acq_time":1000,"confidence":"n","satellite":"N","instrument":"VIIRS","version":"2.0NRT","bright_ti4":319.26,"frp":2.04,"daynight":"N"},"geometry":{"type":"Point","coordinates":[-122.56865,43.13039]}},{"type":"Feature","properties":{"acq_date":"2026-07-26","acq_time":1000,"confidence":"n","satellite":"N","instrument":"VIIRS","version":"2.0NRT","bright_ti4":300.25,"frp":0.51,"daynight":"N"},"geometry":{"type":"Point","coordinates":[-118.0681,43.16193]}},{"type":"Feature","properties":{"acq_date":"2026-07-26","acq_time":1000,"confidence":"n","satellite":"N","instrument":"VIIRS","version":"2.0NRT","bright_ti4":303.45,"frp":2.75,"daynight":"N"},"geometry":{"type":"Point","coordinates":[-118.08676,43.16482]}},{"type":"Feature","properties":{"acq_date":"2026-07-26","acq_time":1000,"confidence":"n","satellite":"N","instrument":"VIIRS","version":"2.0NRT","bright_ti4":305.22,"frp":0.51,"daynight":"N"},"geometry":{"type":"Point","coordinates":[-118.06715,43.16521]}},{"type":"Feature","properties":{"acq_date":"2026-07-26","acq_time":1000,"confidence":"n","satellite":"N","instrument":"VIIRS","version":"2.0NRT","bright_ti4":301.22,"frp":6.07,"daynight":"N"},"geometry":{"type":"Point","coordinates":[-118.09143,43.16555]}},{"type":"Feature","properties":{"acq_date":"2026-07-26","acq_time":1000,"confidence":"n","satellite":"N","instrument":"VIIRS","version":"2.0NRT","bright_ti4":309.82,"frp":1.91,"daynight":"N"},"geometry":{"type":"Point","coordinates":[-118.07182,43.16594]}},{"type":"Feature","properties":{"acq_date":"2026-07-26","acq_time":1000,"confidence":"n","satellite":"N","instrument":"VIIRS","version":"2.0NRT","bright_ti4":325.87,"frp":1.91,"daynight":"N"},"geometry":{"type":"Point","coordinates":[-118.07647,43.16666]}},{"type":"Feature","properties":{"acq_date":"2026-07-26","acq_time":1000,"confidence":"n","satellite":"N","instrument":"VIIRS","version":"2.0NRT","bright_ti4":330.04,"frp":2.75,"daynight":"N"},"geometry":{"type":"Point","coordinates":[-118.08115,43.16738]}},{"type":"Feature","properties":{"acq_date":"2026-07-26","acq_time":1000,"confidence":"n","satellite":"N","instrument":"VIIRS","version":"2.0NRT","bright_ti4":330.83,"frp":6.01,"daynight":"N"},"geometry":{"type":"Point","coordinates":[-118.10539,43.16771]}},{"type":"Feature","properties":{"acq_date":"2026-07-26","acq_time":1000,"confidence":"n","satellite":"N","instrument":"VIIRS","version":"2.0NRT","bright_ti4":343.51,"frp":2.75,"daynight":"N"},"geometry":{"type":"Point","coordinates":[-118.08582,43.1681]}},{"type":"Feature","properties":{"acq_date":"2026-07-26","acq_time":1000,"confidence":"n","satellite":"N","instrument":"VIIRS","version":"2.0NRT","bright_ti4":328.78,"frp":3.71,"daynight":"N"},"geometry":{"type":"Point","coordinates":[-118.11005,43.16843]}},{"type":"Feature","properties":{"acq_date":"2026-07-26","acq_time":1000,"confidence":"h","satellite":"N","instrument":"VIIRS","version":"2.0NRT","bright_ti4":367,"frp":6.07,"daynight":"N"},"geometry":{"type":"Point","coordinates":[-118.09048,43.16883]}},{"type":"Feature","properties":{"acq_date":"2026-07-26","acq_time":1000,"confidence":"n","satellite":"N","instrument":"VIIRS","version":"2.0NRT","bright_ti4":351.81,"frp":6.07,"daynight":"N"},"geometry":{"type":"Point","coordinates":[-118.09516,43.16955]}},{"type":"Feature","properties":{"acq_date":"2026-07-26","acq_time":1000,"confidence":"n","satellite":"N","instrument":"VIIRS","version":"2.0NRT","bright_ti4":304.57,"frp":1.28,"daynight":"N"},"geometry":{"type":"Point","coordinates":[-118.07555,43.16993]}},{"type":"Feature","properties":{"acq_date":"2026-07-26","acq_time":1000,"confidence":"h","satellite":"N","instrument":"VIIRS","version":"2.0NRT","bright_ti4":367,"frp":6.01,"daynight":"N"},"geometry":{"type":"Point","coordinates":[-118.0998,43.17027]}},{"type":"Feature","properties":{"acq_date":"2026-07-26","acq_time":1000,"confidence":"n","satellite":"N","instrument":"VIIRS","version":"2.0NRT","bright_ti4":313.08,"frp":1.48,"daynight":"N"},"geometry":{"type":"Point","coordinates":[-118.0802,43.17066]}},{"type":"Feature","properties":{"acq_date":"2026-07-26","acq_time":1000,"confidence":"n","satellite":"N","instrument":"VIIRS","version":"2.0NRT","bright_ti4":332.55,"frp":6.01,"daynight":"N"},"geometry":{"type":"Point","coordinates":[-118.10445,43.17099]}},{"type":"Feature","properties":{"acq_date":"2026-07-26","acq_time":1000,"confidence":"n","satellite":"N","instrument":"VIIRS","version":"2.0NRT","bright_ti4":332.5,"frp":3.71,"daynight":"N"},"geometry":{"type":"Point","coordinates":[-118.10911,43.17171]}},{"type":"Feature","properties":{"acq_date":"2026-07-26","acq_time":1000,"confidence":"n","satellite":"N","instrument":"VIIRS","version":"2.0NRT","bright_ti4":313.84,"frp":1.55,"daynight":"N"},"geometry":{"type":"Point","coordinates":[-118.08955,43.17211]}},{"type":"Feature","properties":{"acq_date":"2026-07-26","acq_time":1000,"confidence":"n","satellite":"N","instrument":"VIIRS","version":"2.0NRT","bright_ti4":321.84,"frp":1.55,"daynight":"N"},"geometry":{"type":"Point","coordinates":[-118.0942,43.17283]}},{"type":"Feature","properties":{"acq_date":"2026-07-26","acq_time":1000,"confidence":"n","satellite":"N","instrument":"VIIRS","version":"2.0NRT","bright_ti4":348.67,"frp":2.57,"daynight":"N"},"geometry":{"type":"Point","coordinates":[-118.09885,43.17355]}},{"type":"Feature","properties":{"acq_date":"2026-07-26","acq_time":1000,"confidence":"n","satellite":"N","instrument":"VIIRS","version":"2.0NRT","bright_ti4":298.17,"frp":0.44,"daynight":"N"},"geometry":{"type":"Point","coordinates":[-118.05495,43.17359]}},{"type":"Feature","properties":{"acq_date":"2026-07-26","acq_time":1000,"confidence":"n","satellite":"N","instrument":"VIIRS","version":"2.0NRT","bright_ti4":317.5,"frp":1.48,"daynight":"N"},"geometry":{"type":"Point","coordinates":[-118.07927,43.17393]}},{"type":"Feature","properties":{"acq_date":"2026-07-26","acq_time":1000,"confidence":"n","satellite":"N","instrument":"VIIRS","version":"2.0NRT","bright_ti4":327.83,"frp":2.57,"daynight":"N"},"geometry":{"type":"Point","coordinates":[-118.10349,43.17427]}},{"type":"Feature","properties":{"acq_date":"2026-07-26","acq_time":1000,"confidence":"n","satellite":"N","instrument":"VIIRS","version":"2.0NRT","bright_ti4":314.25,"frp":1.95,"daynight":"N"},"geometry":{"type":"Point","coordinates":[-118.05963,43.17432]}},{"type":"Feature","properties":{"acq_date":"2026-07-26","acq_time":1000,"confidence":"n","satellite":"N","instrument":"VIIRS","version":"2.0NRT","bright_ti4":309.33,"frp":1.48,"daynight":"N"},"geometry":{"type":"Point","coordinates":[-118.08393,43.17466]}},{"type":"Feature","properties":{"acq_date":"2026-07-26","acq_time":1000,"confidence":"n","satellite":"N","instrument":"VIIRS","version":"2.0NRT","bright_ti4":301.34,"frp":0.93,"daynight":"N"},"geometry":{"type":"Point","coordinates":[-118.10815,43.17499]}},{"type":"Feature","properties":{"acq_date":"2026-07-26","acq_time":1000,"confidence":"n","satellite":"N","instrument":"VIIRS","version":"2.0NRT","bright_ti4":310.17,"frp":1.55,"daynight":"N"},"geometry":{"type":"Point","coordinates":[-118.09325,43.17611]}},{"type":"Feature","properties":{"acq_date":"2026-07-26","acq_time":1000,"confidence":"n","satellite":"N","instrument":"VIIRS","version":"2.0NRT","bright_ti4":304.86,"frp":0.9,"daynight":"N"},"geometry":{"type":"Point","coordinates":[-118.07365,43.17649]}},{"type":"Feature","properties":{"acq_date":"2026-07-26","acq_time":1000,"confidence":"n","satellite":"N","instrument":"VIIRS","version":"2.0NRT","bright_ti4":309.46,"frp":2.57,"daynight":"N"},"geometry":{"type":"Point","coordinates":[-118.09789,43.17682]}},{"type":"Feature","properties":{"acq_date":"2026-07-26","acq_time":1000,"confidence":"n","satellite":"N","instrument":"VIIRS","version":"2.0NRT","bright_ti4":305.48,"frp":1.32,"daynight":"N"},"geometry":{"type":"Point","coordinates":[-118.07833,43.17722]}},{"type":"Feature","properties":{"acq_date":"2026-07-26","acq_time":1000,"confidence":"n","satellite":"N","instrument":"VIIRS","version":"2.0NRT","bright_ti4":325.55,"frp":2.57,"daynight":"N"},"geometry":{"type":"Point","coordinates":[-118.10254,43.17755]}},{"type":"Feature","properties":{"acq_date":"2026-07-26","acq_time":1000,"confidence":"n","satellite":"N","instrument":"VIIRS","version":"2.0NRT","bright_ti4":307.07,"frp":1.32,"daynight":"N"},"geometry":{"type":"Point","coordinates":[-118.08298,43.17794]}},{"type":"Feature","properties":{"acq_date":"2026-07-26","acq_time":1000,"confidence":"n","satellite":"N","instrument":"VIIRS","version":"2.0NRT","bright_ti4":309.86,"frp":0.93,"daynight":"N"},"geometry":{"type":"Point","coordinates":[-118.10721,43.17827]}},{"type":"Feature","properties":{"acq_date":"2026-07-26","acq_time":1000,"confidence":"n","satellite":"N","instrument":"VIIRS","version":"2.0NRT","bright_ti4":303.95,"frp":0.67,"daynight":"N"},"geometry":{"type":"Point","coordinates":[-118.08766,43.17867]}},{"type":"Feature","properties":{"acq_date":"2026-07-26","acq_time":1000,"confidence":"n","satellite":"N","instrument":"VIIRS","version":"2.0NRT","bright_ti4":301.7,"frp":0.9,"daynight":"N"},"geometry":{"type":"Point","coordinates":[-118.06805,43.17905]}},{"type":"Feature","properties":{"acq_date":"2026-07-26","acq_time":1000,"confidence":"n","satellite":"N","instrument":"VIIRS","version":"2.0NRT","bright_ti4":306.85,"frp":0.67,"daynight":"N"},"geometry":{"type":"Point","coordinates":[-118.09229,43.17938]}},{"type":"Feature","properties":{"acq_date":"2026-07-26","acq_time":1000,"confidence":"n","satellite":"N","instrument":"VIIRS","version":"2.0NRT","bright_ti4":312.79,"frp":0.84,"daynight":"N"},"geometry":{"type":"Point","coordinates":[-118.09692,43.1801]}},{"type":"Feature","properties":{"acq_date":"2026-07-26","acq_time":1000,"confidence":"n","satellite":"N","instrument":"VIIRS","version":"2.0NRT","bright_ti4":306.49,"frp":1.53,"daynight":"N"},"geometry":{"type":"Point","coordinates":[-115.73399,43.18031]}},{"type":"Feature","properties":{"acq_date":"2026-07-26","acq_time":1000,"confidence":"n","satellite":"N","instrument":"VIIRS","version":"2.0NRT","bright_ti4":316.65,"frp":0.84,"daynight":"N"},"geometry":{"type":"Point","coordinates":[-118.10159,43.18082]}},{"type":"Feature","properties":{"acq_date":"2026-07-26","acq_time":1000,"confidence":"n","satellite":"N","instrument":"VIIRS","version":"2.0NRT","bright_ti4":303.39,"frp":1.19,"daynight":"N"},"geometry":{"type":"Point","coordinates":[-118.10625,43.18155]}},{"type":"Feature","properties":{"acq_date":"2026-07-26","acq_time":1000,"confidence":"n","satellite":"N","instrument":"VIIRS","version":"2.0NRT","bright_ti4":307.56,"frp":0.67,"daynight":"N"},"geometry":{"type":"Point","coordinates":[-118.08668,43.18194]}},{"type":"Feature","properties":{"acq_date":"2026-07-26","acq_time":1000,"confidence":"n","satellite":"N","instrument":"VIIRS","version":"2.0NRT","bright_ti4":315.41,"frp":1.7,"daynight":"N"},"geometry":{"type":"Point","coordinates":[-118.06707,43.18232]}},{"type":"Feature","properties":{"acq_date":"2026-07-26","acq_time":1000,"confidence":"n","satellite":"N","instrument":"VIIRS","version":"2.0NRT","bright_ti4":299.6,"frp":0.67,"daynight":"N"},"geometry":{"type":"Point","coordinates":[-118.09133,43.18266]}},{"type":"Feature","properties":{"acq_date":"2026-07-26","acq_time":1000,"confidence":"n","satellite":"N","instrument":"VIIRS","version":"2.0NRT","bright_ti4":304.54,"frp":0.84,"daynight":"N"},"geometry":{"type":"Point","coordinates":[-118.09598,43.18338]}},{"type":"Feature","properties":{"acq_date":"2026-07-26","acq_time":1000,"confidence":"n","satellite":"N","instrument":"VIIRS","version":"2.0NRT","bright_ti4":299.13,"frp":0.84,"daynight":"N"},"geometry":{"type":"Point","coordinates":[-118.10064,43.1841]}},{"type":"Feature","properties":{"acq_date":"2026-07-26","acq_time":1000,"confidence":"n","satellite":"N","instrument":"VIIRS","version":"2.0NRT","bright_ti4":321.85,"frp":1.19,"daynight":"N"},"geometry":{"type":"Point","coordinates":[-118.10531,43.18482]}},{"type":"Feature","properties":{"acq_date":"2026-07-26","acq_time":1000,"confidence":"n","satellite":"N","instrument":"VIIRS","version":"2.0NRT","bright_ti4":303.01,"frp":1.08,"daynight":"N"},"geometry":{"type":"Point","coordinates":[-118.06145,43.18488]}},{"type":"Feature","properties":{"acq_date":"2026-07-26","acq_time":1000,"confidence":"n","satellite":"N","instrument":"VIIRS","version":"2.0NRT","bright_ti4":310.04,"frp":0.99,"daynight":"N"},"geometry":{"type":"Point","coordinates":[-118.08572,43.18521]}},{"type":"Feature","properties":{"acq_date":"2026-07-26","acq_time":1000,"confidence":"n","satellite":"N","instrument":"VIIRS","version":"2.0NRT","bright_ti4":307.42,"frp":1.19,"daynight":"N"},"geometry":{"type":"Point","coordinates":[-118.10999,43.18555]}},{"type":"Feature","properties":{"acq_date":"2026-07-26","acq_time":1000,"confidence":"n","satellite":"N","instrument":"VIIRS","version":"2.0NRT","bright_ti4":319.78,"frp":1.7,"daynight":"N"},"geometry":{"type":"Point","coordinates":[-118.06613,43.1856]}},{"type":"Feature","properties":{"acq_date":"2026-07-26","acq_time":1000,"confidence":"n","satellite":"N","instrument":"VIIRS","version":"2.0NRT","bright_ti4":303.47,"frp":0.71,"daynight":"N"},"geometry":{"type":"Point","coordinates":[-118.11468,43.18627]}},{"type":"Feature","properties":{"acq_date":"2026-07-26","acq_time":1000,"confidence":"n","satellite":"N","instrument":"VIIRS","version":"2.0NRT","bright_ti4":298.1,"frp":0.59,"daynight":"N"},"geometry":{"type":"Point","coordinates":[-118.10436,43.1881]}},{"type":"Feature","properties":{"acq_date":"2026-07-26","acq_time":1000,"confidence":"n","satellite":"N","instrument":"VIIRS","version":"2.0NRT","bright_ti4":310.68,"frp":0.59,"daynight":"N"},"geometry":{"type":"Point","coordinates":[-118.10905,43.18883]}},{"type":"Feature","properties":{"acq_date":"2026-07-26","acq_time":1000,"confidence":"n","satellite":"N","instrument":"VIIRS","version":"2.0NRT","bright_ti4":315.76,"frp":1.84,"daynight":"N"},"geometry":{"type":"Point","coordinates":[-118.11372,43.18955]}},{"type":"Feature","properties":{"acq_date":"2026-07-26","acq_time":1000,"confidence":"n","satellite":"N","instrument":"VIIRS","version":"2.0NRT","bright_ti4":324.43,"frp":1.84,"daynight":"N"},"geometry":{"type":"Point","coordinates":[-118.11745,43.19355]}},{"type":"Feature","properties":{"acq_date":"2026-07-26","acq_time":1000,"confidence":"n","satellite":"N","instrument":"VIIRS","version":"2.0NRT","bright_ti4":306.56,"frp":0.71,"daynight":"N"},"geometry":{"type":"Point","coordinates":[-116.65883,43.19725]}},{"type":"Feature","properties":{"acq_date":"2026-07-26","acq_time":1000,"confidence":"n","satellite":"N","instrument":"VIIRS","version":"2.0NRT","bright_ti4":321.66,"frp":1.89,"daynight":"N"},"geometry":{"type":"Point","coordinates":[-116.66359,43.19806]}},{"type":"Feature","properties":{"acq_date":"2026-07-26","acq_time":1000,"confidence":"n","satellite":"N","instrument":"VIIRS","version":"2.0NRT","bright_ti4":330.64,"frp":1.62,"daynight":"N"},"geometry":{"type":"Point","coordinates":[-116.66251,43.20133]}},{"type":"Feature","properties":{"acq_date":"2026-07-26","acq_time":1000,"confidence":"n","satellite":"N","instrument":"VIIRS","version":"2.0NRT","bright_ti4":308.47,"frp":1.62,"daynight":"N"},"geometry":{"type":"Point","coordinates":[-116.6673,43.20212]}},{"type":"Feature","properties":{"acq_date":"2026-07-26","acq_time":1000,"confidence":"n","satellite":"N","instrument":"VIIRS","version":"2.0NRT","bright_ti4":329.54,"frp":3.95,"daynight":"N"},"geometry":{"type":"Point","coordinates":[-116.67205,43.20292]}},{"type":"Feature","properties":{"acq_date":"2026-07-26","acq_time":1000,"confidence":"n","satellite":"N","instrument":"VIIRS","version":"2.0NRT","bright_ti4":340.82,"frp":3.95,"daynight":"N"},"geometry":{"type":"Point","coordinates":[-116.6768,43.20371]}},{"type":"Feature","properties":{"acq_date":"2026-07-26","acq_time":1000,"confidence":"n","satellite":"N","instrument":"VIIRS","version":"2.0NRT","bright_ti4":319.9,"frp":1.62,"daynight":"N"},"geometry":{"type":"Point","coordinates":[-116.66148,43.20461]}},{"type":"Feature","properties":{"acq_date":"2026-07-26","acq_time":1000,"confidence":"n","satellite":"N","instrument":"VIIRS","version":"2.0NRT","bright_ti4":309.64,"frp":1.62,"daynight":"N"},"geometry":{"type":"Point","coordinates":[-116.66623,43.2054]}},{"type":"Feature","properties":{"acq_date":"2026-07-26","acq_time":1000,"confidence":"n","satellite":"N","instrument":"VIIRS","version":"2.0NRT","bright_ti4":311.16,"frp":0.96,"daynight":"N"},"geometry":{"type":"Point","coordinates":[-118.03126,43.22128]}},{"type":"Feature","properties":{"acq_date":"2026-07-26","acq_time":1000,"confidence":"n","satellite":"N","instrument":"VIIRS","version":"2.0NRT","bright_ti4":300.58,"frp":0.67,"daynight":"N"},"geometry":{"type":"Point","coordinates":[-118.05093,43.23066]}},{"type":"Feature","properties":{"acq_date":"2026-07-26","acq_time":1000,"confidence":"n","satellite":"N","instrument":"VIIRS","version":"2.0NRT","bright_ti4":341.82,"frp":4.07,"daynight":"N"},"geometry":{"type":"Point","coordinates":[-118.07996,43.23173]}},{"type":"Feature","properties":{"acq_date":"2026-07-26","acq_time":1000,"confidence":"n","satellite":"N","instrument":"VIIRS","version":"2.0NRT","bright_ti4":312.41,"frp":1.39,"daynight":"N"},"geometry":{"type":"Point","coordinates":[-118.0359,43.23176]}},{"type":"Feature","properties":{"acq_date":"2026-07-26","acq_time":1000,"confidence":"n","satellite":"N","instrument":"VIIRS","version":"2.0NRT","bright_ti4":337.21,"frp":4.07,"daynight":"N"},"geometry":{"type":"Point","coordinates":[-118.079,43.23501]}},{"type":"Feature","properties":{"acq_date":"2026-07-26","acq_time":1000,"confidence":"n","satellite":"N","instrument":"VIIRS","version":"2.0NRT","bright_ti4":303.24,"frp":1.01,"daynight":"N"},"geometry":{"type":"Point","coordinates":[-118.06401,43.23611]}},{"type":"Feature","properties":{"acq_date":"2026-07-26","acq_time":1000,"confidence":"n","satellite":"N","instrument":"VIIRS","version":"2.0NRT","bright_ti4":305.75,"frp":1.01,"daynight":"N"},"geometry":{"type":"Point","coordinates":[-118.06869,43.23684]}},{"type":"Feature","properties":{"acq_date":"2026-07-26","acq_time":1000,"confidence":"n","satellite":"N","instrument":"VIIRS","version":"2.0NRT","bright_ti4":301.39,"frp":4.27,"daynight":"N"},"geometry":{"type":"Point","coordinates":[-118.07337,43.23756]}},{"type":"Feature","properties":{"acq_date":"2026-07-26","acq_time":1000,"confidence":"n","satellite":"N","instrument":"VIIRS","version":"2.0NRT","bright_ti4":306.6,"frp":1.05,"daynight":"N"},"geometry":{"type":"Point","coordinates":[-118.02929,43.23759]}},{"type":"Feature","properties":{"acq_date":"2026-07-26","acq_time":1000,"confidence":"n","satellite":"N","instrument":"VIIRS","version":"2.0NRT","bright_ti4":300.59,"frp":0.59,"daynight":"N"},"geometry":{"type":"Point","coordinates":[-118.05369,43.23794]}},{"type":"Feature","properties":{"acq_date":"2026-07-26","acq_time":1000,"confidence":"n","satellite":"N","instrument":"VIIRS","version":"2.0NRT","bright_ti4":345.69,"frp":4.27,"daynight":"N"},"geometry":{"type":"Point","coordinates":[-118.07806,43.23829]}},{"type":"Feature","properties":{"acq_date":"2026-07-26","acq_time":1000,"confidence":"n","satellite":"N","instrument":"VIIRS","version":"2.0NRT","bright_ti4":299.7,"frp":0.59,"daynight":"N"},"geometry":{"type":"Point","coordinates":[-118.05837,43.23867]}},{"type":"Feature","properties":{"acq_date":"2026-07-26","acq_time":1000,"confidence":"n","satellite":"N","instrument":"VIIRS","version":"2.0NRT","bright_ti4":321.69,"frp":1.01,"daynight":"N"},"geometry":{"type":"Point","coordinates":[-118.06774,43.24012]}},{"type":"Feature","properties":{"acq_date":"2026-07-26","acq_time":1000,"confidence":"n","satellite":"N","instrument":"VIIRS","version":"2.0NRT","bright_ti4":299.5,"frp":0.33,"daynight":"N"},"geometry":{"type":"Point","coordinates":[-118.04803,43.24049]}},{"type":"Feature","properties":{"acq_date":"2026-07-26","acq_time":1000,"confidence":"n","satellite":"N","instrument":"VIIRS","version":"2.0NRT","bright_ti4":342.51,"frp":4.27,"daynight":"N"},"geometry":{"type":"Point","coordinates":[-118.07242,43.24084]}},{"type":"Feature","properties":{"acq_date":"2026-07-26","acq_time":1000,"confidence":"n","satellite":"N","instrument":"VIIRS","version":"2.0NRT","bright_ti4":346.09,"frp":4.27,"daynight":"N"},"geometry":{"type":"Point","coordinates":[-118.0771,43.24156]}},{"type":"Feature","properties":{"acq_date":"2026-07-26","acq_time":1000,"confidence":"n","satellite":"N","instrument":"VIIRS","version":"2.0NRT","bright_ti4":309.91,"frp":0.76,"daynight":"N"},"geometry":{"type":"Point","coordinates":[-118.05742,43.24194]}},{"type":"Feature","properties":{"acq_date":"2026-07-26","acq_time":1000,"confidence":"n","satellite":"N","instrument":"VIIRS","version":"2.0NRT","bright_ti4":314,"frp":1.81,"daynight":"N"},"geometry":{"type":"Point","coordinates":[-118.06209,43.24267]}},{"type":"Feature","properties":{"acq_date":"2026-07-26","acq_time":1000,"confidence":"n","satellite":"N","instrument":"VIIRS","version":"2.0NRT","bright_ti4":332.51,"frp":1.81,"daynight":"N"},"geometry":{"type":"Point","coordinates":[-118.06677,43.24339]}},{"type":"Feature","properties":{"acq_date":"2026-07-26","acq_time":1000,"confidence":"n","satellite":"N","instrument":"VIIRS","version":"2.0NRT","bright_ti4":329.38,"frp":1.65,"daynight":"N"},"geometry":{"type":"Point","coordinates":[-118.07146,43.24412]}},{"type":"Feature","properties":{"acq_date":"2026-07-26","acq_time":1000,"confidence":"n","satellite":"N","instrument":"VIIRS","version":"2.0NRT","bright_ti4":311.73,"frp":1.65,"daynight":"N"},"geometry":{"type":"Point","coordinates":[-118.07614,43.24484]}},{"type":"Feature","properties":{"acq_date":"2026-07-26","acq_time":1000,"confidence":"n","satellite":"N","instrument":"VIIRS","version":"2.0NRT","bright_ti4":302.42,"frp":0.76,"daynight":"N"},"geometry":{"type":"Point","coordinates":[-118.05644,43.24522]}},{"type":"Feature","properties":{"acq_date":"2026-07-26","acq_time":1000,"confidence":"n","satellite":"N","instrument":"VIIRS","version":"2.0NRT","bright_ti4":324.54,"frp":1.81,"daynight":"N"},"geometry":{"type":"Point","coordinates":[-118.06114,43.24594]}},{"type":"Feature","properties":{"acq_date":"2026-07-26","acq_time":1000,"confidence":"n","satellite":"N","instrument":"VIIRS","version":"2.0NRT","bright_ti4":313.91,"frp":1.81,"daynight":"N"},"geometry":{"type":"Point","coordinates":[-118.06582,43.24667]}},{"type":"Feature","properties":{"acq_date":"2026-07-26","acq_time":1000,"confidence":"n","satellite":"N","instrument":"VIIRS","version":"2.0NRT","bright_ti4":324,"frp":1.94,"daynight":"N"},"geometry":{"type":"Point","coordinates":[-118.06017,43.24922]}},{"type":"Feature","properties":{"acq_date":"2026-07-26","acq_time":1000,"confidence":"n","satellite":"N","instrument":"VIIRS","version":"2.0NRT","bright_ti4":316.36,"frp":1.86,"daynight":"N"},"geometry":{"type":"Point","coordinates":[-118.05455,43.25177]}},{"type":"Feature","properties":{"acq_date":"2026-07-26","acq_time":1000,"confidence":"n","satellite":"N","instrument":"VIIRS","version":"2.0NRT","bright_ti4":321.54,"frp":1.16,"daynight":"N"},"geometry":{"type":"Point","coordinates":[-118.04889,43.25432]}},{"type":"Feature","properties":{"acq_date":"2026-07-26","acq_time":1000,"confidence":"n","satellite":"N","instrument":"VIIRS","version":"2.0NRT","bright_ti4":304.79,"frp":1.16,"daynight":"N"},"geometry":{"type":"Point","coordinates":[-118.05357,43.25505]}},{"type":"Feature","properties":{"acq_date":"2026-07-26","acq_time":1000,"confidence":"n","satellite":"N","instrument":"VIIRS","version":"2.0NRT","bright_ti4":297.55,"frp":0.66,"daynight":"N"},"geometry":{"type":"Point","coordinates":[-118.04325,43.25687]}},{"type":"Feature","properties":{"acq_date":"2026-07-26","acq_time":1000,"confidence":"n","satellite":"N","instrument":"VIIRS","version":"2.0NRT","bright_ti4":319.19,"frp":1.09,"daynight":"N"},"geometry":{"type":"Point","coordinates":[-118.02824,43.25797]}},{"type":"Feature","properties":{"acq_date":"2026-07-26","acq_time":1000,"confidence":"n","satellite":"N","instrument":"VIIRS","version":"2.0NRT","bright_ti4":302.01,"frp":1.09,"daynight":"N"},"geometry":{"type":"Point","coordinates":[-118.03294,43.2587]}},{"type":"Feature","properties":{"acq_date":"2026-07-26","acq_time":1000,"confidence":"n","satellite":"N","instrument":"VIIRS","version":"2.0NRT","bright_ti4":339.19,"frp":3.18,"daynight":"N"},"geometry":{"type":"Point","coordinates":[-118.03762,43.25942]}},{"type":"Feature","properties":{"acq_date":"2026-07-26","acq_time":1000,"confidence":"n","satellite":"N","instrument":"VIIRS","version":"2.0NRT","bright_ti4":313.27,"frp":3.18,"daynight":"N"},"geometry":{"type":"Point","coordinates":[-118.04229,43.26015]}},{"type":"Feature","properties":{"acq_date":"2026-07-26","acq_time":1000,"confidence":"n","satellite":"N","instrument":"VIIRS","version":"2.0NRT","bright_ti4":315.66,"frp":1.67,"daynight":"N"},"geometry":{"type":"Point","coordinates":[-118.0226,43.26052]}},{"type":"Feature","properties":{"acq_date":"2026-07-26","acq_time":1000,"confidence":"n","satellite":"N","instrument":"VIIRS","version":"2.0NRT","bright_ti4":306.97,"frp":1.09,"daynight":"N"},"geometry":{"type":"Point","coordinates":[-118.02728,43.26125]}},{"type":"Feature","properties":{"acq_date":"2026-07-26","acq_time":1000,"confidence":"n","satellite":"N","instrument":"VIIRS","version":"2.0NRT","bright_ti4":314.39,"frp":1.09,"daynight":"N"},"geometry":{"type":"Point","coordinates":[-118.03198,43.26197]}},{"type":"Feature","properties":{"acq_date":"2026-07-26","acq_time":1000,"confidence":"n","satellite":"N","instrument":"VIIRS","version":"2.0NRT","bright_ti4":352.31,"frp":3.18,"daynight":"N"},"geometry":{"type":"Point","coordinates":[-118.03667,43.2627]}},{"type":"Feature","properties":{"acq_date":"2026-07-26","acq_time":1000,"confidence":"n","satellite":"N","instrument":"VIIRS","version":"2.0NRT","bright_ti4":310.58,"frp":3.18,"daynight":"N"},"geometry":{"type":"Point","coordinates":[-118.04134,43.26343]}},{"type":"Feature","properties":{"acq_date":"2026-07-26","acq_time":1000,"confidence":"n","satellite":"N","instrument":"VIIRS","version":"2.0NRT","bright_ti4":303.86,"frp":2.7,"daynight":"N"},"geometry":{"type":"Point","coordinates":[-117.92702,43.26962]}},{"type":"Feature","properties":{"acq_date":"2026-07-26","acq_time":1000,"confidence":"n","satellite":"N","instrument":"VIIRS","version":"2.0NRT","bright_ti4":309.68,"frp":1.25,"daynight":"N"},"geometry":{"type":"Point","coordinates":[-118.00938,43.27216]}},{"type":"Feature","properties":{"acq_date":"2026-07-26","acq_time":1000,"confidence":"n","satellite":"N","instrument":"VIIRS","version":"2.0NRT","bright_ti4":323.16,"frp":2.14,"daynight":"N"},"geometry":{"type":"Point","coordinates":[-117.92139,43.27216]}},{"type":"Feature","properties":{"acq_date":"2026-07-26","acq_time":1000,"confidence":"n","satellite":"N","instrument":"VIIRS","version":"2.0NRT","bright_ti4":319.11,"frp":1.57,"daynight":"N"},"geometry":{"type":"Point","coordinates":[-118.01407,43.27289]}},{"type":"Feature","properties":{"acq_date":"2026-07-26","acq_time":1000,"confidence":"n","satellite":"N","instrument":"VIIRS","version":"2.0NRT","bright_ti4":335.6,"frp":2.7,"daynight":"N"},"geometry":{"type":"Point","coordinates":[-117.92609,43.27289]}},{"type":"Feature","properties":{"acq_date":"2026-07-26","acq_time":1000,"confidence":"n","satellite":"N","instrument":"VIIRS","version":"2.0NRT","bright_ti4":313.85,"frp":0.96,"daynight":"N"},"geometry":{"type":"Point","coordinates":[-117.92043,43.27543]}},{"type":"Feature","properties":{"acq_date":"2026-07-26","acq_time":1000,"confidence":"n","satellite":"N","instrument":"VIIRS","version":"2.0NRT","bright_ti4":302.86,"frp":0.67,"daynight":"N"},"geometry":{"type":"Point","coordinates":[-117.92512,43.27617]}},{"type":"Feature","properties":{"acq_date":"2026-07-26","acq_time":1000,"confidence":"n","satellite":"N","instrument":"VIIRS","version":"2.0NRT","bright_ti4":297.39,"frp":0.63,"daynight":"N"},"geometry":{"type":"Point","coordinates":[-117.98682,43.28235]}},{"type":"Feature","properties":{"acq_date":"2026-07-26","acq_time":1000,"confidence":"n","satellite":"N","instrument":"VIIRS","version":"2.0NRT","bright_ti4":302.97,"frp":2.02,"daynight":"N"},"geometry":{"type":"Point","coordinates":[-117.97653,43.28418]}},{"type":"Feature","properties":{"acq_date":"2026-07-26","acq_time":1000,"confidence":"n","satellite":"N","instrument":"VIIRS","version":"2.0NRT","bright_ti4":315.42,"frp":2.37,"daynight":"N"},"geometry":{"type":"Point","coordinates":[-117.9812,43.2849]}},{"type":"Feature","properties":{"acq_date":"2026-07-26","acq_time":1000,"confidence":"n","satellite":"N","instrument":"VIIRS","version":"2.0NRT","bright_ti4":332.48,"frp":2.37,"daynight":"N"},"geometry":{"type":"Point","coordinates":[-117.98588,43.28563]}},{"type":"Feature","properties":{"acq_date":"2026-07-26","acq_time":1000,"confidence":"n","satellite":"N","instrument":"VIIRS","version":"2.0NRT","bright_ti4":335.24,"frp":2.02,"daynight":"N"},"geometry":{"type":"Point","coordinates":[-117.97558,43.28745]}},{"type":"Feature","properties":{"acq_date":"2026-07-26","acq_time":1000,"confidence":"n","satellite":"N","instrument":"VIIRS","version":"2.0NRT","bright_ti4":326.43,"frp":2.37,"daynight":"N"},"geometry":{"type":"Point","coordinates":[-117.98026,43.28818]}},{"type":"Feature","properties":{"acq_date":"2026-07-26","acq_time":1000,"confidence":"n","satellite":"N","instrument":"VIIRS","version":"2.0NRT","bright_ti4":310.78,"frp":2.16,"daynight":"N"},"geometry":{"type":"Point","coordinates":[-117.96995,43.29]}},{"type":"Feature","properties":{"acq_date":"2026-07-26","acq_time":1000,"confidence":"n","satellite":"N","instrument":"VIIRS","version":"2.0NRT","bright_ti4":316.02,"frp":2.16,"daynight":"N"},"geometry":{"type":"Point","coordinates":[-117.97463,43.29073]}},{"type":"Feature","properties":{"acq_date":"2026-07-26","acq_time":1000,"confidence":"n","satellite":"N","instrument":"VIIRS","version":"2.0NRT","bright_ti4":337.23,"frp":4.12,"daynight":"N"},"geometry":{"type":"Point","coordinates":[-117.96433,43.29255]}},{"type":"Feature","properties":{"acq_date":"2026-07-26","acq_time":1000,"confidence":"n","satellite":"N","instrument":"VIIRS","version":"2.0NRT","bright_ti4":299.37,"frp":0.36,"daynight":"N"},"geometry":{"type":"Point","coordinates":[-117.94466,43.29291]}},{"type":"Feature","properties":{"acq_date":"2026-07-26","acq_time":1000,"confidence":"n","satellite":"N","instrument":"VIIRS","version":"2.0NRT","bright_ti4":337.35,"frp":2.16,"daynight":"N"},"geometry":{"type":"Point","coordinates":[-117.96901,43.29328]}},{"type":"Feature","properties":{"acq_date":"2026-07-26","acq_time":1000,"confidence":"n","satellite":"N","instrument":"VIIRS","version":"2.0NRT","bright_ti4":322.32,"frp":1.8,"daynight":"N"},"geometry":{"type":"Point","coordinates":[-117.94935,43.29364]}},{"type":"Feature","properties":{"acq_date":"2026-07-26","acq_time":1000,"confidence":"n","satellite":"N","instrument":"VIIRS","version":"2.0NRT","bright_ti4":331.75,"frp":2.19,"daynight":"N"},"geometry":{"type":"Point","coordinates":[-117.9587,43.2951]}},{"type":"Feature","properties":{"acq_date":"2026-07-26","acq_time":1000,"confidence":"n","satellite":"N","instrument":"VIIRS","version":"2.0NRT","bright_ti4":299.5,"frp":0.36,"daynight":"N"},"geometry":{"type":"Point","coordinates":[-117.93902,43.29546]}},{"type":"Feature","properties":{"acq_date":"2026-07-26","acq_time":1000,"confidence":"n","satellite":"N","instrument":"VIIRS","version":"2.0NRT","bright_ti4":322.07,"frp":2.39,"daynight":"N"},"geometry":{"type":"Point","coordinates":[-117.91935,43.29581]}},{"type":"Feature","properties":{"acq_date":"2026-07-26","acq_time":1000,"confidence":"n","satellite":"N","instrument":"VIIRS","version":"2.0NRT","bright_ti4":319.28,"frp":2.19,"daynight":"N"},"geometry":{"type":"Point","coordinates":[-117.96339,43.29583]}},{"type":"Feature","properties":{"acq_date":"2026-07-26","acq_time":1000,"confidence":"n","satellite":"N","instrument":"VIIRS","version":"2.0NRT","bright_ti4":300.09,"frp":0.36,"daynight":"N"},"geometry":{"type":"Point","coordinates":[-117.94371,43.29619]}},{"type":"Feature","properties":{"acq_date":"2026-07-26","acq_time":1000,"confidence":"n","satellite":"N","instrument":"VIIRS","version":"2.0NRT","bright_ti4":315.22,"frp":1.48,"daynight":"N"},"geometry":{"type":"Point","coordinates":[-117.93147,43.30456]}},{"type":"Feature","properties":{"acq_date":"2026-07-26","acq_time":1002,"confidence":"n","satellite":"N","instrument":"VIIRS","version":"2.0NRT","bright_ti4":310.69,"frp":4.11,"daynight":"N"},"geometry":{"type":"Point","coordinates":[-114.93588,32.5355]}},{"type":"Feature","properties":{"acq_date":"2026-07-26","acq_time":1002,"confidence":"n","satellite":"N","instrument":"VIIRS","version":"2.0NRT","bright_ti4":346.81,"frp":16.05,"daynight":"N"},"geometry":{"type":"Point","coordinates":[-114.93471,32.53951]}},{"type":"Feature","properties":{"acq_date":"2026-07-26","acq_time":1002,"confidence":"n","satellite":"N","instrument":"VIIRS","version":"2.0NRT","bright_ti4":311.08,"frp":3.94,"daynight":"N"},"geometry":{"type":"Point","coordinates":[-114.65018,33.2915]}},{"type":"Feature","properties":{"acq_date":"2026-07-26","acq_time":1002,"confidence":"n","satellite":"N","instrument":"VIIRS","version":"2.0NRT","bright_ti4":310.35,"frp":2.24,"daynight":"N"},"geometry":{"type":"Point","coordinates":[-114.69034,33.29157]}},{"type":"Feature","properties":{"acq_date":"2026-07-26","acq_time":1002,"confidence":"n","satellite":"N","instrument":"VIIRS","version":"2.0NRT","bright_ti4":313.3,"frp":2.31,"daynight":"N"},"geometry":{"type":"Point","coordinates":[-114.65437,33.29239]}},{"type":"Feature","properties":{"acq_date":"2026-07-26","acq_time":1002,"confidence":"n","satellite":"N","instrument":"VIIRS","version":"2.0NRT","bright_ti4":317.86,"frp":2.31,"daynight":"N"},"geometry":{"type":"Point","coordinates":[-114.65852,33.29328]}},{"type":"Feature","properties":{"acq_date":"2026-07-26","acq_time":1002,"confidence":"n","satellite":"N","instrument":"VIIRS","version":"2.0NRT","bright_ti4":319.18,"frp":3.92,"daynight":"N"},"geometry":{"type":"Point","coordinates":[-114.66269,33.29417]}},{"type":"Feature","properties":{"acq_date":"2026-07-26","acq_time":1002,"confidence":"n","satellite":"N","instrument":"VIIRS","version":"2.0NRT","bright_ti4":316.34,"frp":4.61,"daynight":"N"},"geometry":{"type":"Point","coordinates":[-114.68494,33.29467]}},{"type":"Feature","properties":{"acq_date":"2026-07-26","acq_time":1002,"confidence":"n","satellite":"N","instrument":"VIIRS","version":"2.0NRT","bright_ti4":324.96,"frp":4.34,"daynight":"N"},"geometry":{"type":"Point","coordinates":[-114.68277,33.295]}},{"type":"Feature","properties":{"acq_date":"2026-07-26","acq_time":1002,"confidence":"n","satellite":"N","instrument":"VIIRS","version":"2.0NRT","bright_ti4":313.07,"frp":2.24,"daynight":"N"},"geometry":{"type":"Point","coordinates":[-114.68915,33.29556]}},{"type":"Feature","properties":{"acq_date":"2026-07-26","acq_time":1002,"confidence":"n","satellite":"N","instrument":"VIIRS","version":"2.0NRT","bright_ti4":316.52,"frp":2.31,"daynight":"N"},"geometry":{"type":"Point","coordinates":[-114.65321,33.2964]}},{"type":"Feature","properties":{"acq_date":"2026-07-26","acq_time":1002,"confidence":"n","satellite":"N","instrument":"VIIRS","version":"2.0NRT","bright_ti4":313.25,"frp":2.24,"daynight":"N"},"geometry":{"type":"Point","coordinates":[-114.69336,33.29646]}},{"type":"Feature","properties":{"acq_date":"2026-07-26","acq_time":1002,"confidence":"n","satellite":"N","instrument":"VIIRS","version":"2.0URT","bright_ti4":313.3,"frp":6.75,"daynight":"N"},"geometry":{"type":"Point","coordinates":[-114.6912,33.29674]}},{"type":"Feature","properties":{"acq_date":"2026-07-26","acq_time":1002,"confidence":"n","satellite":"N","instrument":"VIIRS","version":"2.0NRT","bright_ti4":323.07,"frp":2.31,"daynight":"N"},"geometry":{"type":"Point","coordinates":[-114.65735,33.29728]}},{"type":"Feature","properties":{"acq_date":"2026-07-26","acq_time":1002,"confidence":"n","satellite":"N","instrument":"VIIRS","version":"2.0NRT","bright_ti4":312.52,"frp":7.27,"daynight":"N"},"geometry":{"type":"Point","coordinates":[-114.61757,33.29733]}},{"type":"Feature","properties":{"acq_date":"2026-07-26","acq_time":1002,"confidence":"n","satellite":"N","instrument":"VIIRS","version":"2.0NRT","bright_ti4":312.77,"frp":4.55,"daynight":"N"},"geometry":{"type":"Point","coordinates":[-114.6954,33.29761]}},{"type":"Feature","properties":{"acq_date":"2026-07-26","acq_time":1002,"confidence":"n","satellite":"N","instrument":"VIIRS","version":"2.0NRT","bright_ti4":314.28,"frp":9.81,"daynight":"N"},"geometry":{"type":"Point","coordinates":[-114.67956,33.29776]}},{"type":"Feature","properties":{"acq_date":"2026-07-26","acq_time":1002,"confidence":"n","satellite":"N","instrument":"VIIRS","version":"2.0NRT","bright_ti4":327.87,"frp":3.92,"daynight":"N"},"geometry":{"type":"Point","coordinates":[-114.66153,33.29817]}},{"type":"Feature","properties":{"acq_date":"2026-07-26","acq_time":1002,"confidence":"n","satellite":"N","instrument":"VIIRS","version":"2.0NRT","bright_ti4":320.18,"frp":9.81,"daynight":"N"},"geometry":{"type":"Point","coordinates":[-114.68377,33.29866]}},{"type":"Feature","properties":{"acq_date":"2026-07-26","acq_time":1002,"confidence":"n","satellite":"N","instrument":"VIIRS","version":"2.0NRT","bright_ti4":337.98,"frp":3.92,"daynight":"N"},"geometry":{"type":"Point","coordinates":[-114.66571,33.29907]}},{"type":"Feature","properties":{"acq_date":"2026-07-26","acq_time":1002,"confidence":"n","satellite":"N","instrument":"VIIRS","version":"2.0NRT","bright_ti4":326.08,"frp":3.73,"daynight":"N"},"geometry":{"type":"Point","coordinates":[-114.68796,33.29956]}},{"type":"Feature","properties":{"acq_date":"2026-07-26","acq_time":1002,"confidence":"n","satellite":"N","instrument":"VIIRS","version":"2.0NRT","bright_ti4":336.95,"frp":6.35,"daynight":"N"},"geometry":{"type":"Point","coordinates":[-114.66994,33.29996]}},{"type":"Feature","properties":{"acq_date":"2026-07-26","acq_time":1002,"confidence":"n","satellite":"N","instrument":"VIIRS","version":"2.0NRT","bright_ti4":323.56,"frp":3.73,"daynight":"N"},"geometry":{"type":"Point","coordinates":[-114.69215,33.30045]}},{"type":"Feature","properties":{"acq_date":"2026-07-26","acq_time":1002,"confidence":"n","satellite":"N","instrument":"VIIRS","version":"2.0NRT","bright_ti4":336.21,"frp":6.35,"daynight":"N"},"geometry":{"type":"Point","coordinates":[-114.67415,33.30086]}},{"type":"Feature","properties":{"acq_date":"2026-07-26","acq_time":1002,"confidence":"n","satellite":"N","instrument":"VIIRS","version":"2.0NRT","bright_ti4":314.62,"frp":3.16,"daynight":"N"},"geometry":{"type":"Point","coordinates":[-114.65619,33.30129]}},{"type":"Feature","properties":{"acq_date":"2026-07-26","acq_time":1002,"confidence":"n","satellite":"N","instrument":"VIIRS","version":"2.0NRT","bright_ti4":314.88,"frp":5.9,"daynight":"N"},"geometry":{"type":"Point","coordinates":[-114.63833,33.30175]}},{"type":"Feature","properties":{"acq_date":"2026-07-26","acq_time":1002,"confidence":"n","satellite":"N","instrument":"VIIRS","version":"2.0NRT","bright_ti4":355.44,"frp":9.81,"daynight":"N"},"geometry":{"type":"Point","coordinates":[-114.67836,33.30176]}},{"type":"Feature","properties":{"acq_date":"2026-07-26","acq_time":1002,"confidence":"n","satellite":"N","instrument":"VIIRS","version":"2.0NRT","bright_ti4":325.9,"frp":3.5,"daynight":"N"},"geometry":{"type":"Point","coordinates":[-114.66035,33.30218]}},{"type":"Feature","properties":{"acq_date":"2026-07-26","acq_time":1002,"confidence":"n","satellite":"N","instrument":"VIIRS","version":"2.0NRT","bright_ti4":322.94,"frp":4.65,"daynight":"N"},"geometry":{"type":"Point","coordinates":[-114.64251,33.30264]}},{"type":"Feature","properties":{"acq_date":"2026-07-26","acq_time":1002,"confidence":"n","satellite":"N","instrument":"VIIRS","version":"2.0NRT","bright_ti4":350.64,"frp":9.81,"daynight":"N"},"geometry":{"type":"Point","coordinates":[-114.68256,33.30265]}},{"type":"Feature","properties":{"acq_date":"2026-07-26","acq_time":1002,"confidence":"n","satellite":"N","instrument":"VIIRS","version":"2.0NRT","bright_ti4":333,"frp":3.5,"daynight":"N"},"geometry":{"type":"Point","coordinates":[-114.66454,33.30307]}},{"type":"Feature","properties":{"acq_date":"2026-07-26","acq_time":1002,"confidence":"n","satellite":"N","instrument":"VIIRS","version":"2.0NRT","bright_ti4":321.91,"frp":4.65,"daynight":"N"},"geometry":{"type":"Point","coordinates":[-114.64664,33.30352]}},{"type":"Feature","properties":{"acq_date":"2026-07-26","acq_time":1002,"confidence":"n","satellite":"N","instrument":"VIIRS","version":"2.0NRT","bright_ti4":339.7,"frp":3.73,"daynight":"N"},"geometry":{"type":"Point","coordinates":[-114.68678,33.30355]}},{"type":"Feature","properties":{"acq_date":"2026-07-26","acq_time":1002,"confidence":"n","satellite":"N","instrument":"VIIRS","version":"2.0NRT","bright_ti4":338.51,"frp":5.7,"daynight":"N"},"geometry":{"type":"Point","coordinates":[-114.66874,33.30397]}},{"type":"Feature","properties":{"acq_date":"2026-07-26","acq_time":1002,"confidence":"n","satellite":"N","instrument":"VIIRS","version":"2.0NRT","bright_ti4":319.48,"frp":3.16,"daynight":"N"},"geometry":{"type":"Point","coordinates":[-114.65083,33.30441]}},{"type":"Feature","properties":{"acq_date":"2026-07-26","acq_time":1002,"confidence":"n","satellite":"N","instrument":"VIIRS","version":"2.0NRT","bright_ti4":333.61,"frp":3.73,"daynight":"N"},"geometry":{"type":"Point","coordinates":[-114.69098,33.30444]}},{"type":"Feature","properties":{"acq_date":"2026-07-26","acq_time":1002,"confidence":"n","satellite":"N","instrument":"VIIRS","version":"2.0NRT","bright_ti4":354.23,"frp":5.7,"daynight":"N"},"geometry":{"type":"Point","coordinates":[-114.67296,33.30486]}},{"type":"Feature","properties":{"acq_date":"2026-07-26","acq_time":1002,"confidence":"n","satellite":"N","instrument":"VIIRS","version":"2.0NRT","bright_ti4":324.03,"frp":3.16,"daynight":"N"},"geometry":{"type":"Point","coordinates":[-114.65501,33.3053]}},{"type":"Feature","properties":{"acq_date":"2026-07-26","acq_time":1002,"confidence":"n","satellite":"N","instrument":"VIIRS","version":"2.0NRT","bright_ti4":315.81,"frp":2.93,"daynight":"N"},"geometry":{"type":"Point","coordinates":[-114.69519,33.30534]}},{"type":"Feature","properties":{"acq_date":"2026-07-26","acq_time":1002,"confidence":"n","satellite":"N","instrument":"VIIRS","version":"2.0NRT","bright_ti4":356.56,"frp":8.39,"daynight":"N"},"geometry":{"type":"Point","coordinates":[-114.67717,33.30576]}},{"type":"Feature","properties":{"acq_date":"2026-07-26","acq_time":1002,"confidence":"n","satellite":"N","instrument":"VIIRS","version":"2.0NRT","bright_ti4":317.17,"frp":9.77,"daynight":"N"},"geometry":{"type":"Point","coordinates":[-114.63715,33.30576]}},{"type":"Feature","properties":{"acq_date":"2026-07-26","acq_time":1002,"confidence":"n","satellite":"N","instrument":"VIIRS","version":"2.0NRT","bright_ti4":322.97,"frp":3.5,"daynight":"N"},"geometry":{"type":"Point","coordinates":[-114.65918,33.30618]}},{"type":"Feature","properties":{"acq_date":"2026-07-26","acq_time":1002,"confidence":"n","satellite":"N","instrument":"VIIRS","version":"2.0NRT","bright_ti4":308.68,"frp":2.93,"daynight":"N"},"geometry":{"type":"Point","coordinates":[-114.69938,33.30623]}},{"type":"Feature","properties":{"acq_date":"2026-07-26","acq_time":1002,"confidence":"n","satellite":"N","instrument":"VIIRS","version":"2.0NRT","bright_ti4":348.66,"frp":8.39,"daynight":"N"},"geometry":{"type":"Point","coordinates":[-114.68137,33.30665]}},{"type":"Feature","properties":{"acq_date":"2026-07-26","acq_time":1002,"confidence":"n","satellite":"N","instrument":"VIIRS","version":"2.0NRT","bright_ti4":324.79,"frp":4.88,"daynight":"N"},"geometry":{"type":"Point","coordinates":[-114.64135,33.30665]}},{"type":"Feature","properties":{"acq_date":"2026-07-26","acq_time":1002,"confidence":"n","satellite":"N","instrument":"VIIRS","version":"2.0NRT","bright_ti4":326.33,"frp":3.5,"daynight":"N"},"geometry":{"type":"Point","coordinates":[-114.66335,33.30707]}},{"type":"Feature","properties":{"acq_date":"2026-07-26","acq_time":1002,"confidence":"n","satellite":"N","instrument":"VIIRS","version":"2.0NRT","bright_ti4":312.25,"frp":5.43,"daynight":"N"},"geometry":{"type":"Point","coordinates":[-114.70359,33.30713]}},{"type":"Feature","properties":{"acq_date":"2026-07-26","acq_time":1002,"confidence":"n","satellite":"N","instrument":"VIIRS","version":"2.0NRT","bright_ti4":330.45,"frp":4.88,"daynight":"N"},"geometry":{"type":"Point","coordinates":[-114.6455,33.30753]}},{"type":"Feature","properties":{"acq_date":"2026-07-26","acq_time":1002,"confidence":"n","satellite":"N","instrument":"VIIRS","version":"2.0NRT","bright_ti4":337.33,"frp":3.83,"daynight":"N"},"geometry":{"type":"Point","coordinates":[-114.68559,33.30754]}},{"type":"Feature","properties":{"acq_date":"2026-07-26","acq_time":1002,"confidence":"n","satellite":"N","instrument":"VIIRS","version":"2.0NRT","bright_ti4":327.24,"frp":5.7,"daynight":"N"},"geometry":{"type":"Point","coordinates":[-114.66756,33.30796]}},{"type":"Feature","properties":{"acq_date":"2026-07-26","acq_time":1002,"confidence":"n","satellite":"N","instrument":"VIIRS","version":"2.0NRT","bright_ti4":328.5,"frp":3.84,"daynight":"N"},"geometry":{"type":"Point","coordinates":[-114.64966,33.30841]}},{"type":"Feature","properties":{"acq_date":"2026-07-26","acq_time":1002,"confidence":"n","satellite":"N","instrument":"VIIRS","version":"2.0NRT","bright_ti4":328.37,"frp":3.83,"daynight":"N"},"geometry":{"type":"Point","coordinates":[-114.68979,33.30844]}},{"type":"Feature","properties":{"acq_date":"2026-07-26","acq_time":1002,"confidence":"n","satellite":"N","instrument":"VIIRS","version":"2.0NRT","bright_ti4":333.86,"frp":5.7,"daynight":"N"},"geometry":{"type":"Point","coordinates":[-114.67176,33.30886]}},{"type":"Feature","properties":{"acq_date":"2026-07-26","acq_time":1002,"confidence":"n","satellite":"N","instrument":"VIIRS","version":"2.0NRT","bright_ti4":323.03,"frp":3.84,"daynight":"N"},"geometry":{"type":"Point","coordinates":[-114.65385,33.3093]}},{"type":"Feature","properties":{"acq_date":"2026-07-26","acq_time":1002,"confidence":"n","satellite":"N","instrument":"VIIRS","version":"2.0NRT","bright_ti4":322.72,"frp":2.52,"daynight":"N"},"geometry":{"type":"Point","coordinates":[-114.694,33.30933]}},{"type":"Feature","properties":{"acq_date":"2026-07-26","acq_time":1002,"confidence":"n","satellite":"N","instrument":"VIIRS","version":"2.0NRT","bright_ti4":334.2,"frp":8.39,"daynight":"N"},"geometry":{"type":"Point","coordinates":[-114.67596,33.30975]}},{"type":"Feature","properties":{"acq_date":"2026-07-26","acq_time":1002,"confidence":"n","satellite":"N","instrument":"VIIRS","version":"2.0NRT","bright_ti4":316.68,"frp":2.52,"daynight":"N"},"geometry":{"type":"Point","coordinates":[-114.69819,33.31022]}},{"type":"Feature","properties":{"acq_date":"2026-07-26","acq_time":1002,"confidence":"n","satellite":"N","instrument":"VIIRS","version":"2.0NRT","bright_ti4":334.65,"frp":8.39,"daynight":"N"},"geometry":{"type":"Point","coordinates":[-114.68019,33.31065]}},{"type":"Feature","properties":{"acq_date":"2026-07-26","acq_time":1002,"confidence":"n","satellite":"N","instrument":"VIIRS","version":"2.0NRT","bright_ti4":310.68,"frp":3.36,"daynight":"N"},"geometry":{"type":"Point","coordinates":[-114.70238,33.31112]}},{"type":"Feature","properties":{"acq_date":"2026-07-26","acq_time":1002,"confidence":"n","satellite":"N","instrument":"VIIRS","version":"2.0NRT","bright_ti4":329.56,"frp":3.83,"daynight":"N"},"geometry":{"type":"Point","coordinates":[-114.68439,33.31153]}},{"type":"Feature","properties":{"acq_date":"2026-07-26","acq_time":1002,"confidence":"n","satellite":"N","instrument":"VIIRS","version":"2.0NRT","bright_ti4":321.3,"frp":4.88,"daynight":"N"},"geometry":{"type":"Point","coordinates":[-114.64436,33.31155]}},{"type":"Feature","properties":{"acq_date":"2026-07-26","acq_time":1002,"confidence":"n","satellite":"N","instrument":"VIIRS","version":"2.0NRT","bright_ti4":325.18,"frp":3.84,"daynight":"N"},"geometry":{"type":"Point","coordinates":[-114.6485,33.31242]}},{"type":"Feature","properties":{"acq_date":"2026-07-26","acq_time":1002,"confidence":"n","satellite":"N","instrument":"VIIRS","version":"2.0NRT","bright_ti4":320.93,"frp":3.83,"daynight":"N"},"geometry":{"type":"Point","coordinates":[-114.6886,33.31243]}},{"type":"Feature","properties":{"acq_date":"2026-07-26","acq_time":1002,"confidence":"n","satellite":"N","instrument":"VIIRS","version":"2.0NRT","bright_ti4":313.85,"frp":8.8,"daynight":"N"},"geometry":{"type":"Point","coordinates":[-114.67057,33.31285]}},{"type":"Feature","properties":{"acq_date":"2026-07-26","acq_time":1002,"confidence":"n","satellite":"N","instrument":"VIIRS","version":"2.0NRT","bright_ti4":327.46,"frp":3.84,"daynight":"N"},"geometry":{"type":"Point","coordinates":[-114.65263,33.3133]}},{"type":"Feature","properties":{"acq_date":"2026-07-26","acq_time":1002,"confidence":"n","satellite":"N","instrument":"VIIRS","version":"2.0NRT","bright_ti4":317.69,"frp":2.52,"daynight":"N"},"geometry":{"type":"Point","coordinates":[-114.69279,33.31332]}},{"type":"Feature","properties":{"acq_date":"2026-07-26","acq_time":1002,"confidence":"n","satellite":"N","instrument":"VIIRS","version":"2.0NRT","bright_ti4":316.95,"frp":9.25,"daynight":"N"},"geometry":{"type":"Point","coordinates":[-114.63486,33.31379]}},{"type":"Feature","properties":{"acq_date":"2026-07-26","acq_time":1002,"confidence":"n","satellite":"N","instrument":"VIIRS","version":"2.0NRT","bright_ti4":327.68,"frp":11.58,"daynight":"N"},"geometry":{"type":"Point","coordinates":[-114.65683,33.31419]}},{"type":"Feature","properties":{"acq_date":"2026-07-26","acq_time":1002,"confidence":"n","satellite":"N","instrument":"VIIRS","version":"2.0NRT","bright_ti4":314,"frp":2.52,"daynight":"N"},"geometry":{"type":"Point","coordinates":[-114.69701,33.31421]}},{"type":"Feature","properties":{"acq_date":"2026-07-26","acq_time":1002,"confidence":"n","satellite":"N","instrument":"VIIRS","version":"2.0NRT","bright_ti4":319.32,"frp":8.95,"daynight":"N"},"geometry":{"type":"Point","coordinates":[-114.67899,33.31464]}},{"type":"Feature","properties":{"acq_date":"2026-07-26","acq_time":1002,"confidence":"n","satellite":"N","instrument":"VIIRS","version":"2.0NRT","bright_ti4":316.82,"frp":4.82,"daynight":"N"},"geometry":{"type":"Point","coordinates":[-114.63903,33.31467]}},{"type":"Feature","properties":{"acq_date":"2026-07-26","acq_time":1002,"confidence":"n","satellite":"N","instrument":"VIIRS","version":"2.0NRT","bright_ti4":309.63,"frp":3.36,"daynight":"N"},"geometry":{"type":"Point","coordinates":[-114.70119,33.31511]}},{"type":"Feature","properties":{"acq_date":"2026-07-26","acq_time":1002,"confidence":"n","satellite":"N","instrument":"VIIRS","version":"2.0NRT","bright_ti4":319.08,"frp":4.31,"daynight":"N"},"geometry":{"type":"Point","coordinates":[-114.68319,33.31553]}},{"type":"Feature","properties":{"acq_date":"2026-07-26","acq_time":1002,"confidence":"n","satellite":"N","instrument":"VIIRS","version":"2.0NRT","bright_ti4":316.16,"frp":4.82,"daynight":"N"},"geometry":{"type":"Point","coordinates":[-114.64318,33.31555]}},{"type":"Feature","properties":{"acq_date":"2026-07-26","acq_time":1002,"confidence":"n","satellite":"N","instrument":"VIIRS","version":"2.0NRT","bright_ti4":315.37,"frp":4.31,"daynight":"N"},"geometry":{"type":"Point","coordinates":[-114.6874,33.31642]}},{"type":"Feature","properties":{"acq_date":"2026-07-26","acq_time":1002,"confidence":"n","satellite":"N","instrument":"VIIRS","version":"2.0NRT","bright_ti4":312.46,"frp":3.07,"daynight":"N"},"geometry":{"type":"Point","coordinates":[-114.64732,33.31643]}},{"type":"Feature","properties":{"acq_date":"2026-07-26","acq_time":1002,"confidence":"n","satellite":"N","instrument":"VIIRS","version":"2.0NRT","bright_ti4":314.45,"frp":2.42,"daynight":"N"},"geometry":{"type":"Point","coordinates":[-114.6916,33.31731]}},{"type":"Feature","properties":{"acq_date":"2026-07-26","acq_time":1002,"confidence":"n","satellite":"N","instrument":"VIIRS","version":"2.0NRT","bright_ti4":312.73,"frp":3.07,"daynight":"N"},"geometry":{"type":"Point","coordinates":[-114.65149,33.31731]}},{"type":"Feature","properties":{"acq_date":"2026-07-26","acq_time":1002,"confidence":"n","satellite":"N","instrument":"VIIRS","version":"2.0NRT","bright_ti4":314.86,"frp":3.2,"daynight":"N"},"geometry":{"type":"Point","coordinates":[-114.65569,33.3182]}},{"type":"Feature","properties":{"acq_date":"2026-07-26","acq_time":1002,"confidence":"n","satellite":"N","instrument":"VIIRS","version":"2.0NRT","bright_ti4":311.06,"frp":2.42,"daynight":"N"},"geometry":{"type":"Point","coordinates":[-114.69583,33.31821]}},{"type":"Feature","properties":{"acq_date":"2026-07-26","acq_time":1002,"confidence":"n","satellite":"N","instrument":"VIIRS","version":"2.0NRT","bright_ti4":318.87,"frp":3.2,"daynight":"N"},"geometry":{"type":"Point","coordinates":[-114.65984,33.31908]}},{"type":"Feature","properties":{"acq_date":"2026-07-26","acq_time":1002,"confidence":"n","satellite":"N","instrument":"VIIRS","version":"2.0NRT","bright_ti4":319.33,"frp":2.06,"daynight":"N"},"geometry":{"type":"Point","coordinates":[-114.664,33.31996]}},{"type":"Feature","properties":{"acq_date":"2026-07-26","acq_time":1002,"confidence":"n","satellite":"N","instrument":"VIIRS","version":"2.0NRT","bright_ti4":313.2,"frp":2.06,"daynight":"N"},"geometry":{"type":"Point","coordinates":[-114.66821,33.32085]}},{"type":"Feature","properties":{"acq_date":"2026-07-26","acq_time":1002,"confidence":"n","satellite":"N","instrument":"VIIRS","version":"2.0NRT","bright_ti4":308.82,"frp":2.42,"daynight":"N"},"geometry":{"type":"Point","coordinates":[-114.69042,33.32131]}},{"type":"Feature","properties":{"acq_date":"2026-07-26","acq_time":1002,"confidence":"n","satellite":"N","instrument":"VIIRS","version":"2.0NRT","bright_ti4":313.95,"frp":1.86,"daynight":"N"},"geometry":{"type":"Point","coordinates":[-114.67239,33.32174]}},{"type":"Feature","properties":{"acq_date":"2026-07-26","acq_time":1002,"confidence":"n","satellite":"N","instrument":"VIIRS","version":"2.0NRT","bright_ti4":311.67,"frp":1.86,"daynight":"N"},"geometry":{"type":"Point","coordinates":[-114.6766,33.32263]}},{"type":"Feature","properties":{"acq_date":"2026-07-26","acq_time":1002,"confidence":"n","satellite":"N","instrument":"VIIRS","version":"2.0NRT","bright_ti4":308.92,"frp":2.7,"daynight":"N"},"geometry":{"type":"Point","coordinates":[-114.6808,33.32352]}},{"type":"Feature","properties":{"acq_date":"2026-07-26","acq_time":1002,"confidence":"n","satellite":"N","instrument":"VIIRS","version":"2.0NRT","bright_ti4":305.9,"frp":2.06,"daynight":"N"},"geometry":{"type":"Point","coordinates":[-114.66284,33.32396]}},{"type":"Feature","properties":{"acq_date":"2026-07-26","acq_time":1002,"confidence":"n","satellite":"N","instrument":"VIIRS","version":"2.0NRT","bright_ti4":309.26,"frp":2.7,"daynight":"N"},"geometry":{"type":"Point","coordinates":[-114.68501,33.32441]}},{"type":"Feature","properties":{"acq_date":"2026-07-26","acq_time":1002,"confidence":"n","satellite":"N","instrument":"VIIRS","version":"2.0NRT","bright_ti4":308.26,"frp":2.06,"daynight":"N"},"geometry":{"type":"Point","coordinates":[-114.66703,33.32485]}},{"type":"Feature","properties":{"acq_date":"2026-07-26","acq_time":1002,"confidence":"n","satellite":"N","instrument":"VIIRS","version":"2.0NRT","bright_ti4":308.79,"frp":4.97,"daynight":"N"},"geometry":{"type":"Point","coordinates":[-114.68922,33.32529]}},{"type":"Feature","properties":{"acq_date":"2026-07-26","acq_time":1002,"confidence":"n","satellite":"N","instrument":"VIIRS","version":"2.0NRT","bright_ti4":306.32,"frp":1.86,"daynight":"N"},"geometry":{"type":"Point","coordinates":[-114.6712,33.32574]}},{"type":"Feature","properties":{"acq_date":"2026-07-26","acq_time":1002,"confidence":"n","satellite":"N","instrument":"VIIRS","version":"2.0NRT","bright_ti4":306.73,"frp":1.86,"daynight":"N"},"geometry":{"type":"Point","coordinates":[-114.67541,33.32662]}},{"type":"Feature","properties":{"acq_date":"2026-07-26","acq_time":1002,"confidence":"n","satellite":"N","instrument":"VIIRS","version":"2.0NRT","bright_ti4":306.14,"frp":7.01,"daynight":"N"},"geometry":{"type":"Point","coordinates":[-114.65751,33.32709]}},{"type":"Feature","properties":{"acq_date":"2026-07-26","acq_time":1002,"confidence":"n","satellite":"N","instrument":"VIIRS","version":"2.0NRT","bright_ti4":309.05,"frp":7.22,"daynight":"N"},"geometry":{"type":"Point","coordinates":[-114.66583,33.32885]}},{"type":"Feature","properties":{"acq_date":"2026-07-26","acq_time":1002,"confidence":"n","satellite":"N","instrument":"VIIRS","version":"2.0NRT","bright_ti4":306.78,"frp":5.38,"daynight":"N"},"geometry":{"type":"Point","coordinates":[-114.66885,33.33373]}},{"type":"Feature","properties":{"acq_date":"2026-07-26","acq_time":1002,"confidence":"n","satellite":"N","instrument":"VIIRS","version":"2.0NRT","bright_ti4":301.78,"frp":0.64,"daynight":"N"},"geometry":{"type":"Point","coordinates":[-117.61443,33.49317]}},{"type":"Feature","properties":{"acq_date":"2026-07-26","acq_time":1002,"confidence":"n","satellite":"N","instrument":"VIIRS","version":"2.0NRT","bright_ti4":305.66,"frp":0.6,"daynight":"N"},"geometry":{"type":"Point","coordinates":[-117.82429,33.61237]}},{"type":"Feature","properties":{"acq_date":"2026-07-26","acq_time":1002,"confidence":"n","satellite":"N","instrument":"VIIRS","version":"2.0NRT","bright_ti4":304.37,"frp":0.3,"daynight":"N"},"geometry":{"type":"Point","coordinates":[-117.82337,33.61582]}},{"type":"Feature","properties":{"acq_date":"2026-07-26","acq_time":1002,"confidence":"n","satellite":"N","instrument":"VIIRS","version":"2.0NRT","bright_ti4":315.94,"frp":0.82,"daynight":"N"},"geometry":{"type":"Point","coordinates":[-117.71231,33.71535]}},{"type":"Feature","properties":{"acq_date":"2026-07-26","acq_time":1002,"confidence":"n","satellite":"N","instrument":"VIIRS","version":"2.0NRT","bright_ti4":306.98,"frp":1.01,"daynight":"N"},"geometry":{"type":"Point","coordinates":[-118.23763,33.77874]}},{"type":"Feature","properties":{"acq_date":"2026-07-26","acq_time":1002,"confidence":"n","satellite":"N","instrument":"VIIRS","version":"2.0NRT","bright_ti4":306.57,"frp":1.02,"daynight":"N"},"geometry":{"type":"Point","coordinates":[-117.47385,33.79563]}},{"type":"Feature","properties":{"acq_date":"2026-07-26","acq_time":1002,"confidence":"n","satellite":"N","instrument":"VIIRS","version":"2.0NRT","bright_ti4":304.82,"frp":1.82,"daynight":"N"},"geometry":{"type":"Point","coordinates":[-118.3305,33.85239]}},{"type":"Feature","properties":{"acq_date":"2026-07-26","acq_time":1002,"confidence":"n","satellite":"N","instrument":"VIIRS","version":"2.0NRT","bright_ti4":302.6,"frp":0.25,"daynight":"N"},"geometry":{"type":"Point","coordinates":[-117.0004,33.87729]}},{"type":"Feature","properties":{"acq_date":"2026-07-26","acq_time":1002,"confidence":"n","satellite":"N","instrument":"VIIRS","version":"2.0NRT","bright_ti4":332.56,"frp":6.76,"daynight":"N"},"geometry":{"type":"Point","coordinates":[-114.19519,33.94492]}},{"type":"Feature","properties":{"acq_date":"2026-07-26","acq_time":1002,"confidence":"n","satellite":"N","instrument":"VIIRS","version":"2.0NRT","bright_ti4":308.43,"frp":0.59,"daynight":"N"},"geometry":{"type":"Point","coordinates":[-117.42856,34.14443]}},{"type":"Feature","properties":{"acq_date":"2026-07-26","acq_time":1002,"confidence":"n","satellite":"N","instrument":"VIIRS","version":"2.0NRT","bright_ti4":317.47,"frp":0.65,"daynight":"N"},"geometry":{"type":"Point","coordinates":[-118.19147,34.152]}},{"type":"Feature","properties":{"acq_date":"2026-07-26","acq_time":1002,"confidence":"n","satellite":"N","instrument":"VIIRS","version":"2.0NRT","bright_ti4":303.82,"frp":0.49,"daynight":"N"},"geometry":{"type":"Point","coordinates":[-118.38218,34.24535]}},{"type":"Feature","properties":{"acq_date":"2026-07-26","acq_time":1002,"confidence":"n","satellite":"N","instrument":"VIIRS","version":"2.0NRT","bright_ti4":322.36,"frp":1.43,"daynight":"N"},"geometry":{"type":"Point","coordinates":[-118.52024,34.33672]}},{"type":"Feature","properties":{"acq_date":"2026-07-26","acq_time":1002,"confidence":"n","satellite":"N","instrument":"VIIRS","version":"2.0NRT","bright_ti4":320.31,"frp":2.45,"daynight":"N"},"geometry":{"type":"Point","coordinates":[-117.33792,34.60897]}},{"type":"Feature","properties":{"acq_date":"2026-07-26","acq_time":1002,"confidence":"n","satellite":"N","instrument":"VIIRS","version":"2.0NRT","bright_ti4":320.56,"frp":2.58,"daynight":"N"},"geometry":{"type":"Point","coordinates":[-117.10105,34.62349]}},{"type":"Feature","properties":{"acq_date":"2026-07-26","acq_time":1002,"confidence":"n","satellite":"N","instrument":"VIIRS","version":"2.0NRT","bright_ti4":311.43,"frp":2.4,"daynight":"N"},"geometry":{"type":"Point","coordinates":[-114.9078,36.35826]}},{"type":"Feature","properties":{"acq_date":"2026-07-26","acq_time":1002,"confidence":"n","satellite":"N","instrument":"VIIRS","version":"2.0NRT","bright_ti4":311.65,"frp":1.57,"daynight":"N"},"geometry":{"type":"Point","coordinates":[-114.87605,36.38354]}},{"type":"Feature","properties":{"acq_date":"2026-07-26","acq_time":1002,"confidence":"n","satellite":"N","instrument":"VIIRS","version":"2.0NRT","bright_ti4":302.67,"frp":0.52,"daynight":"N"},"geometry":{"type":"Point","coordinates":[-120.58453,36.65117]}},{"type":"Feature","properties":{"acq_date":"2026-07-26","acq_time":1002,"confidence":"n","satellite":"N","instrument":"VIIRS","version":"2.0NRT","bright_ti4":303.83,"frp":0.52,"daynight":"N"},"geometry":{"type":"Point","coordinates":[-121.76759,36.71452]}},{"type":"Feature","properties":{"acq_date":"2026-07-26","acq_time":1002,"confidence":"n","satellite":"N","instrument":"VIIRS","version":"2.0NRT","bright_ti4":300.7,"frp":0.63,"daynight":"N"},"geometry":{"type":"Point","coordinates":[-121.68021,37.18362]}},{"type":"Feature","properties":{"acq_date":"2026-07-26","acq_time":1002,"confidence":"n","satellite":"N","instrument":"VIIRS","version":"2.0NRT","bright_ti4":317.35,"frp":1.11,"daynight":"N"},"geometry":{"type":"Point","coordinates":[-121.93173,37.45588]}},{"type":"Feature","properties":{"acq_date":"2026-07-26","acq_time":1002,"confidence":"n","satellite":"N","instrument":"VIIRS","version":"2.0NRT","bright_ti4":301.2,"frp":0.21,"daynight":"N"},"geometry":{"type":"Point","coordinates":[-121.65814,37.75632]}},{"type":"Feature","properties":{"acq_date":"2026-07-26","acq_time":1002,"confidence":"n","satellite":"N","instrument":"VIIRS","version":"2.0NRT","bright_ti4":307.66,"frp":0.99,"daynight":"N"},"geometry":{"type":"Point","coordinates":[-121.18455,37.88463]}},{"type":"Feature","properties":{"acq_date":"2026-07-26","acq_time":1002,"confidence":"n","satellite":"N","instrument":"VIIRS","version":"2.0NRT","bright_ti4":304.42,"frp":1.36,"daynight":"N"},"geometry":{"type":"Point","coordinates":[-122.39736,37.94392]}},{"type":"Feature","properties":{"acq_date":"2026-07-26","acq_time":1002,"confidence":"n","satellite":"N","instrument":"VIIRS","version":"2.0NRT","bright_ti4":303.59,"frp":0.93,"daynight":"N"},"geometry":{"type":"Point","coordinates":[-122.1138,38.01406]}},{"type":"Feature","properties":{"acq_date":"2026-07-26","acq_time":1002,"confidence":"n","satellite":"N","instrument":"VIIRS","version":"2.0NRT","bright_ti4":295.81,"frp":0.29,"daynight":"N"},"geometry":{"type":"Point","coordinates":[-122.56432,38.15997]}},{"type":"Feature","properties":{"acq_date":"2026-07-26","acq_time":1002,"confidence":"n","satellite":"N","instrument":"VIIRS","version":"2.0NRT","bright_ti4":298.41,"frp":0.41,"daynight":"N"},"geometry":{"type":"Point","coordinates":[-122.74628,38.30227]}},{"type":"Feature","properties":{"acq_date":"2026-07-26","acq_time":1002,"confidence":"n","satellite":"N","instrument":"VIIRS","version":"2.0NRT","bright_ti4":299.04,"frp":0.4,"daynight":"N"},"geometry":{"type":"Point","coordinates":[-121.83215,38.31369]}}]}