{"type":"FeatureCollection","name":"FIRMS VIIRS CA (last 1 day)","crs":{"type":"name","properties":{"name":"EPSG:4326"}},"fetched_at_utc":"2026-08-11T15:01:18.084Z","source":{"url":"https://firms.modaps.eosdis.nasa.gov/api/area/csv/8c4af552cf654445dd280dfb3ad9337c/VIIRS_SNPP_NRT/-125,32,-113,43.5/1","dataset":"VIIRS_SNPP_NRT","bbox":"-125,32,-113,43.5","day_range":"1"},"features":[{"type":"Feature","properties":{"acq_date":"2026-08-11","acq_time":1000,"confidence":"n","satellite":"N","instrument":"VIIRS","version":"2.0NRT","bright_ti4":315.29,"frp":1.78,"daynight":"N"},"geometry":{"type":"Point","coordinates":[-119.26164,39.61844]}},{"type":"Feature","properties":{"acq_date":"2026-08-11","acq_time":1000,"confidence":"n","satellite":"N","instrument":"VIIRS","version":"2.0NRT","bright_ti4":328.53,"frp":1.57,"daynight":"N"},"geometry":{"type":"Point","coordinates":[-119.97363,39.73359]}},{"type":"Feature","properties":{"acq_date":"2026-08-11","acq_time":1000,"confidence":"n","satellite":"N","instrument":"VIIRS","version":"2.0NRT","bright_ti4":296.53,"frp":1.57,"daynight":"N"},"geometry":{"type":"Point","coordinates":[-119.97803,39.73424]}},{"type":"Feature","properties":{"acq_date":"2026-08-11","acq_time":1000,"confidence":"n","satellite":"N","instrument":"VIIRS","version":"2.0NRT","bright_ti4":325.61,"frp":1.95,"daynight":"N"},"geometry":{"type":"Point","coordinates":[-119.97483,39.73584]}},{"type":"Feature","properties":{"acq_date":"2026-08-11","acq_time":1000,"confidence":"n","satellite":"N","instrument":"VIIRS","version":"2.0NRT","bright_ti4":327.75,"frp":1.95,"daynight":"N"},"geometry":{"type":"Point","coordinates":[-119.97401,39.73914]}},{"type":"Feature","properties":{"acq_date":"2026-08-11","acq_time":1000,"confidence":"n","satellite":"N","instrument":"VIIRS","version":"2.0NRT","bright_ti4":307.68,"frp":1.95,"daynight":"N"},"geometry":{"type":"Point","coordinates":[-119.97839,39.7398]}},{"type":"Feature","properties":{"acq_date":"2026-08-11","acq_time":1000,"confidence":"n","satellite":"N","instrument":"VIIRS","version":"2.0NRT","bright_ti4":307.91,"frp":1.24,"daynight":"N"},"geometry":{"type":"Point","coordinates":[-119.98207,39.74376]}},{"type":"Feature","properties":{"acq_date":"2026-08-11","acq_time":1000,"confidence":"n","satellite":"N","instrument":"VIIRS","version":"2.0NRT","bright_ti4":314.6,"frp":1.24,"daynight":"N"},"geometry":{"type":"Point","coordinates":[-119.98118,39.74706]}},{"type":"Feature","properties":{"acq_date":"2026-08-11","acq_time":1000,"confidence":"n","satellite":"N","instrument":"VIIRS","version":"2.0NRT","bright_ti4":343.09,"frp":8.01,"daynight":"N"},"geometry":{"type":"Point","coordinates":[-119.87853,39.74895]}},{"type":"Feature","properties":{"acq_date":"2026-08-11","acq_time":1000,"confidence":"n","satellite":"N","instrument":"VIIRS","version":"2.0NRT","bright_ti4":320.81,"frp":8.01,"daynight":"N"},"geometry":{"type":"Point","coordinates":[-119.88307,39.74962]}},{"type":"Feature","properties":{"acq_date":"2026-08-11","acq_time":1000,"confidence":"n","satellite":"N","instrument":"VIIRS","version":"2.0NRT","bright_ti4":340.11,"frp":5.91,"daynight":"N"},"geometry":{"type":"Point","coordinates":[-119.87318,39.75158]}},{"type":"Feature","properties":{"acq_date":"2026-08-11","acq_time":1000,"confidence":"n","satellite":"N","instrument":"VIIRS","version":"2.0NRT","bright_ti4":348.12,"frp":8.01,"daynight":"N"},"geometry":{"type":"Point","coordinates":[-119.87769,39.75225]}},{"type":"Feature","properties":{"acq_date":"2026-08-11","acq_time":1000,"confidence":"n","satellite":"N","instrument":"VIIRS","version":"2.0NRT","bright_ti4":356.92,"frp":8.01,"daynight":"N"},"geometry":{"type":"Point","coordinates":[-119.88223,39.75292]}},{"type":"Feature","properties":{"acq_date":"2026-08-11","acq_time":1000,"confidence":"n","satellite":"N","instrument":"VIIRS","version":"2.0NRT","bright_ti4":331.33,"frp":5.23,"daynight":"N"},"geometry":{"type":"Point","coordinates":[-119.88676,39.75359]}},{"type":"Feature","properties":{"acq_date":"2026-08-11","acq_time":1000,"confidence":"n","satellite":"N","instrument":"VIIRS","version":"2.0NRT","bright_ti4":302.87,"frp":6.32,"daynight":"N"},"geometry":{"type":"Point","coordinates":[-119.86783,39.7542]}},{"type":"Feature","properties":{"acq_date":"2026-08-11","acq_time":1000,"confidence":"n","satellite":"N","instrument":"VIIRS","version":"2.0NRT","bright_ti4":344.22,"frp":6.32,"daynight":"N"},"geometry":{"type":"Point","coordinates":[-119.87229,39.75487]}},{"type":"Feature","properties":{"acq_date":"2026-08-11","acq_time":1000,"confidence":"n","satellite":"N","instrument":"VIIRS","version":"2.0NRT","bright_ti4":313.02,"frp":2.03,"daynight":"N"},"geometry":{"type":"Point","coordinates":[-119.87683,39.75554]}},{"type":"Feature","properties":{"acq_date":"2026-08-11","acq_time":1000,"confidence":"n","satellite":"N","instrument":"VIIRS","version":"2.0NRT","bright_ti4":309.8,"frp":2.03,"daynight":"N"},"geometry":{"type":"Point","coordinates":[-119.88138,39.75622]}},{"type":"Feature","properties":{"acq_date":"2026-08-11","acq_time":1000,"confidence":"n","satellite":"N","instrument":"VIIRS","version":"2.0NRT","bright_ti4":303.13,"frp":0.85,"daynight":"N"},"geometry":{"type":"Point","coordinates":[-119.90469,39.75626]}},{"type":"Feature","properties":{"acq_date":"2026-08-11","acq_time":1000,"confidence":"n","satellite":"N","instrument":"VIIRS","version":"2.0NRT","bright_ti4":324.76,"frp":1.52,"daynight":"N"},"geometry":{"type":"Point","coordinates":[-119.88593,39.7569]}},{"type":"Feature","properties":{"acq_date":"2026-08-11","acq_time":1000,"confidence":"n","satellite":"N","instrument":"VIIRS","version":"2.0NRT","bright_ti4":330.6,"frp":6.32,"daynight":"N"},"geometry":{"type":"Point","coordinates":[-119.86692,39.75749]}},{"type":"Feature","properties":{"acq_date":"2026-08-11","acq_time":1000,"confidence":"n","satellite":"N","instrument":"VIIRS","version":"2.0NRT","bright_ti4":303.82,"frp":6.32,"daynight":"N"},"geometry":{"type":"Point","coordinates":[-119.87139,39.75816]}},{"type":"Feature","properties":{"acq_date":"2026-08-11","acq_time":1000,"confidence":"n","satellite":"N","instrument":"VIIRS","version":"2.0NRT","bright_ti4":327.53,"frp":2.03,"daynight":"N"},"geometry":{"type":"Point","coordinates":[-119.87595,39.75884]}},{"type":"Feature","properties":{"acq_date":"2026-08-11","acq_time":1000,"confidence":"n","satellite":"N","instrument":"VIIRS","version":"2.0NRT","bright_ti4":305.43,"frp":2.69,"daynight":"N"},"geometry":{"type":"Point","coordinates":[-119.85712,39.75946]}},{"type":"Feature","properties":{"acq_date":"2026-08-11","acq_time":1000,"confidence":"n","satellite":"N","instrument":"VIIRS","version":"2.0NRT","bright_ti4":302.25,"frp":1.4,"daynight":"N"},"geometry":{"type":"Point","coordinates":[-119.90385,39.75956]}},{"type":"Feature","properties":{"acq_date":"2026-08-11","acq_time":1000,"confidence":"n","satellite":"N","instrument":"VIIRS","version":"2.0NRT","bright_ti4":325.66,"frp":2.69,"daynight":"N"},"geometry":{"type":"Point","coordinates":[-119.86157,39.76012]}},{"type":"Feature","properties":{"acq_date":"2026-08-11","acq_time":1000,"confidence":"n","satellite":"N","instrument":"VIIRS","version":"2.0NRT","bright_ti4":298.18,"frp":1.52,"daynight":"N"},"geometry":{"type":"Point","coordinates":[-119.88508,39.76019]}},{"type":"Feature","properties":{"acq_date":"2026-08-11","acq_time":1000,"confidence":"n","satellite":"N","instrument":"VIIRS","version":"2.0NRT","bright_ti4":340.16,"frp":2.73,"daynight":"N"},"geometry":{"type":"Point","coordinates":[-119.86602,39.76078]}},{"type":"Feature","properties":{"acq_date":"2026-08-11","acq_time":1000,"confidence":"n","satellite":"N","instrument":"VIIRS","version":"2.0NRT","bright_ti4":312.39,"frp":2.73,"daynight":"N"},"geometry":{"type":"Point","coordinates":[-119.87051,39.76145]}},{"type":"Feature","properties":{"acq_date":"2026-08-11","acq_time":1000,"confidence":"n","satellite":"N","instrument":"VIIRS","version":"2.0NRT","bright_ti4":301.85,"frp":1.82,"daynight":"N"},"geometry":{"type":"Point","coordinates":[-119.85178,39.76208]}},{"type":"Feature","properties":{"acq_date":"2026-08-11","acq_time":1000,"confidence":"n","satellite":"N","instrument":"VIIRS","version":"2.0NRT","bright_ti4":346.78,"frp":2.69,"daynight":"N"},"geometry":{"type":"Point","coordinates":[-119.85622,39.76274]}},{"type":"Feature","properties":{"acq_date":"2026-08-11","acq_time":1000,"confidence":"n","satellite":"N","instrument":"VIIRS","version":"2.0NRT","bright_ti4":311.12,"frp":2.69,"daynight":"N"},"geometry":{"type":"Point","coordinates":[-119.86066,39.76341]}},{"type":"Feature","properties":{"acq_date":"2026-08-11","acq_time":1000,"confidence":"n","satellite":"N","instrument":"VIIRS","version":"2.0NRT","bright_ti4":338.07,"frp":2.73,"daynight":"N"},"geometry":{"type":"Point","coordinates":[-119.86514,39.76408]}},{"type":"Feature","properties":{"acq_date":"2026-08-11","acq_time":1000,"confidence":"n","satellite":"N","instrument":"VIIRS","version":"2.0NRT","bright_ti4":311.2,"frp":1.06,"daynight":"N"},"geometry":{"type":"Point","coordinates":[-119.88876,39.76417]}},{"type":"Feature","properties":{"acq_date":"2026-08-11","acq_time":1000,"confidence":"n","satellite":"N","instrument":"VIIRS","version":"2.0NRT","bright_ti4":310.15,"frp":2.73,"daynight":"N"},"geometry":{"type":"Point","coordinates":[-119.86961,39.76475]}},{"type":"Feature","properties":{"acq_date":"2026-08-11","acq_time":1000,"confidence":"n","satellite":"N","instrument":"VIIRS","version":"2.0NRT","bright_ti4":302.91,"frp":0.59,"daynight":"N"},"geometry":{"type":"Point","coordinates":[-119.37996,39.76537]}},{"type":"Feature","properties":{"acq_date":"2026-08-11","acq_time":1000,"confidence":"n","satellite":"N","instrument":"VIIRS","version":"2.0NRT","bright_ti4":307.43,"frp":2.26,"daynight":"N"},"geometry":{"type":"Point","coordinates":[-119.87422,39.76543]}},{"type":"Feature","properties":{"acq_date":"2026-08-11","acq_time":1000,"confidence":"n","satellite":"N","instrument":"VIIRS","version":"2.0NRT","bright_ti4":296.14,"frp":0.45,"daynight":"N"},"geometry":{"type":"Point","coordinates":[-119.94418,39.76556]}},{"type":"Feature","properties":{"acq_date":"2026-08-11","acq_time":1000,"confidence":"n","satellite":"N","instrument":"VIIRS","version":"2.0NRT","bright_ti4":310.8,"frp":0.73,"daynight":"N"},"geometry":{"type":"Point","coordinates":[-119.85529,39.76603]}},{"type":"Feature","properties":{"acq_date":"2026-08-11","acq_time":1000,"confidence":"n","satellite":"N","instrument":"VIIRS","version":"2.0NRT","bright_ti4":302.36,"frp":0.58,"daynight":"N"},"geometry":{"type":"Point","coordinates":[-119.38438,39.76605]}},{"type":"Feature","properties":{"acq_date":"2026-08-11","acq_time":1000,"confidence":"n","satellite":"N","instrument":"VIIRS","version":"2.0NRT","bright_ti4":307.94,"frp":0.73,"daynight":"N"},"geometry":{"type":"Point","coordinates":[-119.85975,39.7667]}},{"type":"Feature","properties":{"acq_date":"2026-08-11","acq_time":1000,"confidence":"n","satellite":"N","instrument":"VIIRS","version":"2.0NRT","bright_ti4":312.86,"frp":1.94,"daynight":"N"},"geometry":{"type":"Point","coordinates":[-119.86425,39.76737]}},{"type":"Feature","properties":{"acq_date":"2026-08-11","acq_time":1000,"confidence":"n","satellite":"N","instrument":"VIIRS","version":"2.0NRT","bright_ti4":300.59,"frp":1.06,"daynight":"N"},"geometry":{"type":"Point","coordinates":[-119.88792,39.76747]}},{"type":"Feature","properties":{"acq_date":"2026-08-11","acq_time":1000,"confidence":"n","satellite":"N","instrument":"VIIRS","version":"2.0NRT","bright_ti4":300.46,"frp":0.74,"daynight":"N"},"geometry":{"type":"Point","coordinates":[-119.93436,39.76753]}},{"type":"Feature","properties":{"acq_date":"2026-08-11","acq_time":1000,"confidence":"n","satellite":"N","instrument":"VIIRS","version":"2.0NRT","bright_ti4":301.73,"frp":0.73,"daynight":"N"},"geometry":{"type":"Point","coordinates":[-119.85437,39.76932]}},{"type":"Feature","properties":{"acq_date":"2026-08-11","acq_time":1000,"confidence":"n","satellite":"N","instrument":"VIIRS","version":"2.0NRT","bright_ti4":315.42,"frp":1.68,"daynight":"N"},"geometry":{"type":"Point","coordinates":[-119.38355,39.76934]}},{"type":"Feature","properties":{"acq_date":"2026-08-11","acq_time":1000,"confidence":"n","satellite":"N","instrument":"VIIRS","version":"2.0NRT","bright_ti4":305.45,"frp":1.94,"daynight":"N"},"geometry":{"type":"Point","coordinates":[-119.90134,39.76947]}},{"type":"Feature","properties":{"acq_date":"2026-08-11","acq_time":1000,"confidence":"n","satellite":"N","instrument":"VIIRS","version":"2.0NRT","bright_ti4":300.56,"frp":0.73,"daynight":"N"},"geometry":{"type":"Point","coordinates":[-119.85885,39.76999]}},{"type":"Feature","properties":{"acq_date":"2026-08-11","acq_time":1000,"confidence":"n","satellite":"N","instrument":"VIIRS","version":"2.0NRT","bright_ti4":323.33,"frp":1.77,"daynight":"N"},"geometry":{"type":"Point","coordinates":[-119.93355,39.77083]}},{"type":"Feature","properties":{"acq_date":"2026-08-11","acq_time":1000,"confidence":"n","satellite":"N","instrument":"VIIRS","version":"2.0NRT","bright_ti4":304.07,"frp":1.52,"daynight":"N"},"geometry":{"type":"Point","coordinates":[-119.37386,39.77126]}},{"type":"Feature","properties":{"acq_date":"2026-08-11","acq_time":1000,"confidence":"n","satellite":"N","instrument":"VIIRS","version":"2.0NRT","bright_ti4":304.15,"frp":1,"daynight":"N"},"geometry":{"type":"Point","coordinates":[-119.89157,39.77144]}},{"type":"Feature","properties":{"acq_date":"2026-08-11","acq_time":1000,"confidence":"n","satellite":"N","instrument":"VIIRS","version":"2.0NRT","bright_ti4":321.12,"frp":1.15,"daynight":"N"},"geometry":{"type":"Point","coordinates":[-119.98441,39.77153]}},{"type":"Feature","properties":{"acq_date":"2026-08-11","acq_time":1000,"confidence":"n","satellite":"N","instrument":"VIIRS","version":"2.0NRT","bright_ti4":316.08,"frp":1,"daynight":"N"},"geometry":{"type":"Point","coordinates":[-119.89605,39.77211]}},{"type":"Feature","properties":{"acq_date":"2026-08-11","acq_time":1000,"confidence":"n","satellite":"N","instrument":"VIIRS","version":"2.0NRT","bright_ti4":302.65,"frp":1.42,"daynight":"N"},"geometry":{"type":"Point","coordinates":[-119.85351,39.77261]}},{"type":"Feature","properties":{"acq_date":"2026-08-11","acq_time":1000,"confidence":"n","satellite":"N","instrument":"VIIRS","version":"2.0NRT","bright_ti4":299.34,"frp":1.4,"daynight":"N"},"geometry":{"type":"Point","coordinates":[-119.9005,39.77277]}},{"type":"Feature","properties":{"acq_date":"2026-08-11","acq_time":1000,"confidence":"n","satellite":"N","instrument":"VIIRS","version":"2.0NRT","bright_ti4":305.67,"frp":1.42,"daynight":"N"},"geometry":{"type":"Point","coordinates":[-119.85799,39.77328]}},{"type":"Feature","properties":{"acq_date":"2026-08-11","acq_time":1000,"confidence":"n","satellite":"N","instrument":"VIIRS","version":"2.0NRT","bright_ti4":322.94,"frp":4.18,"daynight":"N"},"geometry":{"type":"Point","coordinates":[-119.86254,39.77396]}},{"type":"Feature","properties":{"acq_date":"2026-08-11","acq_time":1000,"confidence":"n","satellite":"N","instrument":"VIIRS","version":"2.0NRT","bright_ti4":297.7,"frp":0.79,"daynight":"N"},"geometry":{"type":"Point","coordinates":[-119.88624,39.77407]}},{"type":"Feature","properties":{"acq_date":"2026-08-11","acq_time":1000,"confidence":"n","satellite":"N","instrument":"VIIRS","version":"2.0NRT","bright_ti4":299.66,"frp":0.39,"daynight":"N"},"geometry":{"type":"Point","coordinates":[-119.97893,39.77414]}},{"type":"Feature","properties":{"acq_date":"2026-08-11","acq_time":1000,"confidence":"n","satellite":"N","instrument":"VIIRS","version":"2.0NRT","bright_ti4":307.27,"frp":1.77,"daynight":"N"},"geometry":{"type":"Point","coordinates":[-119.93274,39.77414]}},{"type":"Feature","properties":{"acq_date":"2026-08-11","acq_time":1000,"confidence":"n","satellite":"N","instrument":"VIIRS","version":"2.0NRT","bright_ti4":324.88,"frp":1.76,"daynight":"N"},"geometry":{"type":"Point","coordinates":[-119.37301,39.77454]}},{"type":"Feature","properties":{"acq_date":"2026-08-11","acq_time":1000,"confidence":"n","satellite":"N","instrument":"VIIRS","version":"2.0NRT","bright_ti4":304.91,"frp":0.74,"daynight":"N"},"geometry":{"type":"Point","coordinates":[-119.39601,39.77467]}},{"type":"Feature","properties":{"acq_date":"2026-08-11","acq_time":1000,"confidence":"n","satellite":"N","instrument":"VIIRS","version":"2.0NRT","bright_ti4":299.86,"frp":1,"daynight":"N"},"geometry":{"type":"Point","coordinates":[-119.89073,39.77473]}},{"type":"Feature","properties":{"acq_date":"2026-08-11","acq_time":1000,"confidence":"n","satellite":"N","instrument":"VIIRS","version":"2.0NRT","bright_ti4":297.63,"frp":1.15,"daynight":"N"},"geometry":{"type":"Point","coordinates":[-119.98361,39.77483]}},{"type":"Feature","properties":{"acq_date":"2026-08-11","acq_time":1000,"confidence":"n","satellite":"N","instrument":"VIIRS","version":"2.0NRT","bright_ti4":307.72,"frp":1.71,"daynight":"N"},"geometry":{"type":"Point","coordinates":[-119.87173,39.77533]}},{"type":"Feature","properties":{"acq_date":"2026-08-11","acq_time":1000,"confidence":"n","satellite":"N","instrument":"VIIRS","version":"2.0NRT","bright_ti4":308.04,"frp":1,"daynight":"N"},"geometry":{"type":"Point","coordinates":[-119.89522,39.77541]}},{"type":"Feature","properties":{"acq_date":"2026-08-11","acq_time":1000,"confidence":"n","satellite":"N","instrument":"VIIRS","version":"2.0NRT","bright_ti4":333.54,"frp":1.42,"daynight":"N"},"geometry":{"type":"Point","coordinates":[-119.85266,39.77591]}},{"type":"Feature","properties":{"acq_date":"2026-08-11","acq_time":1000,"confidence":"n","satellite":"N","instrument":"VIIRS","version":"2.0NRT","bright_ti4":305.12,"frp":0.68,"daynight":"N"},"geometry":{"type":"Point","coordinates":[-119.40486,39.77602]}},{"type":"Feature","properties":{"acq_date":"2026-08-11","acq_time":1000,"confidence":"n","satellite":"N","instrument":"VIIRS","version":"2.0NRT","bright_ti4":318.15,"frp":1.4,"daynight":"N"},"geometry":{"type":"Point","coordinates":[-119.89968,39.77607]}},{"type":"Feature","properties":{"acq_date":"2026-08-11","acq_time":1000,"confidence":"n","satellite":"N","instrument":"VIIRS","version":"2.0NRT","bright_ti4":306.11,"frp":1.42,"daynight":"N"},"geometry":{"type":"Point","coordinates":[-119.85715,39.77658]}},{"type":"Feature","properties":{"acq_date":"2026-08-11","acq_time":1000,"confidence":"n","satellite":"N","instrument":"VIIRS","version":"2.0NRT","bright_ti4":327.54,"frp":1.79,"daynight":"N"},"geometry":{"type":"Point","coordinates":[-119.9274,39.77677]}},{"type":"Feature","properties":{"acq_date":"2026-08-11","acq_time":1000,"confidence":"n","satellite":"N","instrument":"VIIRS","version":"2.0NRT","bright_ti4":348.91,"frp":4.18,"daynight":"N"},"geometry":{"type":"Point","coordinates":[-119.86172,39.77726]}},{"type":"Feature","properties":{"acq_date":"2026-08-11","acq_time":1000,"confidence":"n","satellite":"N","instrument":"VIIRS","version":"2.0NRT","bright_ti4":312.63,"frp":0.81,"daynight":"N"},"geometry":{"type":"Point","coordinates":[-119.97816,39.77745]}},{"type":"Feature","properties":{"acq_date":"2026-08-11","acq_time":1000,"confidence":"n","satellite":"N","instrument":"VIIRS","version":"2.0NRT","bright_ti4":301.71,"frp":1.79,"daynight":"N"},"geometry":{"type":"Point","coordinates":[-119.93198,39.77745]}},{"type":"Feature","properties":{"acq_date":"2026-08-11","acq_time":1000,"confidence":"n","satellite":"N","instrument":"VIIRS","version":"2.0NRT","bright_ti4":304.25,"frp":1.76,"daynight":"N"},"geometry":{"type":"Point","coordinates":[-119.37218,39.77783]}},{"type":"Feature","properties":{"acq_date":"2026-08-11","acq_time":1000,"confidence":"n","satellite":"N","instrument":"VIIRS","version":"2.0NRT","bright_ti4":333.99,"frp":4.18,"daynight":"N"},"geometry":{"type":"Point","coordinates":[-119.86633,39.77795]}},{"type":"Feature","properties":{"acq_date":"2026-08-11","acq_time":1000,"confidence":"n","satellite":"N","instrument":"VIIRS","version":"2.0NRT","bright_ti4":330.01,"frp":1.71,"daynight":"N"},"geometry":{"type":"Point","coordinates":[-119.87094,39.77864]}},{"type":"Feature","properties":{"acq_date":"2026-08-11","acq_time":1000,"confidence":"n","satellite":"N","instrument":"VIIRS","version":"2.0NRT","bright_ti4":303.71,"frp":2.31,"daynight":"N"},"geometry":{"type":"Point","coordinates":[-119.49162,39.77906]}},{"type":"Feature","properties":{"acq_date":"2026-08-11","acq_time":1000,"confidence":"n","satellite":"N","instrument":"VIIRS","version":"2.0NRT","bright_ti4":302.61,"frp":0.51,"daynight":"N"},"geometry":{"type":"Point","coordinates":[-119.40403,39.77931]}},{"type":"Feature","properties":{"acq_date":"2026-08-11","acq_time":1000,"confidence":"n","satellite":"N","instrument":"VIIRS","version":"2.0NRT","bright_ti4":302.03,"frp":1.9,"daynight":"N"},"geometry":{"type":"Point","coordinates":[-119.42703,39.77942]}},{"type":"Feature","properties":{"acq_date":"2026-08-11","acq_time":1000,"confidence":"n","satellite":"N","instrument":"VIIRS","version":"2.0NRT","bright_ti4":299.54,"frp":0.81,"daynight":"N"},"geometry":{"type":"Point","coordinates":[-119.97269,39.78008]}},{"type":"Feature","properties":{"acq_date":"2026-08-11","acq_time":1000,"confidence":"n","satellite":"N","instrument":"VIIRS","version":"2.0NRT","bright_ti4":334.34,"frp":1.9,"daynight":"N"},"geometry":{"type":"Point","coordinates":[-119.43142,39.7801]}},{"type":"Feature","properties":{"acq_date":"2026-08-11","acq_time":1000,"confidence":"n","satellite":"N","instrument":"VIIRS","version":"2.0NRT","bright_ti4":329.59,"frp":2.37,"daynight":"N"},"geometry":{"type":"Point","coordinates":[-119.43581,39.78077]}},{"type":"Feature","properties":{"acq_date":"2026-08-11","acq_time":1000,"confidence":"n","satellite":"N","instrument":"VIIRS","version":"2.0NRT","bright_ti4":329.67,"frp":3.29,"daynight":"N"},"geometry":{"type":"Point","coordinates":[-119.48173,39.78098]}},{"type":"Feature","properties":{"acq_date":"2026-08-11","acq_time":1000,"confidence":"n","satellite":"N","instrument":"VIIRS","version":"2.0NRT","bright_ti4":305.83,"frp":0.71,"daynight":"N"},"geometry":{"type":"Point","coordinates":[-119.86552,39.78125]}},{"type":"Feature","properties":{"acq_date":"2026-08-11","acq_time":1000,"confidence":"n","satellite":"N","instrument":"VIIRS","version":"2.0NRT","bright_ti4":312.21,"frp":2.37,"daynight":"N"},"geometry":{"type":"Point","coordinates":[-119.44024,39.78145]}},{"type":"Feature","properties":{"acq_date":"2026-08-11","acq_time":1000,"confidence":"n","satellite":"N","instrument":"VIIRS","version":"2.0NRT","bright_ti4":335.47,"frp":3.29,"daynight":"N"},"geometry":{"type":"Point","coordinates":[-119.48622,39.78166]}},{"type":"Feature","properties":{"acq_date":"2026-08-11","acq_time":1000,"confidence":"n","satellite":"N","instrument":"VIIRS","version":"2.0NRT","bright_ti4":345.18,"frp":7.23,"daynight":"N"},"geometry":{"type":"Point","coordinates":[-119.87013,39.78194]}},{"type":"Feature","properties":{"acq_date":"2026-08-11","acq_time":1000,"confidence":"n","satellite":"N","instrument":"VIIRS","version":"2.0NRT","bright_ti4":302.9,"frp":0.64,"daynight":"N"},"geometry":{"type":"Point","coordinates":[-119.44468,39.78213]}},{"type":"Feature","properties":{"acq_date":"2026-08-11","acq_time":1000,"confidence":"n","satellite":"N","instrument":"VIIRS","version":"2.0NRT","bright_ti4":338.15,"frp":2.31,"daynight":"N"},"geometry":{"type":"Point","coordinates":[-119.49075,39.78234]}},{"type":"Feature","properties":{"acq_date":"2026-08-11","acq_time":1000,"confidence":"n","satellite":"N","instrument":"VIIRS","version":"2.0NRT","bright_ti4":300.07,"frp":3.09,"daynight":"N"},"geometry":{"type":"Point","coordinates":[-119.42619,39.78271]}},{"type":"Feature","properties":{"acq_date":"2026-08-11","acq_time":1000,"confidence":"n","satellite":"N","instrument":"VIIRS","version":"2.0NRT","bright_ti4":299.76,"frp":0.64,"daynight":"N"},"geometry":{"type":"Point","coordinates":[-119.44913,39.78281]}},{"type":"Feature","properties":{"acq_date":"2026-08-11","acq_time":1000,"confidence":"n","satellite":"N","instrument":"VIIRS","version":"2.0NRT","bright_ti4":315.34,"frp":2.31,"daynight":"N"},"geometry":{"type":"Point","coordinates":[-119.49524,39.78302]}},{"type":"Feature","properties":{"acq_date":"2026-08-11","acq_time":1000,"confidence":"n","satellite":"N","instrument":"VIIRS","version":"2.0NRT","bright_ti4":302.38,"frp":0.73,"daynight":"N"},"geometry":{"type":"Point","coordinates":[-119.40766,39.78328]}},{"type":"Feature","properties":{"acq_date":"2026-08-11","acq_time":1000,"confidence":"n","satellite":"N","instrument":"VIIRS","version":"2.0NRT","bright_ti4":297.31,"frp":0.45,"daynight":"N"},"geometry":{"type":"Point","coordinates":[-119.87923,39.7833]}},{"type":"Feature","properties":{"acq_date":"2026-08-11","acq_time":1000,"confidence":"n","satellite":"N","instrument":"VIIRS","version":"2.0NRT","bright_ti4":329.38,"frp":2.85,"daynight":"N"},"geometry":{"type":"Point","coordinates":[-119.97185,39.78337]}},{"type":"Feature","properties":{"acq_date":"2026-08-11","acq_time":1000,"confidence":"n","satellite":"N","instrument":"VIIRS","version":"2.0NRT","bright_ti4":350.61,"frp":3.09,"daynight":"N"},"geometry":{"type":"Point","coordinates":[-119.43059,39.78338]}},{"type":"Feature","properties":{"acq_date":"2026-08-11","acq_time":1000,"confidence":"n","satellite":"N","instrument":"VIIRS","version":"2.0NRT","bright_ti4":349.14,"frp":37.08,"daynight":"N"},"geometry":{"type":"Point","coordinates":[-119.47637,39.78358]}},{"type":"Feature","properties":{"acq_date":"2026-08-11","acq_time":1000,"confidence":"n","satellite":"N","instrument":"VIIRS","version":"2.0NRT","bright_ti4":304.72,"frp":0.63,"daynight":"N"},"geometry":{"type":"Point","coordinates":[-119.4997,39.7837]}},{"type":"Feature","properties":{"acq_date":"2026-08-11","acq_time":1000,"confidence":"n","satellite":"N","instrument":"VIIRS","version":"2.0NRT","bright_ti4":297.54,"frp":0.71,"daynight":"N"},"geometry":{"type":"Point","coordinates":[-119.86011,39.78387]}},{"type":"Feature","properties":{"acq_date":"2026-08-11","acq_time":1000,"confidence":"n","satellite":"N","instrument":"VIIRS","version":"2.0NRT","bright_ti4":310.97,"frp":1.32,"daynight":"N"},"geometry":{"type":"Point","coordinates":[-119.435,39.78406]}},{"type":"Feature","properties":{"acq_date":"2026-08-11","acq_time":1000,"confidence":"n","satellite":"N","instrument":"VIIRS","version":"2.0NRT","bright_ti4":342.9,"frp":17.5,"daynight":"N"},"geometry":{"type":"Point","coordinates":[-119.48084,39.78426]}},{"type":"Feature","properties":{"acq_date":"2026-08-11","acq_time":1000,"confidence":"n","satellite":"N","instrument":"VIIRS","version":"2.0NRT","bright_ti4":299.55,"frp":0.63,"daynight":"N"},"geometry":{"type":"Point","coordinates":[-119.50419,39.78438]}},{"type":"Feature","properties":{"acq_date":"2026-08-11","acq_time":1000,"confidence":"n","satellite":"N","instrument":"VIIRS","version":"2.0NRT","bright_ti4":303.92,"frp":0.71,"daynight":"N"},"geometry":{"type":"Point","coordinates":[-119.86472,39.78456]}},{"type":"Feature","properties":{"acq_date":"2026-08-11","acq_time":1000,"confidence":"n","satellite":"N","instrument":"VIIRS","version":"2.0NRT","bright_ti4":304.84,"frp":1.32,"daynight":"N"},"geometry":{"type":"Point","coordinates":[-119.43944,39.78474]}},{"type":"Feature","properties":{"acq_date":"2026-08-11","acq_time":1000,"confidence":"n","satellite":"N","instrument":"VIIRS","version":"2.0NRT","bright_ti4":314.67,"frp":1.37,"daynight":"N"},"geometry":{"type":"Point","coordinates":[-119.50867,39.78506]}},{"type":"Feature","properties":{"acq_date":"2026-08-11","acq_time":1000,"confidence":"n","satellite":"N","instrument":"VIIRS","version":"2.0NRT","bright_ti4":314.79,"frp":0.77,"daynight":"N"},"geometry":{"type":"Point","coordinates":[-119.44389,39.78542]}},{"type":"Feature","properties":{"acq_date":"2026-08-11","acq_time":1000,"confidence":"n","satellite":"N","instrument":"VIIRS","version":"2.0NRT","bright_ti4":303.1,"frp":1.12,"daynight":"N"},"geometry":{"type":"Point","coordinates":[-119.46673,39.78551]}},{"type":"Feature","properties":{"acq_date":"2026-08-11","acq_time":1000,"confidence":"n","satellite":"N","instrument":"VIIRS","version":"2.0NRT","bright_ti4":303.31,"frp":3.09,"daynight":"N"},"geometry":{"type":"Point","coordinates":[-119.42535,39.78599]}},{"type":"Feature","properties":{"acq_date":"2026-08-11","acq_time":1000,"confidence":"n","satellite":"N","instrument":"VIIRS","version":"2.0NRT","bright_ti4":306.08,"frp":0.66,"daynight":"N"},"geometry":{"type":"Point","coordinates":[-119.40685,39.78657]}},{"type":"Feature","properties":{"acq_date":"2026-08-11","acq_time":1000,"confidence":"n","satellite":"N","instrument":"VIIRS","version":"2.0NRT","bright_ti4":300.06,"frp":0.45,"daynight":"N"},"geometry":{"type":"Point","coordinates":[-119.87841,39.7866]}},{"type":"Feature","properties":{"acq_date":"2026-08-11","acq_time":1000,"confidence":"n","satellite":"N","instrument":"VIIRS","version":"2.0NRT","bright_ti4":328.09,"frp":3.09,"daynight":"N"},"geometry":{"type":"Point","coordinates":[-119.42974,39.78667]}},{"type":"Feature","properties":{"acq_date":"2026-08-11","acq_time":1000,"confidence":"n","satellite":"N","instrument":"VIIRS","version":"2.0NRT","bright_ti4":352.34,"frp":37.08,"daynight":"N"},"geometry":{"type":"Point","coordinates":[-119.47552,39.78686]}},{"type":"Feature","properties":{"acq_date":"2026-08-11","acq_time":1000,"confidence":"n","satellite":"N","instrument":"VIIRS","version":"2.0NRT","bright_ti4":304.29,"frp":0.38,"daynight":"N"},"geometry":{"type":"Point","coordinates":[-119.49883,39.78698]}},{"type":"Feature","properties":{"acq_date":"2026-08-11","acq_time":1000,"confidence":"n","satellite":"N","instrument":"VIIRS","version":"2.0NRT","bright_ti4":317.22,"frp":1.32,"daynight":"N"},"geometry":{"type":"Point","coordinates":[-119.43417,39.78735]}},{"type":"Feature","properties":{"acq_date":"2026-08-11","acq_time":1000,"confidence":"n","satellite":"N","instrument":"VIIRS","version":"2.0NRT","bright_ti4":306.44,"frp":17.5,"daynight":"N"},"geometry":{"type":"Point","coordinates":[-119.48,39.78754]}},{"type":"Feature","properties":{"acq_date":"2026-08-11","acq_time":1000,"confidence":"n","satellite":"N","instrument":"VIIRS","version":"2.0NRT","bright_ti4":302.61,"frp":0.54,"daynight":"N"},"geometry":{"type":"Point","coordinates":[-119.42014,39.7886]}},{"type":"Feature","properties":{"acq_date":"2026-08-11","acq_time":1000,"confidence":"n","satellite":"N","instrument":"VIIRS","version":"2.0NRT","bright_ti4":300.85,"frp":0.77,"daynight":"N"},"geometry":{"type":"Point","coordinates":[-119.44308,39.78871]}},{"type":"Feature","properties":{"acq_date":"2026-08-11","acq_time":1000,"confidence":"n","satellite":"N","instrument":"VIIRS","version":"2.0NRT","bright_ti4":306.52,"frp":0.66,"daynight":"N"},"geometry":{"type":"Point","coordinates":[-119.40605,39.78986]}},{"type":"Feature","properties":{"acq_date":"2026-08-11","acq_time":1000,"confidence":"n","satellite":"N","instrument":"VIIRS","version":"2.0NRT","bright_ti4":306.54,"frp":1.03,"daynight":"N"},"geometry":{"type":"Point","coordinates":[-119.42893,39.78996]}},{"type":"Feature","properties":{"acq_date":"2026-08-11","acq_time":1000,"confidence":"n","satellite":"N","instrument":"VIIRS","version":"2.0NRT","bright_ti4":300.74,"frp":0.51,"daynight":"N"},"geometry":{"type":"Point","coordinates":[-119.47469,39.79015]}},{"type":"Feature","properties":{"acq_date":"2026-08-11","acq_time":1000,"confidence":"n","satellite":"N","instrument":"VIIRS","version":"2.0NRT","bright_ti4":309.59,"frp":1.53,"daynight":"N"},"geometry":{"type":"Point","coordinates":[-119.43337,39.79064]}},{"type":"Feature","properties":{"acq_date":"2026-08-11","acq_time":1000,"confidence":"n","satellite":"N","instrument":"VIIRS","version":"2.0NRT","bright_ti4":300.8,"frp":0.51,"daynight":"N"},"geometry":{"type":"Point","coordinates":[-119.45638,39.79074]}},{"type":"Feature","properties":{"acq_date":"2026-08-11","acq_time":1000,"confidence":"n","satellite":"N","instrument":"VIIRS","version":"2.0NRT","bright_ti4":305.39,"frp":0.49,"daynight":"N"},"geometry":{"type":"Point","coordinates":[-119.46076,39.79142]}},{"type":"Feature","properties":{"acq_date":"2026-08-11","acq_time":1000,"confidence":"n","satellite":"N","instrument":"VIIRS","version":"2.0NRT","bright_ti4":302.45,"frp":0.57,"daynight":"N"},"geometry":{"type":"Point","coordinates":[-119.51143,39.7923]}},{"type":"Feature","properties":{"acq_date":"2026-08-11","acq_time":1000,"confidence":"n","satellite":"N","instrument":"VIIRS","version":"2.0NRT","bright_ti4":318.25,"frp":1.83,"daynight":"N"},"geometry":{"type":"Point","coordinates":[-119.4467,39.79268]}},{"type":"Feature","properties":{"acq_date":"2026-08-11","acq_time":1000,"confidence":"n","satellite":"N","instrument":"VIIRS","version":"2.0NRT","bright_ti4":308.19,"frp":1.47,"daynight":"N"},"geometry":{"type":"Point","coordinates":[-119.76035,39.79287]}},{"type":"Feature","properties":{"acq_date":"2026-08-11","acq_time":1000,"confidence":"n","satellite":"N","instrument":"VIIRS","version":"2.0NRT","bright_ti4":310.64,"frp":1.4,"daynight":"N"},"geometry":{"type":"Point","coordinates":[-119.51595,39.79299]}},{"type":"Feature","properties":{"acq_date":"2026-08-11","acq_time":1000,"confidence":"n","satellite":"N","instrument":"VIIRS","version":"2.0NRT","bright_ti4":311.38,"frp":0.96,"daynight":"N"},"geometry":{"type":"Point","coordinates":[-119.40524,39.79315]}},{"type":"Feature","properties":{"acq_date":"2026-08-11","acq_time":1000,"confidence":"n","satellite":"N","instrument":"VIIRS","version":"2.0NRT","bright_ti4":305.55,"frp":1.42,"daynight":"N"},"geometry":{"type":"Point","coordinates":[-119.45113,39.79335]}},{"type":"Feature","properties":{"acq_date":"2026-08-11","acq_time":1000,"confidence":"n","satellite":"N","instrument":"VIIRS","version":"2.0NRT","bright_ti4":300.94,"frp":0.51,"daynight":"N"},"geometry":{"type":"Point","coordinates":[-119.47386,39.79343]}},{"type":"Feature","properties":{"acq_date":"2026-08-11","acq_time":1000,"confidence":"n","satellite":"N","instrument":"VIIRS","version":"2.0NRT","bright_ti4":328.78,"frp":1.72,"daynight":"N"},"geometry":{"type":"Point","coordinates":[-119.7648,39.79354]}},{"type":"Feature","properties":{"acq_date":"2026-08-11","acq_time":1000,"confidence":"n","satellite":"N","instrument":"VIIRS","version":"2.0NRT","bright_ti4":309.21,"frp":1.42,"daynight":"N"},"geometry":{"type":"Point","coordinates":[-119.45554,39.79403]}},{"type":"Feature","properties":{"acq_date":"2026-08-11","acq_time":1000,"confidence":"n","satellite":"N","instrument":"VIIRS","version":"2.0NRT","bright_ti4":310.18,"frp":1.65,"daynight":"N"},"geometry":{"type":"Point","coordinates":[-119.45993,39.7947]}},{"type":"Feature","properties":{"acq_date":"2026-08-11","acq_time":1000,"confidence":"n","satellite":"N","instrument":"VIIRS","version":"2.0NRT","bright_ti4":320.83,"frp":2.44,"daynight":"N"},"geometry":{"type":"Point","coordinates":[-119.48729,39.79547]}},{"type":"Feature","properties":{"acq_date":"2026-08-11","acq_time":1000,"confidence":"n","satellite":"N","instrument":"VIIRS","version":"2.0NRT","bright_ti4":302.82,"frp":0.57,"daynight":"N"},"geometry":{"type":"Point","coordinates":[-119.78276,39.79624]}},{"type":"Feature","properties":{"acq_date":"2026-08-11","acq_time":1000,"confidence":"n","satellite":"N","instrument":"VIIRS","version":"2.0NRT","bright_ti4":313.36,"frp":1.72,"daynight":"N"},"geometry":{"type":"Point","coordinates":[-119.76395,39.79683]}},{"type":"Feature","properties":{"acq_date":"2026-08-11","acq_time":1000,"confidence":"n","satellite":"N","instrument":"VIIRS","version":"2.0NRT","bright_ti4":301.04,"frp":1.72,"daynight":"N"},"geometry":{"type":"Point","coordinates":[-119.7684,39.7975]}},{"type":"Feature","properties":{"acq_date":"2026-08-11","acq_time":1000,"confidence":"n","satellite":"N","instrument":"VIIRS","version":"2.0NRT","bright_ti4":297.3,"frp":0.57,"daynight":"N"},"geometry":{"type":"Point","coordinates":[-119.78194,39.79954]}},{"type":"Feature","properties":{"acq_date":"2026-08-11","acq_time":1000,"confidence":"n","satellite":"N","instrument":"VIIRS","version":"2.0NRT","bright_ti4":298.25,"frp":0.42,"daynight":"N"},"geometry":{"type":"Point","coordinates":[-119.76311,39.80013]}},{"type":"Feature","properties":{"acq_date":"2026-08-11","acq_time":1000,"confidence":"n","satellite":"N","instrument":"VIIRS","version":"2.0NRT","bright_ti4":322.4,"frp":3.03,"daynight":"N"},"geometry":{"type":"Point","coordinates":[-119.43541,39.80118]}},{"type":"Feature","properties":{"acq_date":"2026-08-11","acq_time":1000,"confidence":"n","satellite":"N","instrument":"VIIRS","version":"2.0NRT","bright_ti4":303.64,"frp":0.51,"daynight":"N"},"geometry":{"type":"Point","coordinates":[-119.52768,39.8016]}},{"type":"Feature","properties":{"acq_date":"2026-08-11","acq_time":1000,"confidence":"n","satellite":"N","instrument":"VIIRS","version":"2.0NRT","bright_ti4":336.29,"frp":2.39,"daynight":"N"},"geometry":{"type":"Point","coordinates":[-119.43019,39.80379]}},{"type":"Feature","properties":{"acq_date":"2026-08-11","acq_time":1000,"confidence":"n","satellite":"N","instrument":"VIIRS","version":"2.0NRT","bright_ti4":299.06,"frp":0.45,"daynight":"N"},"geometry":{"type":"Point","coordinates":[-119.52232,39.8042]}},{"type":"Feature","properties":{"acq_date":"2026-08-11","acq_time":1000,"confidence":"n","satellite":"N","instrument":"VIIRS","version":"2.0NRT","bright_ti4":313.71,"frp":2.39,"daynight":"N"},"geometry":{"type":"Point","coordinates":[-119.43459,39.80447]}},{"type":"Feature","properties":{"acq_date":"2026-08-11","acq_time":1000,"confidence":"n","satellite":"N","instrument":"VIIRS","version":"2.0NRT","bright_ti4":298.25,"frp":0.45,"daynight":"N"},"geometry":{"type":"Point","coordinates":[-119.52679,39.80488]}},{"type":"Feature","properties":{"acq_date":"2026-08-11","acq_time":1000,"confidence":"n","satellite":"N","instrument":"VIIRS","version":"2.0NRT","bright_ti4":316.56,"frp":1.29,"daynight":"N"},"geometry":{"type":"Point","coordinates":[-119.53577,39.80624]}},{"type":"Feature","properties":{"acq_date":"2026-08-11","acq_time":1000,"confidence":"n","satellite":"N","instrument":"VIIRS","version":"2.0NRT","bright_ti4":339.2,"frp":4.68,"daynight":"N"},"geometry":{"type":"Point","coordinates":[-119.82684,39.80629]}},{"type":"Feature","properties":{"acq_date":"2026-08-11","acq_time":1000,"confidence":"n","satellite":"N","instrument":"VIIRS","version":"2.0NRT","bright_ti4":315.73,"frp":2.48,"daynight":"N"},"geometry":{"type":"Point","coordinates":[-119.82153,39.80891]}},{"type":"Feature","properties":{"acq_date":"2026-08-11","acq_time":1000,"confidence":"n","satellite":"N","instrument":"VIIRS","version":"2.0NRT","bright_ti4":313.05,"frp":1.29,"daynight":"N"},"geometry":{"type":"Point","coordinates":[-119.53491,39.80953]}},{"type":"Feature","properties":{"acq_date":"2026-08-11","acq_time":1000,"confidence":"n","satellite":"N","instrument":"VIIRS","version":"2.0NRT","bright_ti4":341.67,"frp":6.94,"daynight":"N"},"geometry":{"type":"Point","coordinates":[-119.82604,39.80958]}},{"type":"Feature","properties":{"acq_date":"2026-08-11","acq_time":1000,"confidence":"n","satellite":"N","instrument":"VIIRS","version":"2.0NRT","bright_ti4":297.57,"frp":0.88,"daynight":"N"},"geometry":{"type":"Point","coordinates":[-119.96551,39.80984]}},{"type":"Feature","properties":{"acq_date":"2026-08-11","acq_time":1000,"confidence":"n","satellite":"N","instrument":"VIIRS","version":"2.0NRT","bright_ti4":339.22,"frp":12.76,"daynight":"N"},"geometry":{"type":"Point","coordinates":[-119.78403,39.81012]}},{"type":"Feature","properties":{"acq_date":"2026-08-11","acq_time":1000,"confidence":"n","satellite":"N","instrument":"VIIRS","version":"2.0NRT","bright_ti4":311.06,"frp":1.28,"daynight":"N"},"geometry":{"type":"Point","coordinates":[-119.53941,39.81021]}},{"type":"Feature","properties":{"acq_date":"2026-08-11","acq_time":1000,"confidence":"n","satellite":"N","instrument":"VIIRS","version":"2.0NRT","bright_ti4":329.71,"frp":7.01,"daynight":"N"},"geometry":{"type":"Point","coordinates":[-119.78854,39.8108]}},{"type":"Feature","properties":{"acq_date":"2026-08-11","acq_time":1000,"confidence":"n","satellite":"N","instrument":"VIIRS","version":"2.0NRT","bright_ti4":306.9,"frp":4.49,"daynight":"N"},"geometry":{"type":"Point","coordinates":[-119.76962,39.81137]}},{"type":"Feature","properties":{"acq_date":"2026-08-11","acq_time":1000,"confidence":"n","satellite":"N","instrument":"VIIRS","version":"2.0NRT","bright_ti4":354.51,"frp":4.49,"daynight":"N"},"geometry":{"type":"Point","coordinates":[-119.77414,39.81206]}},{"type":"Feature","properties":{"acq_date":"2026-08-11","acq_time":1000,"confidence":"n","satellite":"N","instrument":"VIIRS","version":"2.0NRT","bright_ti4":327.92,"frp":2.48,"daynight":"N"},"geometry":{"type":"Point","coordinates":[-119.82071,39.81221]}},{"type":"Feature","properties":{"acq_date":"2026-08-11","acq_time":1000,"confidence":"h","satellite":"N","instrument":"VIIRS","version":"2.0NRT","bright_ti4":367,"frp":12.76,"daynight":"N"},"geometry":{"type":"Point","coordinates":[-119.77868,39.81274]}},{"type":"Feature","properties":{"acq_date":"2026-08-11","acq_time":1000,"confidence":"n","satellite":"N","instrument":"VIIRS","version":"2.0NRT","bright_ti4":299.72,"frp":0.54,"daynight":"N"},"geometry":{"type":"Point","coordinates":[-119.53405,39.81281]}},{"type":"Feature","properties":{"acq_date":"2026-08-11","acq_time":1000,"confidence":"n","satellite":"N","instrument":"VIIRS","version":"2.0NRT","bright_ti4":309.63,"frp":0.88,"daynight":"N"},"geometry":{"type":"Point","coordinates":[-119.96478,39.81316]}},{"type":"Feature","properties":{"acq_date":"2026-08-11","acq_time":1000,"confidence":"h","satellite":"N","instrument":"VIIRS","version":"2.0NRT","bright_ti4":367,"frp":12.76,"daynight":"N"},"geometry":{"type":"Point","coordinates":[-119.7832,39.81342]}},{"type":"Feature","properties":{"acq_date":"2026-08-11","acq_time":1000,"confidence":"n","satellite":"N","instrument":"VIIRS","version":"2.0NRT","bright_ti4":306.11,"frp":1.27,"daynight":"N"},"geometry":{"type":"Point","coordinates":[-119.54305,39.81417]}},{"type":"Feature","properties":{"acq_date":"2026-08-11","acq_time":1000,"confidence":"n","satellite":"N","instrument":"VIIRS","version":"2.0NRT","bright_ti4":317.33,"frp":2.55,"daynight":"N"},"geometry":{"type":"Point","coordinates":[-119.77125,39.81433]}},{"type":"Feature","properties":{"acq_date":"2026-08-11","acq_time":1000,"confidence":"n","satellite":"N","instrument":"VIIRS","version":"2.0NRT","bright_ti4":326.79,"frp":7.01,"daynight":"N"},"geometry":{"type":"Point","coordinates":[-119.7922,39.81478]}},{"type":"Feature","properties":{"acq_date":"2026-08-11","acq_time":1000,"confidence":"n","satellite":"N","instrument":"VIIRS","version":"2.0NRT","bright_ti4":308.31,"frp":2.8,"daynight":"N"},"geometry":{"type":"Point","coordinates":[-119.81542,39.81484]}},{"type":"Feature","properties":{"acq_date":"2026-08-11","acq_time":1000,"confidence":"n","satellite":"N","instrument":"VIIRS","version":"2.0NRT","bright_ti4":342.86,"frp":2.55,"daynight":"N"},"geometry":{"type":"Point","coordinates":[-119.77578,39.815]}},{"type":"Feature","properties":{"acq_date":"2026-08-11","acq_time":1000,"confidence":"n","satellite":"N","instrument":"VIIRS","version":"2.0NRT","bright_ti4":318.12,"frp":3.5,"daynight":"N"},"geometry":{"type":"Point","coordinates":[-119.79668,39.81545]}},{"type":"Feature","properties":{"acq_date":"2026-08-11","acq_time":1000,"confidence":"n","satellite":"N","instrument":"VIIRS","version":"2.0NRT","bright_ti4":329.35,"frp":2.8,"daynight":"N"},"geometry":{"type":"Point","coordinates":[-119.81991,39.81551]}},{"type":"Feature","properties":{"acq_date":"2026-08-11","acq_time":1000,"confidence":"n","satellite":"N","instrument":"VIIRS","version":"2.0NRT","bright_ti4":331.1,"frp":2.4,"daynight":"N"},"geometry":{"type":"Point","coordinates":[-119.78032,39.81568]}},{"type":"Feature","properties":{"acq_date":"2026-08-11","acq_time":1000,"confidence":"n","satellite":"N","instrument":"VIIRS","version":"2.0NRT","bright_ti4":304.05,"frp":1.2,"daynight":"N"},"geometry":{"type":"Point","coordinates":[-119.96336,39.81981]}},{"type":"Feature","properties":{"acq_date":"2026-08-11","acq_time":1000,"confidence":"n","satellite":"N","instrument":"VIIRS","version":"2.0NRT","bright_ti4":302.88,"frp":0.82,"daynight":"N"},"geometry":{"type":"Point","coordinates":[-119.5413,39.82074]}},{"type":"Feature","properties":{"acq_date":"2026-08-11","acq_time":1000,"confidence":"n","satellite":"N","instrument":"VIIRS","version":"2.0NRT","bright_ti4":317.57,"frp":1.12,"daynight":"N"},"geometry":{"type":"Point","coordinates":[-119.97144,39.82443]}},{"type":"Feature","properties":{"acq_date":"2026-08-11","acq_time":1000,"confidence":"n","satellite":"N","instrument":"VIIRS","version":"2.0NRT","bright_ti4":304.25,"frp":0.84,"daynight":"N"},"geometry":{"type":"Point","coordinates":[-119.54491,39.82471]}},{"type":"Feature","properties":{"acq_date":"2026-08-11","acq_time":1000,"confidence":"n","satellite":"N","instrument":"VIIRS","version":"2.0NRT","bright_ti4":310.4,"frp":1.12,"daynight":"N"},"geometry":{"type":"Point","coordinates":[-119.97584,39.82508]}},{"type":"Feature","properties":{"acq_date":"2026-08-11","acq_time":1000,"confidence":"n","satellite":"N","instrument":"VIIRS","version":"2.0NRT","bright_ti4":303.84,"frp":1.16,"daynight":"N"},"geometry":{"type":"Point","coordinates":[-119.5396,39.82732]}},{"type":"Feature","properties":{"acq_date":"2026-08-11","acq_time":1000,"confidence":"n","satellite":"N","instrument":"VIIRS","version":"2.0NRT","bright_ti4":313.15,"frp":8.36,"daynight":"N"},"geometry":{"type":"Point","coordinates":[-119.54404,39.82799]}},{"type":"Feature","properties":{"acq_date":"2026-08-11","acq_time":1000,"confidence":"n","satellite":"N","instrument":"VIIRS","version":"2.0NRT","bright_ti4":301.48,"frp":1.12,"daynight":"N"},"geometry":{"type":"Point","coordinates":[-119.9751,39.82841]}},{"type":"Feature","properties":{"acq_date":"2026-08-11","acq_time":1000,"confidence":"n","satellite":"N","instrument":"VIIRS","version":"2.0NRT","bright_ti4":339.79,"frp":8.36,"daynight":"N"},"geometry":{"type":"Point","coordinates":[-119.54848,39.82866]}},{"type":"Feature","properties":{"acq_date":"2026-08-11","acq_time":1000,"confidence":"n","satellite":"N","instrument":"VIIRS","version":"2.0NRT","bright_ti4":302.75,"frp":4.36,"daynight":"N"},"geometry":{"type":"Point","coordinates":[-119.55296,39.82934]}},{"type":"Feature","properties":{"acq_date":"2026-08-11","acq_time":1000,"confidence":"n","satellite":"N","instrument":"VIIRS","version":"2.0NRT","bright_ti4":301.85,"frp":8.36,"daynight":"N"},"geometry":{"type":"Point","coordinates":[-119.54321,39.83128]}},{"type":"Feature","properties":{"acq_date":"2026-08-11","acq_time":1000,"confidence":"n","satellite":"N","instrument":"VIIRS","version":"2.0NRT","bright_ti4":355.39,"frp":8.36,"daynight":"N"},"geometry":{"type":"Point","coordinates":[-119.54765,39.83195]}},{"type":"Feature","properties":{"acq_date":"2026-08-11","acq_time":1000,"confidence":"n","satellite":"N","instrument":"VIIRS","version":"2.0NRT","bright_ti4":302.65,"frp":0.56,"daynight":"N"},"geometry":{"type":"Point","coordinates":[-119.97874,39.83237]}},{"type":"Feature","properties":{"acq_date":"2026-08-11","acq_time":1000,"confidence":"n","satellite":"N","instrument":"VIIRS","version":"2.0NRT","bright_ti4":304.01,"frp":4.36,"daynight":"N"},"geometry":{"type":"Point","coordinates":[-119.55212,39.83263]}},{"type":"Feature","properties":{"acq_date":"2026-08-11","acq_time":1000,"confidence":"n","satellite":"N","instrument":"VIIRS","version":"2.0NRT","bright_ti4":304.04,"frp":1.1,"daynight":"N"},"geometry":{"type":"Point","coordinates":[-119.53361,39.83323]}},{"type":"Feature","properties":{"acq_date":"2026-08-11","acq_time":1000,"confidence":"n","satellite":"N","instrument":"VIIRS","version":"2.0NRT","bright_ti4":304.75,"frp":2.44,"daynight":"N"},"geometry":{"type":"Point","coordinates":[-119.54242,39.83457]}},{"type":"Feature","properties":{"acq_date":"2026-08-11","acq_time":1000,"confidence":"n","satellite":"N","instrument":"VIIRS","version":"2.0NRT","bright_ti4":343.13,"frp":2.44,"daynight":"N"},"geometry":{"type":"Point","coordinates":[-119.54684,39.83524]}},{"type":"Feature","properties":{"acq_date":"2026-08-11","acq_time":1000,"confidence":"n","satellite":"N","instrument":"VIIRS","version":"2.0NRT","bright_ti4":310.34,"frp":1.1,"daynight":"N"},"geometry":{"type":"Point","coordinates":[-119.53283,39.83652]}},{"type":"Feature","properties":{"acq_date":"2026-08-11","acq_time":1000,"confidence":"n","satellite":"N","instrument":"VIIRS","version":"2.0NRT","bright_ti4":311.32,"frp":2.44,"daynight":"N"},"geometry":{"type":"Point","coordinates":[-119.54163,39.83787]}},{"type":"Feature","properties":{"acq_date":"2026-08-11","acq_time":1000,"confidence":"n","satellite":"N","instrument":"VIIRS","version":"2.0NRT","bright_ti4":336.36,"frp":2.44,"daynight":"N"},"geometry":{"type":"Point","coordinates":[-119.54606,39.83854]}},{"type":"Feature","properties":{"acq_date":"2026-08-11","acq_time":1000,"confidence":"n","satellite":"N","instrument":"VIIRS","version":"2.0NRT","bright_ti4":304.54,"frp":1.54,"daynight":"N"},"geometry":{"type":"Point","coordinates":[-119.52764,39.83915]}},{"type":"Feature","properties":{"acq_date":"2026-08-11","acq_time":1000,"confidence":"n","satellite":"N","instrument":"VIIRS","version":"2.0NRT","bright_ti4":308.85,"frp":2.46,"daynight":"N"},"geometry":{"type":"Point","coordinates":[-119.55051,39.83921]}},{"type":"Feature","properties":{"acq_date":"2026-08-11","acq_time":1000,"confidence":"n","satellite":"N","instrument":"VIIRS","version":"2.0NRT","bright_ti4":310.05,"frp":1.36,"daynight":"N"},"geometry":{"type":"Point","coordinates":[-119.53204,39.83982]}},{"type":"Feature","properties":{"acq_date":"2026-08-11","acq_time":1000,"confidence":"n","satellite":"N","instrument":"VIIRS","version":"2.0NRT","bright_ti4":335.21,"frp":3.47,"daynight":"N"},"geometry":{"type":"Point","coordinates":[-119.83475,39.8409]}},{"type":"Feature","properties":{"acq_date":"2026-08-11","acq_time":1000,"confidence":"n","satellite":"N","instrument":"VIIRS","version":"2.0NRT","bright_ti4":324.6,"frp":3.29,"daynight":"N"},"geometry":{"type":"Point","coordinates":[-119.54085,39.84116]}},{"type":"Feature","properties":{"acq_date":"2026-08-11","acq_time":1000,"confidence":"n","satellite":"N","instrument":"VIIRS","version":"2.0NRT","bright_ti4":297.63,"frp":1.65,"daynight":"N"},"geometry":{"type":"Point","coordinates":[-119.83925,39.84157]}},{"type":"Feature","properties":{"acq_date":"2026-08-11","acq_time":1000,"confidence":"n","satellite":"N","instrument":"VIIRS","version":"2.0NRT","bright_ti4":331.62,"frp":3.29,"daynight":"N"},"geometry":{"type":"Point","coordinates":[-119.54528,39.84184]}},{"type":"Feature","properties":{"acq_date":"2026-08-11","acq_time":1000,"confidence":"n","satellite":"N","instrument":"VIIRS","version":"2.0NRT","bright_ti4":322.09,"frp":2.06,"daynight":"N"},"geometry":{"type":"Point","coordinates":[-119.97644,39.84232]}},{"type":"Feature","properties":{"acq_date":"2026-08-11","acq_time":1000,"confidence":"n","satellite":"N","instrument":"VIIRS","version":"2.0NRT","bright_ti4":308.24,"frp":1.97,"daynight":"N"},"geometry":{"type":"Point","coordinates":[-119.54973,39.84251]}},{"type":"Feature","properties":{"acq_date":"2026-08-11","acq_time":1000,"confidence":"n","satellite":"N","instrument":"VIIRS","version":"2.0NRT","bright_ti4":302.9,"frp":1.53,"daynight":"N"},"geometry":{"type":"Point","coordinates":[-119.84824,39.84291]}},{"type":"Feature","properties":{"acq_date":"2026-08-11","acq_time":1000,"confidence":"n","satellite":"N","instrument":"VIIRS","version":"2.0NRT","bright_ti4":305.13,"frp":1.36,"daynight":"N"},"geometry":{"type":"Point","coordinates":[-119.53125,39.84312]}},{"type":"Feature","properties":{"acq_date":"2026-08-11","acq_time":1000,"confidence":"n","satellite":"N","instrument":"VIIRS","version":"2.0NRT","bright_ti4":315.47,"frp":1.53,"daynight":"N"},"geometry":{"type":"Point","coordinates":[-119.85271,39.84358]}},{"type":"Feature","properties":{"acq_date":"2026-08-11","acq_time":1000,"confidence":"n","satellite":"N","instrument":"VIIRS","version":"2.0NRT","bright_ti4":325.16,"frp":1.68,"daynight":"N"},"geometry":{"type":"Point","coordinates":[-119.9738,39.84438]}},{"type":"Feature","properties":{"acq_date":"2026-08-11","acq_time":1000,"confidence":"n","satellite":"N","instrument":"VIIRS","version":"2.0NRT","bright_ti4":332.53,"frp":3.29,"daynight":"N"},"geometry":{"type":"Point","coordinates":[-119.5401,39.84446]}},{"type":"Feature","properties":{"acq_date":"2026-08-11","acq_time":1000,"confidence":"n","satellite":"N","instrument":"VIIRS","version":"2.0NRT","bright_ti4":343.57,"frp":3.29,"daynight":"N"},"geometry":{"type":"Point","coordinates":[-119.54453,39.84514]}},{"type":"Feature","properties":{"acq_date":"2026-08-11","acq_time":1000,"confidence":"n","satellite":"N","instrument":"VIIRS","version":"2.0NRT","bright_ti4":303.57,"frp":2.25,"daynight":"N"},"geometry":{"type":"Point","coordinates":[-119.84293,39.84554]}},{"type":"Feature","properties":{"acq_date":"2026-08-11","acq_time":1000,"confidence":"n","satellite":"N","instrument":"VIIRS","version":"2.0NRT","bright_ti4":305.95,"frp":1.47,"daynight":"N"},"geometry":{"type":"Point","coordinates":[-119.52604,39.84575]}},{"type":"Feature","properties":{"acq_date":"2026-08-11","acq_time":1000,"confidence":"n","satellite":"N","instrument":"VIIRS","version":"2.0NRT","bright_ti4":325.5,"frp":1.97,"daynight":"N"},"geometry":{"type":"Point","coordinates":[-119.54895,39.84581]}},{"type":"Feature","properties":{"acq_date":"2026-08-11","acq_time":1000,"confidence":"n","satellite":"N","instrument":"VIIRS","version":"2.0NRT","bright_ti4":352.65,"frp":15.76,"daynight":"N"},"geometry":{"type":"Point","coordinates":[-119.8474,39.84621]}},{"type":"Feature","properties":{"acq_date":"2026-08-11","acq_time":1000,"confidence":"n","satellite":"N","instrument":"VIIRS","version":"2.0NRT","bright_ti4":306.94,"frp":1.41,"daynight":"N"},"geometry":{"type":"Point","coordinates":[-119.53046,39.84642]}},{"type":"Feature","properties":{"acq_date":"2026-08-11","acq_time":1000,"confidence":"n","satellite":"N","instrument":"VIIRS","version":"2.0NRT","bright_ti4":319.3,"frp":1.41,"daynight":"N"},"geometry":{"type":"Point","coordinates":[-119.53488,39.84709]}},{"type":"Feature","properties":{"acq_date":"2026-08-11","acq_time":1000,"confidence":"n","satellite":"N","instrument":"VIIRS","version":"2.0NRT","bright_ti4":317.76,"frp":1.68,"daynight":"N"},"geometry":{"type":"Point","coordinates":[-119.97305,39.84769]}},{"type":"Feature","properties":{"acq_date":"2026-08-11","acq_time":1000,"confidence":"n","satellite":"N","instrument":"VIIRS","version":"2.0NRT","bright_ti4":328.73,"frp":3.63,"daynight":"N"},"geometry":{"type":"Point","coordinates":[-119.53932,39.84776]}},{"type":"Feature","properties":{"acq_date":"2026-08-11","acq_time":1000,"confidence":"n","satellite":"N","instrument":"VIIRS","version":"2.0NRT","bright_ti4":345.42,"frp":3.63,"daynight":"N"},"geometry":{"type":"Point","coordinates":[-119.54376,39.84844]}},{"type":"Feature","properties":{"acq_date":"2026-08-11","acq_time":1000,"confidence":"n","satellite":"N","instrument":"VIIRS","version":"2.0NRT","bright_ti4":305.85,"frp":15.76,"daynight":"N"},"geometry":{"type":"Point","coordinates":[-119.84658,39.84952]}},{"type":"Feature","properties":{"acq_date":"2026-08-11","acq_time":1000,"confidence":"n","satellite":"N","instrument":"VIIRS","version":"2.0NRT","bright_ti4":307.64,"frp":2.16,"daynight":"N"},"geometry":{"type":"Point","coordinates":[-119.50658,39.84962]}},{"type":"Feature","properties":{"acq_date":"2026-08-11","acq_time":1000,"confidence":"n","satellite":"N","instrument":"VIIRS","version":"2.0NRT","bright_ti4":311.91,"frp":1.41,"daynight":"N"},"geometry":{"type":"Point","coordinates":[-119.52966,39.84971]}},{"type":"Feature","properties":{"acq_date":"2026-08-11","acq_time":1000,"confidence":"n","satellite":"N","instrument":"VIIRS","version":"2.0NRT","bright_ti4":337.57,"frp":3.17,"daynight":"N"},"geometry":{"type":"Point","coordinates":[-119.96792,39.85036]}},{"type":"Feature","properties":{"acq_date":"2026-08-11","acq_time":1000,"confidence":"n","satellite":"N","instrument":"VIIRS","version":"2.0NRT","bright_ti4":328.59,"frp":1.41,"daynight":"N"},"geometry":{"type":"Point","coordinates":[-119.5341,39.85039]}},{"type":"Feature","properties":{"acq_date":"2026-08-11","acq_time":1000,"confidence":"n","satellite":"N","instrument":"VIIRS","version":"2.0NRT","bright_ti4":321.76,"frp":3.17,"daynight":"N"},"geometry":{"type":"Point","coordinates":[-119.97231,39.85101]}},{"type":"Feature","properties":{"acq_date":"2026-08-11","acq_time":1000,"confidence":"n","satellite":"N","instrument":"VIIRS","version":"2.0NRT","bright_ti4":323.92,"frp":3.63,"daynight":"N"},"geometry":{"type":"Point","coordinates":[-119.53854,39.85106]}},{"type":"Feature","properties":{"acq_date":"2026-08-11","acq_time":1000,"confidence":"n","satellite":"N","instrument":"VIIRS","version":"2.0NRT","bright_ti4":331.9,"frp":3.63,"daynight":"N"},"geometry":{"type":"Point","coordinates":[-119.54298,39.85173]}},{"type":"Feature","properties":{"acq_date":"2026-08-11","acq_time":1000,"confidence":"n","satellite":"N","instrument":"VIIRS","version":"2.0NRT","bright_ti4":298.78,"frp":0.89,"daynight":"N"},"geometry":{"type":"Point","coordinates":[-119.9627,39.85301]}},{"type":"Feature","properties":{"acq_date":"2026-08-11","acq_time":1000,"confidence":"n","satellite":"N","instrument":"VIIRS","version":"2.0NRT","bright_ti4":313.63,"frp":1.69,"daynight":"N"},"geometry":{"type":"Point","coordinates":[-119.52885,39.85301]}},{"type":"Feature","properties":{"acq_date":"2026-08-11","acq_time":1000,"confidence":"n","satellite":"N","instrument":"VIIRS","version":"2.0NRT","bright_ti4":334.21,"frp":3.17,"daynight":"N"},"geometry":{"type":"Point","coordinates":[-119.96715,39.85366]}},{"type":"Feature","properties":{"acq_date":"2026-08-11","acq_time":1000,"confidence":"n","satellite":"N","instrument":"VIIRS","version":"2.0NRT","bright_ti4":326.75,"frp":1.69,"daynight":"N"},"geometry":{"type":"Point","coordinates":[-119.53331,39.85369]}},{"type":"Feature","properties":{"acq_date":"2026-08-11","acq_time":1000,"confidence":"n","satellite":"N","instrument":"VIIRS","version":"2.0NRT","bright_ti4":329.09,"frp":2.34,"daynight":"N"},"geometry":{"type":"Point","coordinates":[-119.53777,39.85436]}},{"type":"Feature","properties":{"acq_date":"2026-08-11","acq_time":1000,"confidence":"n","satellite":"N","instrument":"VIIRS","version":"2.0NRT","bright_ti4":315.11,"frp":2.34,"daynight":"N"},"geometry":{"type":"Point","coordinates":[-119.54223,39.85504]}},{"type":"Feature","properties":{"acq_date":"2026-08-11","acq_time":1000,"confidence":"n","satellite":"N","instrument":"VIIRS","version":"2.0NRT","bright_ti4":315,"frp":1.69,"daynight":"N"},"geometry":{"type":"Point","coordinates":[-119.53252,39.85698]}},{"type":"Feature","properties":{"acq_date":"2026-08-11","acq_time":1000,"confidence":"n","satellite":"N","instrument":"VIIRS","version":"2.0NRT","bright_ti4":330.74,"frp":2.34,"daynight":"N"},"geometry":{"type":"Point","coordinates":[-119.53699,39.85766]}},{"type":"Feature","properties":{"acq_date":"2026-08-11","acq_time":1000,"confidence":"n","satellite":"N","instrument":"VIIRS","version":"2.0NRT","bright_ti4":318.75,"frp":1.93,"daynight":"N"},"geometry":{"type":"Point","coordinates":[-119.52724,39.8596]}},{"type":"Feature","properties":{"acq_date":"2026-08-11","acq_time":1000,"confidence":"n","satellite":"N","instrument":"VIIRS","version":"2.0NRT","bright_ti4":337.51,"frp":1.93,"daynight":"N"},"geometry":{"type":"Point","coordinates":[-119.53172,39.86028]}},{"type":"Feature","properties":{"acq_date":"2026-08-11","acq_time":1000,"confidence":"n","satellite":"N","instrument":"VIIRS","version":"2.0NRT","bright_ti4":309.86,"frp":1.93,"daynight":"N"},"geometry":{"type":"Point","coordinates":[-119.52641,39.86289]}},{"type":"Feature","properties":{"acq_date":"2026-08-11","acq_time":1000,"confidence":"n","satellite":"N","instrument":"VIIRS","version":"2.0NRT","bright_ti4":339.97,"frp":5.76,"daynight":"N"},"geometry":{"type":"Point","coordinates":[-119.48838,39.86735]}},{"type":"Feature","properties":{"acq_date":"2026-08-11","acq_time":1000,"confidence":"n","satellite":"N","instrument":"VIIRS","version":"2.0NRT","bright_ti4":307.56,"frp":1.03,"daynight":"N"},"geometry":{"type":"Point","coordinates":[-119.51589,39.86813]}},{"type":"Feature","properties":{"acq_date":"2026-08-11","acq_time":1000,"confidence":"n","satellite":"N","instrument":"VIIRS","version":"2.0NRT","bright_ti4":316.23,"frp":1.03,"daynight":"N"},"geometry":{"type":"Point","coordinates":[-119.52033,39.8688]}},{"type":"Feature","properties":{"acq_date":"2026-08-11","acq_time":1000,"confidence":"n","satellite":"N","instrument":"VIIRS","version":"2.0NRT","bright_ti4":316.96,"frp":1.8,"daynight":"N"},"geometry":{"type":"Point","coordinates":[-119.52477,39.86947]}},{"type":"Feature","properties":{"acq_date":"2026-08-11","acq_time":1000,"confidence":"n","satellite":"N","instrument":"VIIRS","version":"2.0NRT","bright_ti4":312.12,"frp":1.4,"daynight":"N"},"geometry":{"type":"Point","coordinates":[-119.5062,39.87007]}},{"type":"Feature","properties":{"acq_date":"2026-08-11","acq_time":1000,"confidence":"n","satellite":"N","instrument":"VIIRS","version":"2.0NRT","bright_ti4":320.86,"frp":1.8,"daynight":"N"},"geometry":{"type":"Point","coordinates":[-119.52923,39.87015]}},{"type":"Feature","properties":{"acq_date":"2026-08-11","acq_time":1000,"confidence":"n","satellite":"N","instrument":"VIIRS","version":"2.0NRT","bright_ti4":306.78,"frp":1.17,"daynight":"N"},"geometry":{"type":"Point","coordinates":[-119.5151,39.87142]}},{"type":"Feature","properties":{"acq_date":"2026-08-11","acq_time":1000,"confidence":"n","satellite":"N","instrument":"VIIRS","version":"2.0NRT","bright_ti4":314.05,"frp":1.69,"daynight":"N"},"geometry":{"type":"Point","coordinates":[-114.25728,40.82337]}},{"type":"Feature","properties":{"acq_date":"2026-08-11","acq_time":1000,"confidence":"n","satellite":"N","instrument":"VIIRS","version":"2.0NRT","bright_ti4":304.62,"frp":1.74,"daynight":"N"},"geometry":{"type":"Point","coordinates":[-123.64839,41.11498]}},{"type":"Feature","properties":{"acq_date":"2026-08-11","acq_time":1000,"confidence":"n","satellite":"N","instrument":"VIIRS","version":"2.0NRT","bright_ti4":321.18,"frp":1.74,"daynight":"N"},"geometry":{"type":"Point","coordinates":[-123.64719,41.11871]}},{"type":"Feature","properties":{"acq_date":"2026-08-11","acq_time":1000,"confidence":"n","satellite":"N","instrument":"VIIRS","version":"2.0NRT","bright_ti4":343.5,"frp":9.3,"daynight":"N"},"geometry":{"type":"Point","coordinates":[-123.65591,41.12742]}},{"type":"Feature","properties":{"acq_date":"2026-08-11","acq_time":1000,"confidence":"n","satellite":"N","instrument":"VIIRS","version":"2.0NRT","bright_ti4":313.95,"frp":9.3,"daynight":"N"},"geometry":{"type":"Point","coordinates":[-123.66171,41.12807]}},{"type":"Feature","properties":{"acq_date":"2026-08-11","acq_time":1000,"confidence":"n","satellite":"N","instrument":"VIIRS","version":"2.0NRT","bright_ti4":332.34,"frp":10.39,"daynight":"N"},"geometry":{"type":"Point","coordinates":[-123.6551,41.1312]}},{"type":"Feature","properties":{"acq_date":"2026-08-11","acq_time":1000,"confidence":"n","satellite":"N","instrument":"VIIRS","version":"2.0NRT","bright_ti4":352.04,"frp":10.39,"daynight":"N"},"geometry":{"type":"Point","coordinates":[-123.6613,41.13189]}},{"type":"Feature","properties":{"acq_date":"2026-08-11","acq_time":1000,"confidence":"n","satellite":"N","instrument":"VIIRS","version":"2.0NRT","bright_ti4":312.05,"frp":3.49,"daynight":"N"},"geometry":{"type":"Point","coordinates":[-123.66817,41.13265]}},{"type":"Feature","properties":{"acq_date":"2026-08-11","acq_time":1000,"confidence":"n","satellite":"N","instrument":"VIIRS","version":"2.0NRT","bright_ti4":339.75,"frp":10.39,"daynight":"N"},"geometry":{"type":"Point","coordinates":[-123.66116,41.13574]}},{"type":"Feature","properties":{"acq_date":"2026-08-11","acq_time":1000,"confidence":"n","satellite":"N","instrument":"VIIRS","version":"2.0NRT","bright_ti4":326.41,"frp":3.49,"daynight":"N"},"geometry":{"type":"Point","coordinates":[-123.66813,41.13652]}},{"type":"Feature","properties":{"acq_date":"2026-08-11","acq_time":1000,"confidence":"n","satellite":"N","instrument":"VIIRS","version":"2.0NRT","bright_ti4":314.3,"frp":3.49,"daynight":"N"},"geometry":{"type":"Point","coordinates":[-123.67511,41.13729]}},{"type":"Feature","properties":{"acq_date":"2026-08-11","acq_time":1000,"confidence":"n","satellite":"N","instrument":"VIIRS","version":"2.0NRT","bright_ti4":305.48,"frp":1.34,"daynight":"N"},"geometry":{"type":"Point","coordinates":[-123.6823,41.13809]}},{"type":"Feature","properties":{"acq_date":"2026-08-11","acq_time":1000,"confidence":"n","satellite":"N","instrument":"VIIRS","version":"2.0NRT","bright_ti4":321.81,"frp":2.49,"daynight":"N"},"geometry":{"type":"Point","coordinates":[-123.66019,41.1395]}},{"type":"Feature","properties":{"acq_date":"2026-08-11","acq_time":1000,"confidence":"n","satellite":"N","instrument":"VIIRS","version":"2.0NRT","bright_ti4":354.14,"frp":21.16,"daynight":"N"},"geometry":{"type":"Point","coordinates":[-123.66713,41.14027]}},{"type":"Feature","properties":{"acq_date":"2026-08-11","acq_time":1000,"confidence":"n","satellite":"N","instrument":"VIIRS","version":"2.0NRT","bright_ti4":305.41,"frp":21.16,"daynight":"N"},"geometry":{"type":"Point","coordinates":[-123.67423,41.14107]}},{"type":"Feature","properties":{"acq_date":"2026-08-11","acq_time":1000,"confidence":"n","satellite":"N","instrument":"VIIRS","version":"2.0NRT","bright_ti4":343.05,"frp":21.16,"daynight":"N"},"geometry":{"type":"Point","coordinates":[-123.66549,41.14396]}},{"type":"Feature","properties":{"acq_date":"2026-08-11","acq_time":1000,"confidence":"n","satellite":"N","instrument":"VIIRS","version":"2.0NRT","bright_ti4":341.78,"frp":5.13,"daynight":"N"},"geometry":{"type":"Point","coordinates":[-116.48202,42.14244]}},{"type":"Feature","properties":{"acq_date":"2026-08-11","acq_time":1000,"confidence":"n","satellite":"N","instrument":"VIIRS","version":"2.0NRT","bright_ti4":307.67,"frp":1.7,"daynight":"N"},"geometry":{"type":"Point","coordinates":[-116.4867,42.14325]}},{"type":"Feature","properties":{"acq_date":"2026-08-11","acq_time":1000,"confidence":"n","satellite":"N","instrument":"VIIRS","version":"2.0NRT","bright_ti4":315.37,"frp":2.05,"daynight":"N"},"geometry":{"type":"Point","coordinates":[-116.41206,42.14425]}},{"type":"Feature","properties":{"acq_date":"2026-08-11","acq_time":1000,"confidence":"n","satellite":"N","instrument":"VIIRS","version":"2.0NRT","bright_ti4":296.28,"frp":0.87,"daynight":"N"},"geometry":{"type":"Point","coordinates":[-116.48096,42.14573]}},{"type":"Feature","properties":{"acq_date":"2026-08-11","acq_time":1000,"confidence":"n","satellite":"N","instrument":"VIIRS","version":"2.0NRT","bright_ti4":295.72,"frp":0.58,"daynight":"N"},"geometry":{"type":"Point","coordinates":[-116.43489,42.21424]}},{"type":"Feature","properties":{"acq_date":"2026-08-11","acq_time":1000,"confidence":"n","satellite":"N","instrument":"VIIRS","version":"2.0NRT","bright_ti4":299,"frp":2.23,"daynight":"N"},"geometry":{"type":"Point","coordinates":[-121.55688,42.34315]}},{"type":"Feature","properties":{"acq_date":"2026-08-11","acq_time":1000,"confidence":"n","satellite":"N","instrument":"VIIRS","version":"2.0NRT","bright_ti4":341.21,"frp":5.35,"daynight":"N"},"geometry":{"type":"Point","coordinates":[-121.56199,42.34379]}},{"type":"Feature","properties":{"acq_date":"2026-08-11","acq_time":1000,"confidence":"n","satellite":"N","instrument":"VIIRS","version":"2.0NRT","bright_ti4":311.82,"frp":5.35,"daynight":"N"},"geometry":{"type":"Point","coordinates":[-121.56714,42.34444]}},{"type":"Feature","properties":{"acq_date":"2026-08-11","acq_time":1000,"confidence":"n","satellite":"N","instrument":"VIIRS","version":"2.0NRT","bright_ti4":340.47,"frp":5.35,"daynight":"N"},"geometry":{"type":"Point","coordinates":[-121.56125,42.34732]}},{"type":"Feature","properties":{"acq_date":"2026-08-11","acq_time":1000,"confidence":"n","satellite":"N","instrument":"VIIRS","version":"2.0NRT","bright_ti4":342.67,"frp":5.35,"daynight":"N"},"geometry":{"type":"Point","coordinates":[-121.56641,42.34796]}},{"type":"Feature","properties":{"acq_date":"2026-08-11","acq_time":1000,"confidence":"n","satellite":"N","instrument":"VIIRS","version":"2.0NRT","bright_ti4":305.68,"frp":1.06,"daynight":"N"},"geometry":{"type":"Point","coordinates":[-121.5716,42.34861]}},{"type":"Feature","properties":{"acq_date":"2026-08-11","acq_time":1000,"confidence":"n","satellite":"N","instrument":"VIIRS","version":"2.0NRT","bright_ti4":315.56,"frp":5.74,"daynight":"N"},"geometry":{"type":"Point","coordinates":[-121.55536,42.35019]}},{"type":"Feature","properties":{"acq_date":"2026-08-11","acq_time":1000,"confidence":"n","satellite":"N","instrument":"VIIRS","version":"2.0NRT","bright_ti4":320.24,"frp":3.58,"daynight":"N"},"geometry":{"type":"Point","coordinates":[-121.56052,42.35084]}},{"type":"Feature","properties":{"acq_date":"2026-08-11","acq_time":1000,"confidence":"n","satellite":"N","instrument":"VIIRS","version":"2.0NRT","bright_ti4":341.42,"frp":3.58,"daynight":"N"},"geometry":{"type":"Point","coordinates":[-121.56569,42.35149]}},{"type":"Feature","properties":{"acq_date":"2026-08-11","acq_time":1000,"confidence":"n","satellite":"N","instrument":"VIIRS","version":"2.0NRT","bright_ti4":342.83,"frp":5.28,"daynight":"N"},"geometry":{"type":"Point","coordinates":[-121.57088,42.35213]}},{"type":"Feature","properties":{"acq_date":"2026-08-11","acq_time":1000,"confidence":"n","satellite":"N","instrument":"VIIRS","version":"2.0NRT","bright_ti4":330.11,"frp":5.28,"daynight":"N"},"geometry":{"type":"Point","coordinates":[-121.5761,42.35279]}},{"type":"Feature","properties":{"acq_date":"2026-08-11","acq_time":1000,"confidence":"n","satellite":"N","instrument":"VIIRS","version":"2.0NRT","bright_ti4":331.95,"frp":5.74,"daynight":"N"},"geometry":{"type":"Point","coordinates":[-121.54945,42.35307]}},{"type":"Feature","properties":{"acq_date":"2026-08-11","acq_time":1000,"confidence":"n","satellite":"N","instrument":"VIIRS","version":"2.0NRT","bright_ti4":338.35,"frp":3.56,"daynight":"N"},"geometry":{"type":"Point","coordinates":[-121.58136,42.35344]}},{"type":"Feature","properties":{"acq_date":"2026-08-11","acq_time":1000,"confidence":"n","satellite":"N","instrument":"VIIRS","version":"2.0NRT","bright_ti4":334.58,"frp":5.74,"daynight":"N"},"geometry":{"type":"Point","coordinates":[-121.55461,42.35372]}},{"type":"Feature","properties":{"acq_date":"2026-08-11","acq_time":1000,"confidence":"n","satellite":"N","instrument":"VIIRS","version":"2.0NRT","bright_ti4":321.86,"frp":3.56,"daynight":"N"},"geometry":{"type":"Point","coordinates":[-121.58659,42.3541]}},{"type":"Feature","properties":{"acq_date":"2026-08-11","acq_time":1000,"confidence":"n","satellite":"N","instrument":"VIIRS","version":"2.0NRT","bright_ti4":350.37,"frp":4.25,"daynight":"N"},"geometry":{"type":"Point","coordinates":[-121.59185,42.35476]}},{"type":"Feature","properties":{"acq_date":"2026-08-11","acq_time":1000,"confidence":"n","satellite":"N","instrument":"VIIRS","version":"2.0NRT","bright_ti4":320.14,"frp":3.58,"daynight":"N"},"geometry":{"type":"Point","coordinates":[-121.56499,42.35502]}},{"type":"Feature","properties":{"acq_date":"2026-08-11","acq_time":1000,"confidence":"n","satellite":"N","instrument":"VIIRS","version":"2.0NRT","bright_ti4":303.62,"frp":4.25,"daynight":"N"},"geometry":{"type":"Point","coordinates":[-121.59719,42.35542]}},{"type":"Feature","properties":{"acq_date":"2026-08-11","acq_time":1000,"confidence":"n","satellite":"N","instrument":"VIIRS","version":"2.0NRT","bright_ti4":331.52,"frp":5.28,"daynight":"N"},"geometry":{"type":"Point","coordinates":[-121.57017,42.35566]}},{"type":"Feature","properties":{"acq_date":"2026-08-11","acq_time":1000,"confidence":"n","satellite":"N","instrument":"VIIRS","version":"2.0NRT","bright_ti4":340.68,"frp":5.28,"daynight":"N"},"geometry":{"type":"Point","coordinates":[-121.57539,42.35632]}},{"type":"Feature","properties":{"acq_date":"2026-08-11","acq_time":1000,"confidence":"n","satellite":"N","instrument":"VIIRS","version":"2.0NRT","bright_ti4":310.36,"frp":2.96,"daynight":"N"},"geometry":{"type":"Point","coordinates":[-121.54874,42.35659]}},{"type":"Feature","properties":{"acq_date":"2026-08-11","acq_time":1000,"confidence":"n","satellite":"N","instrument":"VIIRS","version":"2.0NRT","bright_ti4":340.87,"frp":3.56,"daynight":"N"},"geometry":{"type":"Point","coordinates":[-121.5806,42.35697]}},{"type":"Feature","properties":{"acq_date":"2026-08-11","acq_time":1000,"confidence":"n","satellite":"N","instrument":"VIIRS","version":"2.0NRT","bright_ti4":345.49,"frp":2.96,"daynight":"N"},"geometry":{"type":"Point","coordinates":[-121.55391,42.35724]}},{"type":"Feature","properties":{"acq_date":"2026-08-11","acq_time":1000,"confidence":"n","satellite":"N","instrument":"VIIRS","version":"2.0NRT","bright_ti4":313.11,"frp":3.56,"daynight":"N"},"geometry":{"type":"Point","coordinates":[-121.58584,42.35762]}},{"type":"Feature","properties":{"acq_date":"2026-08-11","acq_time":1000,"confidence":"n","satellite":"N","instrument":"VIIRS","version":"2.0NRT","bright_ti4":317.98,"frp":4.25,"daynight":"N"},"geometry":{"type":"Point","coordinates":[-121.59109,42.35828]}},{"type":"Feature","properties":{"acq_date":"2026-08-11","acq_time":1000,"confidence":"n","satellite":"N","instrument":"VIIRS","version":"2.0NRT","bright_ti4":297.87,"frp":1.11,"daynight":"N"},"geometry":{"type":"Point","coordinates":[-121.56432,42.35855]}},{"type":"Feature","properties":{"acq_date":"2026-08-11","acq_time":1000,"confidence":"n","satellite":"N","instrument":"VIIRS","version":"2.0NRT","bright_ti4":307.5,"frp":4.25,"daynight":"N"},"geometry":{"type":"Point","coordinates":[-121.59638,42.35894]}},{"type":"Feature","properties":{"acq_date":"2026-08-11","acq_time":1000,"confidence":"n","satellite":"N","instrument":"VIIRS","version":"2.0NRT","bright_ti4":308.77,"frp":1.29,"daynight":"N"},"geometry":{"type":"Point","coordinates":[-121.5695,42.3592]}},{"type":"Feature","properties":{"acq_date":"2026-08-11","acq_time":1000,"confidence":"n","satellite":"N","instrument":"VIIRS","version":"2.0NRT","bright_ti4":312.01,"frp":1.29,"daynight":"N"},"geometry":{"type":"Point","coordinates":[-121.57468,42.35985]}},{"type":"Feature","properties":{"acq_date":"2026-08-11","acq_time":1000,"confidence":"n","satellite":"N","instrument":"VIIRS","version":"2.0NRT","bright_ti4":314.63,"frp":2.9,"daynight":"N"},"geometry":{"type":"Point","coordinates":[-121.57986,42.36049]}},{"type":"Feature","properties":{"acq_date":"2026-08-11","acq_time":1000,"confidence":"n","satellite":"N","instrument":"VIIRS","version":"2.0NRT","bright_ti4":301.67,"frp":2.96,"daynight":"N"},"geometry":{"type":"Point","coordinates":[-121.55325,42.36077]}},{"type":"Feature","properties":{"acq_date":"2026-08-11","acq_time":1000,"confidence":"n","satellite":"N","instrument":"VIIRS","version":"2.0NRT","bright_ti4":316.67,"frp":2,"daynight":"N"},"geometry":{"type":"Point","coordinates":[-121.59035,42.3618]}},{"type":"Feature","properties":{"acq_date":"2026-08-11","acq_time":1000,"confidence":"n","satellite":"N","instrument":"VIIRS","version":"2.0NRT","bright_ti4":301.85,"frp":1.11,"daynight":"N"},"geometry":{"type":"Point","coordinates":[-121.56364,42.36208]}},{"type":"Feature","properties":{"acq_date":"2026-08-11","acq_time":1000,"confidence":"n","satellite":"N","instrument":"VIIRS","version":"2.0NRT","bright_ti4":301.27,"frp":1.29,"daynight":"N"},"geometry":{"type":"Point","coordinates":[-121.56883,42.36273]}},{"type":"Feature","properties":{"acq_date":"2026-08-11","acq_time":1000,"confidence":"n","satellite":"N","instrument":"VIIRS","version":"2.0NRT","bright_ti4":312.16,"frp":1.29,"daynight":"N"},"geometry":{"type":"Point","coordinates":[-121.57398,42.36338]}},{"type":"Feature","properties":{"acq_date":"2026-08-11","acq_time":1000,"confidence":"n","satellite":"N","instrument":"VIIRS","version":"2.0NRT","bright_ti4":316.34,"frp":2,"daynight":"N"},"geometry":{"type":"Point","coordinates":[-121.58962,42.36533]}},{"type":"Feature","properties":{"acq_date":"2026-08-11","acq_time":1000,"confidence":"n","satellite":"N","instrument":"VIIRS","version":"2.0NRT","bright_ti4":303.62,"frp":0.93,"daynight":"N"},"geometry":{"type":"Point","coordinates":[-121.53597,42.36584]}},{"type":"Feature","properties":{"acq_date":"2026-08-11","acq_time":1000,"confidence":"n","satellite":"N","instrument":"VIIRS","version":"2.0NRT","bright_ti4":319.46,"frp":2,"daynight":"N"},"geometry":{"type":"Point","coordinates":[-121.59486,42.36599]}},{"type":"Feature","properties":{"acq_date":"2026-08-11","acq_time":1000,"confidence":"n","satellite":"N","instrument":"VIIRS","version":"2.0NRT","bright_ti4":304.53,"frp":0.93,"daynight":"N"},"geometry":{"type":"Point","coordinates":[-121.54126,42.3665]}},{"type":"Feature","properties":{"acq_date":"2026-08-11","acq_time":1000,"confidence":"n","satellite":"N","instrument":"VIIRS","version":"2.0NRT","bright_ti4":302.86,"frp":1.97,"daynight":"N"},"geometry":{"type":"Point","coordinates":[-121.54655,42.36717]}},{"type":"Feature","properties":{"acq_date":"2026-08-11","acq_time":1000,"confidence":"n","satellite":"N","instrument":"VIIRS","version":"2.0NRT","bright_ti4":306.08,"frp":1.28,"daynight":"N"},"geometry":{"type":"Point","coordinates":[-121.51909,42.36733]}},{"type":"Feature","properties":{"acq_date":"2026-08-11","acq_time":1000,"confidence":"n","satellite":"N","instrument":"VIIRS","version":"2.0NRT","bright_ti4":301.46,"frp":1.82,"daynight":"N"},"geometry":{"type":"Point","coordinates":[-121.57848,42.36756]}},{"type":"Feature","properties":{"acq_date":"2026-08-11","acq_time":1000,"confidence":"n","satellite":"N","instrument":"VIIRS","version":"2.0NRT","bright_ti4":300.68,"frp":0.71,"daynight":"N"},"geometry":{"type":"Point","coordinates":[-121.52979,42.36868]}},{"type":"Feature","properties":{"acq_date":"2026-08-11","acq_time":1000,"confidence":"n","satellite":"N","instrument":"VIIRS","version":"2.0NRT","bright_ti4":300.35,"frp":2.38,"daynight":"N"},"geometry":{"type":"Point","coordinates":[-121.53513,42.36935]}},{"type":"Feature","properties":{"acq_date":"2026-08-11","acq_time":1000,"confidence":"n","satellite":"N","instrument":"VIIRS","version":"2.0NRT","bright_ti4":347.96,"frp":4.82,"daynight":"N"},"geometry":{"type":"Point","coordinates":[-121.59412,42.36951]}},{"type":"Feature","properties":{"acq_date":"2026-08-11","acq_time":1000,"confidence":"n","satellite":"N","instrument":"VIIRS","version":"2.0NRT","bright_ti4":329.53,"frp":2.38,"daynight":"N"},"geometry":{"type":"Point","coordinates":[-121.54043,42.37002]}},{"type":"Feature","properties":{"acq_date":"2026-08-11","acq_time":1000,"confidence":"n","satellite":"N","instrument":"VIIRS","version":"2.0NRT","bright_ti4":304.33,"frp":3.02,"daynight":"N"},"geometry":{"type":"Point","coordinates":[-121.59929,42.37016]}},{"type":"Feature","properties":{"acq_date":"2026-08-11","acq_time":1000,"confidence":"n","satellite":"N","instrument":"VIIRS","version":"2.0NRT","bright_ti4":348.75,"frp":5.95,"daynight":"N"},"geometry":{"type":"Point","coordinates":[-121.54575,42.37068]}},{"type":"Feature","properties":{"acq_date":"2026-08-11","acq_time":1000,"confidence":"n","satellite":"N","instrument":"VIIRS","version":"2.0NRT","bright_ti4":322.82,"frp":3.02,"daynight":"N"},"geometry":{"type":"Point","coordinates":[-121.60448,42.37081]}},{"type":"Feature","properties":{"acq_date":"2026-08-11","acq_time":1000,"confidence":"n","satellite":"N","instrument":"VIIRS","version":"2.0NRT","bright_ti4":342.75,"frp":5.95,"daynight":"N"},"geometry":{"type":"Point","coordinates":[-121.55103,42.37135]}},{"type":"Feature","properties":{"acq_date":"2026-08-11","acq_time":1000,"confidence":"n","satellite":"N","instrument":"VIIRS","version":"2.0NRT","bright_ti4":319.74,"frp":4.82,"daynight":"N"},"geometry":{"type":"Point","coordinates":[-121.59339,42.37305]}},{"type":"Feature","properties":{"acq_date":"2026-08-11","acq_time":1000,"confidence":"n","satellite":"N","instrument":"VIIRS","version":"2.0NRT","bright_ti4":332.52,"frp":3.02,"daynight":"N"},"geometry":{"type":"Point","coordinates":[-121.59856,42.37369]}},{"type":"Feature","properties":{"acq_date":"2026-08-11","acq_time":1000,"confidence":"n","satellite":"N","instrument":"VIIRS","version":"2.0NRT","bright_ti4":323.33,"frp":3.02,"daynight":"N"},"geometry":{"type":"Point","coordinates":[-121.60374,42.37434]}},{"type":"Feature","properties":{"acq_date":"2026-08-11","acq_time":1000,"confidence":"n","satellite":"N","instrument":"VIIRS","version":"2.0NRT","bright_ti4":303.14,"frp":5.95,"daynight":"N"},"geometry":{"type":"Point","coordinates":[-121.55022,42.37487]}},{"type":"Feature","properties":{"acq_date":"2026-08-11","acq_time":1000,"confidence":"n","satellite":"N","instrument":"VIIRS","version":"2.0NRT","bright_ti4":299.03,"frp":1.9,"daynight":"N"},"geometry":{"type":"Point","coordinates":[-121.56078,42.37619]}},{"type":"Feature","properties":{"acq_date":"2026-08-11","acq_time":1000,"confidence":"n","satellite":"N","instrument":"VIIRS","version":"2.0NRT","bright_ti4":311.2,"frp":2,"daynight":"N"},"geometry":{"type":"Point","coordinates":[-121.59783,42.37722]}},{"type":"Feature","properties":{"acq_date":"2026-08-11","acq_time":1000,"confidence":"n","satellite":"N","instrument":"VIIRS","version":"2.0NRT","bright_ti4":300.95,"frp":1,"daynight":"N"},"geometry":{"type":"Point","coordinates":[-121.61339,42.37917]}},{"type":"Feature","properties":{"acq_date":"2026-08-11","acq_time":1000,"confidence":"n","satellite":"N","instrument":"VIIRS","version":"2.0NRT","bright_ti4":339.64,"frp":5.39,"daynight":"N"},"geometry":{"type":"Point","coordinates":[-121.49266,42.38206]}},{"type":"Feature","properties":{"acq_date":"2026-08-11","acq_time":1000,"confidence":"n","satellite":"N","instrument":"VIIRS","version":"2.0NRT","bright_ti4":300.41,"frp":1,"daynight":"N"},"geometry":{"type":"Point","coordinates":[-121.61269,42.38271]}},{"type":"Feature","properties":{"acq_date":"2026-08-11","acq_time":1000,"confidence":"n","satellite":"N","instrument":"VIIRS","version":"2.0NRT","bright_ti4":298.63,"frp":0.82,"daynight":"N"},"geometry":{"type":"Point","coordinates":[-121.49715,42.38624]}},{"type":"Feature","properties":{"acq_date":"2026-08-11","acq_time":1000,"confidence":"n","satellite":"N","instrument":"VIIRS","version":"2.0NRT","bright_ti4":314.29,"frp":3.02,"daynight":"N"},"geometry":{"type":"Point","coordinates":[-121.61722,42.3869]}},{"type":"Feature","properties":{"acq_date":"2026-08-11","acq_time":1000,"confidence":"n","satellite":"N","instrument":"VIIRS","version":"2.0NRT","bright_ti4":309.03,"frp":0.82,"daynight":"N"},"geometry":{"type":"Point","coordinates":[-121.49621,42.38974]}},{"type":"Feature","properties":{"acq_date":"2026-08-11","acq_time":1000,"confidence":"n","satellite":"N","instrument":"VIIRS","version":"2.0NRT","bright_ti4":305.84,"frp":0.82,"daynight":"N"},"geometry":{"type":"Point","coordinates":[-121.61133,42.38978]}},{"type":"Feature","properties":{"acq_date":"2026-08-11","acq_time":1000,"confidence":"n","satellite":"N","instrument":"VIIRS","version":"2.0NRT","bright_ti4":301.73,"frp":0.82,"daynight":"N"},"geometry":{"type":"Point","coordinates":[-121.50166,42.39043]}},{"type":"Feature","properties":{"acq_date":"2026-08-11","acq_time":1000,"confidence":"n","satellite":"N","instrument":"VIIRS","version":"2.0NRT","bright_ti4":318.8,"frp":3.02,"daynight":"N"},"geometry":{"type":"Point","coordinates":[-121.61656,42.39044]}},{"type":"Feature","properties":{"acq_date":"2026-08-11","acq_time":1000,"confidence":"n","satellite":"N","instrument":"VIIRS","version":"2.0NRT","bright_ti4":331.77,"frp":3.02,"daynight":"N"},"geometry":{"type":"Point","coordinates":[-121.62179,42.39109]}},{"type":"Feature","properties":{"acq_date":"2026-08-11","acq_time":1000,"confidence":"n","satellite":"N","instrument":"VIIRS","version":"2.0NRT","bright_ti4":299.16,"frp":0.72,"daynight":"N"},"geometry":{"type":"Point","coordinates":[-121.59502,42.39136]}},{"type":"Feature","properties":{"acq_date":"2026-08-11","acq_time":1000,"confidence":"n","satellite":"N","instrument":"VIIRS","version":"2.0NRT","bright_ti4":307.3,"frp":0.58,"daynight":"N"},"geometry":{"type":"Point","coordinates":[-121.62704,42.39175]}},{"type":"Feature","properties":{"acq_date":"2026-08-11","acq_time":1000,"confidence":"n","satellite":"N","instrument":"VIIRS","version":"2.0NRT","bright_ti4":298.18,"frp":0.58,"daynight":"N"},"geometry":{"type":"Point","coordinates":[-121.63223,42.3924]}},{"type":"Feature","properties":{"acq_date":"2026-08-11","acq_time":1000,"confidence":"n","satellite":"N","instrument":"VIIRS","version":"2.0NRT","bright_ti4":300.51,"frp":0.68,"daynight":"N"},"geometry":{"type":"Point","coordinates":[-121.49534,42.39323]}},{"type":"Feature","properties":{"acq_date":"2026-08-11","acq_time":1000,"confidence":"n","satellite":"N","instrument":"VIIRS","version":"2.0NRT","bright_ti4":306.21,"frp":0.68,"daynight":"N"},"geometry":{"type":"Point","coordinates":[-121.50068,42.39391]}},{"type":"Feature","properties":{"acq_date":"2026-08-11","acq_time":1000,"confidence":"n","satellite":"N","instrument":"VIIRS","version":"2.0NRT","bright_ti4":318.46,"frp":1.78,"daynight":"N"},"geometry":{"type":"Point","coordinates":[-121.61589,42.39398]}},{"type":"Feature","properties":{"acq_date":"2026-08-11","acq_time":1000,"confidence":"n","satellite":"N","instrument":"VIIRS","version":"2.0NRT","bright_ti4":299.85,"frp":1.78,"daynight":"N"},"geometry":{"type":"Point","coordinates":[-121.62113,42.39463]}},{"type":"Feature","properties":{"acq_date":"2026-08-11","acq_time":1000,"confidence":"n","satellite":"N","instrument":"VIIRS","version":"2.0NRT","bright_ti4":304.49,"frp":1.37,"daynight":"N"},"geometry":{"type":"Point","coordinates":[-121.62637,42.39529]}},{"type":"Feature","properties":{"acq_date":"2026-08-11","acq_time":1000,"confidence":"n","satellite":"N","instrument":"VIIRS","version":"2.0NRT","bright_ti4":305.79,"frp":1.37,"daynight":"N"},"geometry":{"type":"Point","coordinates":[-121.63157,42.39594]}},{"type":"Feature","properties":{"acq_date":"2026-08-11","acq_time":1000,"confidence":"n","satellite":"N","instrument":"VIIRS","version":"2.0NRT","bright_ti4":297.75,"frp":1.93,"daynight":"N"},"geometry":{"type":"Point","coordinates":[-121.63671,42.39659]}},{"type":"Feature","properties":{"acq_date":"2026-08-11","acq_time":1000,"confidence":"n","satellite":"N","instrument":"VIIRS","version":"2.0NRT","bright_ti4":303.86,"frp":0.68,"daynight":"N"},"geometry":{"type":"Point","coordinates":[-121.49982,42.39742]}},{"type":"Feature","properties":{"acq_date":"2026-08-11","acq_time":1000,"confidence":"n","satellite":"N","instrument":"VIIRS","version":"2.0NRT","bright_ti4":296.77,"frp":0.45,"daynight":"N"},"geometry":{"type":"Point","coordinates":[-116.768,42.39989]}},{"type":"Feature","properties":{"acq_date":"2026-08-11","acq_time":1000,"confidence":"n","satellite":"N","instrument":"VIIRS","version":"2.0NRT","bright_ti4":299.24,"frp":0.45,"daynight":"N"},"geometry":{"type":"Point","coordinates":[-116.77271,42.40069]}},{"type":"Feature","properties":{"acq_date":"2026-08-11","acq_time":1000,"confidence":"n","satellite":"N","instrument":"VIIRS","version":"2.0NRT","bright_ti4":321.61,"frp":1.93,"daynight":"N"},"geometry":{"type":"Point","coordinates":[-121.64104,42.40076]}},{"type":"Feature","properties":{"acq_date":"2026-08-11","acq_time":1000,"confidence":"n","satellite":"N","instrument":"VIIRS","version":"2.0NRT","bright_ti4":316.2,"frp":1.97,"daynight":"N"},"geometry":{"type":"Point","coordinates":[-121.646,42.40138]}},{"type":"Feature","properties":{"acq_date":"2026-08-11","acq_time":1000,"confidence":"n","satellite":"N","instrument":"VIIRS","version":"2.0NRT","bright_ti4":311.46,"frp":1.71,"daynight":"N"},"geometry":{"type":"Point","coordinates":[-121.64036,42.4043]}},{"type":"Feature","properties":{"acq_date":"2026-08-11","acq_time":1000,"confidence":"n","satellite":"N","instrument":"VIIRS","version":"2.0NRT","bright_ti4":318.03,"frp":1.52,"daynight":"N"},"geometry":{"type":"Point","coordinates":[-121.64532,42.40493]}},{"type":"Feature","properties":{"acq_date":"2026-08-11","acq_time":1000,"confidence":"n","satellite":"N","instrument":"VIIRS","version":"2.0NRT","bright_ti4":305.65,"frp":1.52,"daynight":"N"},"geometry":{"type":"Point","coordinates":[-121.64477,42.40849]}},{"type":"Feature","properties":{"acq_date":"2026-08-11","acq_time":1000,"confidence":"n","satellite":"N","instrument":"VIIRS","version":"2.0NRT","bright_ti4":306.33,"frp":1.52,"daynight":"N"},"geometry":{"type":"Point","coordinates":[-121.64974,42.40911]}},{"type":"Feature","properties":{"acq_date":"2026-08-11","acq_time":1000,"confidence":"n","satellite":"N","instrument":"VIIRS","version":"2.0NRT","bright_ti4":329.94,"frp":8.82,"daynight":"N"},"geometry":{"type":"Point","coordinates":[-121.5136,42.41001]}},{"type":"Feature","properties":{"acq_date":"2026-08-11","acq_time":1000,"confidence":"n","satellite":"N","instrument":"VIIRS","version":"2.0NRT","bright_ti4":298.69,"frp":8.82,"daynight":"N"},"geometry":{"type":"Point","coordinates":[-121.51891,42.41068]}},{"type":"Feature","properties":{"acq_date":"2026-08-11","acq_time":1000,"confidence":"n","satellite":"N","instrument":"VIIRS","version":"2.0NRT","bright_ti4":299.53,"frp":1.47,"daynight":"N"},"geometry":{"type":"Point","coordinates":[-121.64918,42.41266]}},{"type":"Feature","properties":{"acq_date":"2026-08-11","acq_time":1000,"confidence":"n","satellite":"N","instrument":"VIIRS","version":"2.0NRT","bright_ti4":314.6,"frp":1.96,"daynight":"N"},"geometry":{"type":"Point","coordinates":[-121.65412,42.41328]}},{"type":"Feature","properties":{"acq_date":"2026-08-11","acq_time":1000,"confidence":"n","satellite":"N","instrument":"VIIRS","version":"2.0NRT","bright_ti4":321.66,"frp":8.82,"daynight":"N"},"geometry":{"type":"Point","coordinates":[-121.51297,42.41354]}},{"type":"Feature","properties":{"acq_date":"2026-08-11","acq_time":1000,"confidence":"n","satellite":"N","instrument":"VIIRS","version":"2.0NRT","bright_ti4":351.84,"frp":8.82,"daynight":"N"},"geometry":{"type":"Point","coordinates":[-121.51829,42.41422]}},{"type":"Feature","properties":{"acq_date":"2026-08-11","acq_time":1000,"confidence":"n","satellite":"N","instrument":"VIIRS","version":"2.0NRT","bright_ti4":326.31,"frp":6.96,"daynight":"N"},"geometry":{"type":"Point","coordinates":[-121.52371,42.41491]}},{"type":"Feature","properties":{"acq_date":"2026-08-11","acq_time":1000,"confidence":"n","satellite":"N","instrument":"VIIRS","version":"2.0NRT","bright_ti4":306.03,"frp":1.09,"daynight":"N"},"geometry":{"type":"Point","coordinates":[-121.68044,42.41658]}},{"type":"Feature","properties":{"acq_date":"2026-08-11","acq_time":1000,"confidence":"n","satellite":"N","instrument":"VIIRS","version":"2.0NRT","bright_ti4":317.14,"frp":1.96,"daynight":"N"},"geometry":{"type":"Point","coordinates":[-121.6537,42.41686]}},{"type":"Feature","properties":{"acq_date":"2026-08-11","acq_time":1000,"confidence":"n","satellite":"N","instrument":"VIIRS","version":"2.0NRT","bright_ti4":311.7,"frp":1.29,"daynight":"N"},"geometry":{"type":"Point","coordinates":[-121.68574,42.41725]}},{"type":"Feature","properties":{"acq_date":"2026-08-11","acq_time":1000,"confidence":"n","satellite":"N","instrument":"VIIRS","version":"2.0NRT","bright_ti4":314.26,"frp":1.96,"daynight":"N"},"geometry":{"type":"Point","coordinates":[-121.65877,42.4175]}},{"type":"Feature","properties":{"acq_date":"2026-08-11","acq_time":1000,"confidence":"n","satellite":"N","instrument":"VIIRS","version":"2.0NRT","bright_ti4":336.76,"frp":16.58,"daynight":"N"},"geometry":{"type":"Point","coordinates":[-121.51763,42.41775]}},{"type":"Feature","properties":{"acq_date":"2026-08-11","acq_time":1000,"confidence":"h","satellite":"N","instrument":"VIIRS","version":"2.0NRT","bright_ti4":367,"frp":24.23,"daynight":"N"},"geometry":{"type":"Point","coordinates":[-121.52306,42.41844]}},{"type":"Feature","properties":{"acq_date":"2026-08-11","acq_time":1000,"confidence":"n","satellite":"N","instrument":"VIIRS","version":"2.0NRT","bright_ti4":345.42,"frp":6.02,"daynight":"N"},"geometry":{"type":"Point","coordinates":[-121.69669,42.41862]}},{"type":"Feature","properties":{"acq_date":"2026-08-11","acq_time":1000,"confidence":"n","satellite":"N","instrument":"VIIRS","version":"2.0NRT","bright_ti4":337.65,"frp":24.23,"daynight":"N"},"geometry":{"type":"Point","coordinates":[-121.52853,42.41914]}},{"type":"Feature","properties":{"acq_date":"2026-08-11","acq_time":1000,"confidence":"n","satellite":"N","instrument":"VIIRS","version":"2.0NRT","bright_ti4":308.03,"frp":6.02,"daynight":"N"},"geometry":{"type":"Point","coordinates":[-121.70244,42.41934]}},{"type":"Feature","properties":{"acq_date":"2026-08-11","acq_time":1000,"confidence":"n","satellite":"N","instrument":"VIIRS","version":"2.0NRT","bright_ti4":303.05,"frp":1.09,"daynight":"N"},"geometry":{"type":"Point","coordinates":[-121.67982,42.42014]}},{"type":"Feature","properties":{"acq_date":"2026-08-11","acq_time":1000,"confidence":"n","satellite":"N","instrument":"VIIRS","version":"2.0NRT","bright_ti4":310.09,"frp":1.29,"daynight":"N"},"geometry":{"type":"Point","coordinates":[-121.68503,42.42079]}},{"type":"Feature","properties":{"acq_date":"2026-08-11","acq_time":1000,"confidence":"n","satellite":"N","instrument":"VIIRS","version":"2.0NRT","bright_ti4":330.23,"frp":4.81,"daynight":"N"},"geometry":{"type":"Point","coordinates":[-121.65837,42.42108]}},{"type":"Feature","properties":{"acq_date":"2026-08-11","acq_time":1000,"confidence":"n","satellite":"N","instrument":"VIIRS","version":"2.0NRT","bright_ti4":325.78,"frp":16.58,"daynight":"N"},"geometry":{"type":"Point","coordinates":[-121.51698,42.42129]}},{"type":"Feature","properties":{"acq_date":"2026-08-11","acq_time":1000,"confidence":"n","satellite":"N","instrument":"VIIRS","version":"2.0NRT","bright_ti4":296.13,"frp":1.29,"daynight":"N"},"geometry":{"type":"Point","coordinates":[-121.69028,42.42145]}},{"type":"Feature","properties":{"acq_date":"2026-08-11","acq_time":1000,"confidence":"n","satellite":"N","instrument":"VIIRS","version":"2.0NRT","bright_ti4":325.91,"frp":2.29,"daynight":"N"},"geometry":{"type":"Point","coordinates":[-121.66357,42.42173]}},{"type":"Feature","properties":{"acq_date":"2026-08-11","acq_time":1000,"confidence":"n","satellite":"N","instrument":"VIIRS","version":"2.0NRT","bright_ti4":350.39,"frp":24.23,"daynight":"N"},"geometry":{"type":"Point","coordinates":[-121.52237,42.42198]}},{"type":"Feature","properties":{"acq_date":"2026-08-11","acq_time":1000,"confidence":"n","satellite":"N","instrument":"VIIRS","version":"2.0NRT","bright_ti4":300.55,"frp":24.23,"daynight":"N"},"geometry":{"type":"Point","coordinates":[-121.52785,42.42267]}},{"type":"Feature","properties":{"acq_date":"2026-08-11","acq_time":1000,"confidence":"n","satellite":"N","instrument":"VIIRS","version":"2.0NRT","bright_ti4":307.49,"frp":1.06,"daynight":"N"},"geometry":{"type":"Point","coordinates":[-121.68445,42.42435]}},{"type":"Feature","properties":{"acq_date":"2026-08-11","acq_time":1000,"confidence":"n","satellite":"N","instrument":"VIIRS","version":"2.0NRT","bright_ti4":313.23,"frp":2.29,"daynight":"N"},"geometry":{"type":"Point","coordinates":[-121.66317,42.42531]}},{"type":"Feature","properties":{"acq_date":"2026-08-11","acq_time":1000,"confidence":"n","satellite":"N","instrument":"VIIRS","version":"2.0NRT","bright_ti4":311.66,"frp":2.29,"daynight":"N"},"geometry":{"type":"Point","coordinates":[-121.66836,42.42596]}},{"type":"Feature","properties":{"acq_date":"2026-08-11","acq_time":1000,"confidence":"n","satellite":"N","instrument":"VIIRS","version":"2.0NRT","bright_ti4":298.77,"frp":1.45,"daynight":"N"},"geometry":{"type":"Point","coordinates":[-121.67874,42.42727]}},{"type":"Feature","properties":{"acq_date":"2026-08-11","acq_time":1000,"confidence":"n","satellite":"N","instrument":"VIIRS","version":"2.0NRT","bright_ti4":305.33,"frp":0.87,"daynight":"N"},"geometry":{"type":"Point","coordinates":[-116.87238,42.42788]}},{"type":"Feature","properties":{"acq_date":"2026-08-11","acq_time":1000,"confidence":"n","satellite":"N","instrument":"VIIRS","version":"2.0NRT","bright_ti4":304.65,"frp":1.06,"daynight":"N"},"geometry":{"type":"Point","coordinates":[-121.68392,42.42792]}},{"type":"Feature","properties":{"acq_date":"2026-08-11","acq_time":1000,"confidence":"n","satellite":"N","instrument":"VIIRS","version":"2.0NRT","bright_ti4":298.33,"frp":1.06,"daynight":"N"},"geometry":{"type":"Point","coordinates":[-121.68909,42.42857]}},{"type":"Feature","properties":{"acq_date":"2026-08-11","acq_time":1000,"confidence":"n","satellite":"N","instrument":"VIIRS","version":"2.0NRT","bright_ti4":305.73,"frp":0.84,"daynight":"N"},"geometry":{"type":"Point","coordinates":[-116.87704,42.42866]}},{"type":"Feature","properties":{"acq_date":"2026-08-11","acq_time":1000,"confidence":"n","satellite":"N","instrument":"VIIRS","version":"2.0NRT","bright_ti4":299.98,"frp":1.63,"daynight":"N"},"geometry":{"type":"Point","coordinates":[-121.66273,42.42889]}},{"type":"Feature","properties":{"acq_date":"2026-08-11","acq_time":1000,"confidence":"n","satellite":"N","instrument":"VIIRS","version":"2.0NRT","bright_ti4":306.95,"frp":0.84,"daynight":"N"},"geometry":{"type":"Point","coordinates":[-116.88168,42.42945]}},{"type":"Feature","properties":{"acq_date":"2026-08-11","acq_time":1000,"confidence":"n","satellite":"N","instrument":"VIIRS","version":"2.0NRT","bright_ti4":315.04,"frp":1.63,"daynight":"N"},"geometry":{"type":"Point","coordinates":[-121.66787,42.42953]}},{"type":"Feature","properties":{"acq_date":"2026-08-11","acq_time":1000,"confidence":"n","satellite":"N","instrument":"VIIRS","version":"2.0NRT","bright_ti4":299.01,"frp":1.27,"daynight":"N"},"geometry":{"type":"Point","coordinates":[-121.673,42.43018]}},{"type":"Feature","properties":{"acq_date":"2026-08-11","acq_time":1000,"confidence":"n","satellite":"N","instrument":"VIIRS","version":"2.0NRT","bright_ti4":317.95,"frp":1.36,"daynight":"N"},"geometry":{"type":"Point","coordinates":[-116.86672,42.43037]}},{"type":"Feature","properties":{"acq_date":"2026-08-11","acq_time":1000,"confidence":"n","satellite":"N","instrument":"VIIRS","version":"2.0NRT","bright_ti4":320.27,"frp":1.27,"daynight":"N"},"geometry":{"type":"Point","coordinates":[-121.67818,42.43083]}},{"type":"Feature","properties":{"acq_date":"2026-08-11","acq_time":1000,"confidence":"n","satellite":"N","instrument":"VIIRS","version":"2.0NRT","bright_ti4":318.9,"frp":1.36,"daynight":"N"},"geometry":{"type":"Point","coordinates":[-116.87139,42.43116]}},{"type":"Feature","properties":{"acq_date":"2026-08-11","acq_time":1000,"confidence":"n","satellite":"N","instrument":"VIIRS","version":"2.0NRT","bright_ti4":314.49,"frp":1.44,"daynight":"N"},"geometry":{"type":"Point","coordinates":[-116.95399,42.43123]}},{"type":"Feature","properties":{"acq_date":"2026-08-11","acq_time":1000,"confidence":"n","satellite":"N","instrument":"VIIRS","version":"2.0NRT","bright_ti4":313.81,"frp":1.42,"daynight":"N"},"geometry":{"type":"Point","coordinates":[-121.68334,42.43148]}},{"type":"Feature","properties":{"acq_date":"2026-08-11","acq_time":1000,"confidence":"n","satellite":"N","instrument":"VIIRS","version":"2.0NRT","bright_ti4":306.54,"frp":0.67,"daynight":"N"},"geometry":{"type":"Point","coordinates":[-116.87605,42.43194]}},{"type":"Feature","properties":{"acq_date":"2026-08-11","acq_time":1000,"confidence":"n","satellite":"N","instrument":"VIIRS","version":"2.0NRT","bright_ti4":299.53,"frp":1.42,"daynight":"N"},"geometry":{"type":"Point","coordinates":[-121.68851,42.43213]}},{"type":"Feature","properties":{"acq_date":"2026-08-11","acq_time":1000,"confidence":"n","satellite":"N","instrument":"VIIRS","version":"2.0NRT","bright_ti4":300.63,"frp":0.67,"daynight":"N"},"geometry":{"type":"Point","coordinates":[-116.8807,42.43272]}},{"type":"Feature","properties":{"acq_date":"2026-08-11","acq_time":1000,"confidence":"n","satellite":"N","instrument":"VIIRS","version":"2.0NRT","bright_ti4":302.42,"frp":1.19,"daynight":"N"},"geometry":{"type":"Point","coordinates":[-116.86107,42.43287]}},{"type":"Feature","properties":{"acq_date":"2026-08-11","acq_time":1000,"confidence":"n","satellite":"N","instrument":"VIIRS","version":"2.0NRT","bright_ti4":309.04,"frp":1.36,"daynight":"N"},"geometry":{"type":"Point","coordinates":[-116.86574,42.43365]}},{"type":"Feature","properties":{"acq_date":"2026-08-11","acq_time":1000,"confidence":"n","satellite":"N","instrument":"VIIRS","version":"2.0NRT","bright_ti4":301.5,"frp":1.27,"daynight":"N"},"geometry":{"type":"Point","coordinates":[-121.67755,42.43439]}},{"type":"Feature","properties":{"acq_date":"2026-08-11","acq_time":1000,"confidence":"n","satellite":"N","instrument":"VIIRS","version":"2.0NRT","bright_ti4":305.27,"frp":1.36,"daynight":"N"},"geometry":{"type":"Point","coordinates":[-116.87041,42.43444]}},{"type":"Feature","properties":{"acq_date":"2026-08-11","acq_time":1000,"confidence":"n","satellite":"N","instrument":"VIIRS","version":"2.0NRT","bright_ti4":307.85,"frp":1.05,"daynight":"N"},"geometry":{"type":"Point","coordinates":[-116.85074,42.43457]}},{"type":"Feature","properties":{"acq_date":"2026-08-11","acq_time":1000,"confidence":"n","satellite":"N","instrument":"VIIRS","version":"2.0NRT","bright_ti4":313.73,"frp":1.42,"daynight":"N"},"geometry":{"type":"Point","coordinates":[-121.68273,42.43504]}},{"type":"Feature","properties":{"acq_date":"2026-08-11","acq_time":1000,"confidence":"n","satellite":"N","instrument":"VIIRS","version":"2.0NRT","bright_ti4":309.49,"frp":1.04,"daynight":"N"},"geometry":{"type":"Point","coordinates":[-116.8554,42.43536]}},{"type":"Feature","properties":{"acq_date":"2026-08-11","acq_time":1000,"confidence":"n","satellite":"N","instrument":"VIIRS","version":"2.0NRT","bright_ti4":308.5,"frp":1.42,"daynight":"N"},"geometry":{"type":"Point","coordinates":[-121.6879,42.43569]}},{"type":"Feature","properties":{"acq_date":"2026-08-11","acq_time":1000,"confidence":"n","satellite":"N","instrument":"VIIRS","version":"2.0NRT","bright_ti4":300.15,"frp":0.67,"daynight":"N"},"geometry":{"type":"Point","coordinates":[-116.87971,42.436]}},{"type":"Feature","properties":{"acq_date":"2026-08-11","acq_time":1000,"confidence":"n","satellite":"N","instrument":"VIIRS","version":"2.0NRT","bright_ti4":306.89,"frp":1.04,"daynight":"N"},"geometry":{"type":"Point","coordinates":[-116.86008,42.43615]}},{"type":"Feature","properties":{"acq_date":"2026-08-11","acq_time":1000,"confidence":"n","satellite":"N","instrument":"VIIRS","version":"2.0NRT","bright_ti4":312.69,"frp":2.67,"daynight":"N"},"geometry":{"type":"Point","coordinates":[-121.6931,42.43634]}},{"type":"Feature","properties":{"acq_date":"2026-08-11","acq_time":1000,"confidence":"n","satellite":"N","instrument":"VIIRS","version":"2.0NRT","bright_ti4":299.03,"frp":0.66,"daynight":"N"},"geometry":{"type":"Point","coordinates":[-116.86474,42.43694]}},{"type":"Feature","properties":{"acq_date":"2026-08-11","acq_time":1000,"confidence":"n","satellite":"N","instrument":"VIIRS","version":"2.0NRT","bright_ti4":302.4,"frp":0.66,"daynight":"N"},"geometry":{"type":"Point","coordinates":[-116.86943,42.43772]}},{"type":"Feature","properties":{"acq_date":"2026-08-11","acq_time":1000,"confidence":"n","satellite":"N","instrument":"VIIRS","version":"2.0NRT","bright_ti4":298.31,"frp":0.96,"daynight":"N"},"geometry":{"type":"Point","coordinates":[-116.87407,42.4385]}},{"type":"Feature","properties":{"acq_date":"2026-08-11","acq_time":1000,"confidence":"n","satellite":"N","instrument":"VIIRS","version":"2.0NRT","bright_ti4":322.64,"frp":1.65,"daynight":"N"},"geometry":{"type":"Point","coordinates":[-116.89822,42.43911]}},{"type":"Feature","properties":{"acq_date":"2026-08-11","acq_time":1000,"confidence":"n","satellite":"N","instrument":"VIIRS","version":"2.0NRT","bright_ti4":301.59,"frp":1.04,"daynight":"N"},"geometry":{"type":"Point","coordinates":[-116.85909,42.43943]}},{"type":"Feature","properties":{"acq_date":"2026-08-11","acq_time":1000,"confidence":"n","satellite":"N","instrument":"VIIRS","version":"2.0NRT","bright_ti4":307.47,"frp":2.03,"daynight":"N"},"geometry":{"type":"Point","coordinates":[-116.90282,42.43988]}},{"type":"Feature","properties":{"acq_date":"2026-08-11","acq_time":1000,"confidence":"n","satellite":"N","instrument":"VIIRS","version":"2.0NRT","bright_ti4":311.43,"frp":2.54,"daynight":"N"},"geometry":{"type":"Point","coordinates":[-121.69248,42.4399]}},{"type":"Feature","properties":{"acq_date":"2026-08-11","acq_time":1000,"confidence":"n","satellite":"N","instrument":"VIIRS","version":"2.0NRT","bright_ti4":300.32,"frp":0.66,"daynight":"N"},"geometry":{"type":"Point","coordinates":[-116.86375,42.44021]}},{"type":"Feature","properties":{"acq_date":"2026-08-11","acq_time":1000,"confidence":"n","satellite":"N","instrument":"VIIRS","version":"2.0NRT","bright_ti4":303.74,"frp":0.66,"daynight":"N"},"geometry":{"type":"Point","coordinates":[-116.86842,42.44099]}},{"type":"Feature","properties":{"acq_date":"2026-08-11","acq_time":1000,"confidence":"n","satellite":"N","instrument":"VIIRS","version":"2.0NRT","bright_ti4":298.55,"frp":0.59,"daynight":"N"},"geometry":{"type":"Point","coordinates":[-116.89259,42.44161]}},{"type":"Feature","properties":{"acq_date":"2026-08-11","acq_time":1000,"confidence":"n","satellite":"N","instrument":"VIIRS","version":"2.0NRT","bright_ti4":304.7,"frp":0.88,"daynight":"N"},"geometry":{"type":"Point","coordinates":[-116.9018,42.44316]}},{"type":"Feature","properties":{"acq_date":"2026-08-11","acq_time":1000,"confidence":"n","satellite":"N","instrument":"VIIRS","version":"2.0NRT","bright_ti4":304,"frp":0.59,"daynight":"N"},"geometry":{"type":"Point","coordinates":[-116.89157,42.44489]}},{"type":"Feature","properties":{"acq_date":"2026-08-11","acq_time":1000,"confidence":"n","satellite":"N","instrument":"VIIRS","version":"2.0NRT","bright_ti4":296.83,"frp":0.63,"daynight":"N"},"geometry":{"type":"Point","coordinates":[-121.59362,42.46641]}},{"type":"Feature","properties":{"acq_date":"2026-08-11","acq_time":1000,"confidence":"n","satellite":"N","instrument":"VIIRS","version":"2.0NRT","bright_ti4":296.19,"frp":0.82,"daynight":"N"},"geometry":{"type":"Point","coordinates":[-121.71135,42.50645]}},{"type":"Feature","properties":{"acq_date":"2026-08-11","acq_time":1000,"confidence":"n","satellite":"N","instrument":"VIIRS","version":"2.0NRT","bright_ti4":304.7,"frp":1.85,"daynight":"N"},"geometry":{"type":"Point","coordinates":[-121.71707,42.50715]}},{"type":"Feature","properties":{"acq_date":"2026-08-11","acq_time":1000,"confidence":"n","satellite":"N","instrument":"VIIRS","version":"2.0NRT","bright_ti4":297.69,"frp":0.82,"daynight":"N"},"geometry":{"type":"Point","coordinates":[-121.71073,42.51001]}},{"type":"Feature","properties":{"acq_date":"2026-08-11","acq_time":1000,"confidence":"n","satellite":"N","instrument":"VIIRS","version":"2.0NRT","bright_ti4":300.8,"frp":2.42,"daynight":"N"},"geometry":{"type":"Point","coordinates":[-121.71012,42.51357]}},{"type":"Feature","properties":{"acq_date":"2026-08-11","acq_time":1000,"confidence":"n","satellite":"N","instrument":"VIIRS","version":"2.0NRT","bright_ti4":299.05,"frp":0.83,"daynight":"N"},"geometry":{"type":"Point","coordinates":[-121.71565,42.51426]}},{"type":"Feature","properties":{"acq_date":"2026-08-11","acq_time":1000,"confidence":"n","satellite":"N","instrument":"VIIRS","version":"2.0NRT","bright_ti4":300.34,"frp":2.02,"daynight":"N"},"geometry":{"type":"Point","coordinates":[-121.63176,42.51471]}},{"type":"Feature","properties":{"acq_date":"2026-08-11","acq_time":1000,"confidence":"n","satellite":"N","instrument":"VIIRS","version":"2.0NRT","bright_ti4":301.64,"frp":1.8,"daynight":"N"},"geometry":{"type":"Point","coordinates":[-121.69231,42.515]}},{"type":"Feature","properties":{"acq_date":"2026-08-11","acq_time":1000,"confidence":"n","satellite":"N","instrument":"VIIRS","version":"2.0NRT","bright_ti4":298.14,"frp":1.25,"daynight":"N"},"geometry":{"type":"Point","coordinates":[-121.669,42.51573]}},{"type":"Feature","properties":{"acq_date":"2026-08-11","acq_time":1000,"confidence":"n","satellite":"N","instrument":"VIIRS","version":"2.0NRT","bright_ti4":301.22,"frp":0.84,"daynight":"N"},"geometry":{"type":"Point","coordinates":[-121.68063,42.51718]}},{"type":"Feature","properties":{"acq_date":"2026-08-11","acq_time":1000,"confidence":"n","satellite":"N","instrument":"VIIRS","version":"2.0NRT","bright_ti4":302.38,"frp":1.89,"daynight":"N"},"geometry":{"type":"Point","coordinates":[-121.65228,42.51728]}},{"type":"Feature","properties":{"acq_date":"2026-08-11","acq_time":1000,"confidence":"n","satellite":"N","instrument":"VIIRS","version":"2.0NRT","bright_ti4":298.81,"frp":0.83,"daynight":"N"},"geometry":{"type":"Point","coordinates":[-121.71496,42.51781]}},{"type":"Feature","properties":{"acq_date":"2026-08-11","acq_time":1000,"confidence":"n","satellite":"N","instrument":"VIIRS","version":"2.0NRT","bright_ti4":298.92,"frp":0.84,"daynight":"N"},"geometry":{"type":"Point","coordinates":[-121.68607,42.51786]}},{"type":"Feature","properties":{"acq_date":"2026-08-11","acq_time":1000,"confidence":"n","satellite":"N","instrument":"VIIRS","version":"2.0NRT","bright_ti4":303.52,"frp":1.25,"daynight":"N"},"geometry":{"type":"Point","coordinates":[-121.65761,42.51794]}},{"type":"Feature","properties":{"acq_date":"2026-08-11","acq_time":1000,"confidence":"n","satellite":"N","instrument":"VIIRS","version":"2.0NRT","bright_ti4":301.58,"frp":1.63,"daynight":"N"},"geometry":{"type":"Point","coordinates":[-121.63112,42.51826]}},{"type":"Feature","properties":{"acq_date":"2026-08-11","acq_time":1000,"confidence":"n","satellite":"N","instrument":"VIIRS","version":"2.0NRT","bright_ti4":303.55,"frp":2.69,"daynight":"N"},"geometry":{"type":"Point","coordinates":[-121.69167,42.51856]}},{"type":"Feature","properties":{"acq_date":"2026-08-11","acq_time":1000,"confidence":"n","satellite":"N","instrument":"VIIRS","version":"2.0NRT","bright_ti4":301.95,"frp":1.25,"daynight":"N"},"geometry":{"type":"Point","coordinates":[-121.66302,42.51862]}},{"type":"Feature","properties":{"acq_date":"2026-08-11","acq_time":1000,"confidence":"n","satellite":"N","instrument":"VIIRS","version":"2.0NRT","bright_ti4":299.9,"frp":1.14,"daynight":"N"},"geometry":{"type":"Point","coordinates":[-121.63622,42.5189]}},{"type":"Feature","properties":{"acq_date":"2026-08-11","acq_time":1000,"confidence":"n","satellite":"N","instrument":"VIIRS","version":"2.0NRT","bright_ti4":301.86,"frp":1.25,"daynight":"N"},"geometry":{"type":"Point","coordinates":[-121.6686,42.51932]}},{"type":"Feature","properties":{"acq_date":"2026-08-11","acq_time":1000,"confidence":"n","satellite":"N","instrument":"VIIRS","version":"2.0NRT","bright_ti4":301.92,"frp":1.14,"daynight":"N"},"geometry":{"type":"Point","coordinates":[-121.64134,42.51954]}},{"type":"Feature","properties":{"acq_date":"2026-08-11","acq_time":1000,"confidence":"n","satellite":"N","instrument":"VIIRS","version":"2.0NRT","bright_ti4":298.72,"frp":0.86,"daynight":"N"},"geometry":{"type":"Point","coordinates":[-121.7033,42.52]}},{"type":"Feature","properties":{"acq_date":"2026-08-11","acq_time":1000,"confidence":"n","satellite":"N","instrument":"VIIRS","version":"2.0NRT","bright_ti4":303.89,"frp":1.33,"daynight":"N"},"geometry":{"type":"Point","coordinates":[-121.64649,42.52019]}},{"type":"Feature","properties":{"acq_date":"2026-08-11","acq_time":1000,"confidence":"n","satellite":"N","instrument":"VIIRS","version":"2.0NRT","bright_ti4":299.02,"frp":0.86,"daynight":"N"},"geometry":{"type":"Point","coordinates":[-121.70886,42.5207]}},{"type":"Feature","properties":{"acq_date":"2026-08-11","acq_time":1000,"confidence":"n","satellite":"N","instrument":"VIIRS","version":"2.0NRT","bright_ti4":304.97,"frp":0.84,"daynight":"N"},"geometry":{"type":"Point","coordinates":[-121.67999,42.52074]}},{"type":"Feature","properties":{"acq_date":"2026-08-11","acq_time":1000,"confidence":"n","satellite":"N","instrument":"VIIRS","version":"2.0NRT","bright_ti4":306.52,"frp":1.33,"daynight":"N"},"geometry":{"type":"Point","coordinates":[-121.6518,42.52085]}},{"type":"Feature","properties":{"acq_date":"2026-08-11","acq_time":1000,"confidence":"n","satellite":"N","instrument":"VIIRS","version":"2.0NRT","bright_ti4":304.12,"frp":0.84,"daynight":"N"},"geometry":{"type":"Point","coordinates":[-121.68542,42.52142]}},{"type":"Feature","properties":{"acq_date":"2026-08-11","acq_time":1000,"confidence":"n","satellite":"N","instrument":"VIIRS","version":"2.0NRT","bright_ti4":308.75,"frp":1.17,"daynight":"N"},"geometry":{"type":"Point","coordinates":[-121.65719,42.52152]}},{"type":"Feature","properties":{"acq_date":"2026-08-11","acq_time":1000,"confidence":"n","satellite":"N","instrument":"VIIRS","version":"2.0NRT","bright_ti4":303.36,"frp":1.17,"daynight":"N"},"geometry":{"type":"Point","coordinates":[-121.66264,42.52221]}},{"type":"Feature","properties":{"acq_date":"2026-08-11","acq_time":1000,"confidence":"n","satellite":"N","instrument":"VIIRS","version":"2.0NRT","bright_ti4":308.24,"frp":1.14,"daynight":"N"},"geometry":{"type":"Point","coordinates":[-121.63559,42.52245]}},{"type":"Feature","properties":{"acq_date":"2026-08-11","acq_time":1000,"confidence":"n","satellite":"N","instrument":"VIIRS","version":"2.0NRT","bright_ti4":299,"frp":0.88,"daynight":"N"},"geometry":{"type":"Point","coordinates":[-121.66814,42.5229]}},{"type":"Feature","properties":{"acq_date":"2026-08-11","acq_time":1000,"confidence":"n","satellite":"N","instrument":"VIIRS","version":"2.0NRT","bright_ti4":311.72,"frp":1.14,"daynight":"N"},"geometry":{"type":"Point","coordinates":[-121.64074,42.5231]}},{"type":"Feature","properties":{"acq_date":"2026-08-11","acq_time":1000,"confidence":"n","satellite":"N","instrument":"VIIRS","version":"2.0NRT","bright_ti4":301.74,"frp":0.86,"daynight":"N"},"geometry":{"type":"Point","coordinates":[-121.70262,42.52356]}},{"type":"Feature","properties":{"acq_date":"2026-08-11","acq_time":1000,"confidence":"n","satellite":"N","instrument":"VIIRS","version":"2.0NRT","bright_ti4":300.18,"frp":0.88,"daynight":"N"},"geometry":{"type":"Point","coordinates":[-121.67375,42.5236]}},{"type":"Feature","properties":{"acq_date":"2026-08-11","acq_time":1000,"confidence":"n","satellite":"N","instrument":"VIIRS","version":"2.0NRT","bright_ti4":310.35,"frp":1.33,"daynight":"N"},"geometry":{"type":"Point","coordinates":[-121.64594,42.52375]}},{"type":"Feature","properties":{"acq_date":"2026-08-11","acq_time":1000,"confidence":"n","satellite":"N","instrument":"VIIRS","version":"2.0NRT","bright_ti4":305.92,"frp":0.86,"daynight":"N"},"geometry":{"type":"Point","coordinates":[-121.70815,42.52425]}},{"type":"Feature","properties":{"acq_date":"2026-08-11","acq_time":1000,"confidence":"n","satellite":"N","instrument":"VIIRS","version":"2.0NRT","bright_ti4":299.19,"frp":1.22,"daynight":"N"},"geometry":{"type":"Point","coordinates":[-121.6794,42.5243]}},{"type":"Feature","properties":{"acq_date":"2026-08-11","acq_time":1000,"confidence":"n","satellite":"N","instrument":"VIIRS","version":"2.0NRT","bright_ti4":308.87,"frp":1.33,"daynight":"N"},"geometry":{"type":"Point","coordinates":[-121.65127,42.52442]}},{"type":"Feature","properties":{"acq_date":"2026-08-11","acq_time":1000,"confidence":"n","satellite":"N","instrument":"VIIRS","version":"2.0NRT","bright_ti4":302.65,"frp":1.22,"daynight":"N"},"geometry":{"type":"Point","coordinates":[-121.68484,42.52498]}},{"type":"Feature","properties":{"acq_date":"2026-08-11","acq_time":1000,"confidence":"n","satellite":"N","instrument":"VIIRS","version":"2.0NRT","bright_ti4":304.36,"frp":1.17,"daynight":"N"},"geometry":{"type":"Point","coordinates":[-121.65668,42.5251]}},{"type":"Feature","properties":{"acq_date":"2026-08-11","acq_time":1000,"confidence":"n","satellite":"N","instrument":"VIIRS","version":"2.0NRT","bright_ti4":299.71,"frp":1.3,"daynight":"N"},"geometry":{"type":"Point","coordinates":[-121.69044,42.52568]}},{"type":"Feature","properties":{"acq_date":"2026-08-11","acq_time":1000,"confidence":"n","satellite":"N","instrument":"VIIRS","version":"2.0NRT","bright_ti4":306.17,"frp":1.17,"daynight":"N"},"geometry":{"type":"Point","coordinates":[-121.66213,42.52578]}},{"type":"Feature","properties":{"acq_date":"2026-08-11","acq_time":1000,"confidence":"n","satellite":"N","instrument":"VIIRS","version":"2.0NRT","bright_ti4":299.52,"frp":1.69,"daynight":"N"},"geometry":{"type":"Point","coordinates":[-121.63493,42.526]}},{"type":"Feature","properties":{"acq_date":"2026-08-11","acq_time":1000,"confidence":"n","satellite":"N","instrument":"VIIRS","version":"2.0NRT","bright_ti4":304.08,"frp":0.88,"daynight":"N"},"geometry":{"type":"Point","coordinates":[-121.66762,42.52647]}},{"type":"Feature","properties":{"acq_date":"2026-08-11","acq_time":1000,"confidence":"n","satellite":"N","instrument":"VIIRS","version":"2.0NRT","bright_ti4":316.88,"frp":1.69,"daynight":"N"},"geometry":{"type":"Point","coordinates":[-121.64015,42.52666]}},{"type":"Feature","properties":{"acq_date":"2026-08-11","acq_time":1000,"confidence":"n","satellite":"N","instrument":"VIIRS","version":"2.0NRT","bright_ti4":303.51,"frp":0.88,"daynight":"N"},"geometry":{"type":"Point","coordinates":[-121.67318,42.52716]}},{"type":"Feature","properties":{"acq_date":"2026-08-11","acq_time":1000,"confidence":"n","satellite":"N","instrument":"VIIRS","version":"2.0NRT","bright_ti4":312.06,"frp":2.3,"daynight":"N"},"geometry":{"type":"Point","coordinates":[-121.64539,42.52732]}},{"type":"Feature","properties":{"acq_date":"2026-08-11","acq_time":1000,"confidence":"n","satellite":"N","instrument":"VIIRS","version":"2.0NRT","bright_ti4":309.37,"frp":2.3,"daynight":"N"},"geometry":{"type":"Point","coordinates":[-121.65073,42.52798]}},{"type":"Feature","properties":{"acq_date":"2026-08-11","acq_time":1000,"confidence":"n","satellite":"N","instrument":"VIIRS","version":"2.0NRT","bright_ti4":306.28,"frp":1.22,"daynight":"N"},"geometry":{"type":"Point","coordinates":[-121.68427,42.52855]}},{"type":"Feature","properties":{"acq_date":"2026-08-11","acq_time":1000,"confidence":"n","satellite":"N","instrument":"VIIRS","version":"2.0NRT","bright_ti4":306.72,"frp":1.29,"daynight":"N"},"geometry":{"type":"Point","coordinates":[-121.65614,42.52866]}},{"type":"Feature","properties":{"acq_date":"2026-08-11","acq_time":1000,"confidence":"n","satellite":"N","instrument":"VIIRS","version":"2.0NRT","bright_ti4":299.13,"frp":1.3,"daynight":"N"},"geometry":{"type":"Point","coordinates":[-121.68983,42.52924]}},{"type":"Feature","properties":{"acq_date":"2026-08-11","acq_time":1000,"confidence":"n","satellite":"N","instrument":"VIIRS","version":"2.0NRT","bright_ti4":306.79,"frp":1.29,"daynight":"N"},"geometry":{"type":"Point","coordinates":[-121.66161,42.52935]}},{"type":"Feature","properties":{"acq_date":"2026-08-11","acq_time":1000,"confidence":"n","satellite":"N","instrument":"VIIRS","version":"2.0NRT","bright_ti4":309.81,"frp":1.26,"daynight":"N"},"geometry":{"type":"Point","coordinates":[-121.66709,42.53004]}},{"type":"Feature","properties":{"acq_date":"2026-08-11","acq_time":1000,"confidence":"n","satellite":"N","instrument":"VIIRS","version":"2.0NRT","bright_ti4":317.81,"frp":1.69,"daynight":"N"},"geometry":{"type":"Point","coordinates":[-121.63953,42.53022]}},{"type":"Feature","properties":{"acq_date":"2026-08-11","acq_time":1000,"confidence":"n","satellite":"N","instrument":"VIIRS","version":"2.0NRT","bright_ti4":302.71,"frp":1.26,"daynight":"N"},"geometry":{"type":"Point","coordinates":[-121.67258,42.53072]}},{"type":"Feature","properties":{"acq_date":"2026-08-11","acq_time":1000,"confidence":"n","satellite":"N","instrument":"VIIRS","version":"2.0NRT","bright_ti4":334.42,"frp":2.3,"daynight":"N"},"geometry":{"type":"Point","coordinates":[-121.64481,42.53088]}},{"type":"Feature","properties":{"acq_date":"2026-08-11","acq_time":1000,"confidence":"n","satellite":"N","instrument":"VIIRS","version":"2.0NRT","bright_ti4":300.5,"frp":1.01,"daynight":"N"},"geometry":{"type":"Point","coordinates":[-121.67814,42.53143]}},{"type":"Feature","properties":{"acq_date":"2026-08-11","acq_time":1000,"confidence":"n","satellite":"N","instrument":"VIIRS","version":"2.0NRT","bright_ti4":305.76,"frp":2.3,"daynight":"N"},"geometry":{"type":"Point","coordinates":[-121.65016,42.53155]}},{"type":"Feature","properties":{"acq_date":"2026-08-11","acq_time":1000,"confidence":"n","satellite":"N","instrument":"VIIRS","version":"2.0NRT","bright_ti4":304.53,"frp":1.01,"daynight":"N"},"geometry":{"type":"Point","coordinates":[-121.6837,42.53212]}},{"type":"Feature","properties":{"acq_date":"2026-08-11","acq_time":1000,"confidence":"n","satellite":"N","instrument":"VIIRS","version":"2.0NRT","bright_ti4":306.06,"frp":1.29,"daynight":"N"},"geometry":{"type":"Point","coordinates":[-121.65559,42.53223]}},{"type":"Feature","properties":{"acq_date":"2026-08-11","acq_time":1000,"confidence":"n","satellite":"N","instrument":"VIIRS","version":"2.0NRT","bright_ti4":304.65,"frp":1.36,"daynight":"N"},"geometry":{"type":"Point","coordinates":[-121.68926,42.53281]}},{"type":"Feature","properties":{"acq_date":"2026-08-11","acq_time":1000,"confidence":"n","satellite":"N","instrument":"VIIRS","version":"2.0NRT","bright_ti4":307.38,"frp":1.29,"daynight":"N"},"geometry":{"type":"Point","coordinates":[-121.66105,42.53292]}},{"type":"Feature","properties":{"acq_date":"2026-08-11","acq_time":1000,"confidence":"n","satellite":"N","instrument":"VIIRS","version":"2.0NRT","bright_ti4":305.76,"frp":1.26,"daynight":"N"},"geometry":{"type":"Point","coordinates":[-121.66649,42.5336]}},{"type":"Feature","properties":{"acq_date":"2026-08-11","acq_time":1000,"confidence":"n","satellite":"N","instrument":"VIIRS","version":"2.0NRT","bright_ti4":304.09,"frp":0.75,"daynight":"N"},"geometry":{"type":"Point","coordinates":[-121.63885,42.53376]}},{"type":"Feature","properties":{"acq_date":"2026-08-11","acq_time":1000,"confidence":"n","satellite":"N","instrument":"VIIRS","version":"2.0NRT","bright_ti4":304.04,"frp":1.26,"daynight":"N"},"geometry":{"type":"Point","coordinates":[-121.67195,42.53429]}},{"type":"Feature","properties":{"acq_date":"2026-08-11","acq_time":1000,"confidence":"n","satellite":"N","instrument":"VIIRS","version":"2.0NRT","bright_ti4":301.74,"frp":0.85,"daynight":"N"},"geometry":{"type":"Point","coordinates":[-121.64417,42.53443]}},{"type":"Feature","properties":{"acq_date":"2026-08-11","acq_time":1000,"confidence":"n","satellite":"N","instrument":"VIIRS","version":"2.0NRT","bright_ti4":306.47,"frp":1.01,"daynight":"N"},"geometry":{"type":"Point","coordinates":[-121.6775,42.53498]}},{"type":"Feature","properties":{"acq_date":"2026-08-11","acq_time":1000,"confidence":"n","satellite":"N","instrument":"VIIRS","version":"2.0NRT","bright_ti4":298.68,"frp":0.85,"daynight":"N"},"geometry":{"type":"Point","coordinates":[-121.64957,42.53511]}},{"type":"Feature","properties":{"acq_date":"2026-08-11","acq_time":1000,"confidence":"n","satellite":"N","instrument":"VIIRS","version":"2.0NRT","bright_ti4":297.29,"frp":1.01,"daynight":"N"},"geometry":{"type":"Point","coordinates":[-121.68307,42.53568]}},{"type":"Feature","properties":{"acq_date":"2026-08-11","acq_time":1000,"confidence":"n","satellite":"N","instrument":"VIIRS","version":"2.0NRT","bright_ti4":301.24,"frp":1,"daynight":"N"},"geometry":{"type":"Point","coordinates":[-121.65501,42.5358]}},{"type":"Feature","properties":{"acq_date":"2026-08-11","acq_time":1000,"confidence":"n","satellite":"N","instrument":"VIIRS","version":"2.0NRT","bright_ti4":299.93,"frp":1.36,"daynight":"N"},"geometry":{"type":"Point","coordinates":[-121.68868,42.53638]}},{"type":"Feature","properties":{"acq_date":"2026-08-11","acq_time":1000,"confidence":"n","satellite":"N","instrument":"VIIRS","version":"2.0NRT","bright_ti4":306.2,"frp":1,"daynight":"N"},"geometry":{"type":"Point","coordinates":[-121.66048,42.53648]}},{"type":"Feature","properties":{"acq_date":"2026-08-11","acq_time":1000,"confidence":"n","satellite":"N","instrument":"VIIRS","version":"2.0NRT","bright_ti4":305.39,"frp":0.97,"daynight":"N"},"geometry":{"type":"Point","coordinates":[-121.66587,42.53716]}},{"type":"Feature","properties":{"acq_date":"2026-08-11","acq_time":1000,"confidence":"n","satellite":"N","instrument":"VIIRS","version":"2.0NRT","bright_ti4":300.33,"frp":0.97,"daynight":"N"},"geometry":{"type":"Point","coordinates":[-121.67131,42.53784]}},{"type":"Feature","properties":{"acq_date":"2026-08-11","acq_time":1000,"confidence":"n","satellite":"N","instrument":"VIIRS","version":"2.0NRT","bright_ti4":296.85,"frp":0.99,"daynight":"N"},"geometry":{"type":"Point","coordinates":[-121.67684,42.53854]}},{"type":"Feature","properties":{"acq_date":"2026-08-11","acq_time":1000,"confidence":"n","satellite":"N","instrument":"VIIRS","version":"2.0NRT","bright_ti4":301.26,"frp":0.99,"daynight":"N"},"geometry":{"type":"Point","coordinates":[-121.68242,42.53924]}},{"type":"Feature","properties":{"acq_date":"2026-08-11","acq_time":1000,"confidence":"n","satellite":"N","instrument":"VIIRS","version":"2.0NRT","bright_ti4":297.81,"frp":1,"daynight":"N"},"geometry":{"type":"Point","coordinates":[-121.6598,42.54004]}},{"type":"Feature","properties":{"acq_date":"2026-08-11","acq_time":1000,"confidence":"n","satellite":"N","instrument":"VIIRS","version":"2.0NRT","bright_ti4":301.71,"frp":0.97,"daynight":"N"},"geometry":{"type":"Point","coordinates":[-121.66521,42.54072]}},{"type":"Feature","properties":{"acq_date":"2026-08-11","acq_time":1000,"confidence":"n","satellite":"N","instrument":"VIIRS","version":"2.0NRT","bright_ti4":301.28,"frp":0.97,"daynight":"N"},"geometry":{"type":"Point","coordinates":[-121.67062,42.54139]}},{"type":"Feature","properties":{"acq_date":"2026-08-11","acq_time":1000,"confidence":"n","satellite":"N","instrument":"VIIRS","version":"2.0NRT","bright_ti4":307.41,"frp":0.99,"daynight":"N"},"geometry":{"type":"Point","coordinates":[-121.6817,42.54279]}},{"type":"Feature","properties":{"acq_date":"2026-08-11","acq_time":1000,"confidence":"n","satellite":"N","instrument":"VIIRS","version":"2.0NRT","bright_ti4":300.31,"frp":0.97,"daynight":"N"},"geometry":{"type":"Point","coordinates":[-116.62386,42.61147]}},{"type":"Feature","properties":{"acq_date":"2026-08-11","acq_time":1000,"confidence":"n","satellite":"N","instrument":"VIIRS","version":"2.0NRT","bright_ti4":304.07,"frp":1.05,"daynight":"N"},"geometry":{"type":"Point","coordinates":[-116.72065,42.61751]}},{"type":"Feature","properties":{"acq_date":"2026-08-11","acq_time":1000,"confidence":"n","satellite":"N","instrument":"VIIRS","version":"2.0NRT","bright_ti4":330.22,"frp":1.72,"daynight":"N"},"geometry":{"type":"Point","coordinates":[-116.72535,42.61831]}},{"type":"Feature","properties":{"acq_date":"2026-08-11","acq_time":1000,"confidence":"n","satellite":"N","instrument":"VIIRS","version":"2.0NRT","bright_ti4":307.85,"frp":1.72,"daynight":"N"},"geometry":{"type":"Point","coordinates":[-116.73003,42.6191]}},{"type":"Feature","properties":{"acq_date":"2026-08-11","acq_time":1000,"confidence":"n","satellite":"N","instrument":"VIIRS","version":"2.0NRT","bright_ti4":309.11,"frp":1.72,"daynight":"N"},"geometry":{"type":"Point","coordinates":[-116.72436,42.62159]}},{"type":"Feature","properties":{"acq_date":"2026-08-11","acq_time":1000,"confidence":"n","satellite":"N","instrument":"VIIRS","version":"2.0NRT","bright_ti4":302.96,"frp":1,"daynight":"N"},"geometry":{"type":"Point","coordinates":[-116.67245,42.63007]}},{"type":"Feature","properties":{"acq_date":"2026-08-11","acq_time":1000,"confidence":"n","satellite":"N","instrument":"VIIRS","version":"2.0NRT","bright_ti4":311.49,"frp":1,"daynight":"N"},"geometry":{"type":"Point","coordinates":[-116.67713,42.63086]}},{"type":"Feature","properties":{"acq_date":"2026-08-11","acq_time":1000,"confidence":"n","satellite":"N","instrument":"VIIRS","version":"2.0NRT","bright_ti4":303.54,"frp":0.79,"daynight":"N"},"geometry":{"type":"Point","coordinates":[-116.6818,42.63165]}},{"type":"Feature","properties":{"acq_date":"2026-08-11","acq_time":1000,"confidence":"n","satellite":"N","instrument":"VIIRS","version":"2.0NRT","bright_ti4":309.56,"frp":1,"daynight":"N"},"geometry":{"type":"Point","coordinates":[-116.67139,42.63335]}},{"type":"Feature","properties":{"acq_date":"2026-08-11","acq_time":1000,"confidence":"n","satellite":"N","instrument":"VIIRS","version":"2.0NRT","bright_ti4":310.71,"frp":1,"daynight":"N"},"geometry":{"type":"Point","coordinates":[-116.6761,42.63414]}},{"type":"Feature","properties":{"acq_date":"2026-08-11","acq_time":1000,"confidence":"n","satellite":"N","instrument":"VIIRS","version":"2.0NRT","bright_ti4":299.88,"frp":0.79,"daynight":"N"},"geometry":{"type":"Point","coordinates":[-116.68079,42.63494]}},{"type":"Feature","properties":{"acq_date":"2026-08-11","acq_time":1000,"confidence":"n","satellite":"N","instrument":"VIIRS","version":"2.0NRT","bright_ti4":296.29,"frp":0.28,"daynight":"N"},"geometry":{"type":"Point","coordinates":[-116.67506,42.63742]}},{"type":"Feature","properties":{"acq_date":"2026-08-11","acq_time":1000,"confidence":"n","satellite":"N","instrument":"VIIRS","version":"2.0NRT","bright_ti4":298.33,"frp":0.21,"daynight":"N"},"geometry":{"type":"Point","coordinates":[-116.66537,42.71041]}},{"type":"Feature","properties":{"acq_date":"2026-08-11","acq_time":1000,"confidence":"n","satellite":"N","instrument":"VIIRS","version":"2.0NRT","bright_ti4":300.91,"frp":1.43,"daynight":"N"},"geometry":{"type":"Point","coordinates":[-116.67012,42.71122]}},{"type":"Feature","properties":{"acq_date":"2026-08-11","acq_time":1000,"confidence":"n","satellite":"N","instrument":"VIIRS","version":"2.0NRT","bright_ti4":299.09,"frp":0.46,"daynight":"N"},"geometry":{"type":"Point","coordinates":[-116.67273,42.71856]}},{"type":"Feature","properties":{"acq_date":"2026-08-11","acq_time":1000,"confidence":"n","satellite":"N","instrument":"VIIRS","version":"2.0NRT","bright_ti4":298.3,"frp":0.92,"daynight":"N"},"geometry":{"type":"Point","coordinates":[-116.80679,42.73083]}},{"type":"Feature","properties":{"acq_date":"2026-08-11","acq_time":1000,"confidence":"n","satellite":"N","instrument":"VIIRS","version":"2.0NRT","bright_ti4":308.91,"frp":0.64,"daynight":"N"},"geometry":{"type":"Point","coordinates":[-116.79641,42.73253]}},{"type":"Feature","properties":{"acq_date":"2026-08-11","acq_time":1000,"confidence":"n","satellite":"N","instrument":"VIIRS","version":"2.0NRT","bright_ti4":298.77,"frp":0.98,"daynight":"N"},"geometry":{"type":"Point","coordinates":[-116.80109,42.73332]}},{"type":"Feature","properties":{"acq_date":"2026-08-11","acq_time":1000,"confidence":"n","satellite":"N","instrument":"VIIRS","version":"2.0NRT","bright_ti4":328.79,"frp":3.56,"daynight":"N"},"geometry":{"type":"Point","coordinates":[-116.91286,42.76925]}},{"type":"Feature","properties":{"acq_date":"2026-08-11","acq_time":1000,"confidence":"n","satellite":"N","instrument":"VIIRS","version":"2.0NRT","bright_ti4":329.57,"frp":10.88,"daynight":"N"},"geometry":{"type":"Point","coordinates":[-116.91181,42.77251]}},{"type":"Feature","properties":{"acq_date":"2026-08-11","acq_time":1000,"confidence":"n","satellite":"N","instrument":"VIIRS","version":"2.0NRT","bright_ti4":328.71,"frp":3.14,"daynight":"N"},"geometry":{"type":"Point","coordinates":[-123.77209,42.86456]}},{"type":"Feature","properties":{"acq_date":"2026-08-11","acq_time":1000,"confidence":"n","satellite":"N","instrument":"VIIRS","version":"2.0NRT","bright_ti4":312.33,"frp":3.14,"daynight":"N"},"geometry":{"type":"Point","coordinates":[-123.77138,42.86844]}},{"type":"Feature","properties":{"acq_date":"2026-08-11","acq_time":1000,"confidence":"n","satellite":"N","instrument":"VIIRS","version":"2.0NRT","bright_ti4":297.93,"frp":0.68,"daynight":"N"},"geometry":{"type":"Point","coordinates":[-115.66602,43.14492]}},{"type":"Feature","properties":{"acq_date":"2026-08-11","acq_time":1000,"confidence":"n","satellite":"N","instrument":"VIIRS","version":"2.0NRT","bright_ti4":298.92,"frp":0.37,"daynight":"N"},"geometry":{"type":"Point","coordinates":[-115.66494,43.14824]}},{"type":"Feature","properties":{"acq_date":"2026-08-11","acq_time":1000,"confidence":"n","satellite":"N","instrument":"VIIRS","version":"2.0NRT","bright_ti4":301.93,"frp":0.84,"daynight":"N"},"geometry":{"type":"Point","coordinates":[-115.73198,43.17756]}},{"type":"Feature","properties":{"acq_date":"2026-08-11","acq_time":1000,"confidence":"n","satellite":"N","instrument":"VIIRS","version":"2.0NRT","bright_ti4":304.28,"frp":0.66,"daynight":"N"},"geometry":{"type":"Point","coordinates":[-115.7309,43.18087]}},{"type":"Feature","properties":{"acq_date":"2026-08-11","acq_time":1002,"confidence":"n","satellite":"N","instrument":"VIIRS","version":"2.0NRT","bright_ti4":305.02,"frp":1.02,"daynight":"N"},"geometry":{"type":"Point","coordinates":[-117.05358,32.41624]}},{"type":"Feature","properties":{"acq_date":"2026-08-11","acq_time":1002,"confidence":"n","satellite":"N","instrument":"VIIRS","version":"2.0NRT","bright_ti4":305.59,"frp":0.95,"daynight":"N"},"geometry":{"type":"Point","coordinates":[-117.06521,32.47157]}},{"type":"Feature","properties":{"acq_date":"2026-08-11","acq_time":1002,"confidence":"n","satellite":"N","instrument":"VIIRS","version":"2.0NRT","bright_ti4":319.17,"frp":1.74,"daynight":"N"},"geometry":{"type":"Point","coordinates":[-117.06213,32.47405]}},{"type":"Feature","properties":{"acq_date":"2026-08-11","acq_time":1002,"confidence":"n","satellite":"N","instrument":"VIIRS","version":"2.0NRT","bright_ti4":301.88,"frp":1.74,"daynight":"N"},"geometry":{"type":"Point","coordinates":[-117.06706,32.47501]}},{"type":"Feature","properties":{"acq_date":"2026-08-11","acq_time":1002,"confidence":"n","satellite":"N","instrument":"VIIRS","version":"2.0NRT","bright_ti4":318.57,"frp":2.26,"daynight":"N"},"geometry":{"type":"Point","coordinates":[-117.06433,32.4752]}},{"type":"Feature","properties":{"acq_date":"2026-08-11","acq_time":1002,"confidence":"n","satellite":"N","instrument":"VIIRS","version":"2.0NRT","bright_ti4":303.02,"frp":0.96,"daynight":"N"},"geometry":{"type":"Point","coordinates":[-116.84458,32.51597]}},{"type":"Feature","properties":{"acq_date":"2026-08-11","acq_time":1002,"confidence":"n","satellite":"N","instrument":"VIIRS","version":"2.0NRT","bright_ti4":304.2,"frp":0.56,"daynight":"N"},"geometry":{"type":"Point","coordinates":[-114.93497,32.53613]}},{"type":"Feature","properties":{"acq_date":"2026-08-11","acq_time":1002,"confidence":"n","satellite":"N","instrument":"VIIRS","version":"2.0NRT","bright_ti4":310.96,"frp":0.56,"daynight":"N"},"geometry":{"type":"Point","coordinates":[-114.93381,32.54012]}},{"type":"Feature","properties":{"acq_date":"2026-08-11","acq_time":1002,"confidence":"n","satellite":"N","instrument":"VIIRS","version":"2.0NRT","bright_ti4":303.66,"frp":0.44,"daynight":"N"},"geometry":{"type":"Point","coordinates":[-117.02744,32.85687]}},{"type":"Feature","properties":{"acq_date":"2026-08-11","acq_time":1002,"confidence":"n","satellite":"N","instrument":"VIIRS","version":"2.0NRT","bright_ti4":296.93,"frp":0.67,"daynight":"N"},"geometry":{"type":"Point","coordinates":[-117.14645,32.85695]}},{"type":"Feature","properties":{"acq_date":"2026-08-11","acq_time":1002,"confidence":"n","satellite":"N","instrument":"VIIRS","version":"2.0NRT","bright_ti4":303.74,"frp":0.34,"daynight":"N"},"geometry":{"type":"Point","coordinates":[-118.21525,33.77559]}},{"type":"Feature","properties":{"acq_date":"2026-08-11","acq_time":1002,"confidence":"n","satellite":"N","instrument":"VIIRS","version":"2.0NRT","bright_ti4":302.99,"frp":1.45,"daynight":"N"},"geometry":{"type":"Point","coordinates":[-118.33282,33.85217]}},{"type":"Feature","properties":{"acq_date":"2026-08-11","acq_time":1002,"confidence":"n","satellite":"N","instrument":"VIIRS","version":"2.0NRT","bright_ti4":303.71,"frp":0.39,"daynight":"N"},"geometry":{"type":"Point","coordinates":[-118.10404,34.03686]}},{"type":"Feature","properties":{"acq_date":"2026-08-11","acq_time":1002,"confidence":"n","satellite":"N","instrument":"VIIRS","version":"2.0NRT","bright_ti4":306.33,"frp":0.49,"daynight":"N"},"geometry":{"type":"Point","coordinates":[-118.19337,34.15172]}},{"type":"Feature","properties":{"acq_date":"2026-08-11","acq_time":1002,"confidence":"n","satellite":"N","instrument":"VIIRS","version":"2.0NRT","bright_ti4":307.4,"frp":0.48,"daynight":"N"},"geometry":{"type":"Point","coordinates":[-118.19261,34.15513]}},{"type":"Feature","properties":{"acq_date":"2026-08-11","acq_time":1002,"confidence":"n","satellite":"N","instrument":"VIIRS","version":"2.0NRT","bright_ti4":307.27,"frp":0.59,"daynight":"N"},"geometry":{"type":"Point","coordinates":[-118.51732,34.33564]}},{"type":"Feature","properties":{"acq_date":"2026-08-11","acq_time":1002,"confidence":"n","satellite":"N","instrument":"VIIRS","version":"2.0NRT","bright_ti4":311.2,"frp":1.87,"daynight":"N"},"geometry":{"type":"Point","coordinates":[-117.33601,34.60773]}},{"type":"Feature","properties":{"acq_date":"2026-08-11","acq_time":1002,"confidence":"n","satellite":"N","instrument":"VIIRS","version":"2.0NRT","bright_ti4":311.09,"frp":1.34,"daynight":"N"},"geometry":{"type":"Point","coordinates":[-117.33847,34.60872]}},{"type":"Feature","properties":{"acq_date":"2026-08-11","acq_time":1002,"confidence":"n","satellite":"N","instrument":"VIIRS","version":"2.0NRT","bright_ti4":311.7,"frp":2.44,"daynight":"N"},"geometry":{"type":"Point","coordinates":[-117.10254,34.62318]}},{"type":"Feature","properties":{"acq_date":"2026-08-11","acq_time":1002,"confidence":"n","satellite":"N","instrument":"VIIRS","version":"2.0NRT","bright_ti4":300.13,"frp":0.75,"daynight":"N"},"geometry":{"type":"Point","coordinates":[-113.31468,35.5163]}},{"type":"Feature","properties":{"acq_date":"2026-08-11","acq_time":1002,"confidence":"n","satellite":"N","instrument":"VIIRS","version":"2.0NRT","bright_ti4":302.19,"frp":1.33,"daynight":"N"},"geometry":{"type":"Point","coordinates":[-121.72037,36.20433]}},{"type":"Feature","properties":{"acq_date":"2026-08-11","acq_time":1002,"confidence":"n","satellite":"N","instrument":"VIIRS","version":"2.0NRT","bright_ti4":323.51,"frp":1.33,"daynight":"N"},"geometry":{"type":"Point","coordinates":[-121.72487,36.20497]}},{"type":"Feature","properties":{"acq_date":"2026-08-11","acq_time":1002,"confidence":"n","satellite":"N","instrument":"VIIRS","version":"2.0NRT","bright_ti4":301.51,"frp":1.07,"daynight":"N"},"geometry":{"type":"Point","coordinates":[-121.71478,36.20701]}},{"type":"Feature","properties":{"acq_date":"2026-08-11","acq_time":1002,"confidence":"n","satellite":"N","instrument":"VIIRS","version":"2.0NRT","bright_ti4":303.34,"frp":1.33,"daynight":"N"},"geometry":{"type":"Point","coordinates":[-121.71927,36.20765]}},{"type":"Feature","properties":{"acq_date":"2026-08-11","acq_time":1002,"confidence":"n","satellite":"N","instrument":"VIIRS","version":"2.0NRT","bright_ti4":307.16,"frp":0.68,"daynight":"N"},"geometry":{"type":"Point","coordinates":[-121.72849,36.20895]}},{"type":"Feature","properties":{"acq_date":"2026-08-11","acq_time":1002,"confidence":"n","satellite":"N","instrument":"VIIRS","version":"2.0NRT","bright_ti4":300.09,"frp":0.68,"daynight":"N"},"geometry":{"type":"Point","coordinates":[-121.73307,36.2096]}},{"type":"Feature","properties":{"acq_date":"2026-08-11","acq_time":1002,"confidence":"n","satellite":"N","instrument":"VIIRS","version":"2.0NRT","bright_ti4":335.39,"frp":5.18,"daynight":"N"},"geometry":{"type":"Point","coordinates":[-121.70924,36.2097]}},{"type":"Feature","properties":{"acq_date":"2026-08-11","acq_time":1002,"confidence":"n","satellite":"N","instrument":"VIIRS","version":"2.0NRT","bright_ti4":348.82,"frp":62.82,"daynight":"N"},"geometry":{"type":"Point","coordinates":[-121.70383,36.21239]}},{"type":"Feature","properties":{"acq_date":"2026-08-11","acq_time":1002,"confidence":"n","satellite":"N","instrument":"VIIRS","version":"2.0NRT","bright_ti4":303.74,"frp":5.18,"daynight":"N"},"geometry":{"type":"Point","coordinates":[-121.70829,36.21302]}},{"type":"Feature","properties":{"acq_date":"2026-08-11","acq_time":1002,"confidence":"n","satellite":"N","instrument":"VIIRS","version":"2.0NRT","bright_ti4":322.73,"frp":1.19,"daynight":"N"},"geometry":{"type":"Point","coordinates":[-121.70307,36.21574]}},{"type":"Feature","properties":{"acq_date":"2026-08-11","acq_time":1002,"confidence":"n","satellite":"N","instrument":"VIIRS","version":"2.0NRT","bright_ti4":301.7,"frp":2.19,"daynight":"N"},"geometry":{"type":"Point","coordinates":[-121.70752,36.21637]}},{"type":"Feature","properties":{"acq_date":"2026-08-11","acq_time":1002,"confidence":"n","satellite":"N","instrument":"VIIRS","version":"2.0NRT","bright_ti4":302.73,"frp":2.19,"daynight":"N"},"geometry":{"type":"Point","coordinates":[-121.71195,36.21701]}},{"type":"Feature","properties":{"acq_date":"2026-08-11","acq_time":1002,"confidence":"n","satellite":"N","instrument":"VIIRS","version":"2.0NRT","bright_ti4":302.08,"frp":1.19,"daynight":"N"},"geometry":{"type":"Point","coordinates":[-121.70238,36.2191]}},{"type":"Feature","properties":{"acq_date":"2026-08-11","acq_time":1002,"confidence":"n","satellite":"N","instrument":"VIIRS","version":"2.0NRT","bright_ti4":346.63,"frp":2.19,"daynight":"N"},"geometry":{"type":"Point","coordinates":[-121.7068,36.21973]}},{"type":"Feature","properties":{"acq_date":"2026-08-11","acq_time":1002,"confidence":"n","satellite":"N","instrument":"VIIRS","version":"2.0NRT","bright_ti4":311.1,"frp":2.19,"daynight":"N"},"geometry":{"type":"Point","coordinates":[-121.7112,36.22036]}},{"type":"Feature","properties":{"acq_date":"2026-08-11","acq_time":1002,"confidence":"n","satellite":"N","instrument":"VIIRS","version":"2.0NRT","bright_ti4":307.07,"frp":1.6,"daynight":"N"},"geometry":{"type":"Point","coordinates":[-121.7438,36.22152]}},{"type":"Feature","properties":{"acq_date":"2026-08-11","acq_time":1002,"confidence":"n","satellite":"N","instrument":"VIIRS","version":"2.0NRT","bright_ti4":299.97,"frp":1.66,"daynight":"N"},"geometry":{"type":"Point","coordinates":[-121.72015,36.22163]}},{"type":"Feature","properties":{"acq_date":"2026-08-11","acq_time":1002,"confidence":"n","satellite":"N","instrument":"VIIRS","version":"2.0NRT","bright_ti4":304.2,"frp":1.7,"daynight":"N"},"geometry":{"type":"Point","coordinates":[-121.72913,36.22292]}},{"type":"Feature","properties":{"acq_date":"2026-08-11","acq_time":1002,"confidence":"n","satellite":"N","instrument":"VIIRS","version":"2.0NRT","bright_ti4":337.38,"frp":4.46,"daynight":"N"},"geometry":{"type":"Point","coordinates":[-121.70617,36.2231]}},{"type":"Feature","properties":{"acq_date":"2026-08-11","acq_time":1002,"confidence":"n","satellite":"N","instrument":"VIIRS","version":"2.0NRT","bright_ti4":309.24,"frp":4.46,"daynight":"N"},"geometry":{"type":"Point","coordinates":[-121.71059,36.22373]}},{"type":"Feature","properties":{"acq_date":"2026-08-11","acq_time":1002,"confidence":"n","satellite":"N","instrument":"VIIRS","version":"2.0NRT","bright_ti4":347.36,"frp":2.69,"daynight":"N"},"geometry":{"type":"Point","coordinates":[-121.71503,36.22437]}},{"type":"Feature","properties":{"acq_date":"2026-08-11","acq_time":1002,"confidence":"n","satellite":"N","instrument":"VIIRS","version":"2.0NRT","bright_ti4":303.15,"frp":2.69,"daynight":"N"},"geometry":{"type":"Point","coordinates":[-121.71952,36.22501]}},{"type":"Feature","properties":{"acq_date":"2026-08-11","acq_time":1002,"confidence":"n","satellite":"N","instrument":"VIIRS","version":"2.0NRT","bright_ti4":319.14,"frp":1.6,"daynight":"N"},"geometry":{"type":"Point","coordinates":[-121.74747,36.22551]}},{"type":"Feature","properties":{"acq_date":"2026-08-11","acq_time":1002,"confidence":"n","satellite":"N","instrument":"VIIRS","version":"2.0NRT","bright_ti4":325.91,"frp":8.77,"daynight":"N"},"geometry":{"type":"Point","coordinates":[-121.72393,36.22564]}},{"type":"Feature","properties":{"acq_date":"2026-08-11","acq_time":1002,"confidence":"n","satellite":"N","instrument":"VIIRS","version":"2.0NRT","bright_ti4":299.71,"frp":0.95,"daynight":"N"},"geometry":{"type":"Point","coordinates":[-121.75206,36.22616]}},{"type":"Feature","properties":{"acq_date":"2026-08-11","acq_time":1002,"confidence":"n","satellite":"N","instrument":"VIIRS","version":"2.0NRT","bright_ti4":321.06,"frp":8.77,"daynight":"N"},"geometry":{"type":"Point","coordinates":[-121.72834,36.22626]}},{"type":"Feature","properties":{"acq_date":"2026-08-11","acq_time":1002,"confidence":"n","satellite":"N","instrument":"VIIRS","version":"2.0NRT","bright_ti4":314.39,"frp":4.54,"daynight":"N"},"geometry":{"type":"Point","coordinates":[-121.7328,36.2269]}},{"type":"Feature","properties":{"acq_date":"2026-08-11","acq_time":1002,"confidence":"n","satellite":"N","instrument":"VIIRS","version":"2.0NRT","bright_ti4":309.72,"frp":2.69,"daynight":"N"},"geometry":{"type":"Point","coordinates":[-121.71446,36.22775]}},{"type":"Feature","properties":{"acq_date":"2026-08-11","acq_time":1002,"confidence":"n","satellite":"N","instrument":"VIIRS","version":"2.0NRT","bright_ti4":343.87,"frp":8.77,"daynight":"N"},"geometry":{"type":"Point","coordinates":[-121.72329,36.229]}},{"type":"Feature","properties":{"acq_date":"2026-08-11","acq_time":1002,"confidence":"n","satellite":"N","instrument":"VIIRS","version":"2.0NRT","bright_ti4":322.17,"frp":3.9,"daynight":"N"},"geometry":{"type":"Point","coordinates":[-121.7511,36.2295]}},{"type":"Feature","properties":{"acq_date":"2026-08-11","acq_time":1002,"confidence":"n","satellite":"N","instrument":"VIIRS","version":"2.0NRT","bright_ti4":351.52,"frp":8.77,"daynight":"N"},"geometry":{"type":"Point","coordinates":[-121.72759,36.22962]}},{"type":"Feature","properties":{"acq_date":"2026-08-11","acq_time":1002,"confidence":"n","satellite":"N","instrument":"VIIRS","version":"2.0NRT","bright_ti4":300.91,"frp":3.9,"daynight":"N"},"geometry":{"type":"Point","coordinates":[-121.75571,36.23015]}},{"type":"Feature","properties":{"acq_date":"2026-08-11","acq_time":1002,"confidence":"n","satellite":"N","instrument":"VIIRS","version":"2.0NRT","bright_ti4":349.48,"frp":4.54,"daynight":"N"},"geometry":{"type":"Point","coordinates":[-121.73202,36.23025]}},{"type":"Feature","properties":{"acq_date":"2026-08-11","acq_time":1002,"confidence":"n","satellite":"N","instrument":"VIIRS","version":"2.0NRT","bright_ti4":300.28,"frp":4.54,"daynight":"N"},"geometry":{"type":"Point","coordinates":[-121.73647,36.23088]}},{"type":"Feature","properties":{"acq_date":"2026-08-11","acq_time":1002,"confidence":"n","satellite":"N","instrument":"VIIRS","version":"2.0NRT","bright_ti4":306.29,"frp":2.41,"daynight":"N"},"geometry":{"type":"Point","coordinates":[-121.7456,36.23218]}},{"type":"Feature","properties":{"acq_date":"2026-08-11","acq_time":1002,"confidence":"n","satellite":"N","instrument":"VIIRS","version":"2.0NRT","bright_ti4":348.24,"frp":3.9,"daynight":"N"},"geometry":{"type":"Point","coordinates":[-121.7502,36.23283]}},{"type":"Feature","properties":{"acq_date":"2026-08-11","acq_time":1002,"confidence":"n","satellite":"N","instrument":"VIIRS","version":"2.0NRT","bright_ti4":335.34,"frp":3.27,"daynight":"N"},"geometry":{"type":"Point","coordinates":[-121.72696,36.23299]}},{"type":"Feature","properties":{"acq_date":"2026-08-11","acq_time":1002,"confidence":"n","satellite":"N","instrument":"VIIRS","version":"2.0NRT","bright_ti4":309.63,"frp":2.27,"daynight":"N"},"geometry":{"type":"Point","coordinates":[-121.73132,36.23361]}},{"type":"Feature","properties":{"acq_date":"2026-08-11","acq_time":1002,"confidence":"n","satellite":"N","instrument":"VIIRS","version":"2.0NRT","bright_ti4":315.56,"frp":2.07,"daynight":"N"},"geometry":{"type":"Point","coordinates":[-121.74023,36.23488]}},{"type":"Feature","properties":{"acq_date":"2026-08-11","acq_time":1002,"confidence":"n","satellite":"N","instrument":"VIIRS","version":"2.0NRT","bright_ti4":308.68,"frp":2.07,"daynight":"N"},"geometry":{"type":"Point","coordinates":[-121.74472,36.23553]}},{"type":"Feature","properties":{"acq_date":"2026-08-11","acq_time":1002,"confidence":"n","satellite":"N","instrument":"VIIRS","version":"2.0NRT","bright_ti4":339.17,"frp":5.53,"daynight":"N"},"geometry":{"type":"Point","coordinates":[-121.74931,36.23618]}},{"type":"Feature","properties":{"acq_date":"2026-08-11","acq_time":1002,"confidence":"n","satellite":"N","instrument":"VIIRS","version":"2.0NRT","bright_ti4":327.73,"frp":2.07,"daynight":"N"},"geometry":{"type":"Point","coordinates":[-121.7395,36.23824]}},{"type":"Feature","properties":{"acq_date":"2026-08-11","acq_time":1002,"confidence":"n","satellite":"N","instrument":"VIIRS","version":"2.0NRT","bright_ti4":327.44,"frp":2.07,"daynight":"N"},"geometry":{"type":"Point","coordinates":[-121.74397,36.23888]}},{"type":"Feature","properties":{"acq_date":"2026-08-11","acq_time":1002,"confidence":"n","satellite":"N","instrument":"VIIRS","version":"2.0NRT","bright_ti4":340.87,"frp":5.53,"daynight":"N"},"geometry":{"type":"Point","coordinates":[-121.74854,36.23953]}},{"type":"Feature","properties":{"acq_date":"2026-08-11","acq_time":1002,"confidence":"n","satellite":"N","instrument":"VIIRS","version":"2.0NRT","bright_ti4":329.26,"frp":5.53,"daynight":"N"},"geometry":{"type":"Point","coordinates":[-121.75324,36.2402]}},{"type":"Feature","properties":{"acq_date":"2026-08-11","acq_time":1002,"confidence":"n","satellite":"N","instrument":"VIIRS","version":"2.0NRT","bright_ti4":342.82,"frp":4.9,"daynight":"N"},"geometry":{"type":"Point","coordinates":[-121.73888,36.24162]}},{"type":"Feature","properties":{"acq_date":"2026-08-11","acq_time":1002,"confidence":"n","satellite":"N","instrument":"VIIRS","version":"2.0NRT","bright_ti4":340.9,"frp":4.9,"daynight":"N"},"geometry":{"type":"Point","coordinates":[-121.74334,36.24225]}},{"type":"Feature","properties":{"acq_date":"2026-08-11","acq_time":1002,"confidence":"n","satellite":"N","instrument":"VIIRS","version":"2.0NRT","bright_ti4":347.06,"frp":3.13,"daynight":"N"},"geometry":{"type":"Point","coordinates":[-121.74792,36.2429]}},{"type":"Feature","properties":{"acq_date":"2026-08-11","acq_time":1002,"confidence":"n","satellite":"N","instrument":"VIIRS","version":"2.0NRT","bright_ti4":329.52,"frp":3.13,"daynight":"N"},"geometry":{"type":"Point","coordinates":[-121.75262,36.24357]}},{"type":"Feature","properties":{"acq_date":"2026-08-11","acq_time":1002,"confidence":"n","satellite":"N","instrument":"VIIRS","version":"2.0NRT","bright_ti4":324.16,"frp":4.9,"daynight":"N"},"geometry":{"type":"Point","coordinates":[-121.74274,36.24563]}},{"type":"Feature","properties":{"acq_date":"2026-08-11","acq_time":1002,"confidence":"n","satellite":"N","instrument":"VIIRS","version":"2.0NRT","bright_ti4":304.7,"frp":3.13,"daynight":"N"},"geometry":{"type":"Point","coordinates":[-121.74729,36.24628]}},{"type":"Feature","properties":{"acq_date":"2026-08-11","acq_time":1002,"confidence":"n","satellite":"N","instrument":"VIIRS","version":"2.0NRT","bright_ti4":313.14,"frp":4.39,"daynight":"N"},"geometry":{"type":"Point","coordinates":[-114.91179,36.35793]}},{"type":"Feature","properties":{"acq_date":"2026-08-11","acq_time":1002,"confidence":"n","satellite":"N","instrument":"VIIRS","version":"2.0NRT","bright_ti4":311.29,"frp":0.74,"daynight":"N"},"geometry":{"type":"Point","coordinates":[-119.59374,36.44094]}},{"type":"Feature","properties":{"acq_date":"2026-08-11","acq_time":1002,"confidence":"n","satellite":"N","instrument":"VIIRS","version":"2.0NRT","bright_ti4":304.51,"frp":0.34,"daynight":"N"},"geometry":{"type":"Point","coordinates":[-119.59294,36.44422]}},{"type":"Feature","properties":{"acq_date":"2026-08-11","acq_time":1002,"confidence":"n","satellite":"N","instrument":"VIIRS","version":"2.0NRT","bright_ti4":296.09,"frp":1,"daynight":"N"},"geometry":{"type":"Point","coordinates":[-121.67762,37.18537]}},{"type":"Feature","properties":{"acq_date":"2026-08-11","acq_time":1002,"confidence":"n","satellite":"N","instrument":"VIIRS","version":"2.0NRT","bright_ti4":314.17,"frp":1.54,"daynight":"N"},"geometry":{"type":"Point","coordinates":[-121.93134,37.45421]}},{"type":"Feature","properties":{"acq_date":"2026-08-11","acq_time":1002,"confidence":"n","satellite":"N","instrument":"VIIRS","version":"2.0NRT","bright_ti4":333,"frp":3.65,"daynight":"N"},"geometry":{"type":"Point","coordinates":[-120.77708,37.60787]}},{"type":"Feature","properties":{"acq_date":"2026-08-11","acq_time":1002,"confidence":"n","satellite":"N","instrument":"VIIRS","version":"2.0NRT","bright_ti4":302.02,"frp":0.3,"daynight":"N"},"geometry":{"type":"Point","coordinates":[-121.66212,37.75541]}},{"type":"Feature","properties":{"acq_date":"2026-08-11","acq_time":1002,"confidence":"n","satellite":"N","instrument":"VIIRS","version":"2.0NRT","bright_ti4":307.01,"frp":0.52,"daynight":"N"},"geometry":{"type":"Point","coordinates":[-121.18351,37.88346]}},{"type":"Feature","properties":{"acq_date":"2026-08-11","acq_time":1002,"confidence":"n","satellite":"N","instrument":"VIIRS","version":"2.0NRT","bright_ti4":307.02,"frp":1.53,"daynight":"N"},"geometry":{"type":"Point","coordinates":[-122.11333,38.01563]}},{"type":"Feature","properties":{"acq_date":"2026-08-11","acq_time":1002,"confidence":"n","satellite":"N","instrument":"VIIRS","version":"2.0NRT","bright_ti4":300.37,"frp":0.36,"daynight":"N"},"geometry":{"type":"Point","coordinates":[-122.10011,38.03157]}},{"type":"Feature","properties":{"acq_date":"2026-08-11","acq_time":1002,"confidence":"n","satellite":"N","instrument":"VIIRS","version":"2.0NRT","bright_ti4":296.05,"frp":0.46,"daynight":"N"},"geometry":{"type":"Point","coordinates":[-122.56407,38.16114]}},{"type":"Feature","properties":{"acq_date":"2026-08-11","acq_time":1002,"confidence":"n","satellite":"N","instrument":"VIIRS","version":"2.0NRT","bright_ti4":341.91,"frp":4.18,"daynight":"N"},"geometry":{"type":"Point","coordinates":[-119.83913,38.40997]}},{"type":"Feature","properties":{"acq_date":"2026-08-11","acq_time":1002,"confidence":"n","satellite":"N","instrument":"VIIRS","version":"2.0NRT","bright_ti4":318.5,"frp":3.61,"daynight":"N"},"geometry":{"type":"Point","coordinates":[-119.83627,38.41231]}},{"type":"Feature","properties":{"acq_date":"2026-08-11","acq_time":1002,"confidence":"n","satellite":"N","instrument":"VIIRS","version":"2.0NRT","bright_ti4":334.61,"frp":3.61,"daynight":"N"},"geometry":{"type":"Point","coordinates":[-119.84064,38.41298]}},{"type":"Feature","properties":{"acq_date":"2026-08-11","acq_time":1140,"confidence":"n","satellite":"N","instrument":"VIIRS","version":"2.0NRT","bright_ti4":307.93,"frp":3.43,"daynight":"N"},"geometry":{"type":"Point","coordinates":[-123.77061,42.8617]}},{"type":"Feature","properties":{"acq_date":"2026-08-11","acq_time":1140,"confidence":"n","satellite":"N","instrument":"VIIRS","version":"2.0NRT","bright_ti4":295.52,"frp":4.35,"daynight":"N"},"geometry":{"type":"Point","coordinates":[-123.7662,42.86267]}},{"type":"Feature","properties":{"acq_date":"2026-08-11","acq_time":1140,"confidence":"n","satellite":"N","instrument":"VIIRS","version":"2.0NRT","bright_ti4":340.9,"frp":9.87,"daynight":"N"},"geometry":{"type":"Point","coordinates":[-123.77309,42.86508]}},{"type":"Feature","properties":{"acq_date":"2026-08-11","acq_time":1140,"confidence":"n","satellite":"N","instrument":"VIIRS","version":"2.0NRT","bright_ti4":327.02,"frp":3.43,"daynight":"N"},"geometry":{"type":"Point","coordinates":[-123.76737,42.86846]}},{"type":"Feature","properties":{"acq_date":"2026-08-11","acq_time":1140,"confidence":"n","satellite":"N","instrument":"VIIRS","version":"2.0NRT","bright_ti4":299.97,"frp":3.43,"daynight":"N"},"geometry":{"type":"Point","coordinates":[-123.77377,42.87072]}}]}