{"type":"FeatureCollection","name":"FIRMS VIIRS CA (last 1 day)","crs":{"type":"name","properties":{"name":"EPSG:4326"}},"fetched_at_utc":"2026-07-28T16:05:57.420Z","source":{"url":"https://firms.modaps.eosdis.nasa.gov/api/area/csv/8c4af552cf654445dd280dfb3ad9337c/VIIRS_SNPP_NRT/-125,32,-113,43.5/1","dataset":"VIIRS_SNPP_NRT","bbox":"-125,32,-113,43.5","day_range":"1"},"features":[{"type":"Feature","properties":{"acq_date":"2026-07-28","acq_time":922,"confidence":"n","satellite":"N","instrument":"VIIRS","version":"2.0NRT","bright_ti4":299.95,"frp":0.37,"daynight":"N"},"geometry":{"type":"Point","coordinates":[-121.24732,38.32279]}},{"type":"Feature","properties":{"acq_date":"2026-07-28","acq_time":922,"confidence":"n","satellite":"N","instrument":"VIIRS","version":"2.0NRT","bright_ti4":304.24,"frp":0.37,"daynight":"N"},"geometry":{"type":"Point","coordinates":[-121.25154,38.32306]}},{"type":"Feature","properties":{"acq_date":"2026-07-28","acq_time":922,"confidence":"n","satellite":"N","instrument":"VIIRS","version":"2.0NRT","bright_ti4":300.28,"frp":1.54,"daynight":"N"},"geometry":{"type":"Point","coordinates":[-121.24795,38.32512]}},{"type":"Feature","properties":{"acq_date":"2026-07-28","acq_time":922,"confidence":"n","satellite":"N","instrument":"VIIRS","version":"2.0NRT","bright_ti4":312.63,"frp":3.09,"daynight":"N"},"geometry":{"type":"Point","coordinates":[-117.49187,39.61225]}},{"type":"Feature","properties":{"acq_date":"2026-07-28","acq_time":922,"confidence":"n","satellite":"N","instrument":"VIIRS","version":"2.0NRT","bright_ti4":312.9,"frp":3.09,"daynight":"N"},"geometry":{"type":"Point","coordinates":[-117.4979,39.61279]}},{"type":"Feature","properties":{"acq_date":"2026-07-28","acq_time":922,"confidence":"n","satellite":"N","instrument":"VIIRS","version":"2.0NRT","bright_ti4":304.99,"frp":1.59,"daynight":"N"},"geometry":{"type":"Point","coordinates":[-117.50424,39.61336]}},{"type":"Feature","properties":{"acq_date":"2026-07-28","acq_time":922,"confidence":"n","satellite":"N","instrument":"VIIRS","version":"2.0NRT","bright_ti4":303.14,"frp":1.59,"daynight":"N"},"geometry":{"type":"Point","coordinates":[-117.5106,39.61393]}},{"type":"Feature","properties":{"acq_date":"2026-07-28","acq_time":922,"confidence":"n","satellite":"N","instrument":"VIIRS","version":"2.0NRT","bright_ti4":299.55,"frp":1.6,"daynight":"N"},"geometry":{"type":"Point","coordinates":[-117.51675,39.61447]}},{"type":"Feature","properties":{"acq_date":"2026-07-28","acq_time":922,"confidence":"n","satellite":"N","instrument":"VIIRS","version":"2.0NRT","bright_ti4":303.27,"frp":1.6,"daynight":"N"},"geometry":{"type":"Point","coordinates":[-119.26505,39.61705]}},{"type":"Feature","properties":{"acq_date":"2026-07-28","acq_time":922,"confidence":"n","satellite":"N","instrument":"VIIRS","version":"2.0NRT","bright_ti4":337.88,"frp":214.48,"daynight":"N"},"geometry":{"type":"Point","coordinates":[-117.49659,39.61714]}},{"type":"Feature","properties":{"acq_date":"2026-07-28","acq_time":922,"confidence":"n","satellite":"N","instrument":"VIIRS","version":"2.0NRT","bright_ti4":338.16,"frp":48.61,"daynight":"N"},"geometry":{"type":"Point","coordinates":[-117.50286,39.6177]}},{"type":"Feature","properties":{"acq_date":"2026-07-28","acq_time":922,"confidence":"n","satellite":"N","instrument":"VIIRS","version":"2.0NRT","bright_ti4":313.05,"frp":48.61,"daynight":"N"},"geometry":{"type":"Point","coordinates":[-117.50945,39.61829]}},{"type":"Feature","properties":{"acq_date":"2026-07-28","acq_time":922,"confidence":"n","satellite":"N","instrument":"VIIRS","version":"2.0NRT","bright_ti4":302.47,"frp":1.23,"daynight":"N"},"geometry":{"type":"Point","coordinates":[-117.51586,39.61886]}},{"type":"Feature","properties":{"acq_date":"2026-07-28","acq_time":922,"confidence":"n","satellite":"N","instrument":"VIIRS","version":"2.0NRT","bright_ti4":298.78,"frp":1.23,"daynight":"N"},"geometry":{"type":"Point","coordinates":[-117.52196,39.61941]}},{"type":"Feature","properties":{"acq_date":"2026-07-28","acq_time":922,"confidence":"n","satellite":"N","instrument":"VIIRS","version":"2.0NRT","bright_ti4":340.73,"frp":92.54,"daynight":"N"},"geometry":{"type":"Point","coordinates":[-117.48335,39.62041]}},{"type":"Feature","properties":{"acq_date":"2026-07-28","acq_time":922,"confidence":"n","satellite":"N","instrument":"VIIRS","version":"2.0NRT","bright_ti4":352.37,"frp":214.48,"daynight":"N"},"geometry":{"type":"Point","coordinates":[-117.48917,39.62093]}},{"type":"Feature","properties":{"acq_date":"2026-07-28","acq_time":922,"confidence":"h","satellite":"N","instrument":"VIIRS","version":"2.0NRT","bright_ti4":367,"frp":214.48,"daynight":"N"},"geometry":{"type":"Point","coordinates":[-117.49529,39.62148]}},{"type":"Feature","properties":{"acq_date":"2026-07-28","acq_time":922,"confidence":"h","satellite":"N","instrument":"VIIRS","version":"2.0NRT","bright_ti4":367,"frp":48.61,"daynight":"N"},"geometry":{"type":"Point","coordinates":[-117.50157,39.62205]}},{"type":"Feature","properties":{"acq_date":"2026-07-28","acq_time":922,"confidence":"n","satellite":"N","instrument":"VIIRS","version":"2.0NRT","bright_ti4":351.52,"frp":48.61,"daynight":"N"},"geometry":{"type":"Point","coordinates":[-117.50834,39.62265]}},{"type":"Feature","properties":{"acq_date":"2026-07-28","acq_time":922,"confidence":"n","satellite":"N","instrument":"VIIRS","version":"2.0NRT","bright_ti4":314.22,"frp":1.23,"daynight":"N"},"geometry":{"type":"Point","coordinates":[-117.51505,39.62326]}},{"type":"Feature","properties":{"acq_date":"2026-07-28","acq_time":922,"confidence":"n","satellite":"N","instrument":"VIIRS","version":"2.0NRT","bright_ti4":300.25,"frp":1.23,"daynight":"N"},"geometry":{"type":"Point","coordinates":[-117.52129,39.62382]}},{"type":"Feature","properties":{"acq_date":"2026-07-28","acq_time":922,"confidence":"n","satellite":"N","instrument":"VIIRS","version":"2.0NRT","bright_ti4":338.76,"frp":20.3,"daynight":"N"},"geometry":{"type":"Point","coordinates":[-117.48132,39.62405]}},{"type":"Feature","properties":{"acq_date":"2026-07-28","acq_time":922,"confidence":"n","satellite":"N","instrument":"VIIRS","version":"2.0NRT","bright_ti4":355.65,"frp":20.3,"daynight":"N"},"geometry":{"type":"Point","coordinates":[-117.48726,39.62454]}},{"type":"Feature","properties":{"acq_date":"2026-07-28","acq_time":922,"confidence":"n","satellite":"N","instrument":"VIIRS","version":"2.0NRT","bright_ti4":340.94,"frp":13.15,"daynight":"N"},"geometry":{"type":"Point","coordinates":[-117.48194,39.62474]}},{"type":"Feature","properties":{"acq_date":"2026-07-28","acq_time":922,"confidence":"n","satellite":"N","instrument":"VIIRS","version":"2.0NRT","bright_ti4":354.69,"frp":42.9,"daynight":"N"},"geometry":{"type":"Point","coordinates":[-117.49343,39.62505]}},{"type":"Feature","properties":{"acq_date":"2026-07-28","acq_time":922,"confidence":"n","satellite":"N","instrument":"VIIRS","version":"2.0NRT","bright_ti4":352.85,"frp":29.95,"daynight":"N"},"geometry":{"type":"Point","coordinates":[-117.48795,39.62528]}},{"type":"Feature","properties":{"acq_date":"2026-07-28","acq_time":922,"confidence":"n","satellite":"N","instrument":"VIIRS","version":"2.0NRT","bright_ti4":348.06,"frp":42.9,"daynight":"N"},"geometry":{"type":"Point","coordinates":[-117.49984,39.62559]}},{"type":"Feature","properties":{"acq_date":"2026-07-28","acq_time":922,"confidence":"n","satellite":"N","instrument":"VIIRS","version":"2.0NRT","bright_ti4":355.85,"frp":29.95,"daynight":"N"},"geometry":{"type":"Point","coordinates":[-117.49416,39.62584]}},{"type":"Feature","properties":{"acq_date":"2026-07-28","acq_time":922,"confidence":"h","satellite":"N","instrument":"VIIRS","version":"2.0NRT","bright_ti4":367,"frp":24.03,"daynight":"N"},"geometry":{"type":"Point","coordinates":[-117.50665,39.62615]}},{"type":"Feature","properties":{"acq_date":"2026-07-28","acq_time":922,"confidence":"n","satellite":"N","instrument":"VIIRS","version":"2.0NRT","bright_ti4":338.99,"frp":42.79,"daynight":"N"},"geometry":{"type":"Point","coordinates":[-117.50063,39.62643]}},{"type":"Feature","properties":{"acq_date":"2026-07-28","acq_time":922,"confidence":"n","satellite":"N","instrument":"VIIRS","version":"2.0NRT","bright_ti4":332.68,"frp":24.03,"daynight":"N"},"geometry":{"type":"Point","coordinates":[-117.51354,39.62672]}},{"type":"Feature","properties":{"acq_date":"2026-07-28","acq_time":922,"confidence":"h","satellite":"N","instrument":"VIIRS","version":"2.0NRT","bright_ti4":367,"frp":42.79,"daynight":"N"},"geometry":{"type":"Point","coordinates":[-117.50748,39.62705]}},{"type":"Feature","properties":{"acq_date":"2026-07-28","acq_time":922,"confidence":"n","satellite":"N","instrument":"VIIRS","version":"2.0NRT","bright_ti4":298.74,"frp":3.12,"daynight":"N"},"geometry":{"type":"Point","coordinates":[-117.51995,39.62725]}},{"type":"Feature","properties":{"acq_date":"2026-07-28","acq_time":922,"confidence":"n","satellite":"N","instrument":"VIIRS","version":"2.0NRT","bright_ti4":324.81,"frp":7.06,"daynight":"N"},"geometry":{"type":"Point","coordinates":[-117.51432,39.62766]}},{"type":"Feature","properties":{"acq_date":"2026-07-28","acq_time":922,"confidence":"n","satellite":"N","instrument":"VIIRS","version":"2.0NRT","bright_ti4":325.42,"frp":20.3,"daynight":"N"},"geometry":{"type":"Point","coordinates":[-117.48591,39.62889]}},{"type":"Feature","properties":{"acq_date":"2026-07-28","acq_time":922,"confidence":"n","satellite":"N","instrument":"VIIRS","version":"2.0NRT","bright_ti4":352.03,"frp":42.9,"daynight":"N"},"geometry":{"type":"Point","coordinates":[-117.49222,39.62941]}},{"type":"Feature","properties":{"acq_date":"2026-07-28","acq_time":922,"confidence":"n","satellite":"N","instrument":"VIIRS","version":"2.0NRT","bright_ti4":330.67,"frp":29.95,"daynight":"N"},"geometry":{"type":"Point","coordinates":[-117.48663,39.62962]}},{"type":"Feature","properties":{"acq_date":"2026-07-28","acq_time":922,"confidence":"n","satellite":"N","instrument":"VIIRS","version":"2.0NRT","bright_ti4":356.81,"frp":42.9,"daynight":"N"},"geometry":{"type":"Point","coordinates":[-117.49876,39.62996]}},{"type":"Feature","properties":{"acq_date":"2026-07-28","acq_time":922,"confidence":"n","satellite":"N","instrument":"VIIRS","version":"2.0NRT","bright_ti4":349.68,"frp":29.95,"daynight":"N"},"geometry":{"type":"Point","coordinates":[-117.49293,39.63019]}},{"type":"Feature","properties":{"acq_date":"2026-07-28","acq_time":922,"confidence":"h","satellite":"N","instrument":"VIIRS","version":"2.0NRT","bright_ti4":367,"frp":24.03,"daynight":"N"},"geometry":{"type":"Point","coordinates":[-117.50578,39.63054]}},{"type":"Feature","properties":{"acq_date":"2026-07-28","acq_time":922,"confidence":"n","satellite":"N","instrument":"VIIRS","version":"2.0NRT","bright_ti4":356.65,"frp":42.79,"daynight":"N"},"geometry":{"type":"Point","coordinates":[-117.49958,39.63079]}},{"type":"Feature","properties":{"acq_date":"2026-07-28","acq_time":922,"confidence":"n","satellite":"N","instrument":"VIIRS","version":"2.0NRT","bright_ti4":346.13,"frp":24.03,"daynight":"N"},"geometry":{"type":"Point","coordinates":[-117.51278,39.63112]}},{"type":"Feature","properties":{"acq_date":"2026-07-28","acq_time":922,"confidence":"h","satellite":"N","instrument":"VIIRS","version":"2.0NRT","bright_ti4":367,"frp":42.79,"daynight":"N"},"geometry":{"type":"Point","coordinates":[-117.50665,39.63144]}},{"type":"Feature","properties":{"acq_date":"2026-07-28","acq_time":922,"confidence":"n","satellite":"N","instrument":"VIIRS","version":"2.0NRT","bright_ti4":339.89,"frp":7.06,"daynight":"N"},"geometry":{"type":"Point","coordinates":[-117.51358,39.63206]}},{"type":"Feature","properties":{"acq_date":"2026-07-28","acq_time":922,"confidence":"n","satellite":"N","instrument":"VIIRS","version":"2.0NRT","bright_ti4":338.07,"frp":7.19,"daynight":"N"},"geometry":{"type":"Point","coordinates":[-117.48453,39.63323]}},{"type":"Feature","properties":{"acq_date":"2026-07-28","acq_time":922,"confidence":"n","satellite":"N","instrument":"VIIRS","version":"2.0NRT","bright_ti4":356.29,"frp":20.28,"daynight":"N"},"geometry":{"type":"Point","coordinates":[-117.49081,39.63376]}},{"type":"Feature","properties":{"acq_date":"2026-07-28","acq_time":922,"confidence":"n","satellite":"N","instrument":"VIIRS","version":"2.0NRT","bright_ti4":345.54,"frp":12.53,"daynight":"N"},"geometry":{"type":"Point","coordinates":[-117.48525,39.63396]}},{"type":"Feature","properties":{"acq_date":"2026-07-28","acq_time":922,"confidence":"n","satellite":"N","instrument":"VIIRS","version":"2.0NRT","bright_ti4":356.46,"frp":20.28,"daynight":"N"},"geometry":{"type":"Point","coordinates":[-117.49754,39.63432]}},{"type":"Feature","properties":{"acq_date":"2026-07-28","acq_time":922,"confidence":"h","satellite":"N","instrument":"VIIRS","version":"2.0NRT","bright_ti4":367,"frp":12.53,"daynight":"N"},"geometry":{"type":"Point","coordinates":[-117.49153,39.63453]}},{"type":"Feature","properties":{"acq_date":"2026-07-28","acq_time":922,"confidence":"h","satellite":"N","instrument":"VIIRS","version":"2.0NRT","bright_ti4":367,"frp":23.53,"daynight":"N"},"geometry":{"type":"Point","coordinates":[-117.50488,39.63493]}},{"type":"Feature","properties":{"acq_date":"2026-07-28","acq_time":922,"confidence":"h","satellite":"N","instrument":"VIIRS","version":"2.0NRT","bright_ti4":367,"frp":22.78,"daynight":"N"},"geometry":{"type":"Point","coordinates":[-117.49839,39.63515]}},{"type":"Feature","properties":{"acq_date":"2026-07-28","acq_time":922,"confidence":"n","satellite":"N","instrument":"VIIRS","version":"2.0NRT","bright_ti4":354.21,"frp":23.53,"daynight":"N"},"geometry":{"type":"Point","coordinates":[-117.51196,39.63552]}},{"type":"Feature","properties":{"acq_date":"2026-07-28","acq_time":922,"confidence":"n","satellite":"N","instrument":"VIIRS","version":"2.0NRT","bright_ti4":355.7,"frp":22.78,"daynight":"N"},"geometry":{"type":"Point","coordinates":[-117.50578,39.63582]}},{"type":"Feature","properties":{"acq_date":"2026-07-28","acq_time":922,"confidence":"n","satellite":"N","instrument":"VIIRS","version":"2.0NRT","bright_ti4":348.74,"frp":19.31,"daynight":"N"},"geometry":{"type":"Point","coordinates":[-117.51279,39.63646]}},{"type":"Feature","properties":{"acq_date":"2026-07-28","acq_time":922,"confidence":"n","satellite":"N","instrument":"VIIRS","version":"2.0NRT","bright_ti4":304.02,"frp":20.28,"daynight":"N"},"geometry":{"type":"Point","coordinates":[-117.48935,39.6381]}},{"type":"Feature","properties":{"acq_date":"2026-07-28","acq_time":922,"confidence":"n","satellite":"N","instrument":"VIIRS","version":"2.0NRT","bright_ti4":354.49,"frp":20.28,"daynight":"N"},"geometry":{"type":"Point","coordinates":[-117.49619,39.63868]}},{"type":"Feature","properties":{"acq_date":"2026-07-28","acq_time":922,"confidence":"n","satellite":"N","instrument":"VIIRS","version":"2.0NRT","bright_ti4":302.34,"frp":12.53,"daynight":"N"},"geometry":{"type":"Point","coordinates":[-117.49007,39.63885]}},{"type":"Feature","properties":{"acq_date":"2026-07-28","acq_time":922,"confidence":"n","satellite":"N","instrument":"VIIRS","version":"2.0NRT","bright_ti4":353.17,"frp":23.53,"daynight":"N"},"geometry":{"type":"Point","coordinates":[-117.50392,39.63931]}},{"type":"Feature","properties":{"acq_date":"2026-07-28","acq_time":922,"confidence":"n","satellite":"N","instrument":"VIIRS","version":"2.0NRT","bright_ti4":355.82,"frp":22.78,"daynight":"N"},"geometry":{"type":"Point","coordinates":[-117.49707,39.63949]}},{"type":"Feature","properties":{"acq_date":"2026-07-28","acq_time":922,"confidence":"n","satellite":"N","instrument":"VIIRS","version":"2.0NRT","bright_ti4":354.79,"frp":23.53,"daynight":"N"},"geometry":{"type":"Point","coordinates":[-117.51099,39.6399]}},{"type":"Feature","properties":{"acq_date":"2026-07-28","acq_time":922,"confidence":"n","satellite":"N","instrument":"VIIRS","version":"2.0NRT","bright_ti4":355.2,"frp":22.78,"daynight":"N"},"geometry":{"type":"Point","coordinates":[-117.50483,39.6402]}},{"type":"Feature","properties":{"acq_date":"2026-07-28","acq_time":922,"confidence":"n","satellite":"N","instrument":"VIIRS","version":"2.0NRT","bright_ti4":313.44,"frp":7.35,"daynight":"N"},"geometry":{"type":"Point","coordinates":[-117.51791,39.64048]}},{"type":"Feature","properties":{"acq_date":"2026-07-28","acq_time":922,"confidence":"n","satellite":"N","instrument":"VIIRS","version":"2.0NRT","bright_ti4":348.84,"frp":19.31,"daynight":"N"},"geometry":{"type":"Point","coordinates":[-117.51178,39.64083]}},{"type":"Feature","properties":{"acq_date":"2026-07-28","acq_time":922,"confidence":"n","satellite":"N","instrument":"VIIRS","version":"2.0NRT","bright_ti4":320.13,"frp":7.35,"daynight":"N"},"geometry":{"type":"Point","coordinates":[-117.52455,39.64104]}},{"type":"Feature","properties":{"acq_date":"2026-07-28","acq_time":922,"confidence":"n","satellite":"N","instrument":"VIIRS","version":"2.0NRT","bright_ti4":330.24,"frp":19.31,"daynight":"N"},"geometry":{"type":"Point","coordinates":[-117.51875,39.64147]}},{"type":"Feature","properties":{"acq_date":"2026-07-28","acq_time":922,"confidence":"n","satellite":"N","instrument":"VIIRS","version":"2.0NRT","bright_ti4":319.38,"frp":3.69,"daynight":"N"},"geometry":{"type":"Point","coordinates":[-117.52536,39.64207]}},{"type":"Feature","properties":{"acq_date":"2026-07-28","acq_time":922,"confidence":"n","satellite":"N","instrument":"VIIRS","version":"2.0NRT","bright_ti4":302.74,"frp":1.51,"daynight":"N"},"geometry":{"type":"Point","coordinates":[-117.49473,39.64302]}},{"type":"Feature","properties":{"acq_date":"2026-07-28","acq_time":922,"confidence":"h","satellite":"N","instrument":"VIIRS","version":"2.0NRT","bright_ti4":367,"frp":9.26,"daynight":"N"},"geometry":{"type":"Point","coordinates":[-117.50279,39.64369]}},{"type":"Feature","properties":{"acq_date":"2026-07-28","acq_time":922,"confidence":"n","satellite":"N","instrument":"VIIRS","version":"2.0NRT","bright_ti4":344.1,"frp":9.26,"daynight":"N"},"geometry":{"type":"Point","coordinates":[-117.50988,39.64428]}},{"type":"Feature","properties":{"acq_date":"2026-07-28","acq_time":922,"confidence":"n","satellite":"N","instrument":"VIIRS","version":"2.0NRT","bright_ti4":317.5,"frp":14.52,"daynight":"N"},"geometry":{"type":"Point","coordinates":[-117.517,39.64488]}},{"type":"Feature","properties":{"acq_date":"2026-07-28","acq_time":922,"confidence":"n","satellite":"N","instrument":"VIIRS","version":"2.0NRT","bright_ti4":340.09,"frp":14.52,"daynight":"N"},"geometry":{"type":"Point","coordinates":[-117.52396,39.64545]}},{"type":"Feature","properties":{"acq_date":"2026-07-28","acq_time":922,"confidence":"n","satellite":"N","instrument":"VIIRS","version":"2.0NRT","bright_ti4":305.15,"frp":1.51,"daynight":"N"},"geometry":{"type":"Point","coordinates":[-117.49413,39.64742]}},{"type":"Feature","properties":{"acq_date":"2026-07-28","acq_time":922,"confidence":"n","satellite":"N","instrument":"VIIRS","version":"2.0NRT","bright_ti4":341.05,"frp":9.26,"daynight":"N"},"geometry":{"type":"Point","coordinates":[-117.50205,39.64809]}},{"type":"Feature","properties":{"acq_date":"2026-07-28","acq_time":922,"confidence":"n","satellite":"N","instrument":"VIIRS","version":"2.0NRT","bright_ti4":351.74,"frp":9.26,"daynight":"N"},"geometry":{"type":"Point","coordinates":[-117.50931,39.64869]}},{"type":"Feature","properties":{"acq_date":"2026-07-28","acq_time":922,"confidence":"n","satellite":"N","instrument":"VIIRS","version":"2.0NRT","bright_ti4":324.24,"frp":14.52,"daynight":"N"},"geometry":{"type":"Point","coordinates":[-117.51645,39.6493]}},{"type":"Feature","properties":{"acq_date":"2026-07-28","acq_time":922,"confidence":"n","satellite":"N","instrument":"VIIRS","version":"2.0NRT","bright_ti4":344.15,"frp":14.52,"daynight":"N"},"geometry":{"type":"Point","coordinates":[-117.52341,39.64988]}},{"type":"Feature","properties":{"acq_date":"2026-07-28","acq_time":922,"confidence":"n","satellite":"N","instrument":"VIIRS","version":"2.0NRT","bright_ti4":334.82,"frp":4.68,"daynight":"N"},"geometry":{"type":"Point","coordinates":[-117.54768,39.65193]}},{"type":"Feature","properties":{"acq_date":"2026-07-28","acq_time":922,"confidence":"n","satellite":"N","instrument":"VIIRS","version":"2.0NRT","bright_ti4":303.42,"frp":1.62,"daynight":"N"},"geometry":{"type":"Point","coordinates":[-117.49487,39.65194]}},{"type":"Feature","properties":{"acq_date":"2026-07-28","acq_time":922,"confidence":"n","satellite":"N","instrument":"VIIRS","version":"2.0NRT","bright_ti4":295.98,"frp":0.52,"daynight":"N"},"geometry":{"type":"Point","coordinates":[-117.44613,39.65222]}},{"type":"Feature","properties":{"acq_date":"2026-07-28","acq_time":922,"confidence":"n","satellite":"N","instrument":"VIIRS","version":"2.0NRT","bright_ti4":314.36,"frp":1.87,"daynight":"N"},"geometry":{"type":"Point","coordinates":[-117.50201,39.65254]}},{"type":"Feature","properties":{"acq_date":"2026-07-28","acq_time":922,"confidence":"n","satellite":"N","instrument":"VIIRS","version":"2.0NRT","bright_ti4":309.2,"frp":1.87,"daynight":"N"},"geometry":{"type":"Point","coordinates":[-117.509,39.65313]}},{"type":"Feature","properties":{"acq_date":"2026-07-28","acq_time":922,"confidence":"n","satellite":"N","instrument":"VIIRS","version":"2.0NRT","bright_ti4":325.96,"frp":2.85,"daynight":"N"},"geometry":{"type":"Point","coordinates":[-117.5229,39.6543]}},{"type":"Feature","properties":{"acq_date":"2026-07-28","acq_time":922,"confidence":"n","satellite":"N","instrument":"VIIRS","version":"2.0NRT","bright_ti4":308.67,"frp":1.62,"daynight":"N"},"geometry":{"type":"Point","coordinates":[-117.48811,39.65583]}},{"type":"Feature","properties":{"acq_date":"2026-07-28","acq_time":922,"confidence":"n","satellite":"N","instrument":"VIIRS","version":"2.0NRT","bright_ti4":298.88,"frp":15.07,"daynight":"N"},"geometry":{"type":"Point","coordinates":[-117.54115,39.65585]}},{"type":"Feature","properties":{"acq_date":"2026-07-28","acq_time":922,"confidence":"n","satellite":"N","instrument":"VIIRS","version":"2.0NRT","bright_ti4":355.7,"frp":15.07,"daynight":"N"},"geometry":{"type":"Point","coordinates":[-117.54707,39.65635]}},{"type":"Feature","properties":{"acq_date":"2026-07-28","acq_time":922,"confidence":"n","satellite":"N","instrument":"VIIRS","version":"2.0NRT","bright_ti4":314.56,"frp":1.62,"daynight":"N"},"geometry":{"type":"Point","coordinates":[-117.49538,39.65644]}},{"type":"Feature","properties":{"acq_date":"2026-07-28","acq_time":922,"confidence":"n","satellite":"N","instrument":"VIIRS","version":"2.0NRT","bright_ti4":309.79,"frp":1.87,"daynight":"N"},"geometry":{"type":"Point","coordinates":[-117.50217,39.65702]}},{"type":"Feature","properties":{"acq_date":"2026-07-28","acq_time":922,"confidence":"n","satellite":"N","instrument":"VIIRS","version":"2.0NRT","bright_ti4":316.99,"frp":2.85,"daynight":"N"},"geometry":{"type":"Point","coordinates":[-117.5157,39.65816]}},{"type":"Feature","properties":{"acq_date":"2026-07-28","acq_time":922,"confidence":"n","satellite":"N","instrument":"VIIRS","version":"2.0NRT","bright_ti4":337.2,"frp":15.07,"daynight":"N"},"geometry":{"type":"Point","coordinates":[-117.5405,39.66027]}},{"type":"Feature","properties":{"acq_date":"2026-07-28","acq_time":922,"confidence":"n","satellite":"N","instrument":"VIIRS","version":"2.0NRT","bright_ti4":321.17,"frp":1.94,"daynight":"N"},"geometry":{"type":"Point","coordinates":[-117.48814,39.66029]}},{"type":"Feature","properties":{"acq_date":"2026-07-28","acq_time":922,"confidence":"n","satellite":"N","instrument":"VIIRS","version":"2.0NRT","bright_ti4":340.58,"frp":15.07,"daynight":"N"},"geometry":{"type":"Point","coordinates":[-117.54643,39.66077]}},{"type":"Feature","properties":{"acq_date":"2026-07-28","acq_time":922,"confidence":"n","satellite":"N","instrument":"VIIRS","version":"2.0NRT","bright_ti4":312.24,"frp":1.94,"daynight":"N"},"geometry":{"type":"Point","coordinates":[-117.49564,39.66093]}},{"type":"Feature","properties":{"acq_date":"2026-07-28","acq_time":922,"confidence":"n","satellite":"N","instrument":"VIIRS","version":"2.0NRT","bright_ti4":313.46,"frp":1.51,"daynight":"N"},"geometry":{"type":"Point","coordinates":[-117.50243,39.66151]}},{"type":"Feature","properties":{"acq_date":"2026-07-28","acq_time":922,"confidence":"n","satellite":"N","instrument":"VIIRS","version":"2.0NRT","bright_ti4":313.75,"frp":1.51,"daynight":"N"},"geometry":{"type":"Point","coordinates":[-117.50888,39.66206]}},{"type":"Feature","properties":{"acq_date":"2026-07-28","acq_time":922,"confidence":"n","satellite":"N","instrument":"VIIRS","version":"2.0NRT","bright_ti4":308.64,"frp":3.25,"daynight":"N"},"geometry":{"type":"Point","coordinates":[-117.5153,39.6626]}},{"type":"Feature","properties":{"acq_date":"2026-07-28","acq_time":922,"confidence":"n","satellite":"N","instrument":"VIIRS","version":"2.0NRT","bright_ti4":355.11,"frp":17.01,"daynight":"N"},"geometry":{"type":"Point","coordinates":[-117.53984,39.66469]}},{"type":"Feature","properties":{"acq_date":"2026-07-28","acq_time":922,"confidence":"n","satellite":"N","instrument":"VIIRS","version":"2.0NRT","bright_ti4":309.99,"frp":1.94,"daynight":"N"},"geometry":{"type":"Point","coordinates":[-117.48816,39.66475]}},{"type":"Feature","properties":{"acq_date":"2026-07-28","acq_time":922,"confidence":"n","satellite":"N","instrument":"VIIRS","version":"2.0NRT","bright_ti4":301.51,"frp":17.01,"daynight":"N"},"geometry":{"type":"Point","coordinates":[-117.54578,39.6652]}},{"type":"Feature","properties":{"acq_date":"2026-07-28","acq_time":922,"confidence":"n","satellite":"N","instrument":"VIIRS","version":"2.0NRT","bright_ti4":314.13,"frp":1.94,"daynight":"N"},"geometry":{"type":"Point","coordinates":[-117.49559,39.66539]}},{"type":"Feature","properties":{"acq_date":"2026-07-28","acq_time":922,"confidence":"n","satellite":"N","instrument":"VIIRS","version":"2.0NRT","bright_ti4":304.18,"frp":1.51,"daynight":"N"},"geometry":{"type":"Point","coordinates":[-117.50215,39.66595]}},{"type":"Feature","properties":{"acq_date":"2026-07-28","acq_time":922,"confidence":"n","satellite":"N","instrument":"VIIRS","version":"2.0NRT","bright_ti4":301.84,"frp":1.51,"daynight":"N"},"geometry":{"type":"Point","coordinates":[-117.50845,39.66648]}},{"type":"Feature","properties":{"acq_date":"2026-07-28","acq_time":922,"confidence":"n","satellite":"N","instrument":"VIIRS","version":"2.0NRT","bright_ti4":348.92,"frp":11.53,"daynight":"N"},"geometry":{"type":"Point","coordinates":[-117.53324,39.6686]}},{"type":"Feature","properties":{"acq_date":"2026-07-28","acq_time":922,"confidence":"n","satellite":"N","instrument":"VIIRS","version":"2.0NRT","bright_ti4":299.62,"frp":0.99,"daynight":"N"},"geometry":{"type":"Point","coordinates":[-117.48116,39.66861]}},{"type":"Feature","properties":{"acq_date":"2026-07-28","acq_time":922,"confidence":"n","satellite":"N","instrument":"VIIRS","version":"2.0NRT","bright_ti4":339.01,"frp":17.01,"daynight":"N"},"geometry":{"type":"Point","coordinates":[-117.53921,39.66911]}},{"type":"Feature","properties":{"acq_date":"2026-07-28","acq_time":922,"confidence":"n","satellite":"N","instrument":"VIIRS","version":"2.0NRT","bright_ti4":301.32,"frp":2.27,"daynight":"N"},"geometry":{"type":"Point","coordinates":[-117.49538,39.66983]}},{"type":"Feature","properties":{"acq_date":"2026-07-28","acq_time":922,"confidence":"n","satellite":"N","instrument":"VIIRS","version":"2.0NRT","bright_ti4":298.89,"frp":1.87,"daynight":"N"},"geometry":{"type":"Point","coordinates":[-117.52068,39.672]}},{"type":"Feature","properties":{"acq_date":"2026-07-28","acq_time":922,"confidence":"n","satellite":"N","instrument":"VIIRS","version":"2.0NRT","bright_ti4":324.06,"frp":3.28,"daynight":"N"},"geometry":{"type":"Point","coordinates":[-117.52673,39.67252]}},{"type":"Feature","properties":{"acq_date":"2026-07-28","acq_time":922,"confidence":"n","satellite":"N","instrument":"VIIRS","version":"2.0NRT","bright_ti4":303.17,"frp":1.88,"daynight":"N"},"geometry":{"type":"Point","coordinates":[-117.50749,39.67533]}},{"type":"Feature","properties":{"acq_date":"2026-07-28","acq_time":922,"confidence":"n","satellite":"N","instrument":"VIIRS","version":"2.0NRT","bright_ti4":302.62,"frp":1.91,"daynight":"N"},"geometry":{"type":"Point","coordinates":[-117.49506,39.67873]}},{"type":"Feature","properties":{"acq_date":"2026-07-28","acq_time":922,"confidence":"n","satellite":"N","instrument":"VIIRS","version":"2.0NRT","bright_ti4":297.8,"frp":0.47,"daynight":"N"},"geometry":{"type":"Point","coordinates":[-120.11279,39.70074]}},{"type":"Feature","properties":{"acq_date":"2026-07-28","acq_time":922,"confidence":"n","satellite":"N","instrument":"VIIRS","version":"2.0NRT","bright_ti4":298.31,"frp":1.22,"daynight":"N"},"geometry":{"type":"Point","coordinates":[-120.10897,39.70562]}},{"type":"Feature","properties":{"acq_date":"2026-07-28","acq_time":922,"confidence":"n","satellite":"N","instrument":"VIIRS","version":"2.0NRT","bright_ti4":325.31,"frp":1.22,"daynight":"N"},"geometry":{"type":"Point","coordinates":[-120.11217,39.70583]}},{"type":"Feature","properties":{"acq_date":"2026-07-28","acq_time":922,"confidence":"n","satellite":"N","instrument":"VIIRS","version":"2.0NRT","bright_ti4":304.06,"frp":1.49,"daynight":"N"},"geometry":{"type":"Point","coordinates":[-120.11524,39.70604]}},{"type":"Feature","properties":{"acq_date":"2026-07-28","acq_time":922,"confidence":"n","satellite":"N","instrument":"VIIRS","version":"2.0NRT","bright_ti4":296.88,"frp":0.71,"daynight":"N"},"geometry":{"type":"Point","coordinates":[-120.13693,39.71261]}},{"type":"Feature","properties":{"acq_date":"2026-07-28","acq_time":922,"confidence":"n","satellite":"N","instrument":"VIIRS","version":"2.0NRT","bright_ti4":297.95,"frp":0.71,"daynight":"N"},"geometry":{"type":"Point","coordinates":[-120.14002,39.71281]}},{"type":"Feature","properties":{"acq_date":"2026-07-28","acq_time":922,"confidence":"n","satellite":"N","instrument":"VIIRS","version":"2.0NRT","bright_ti4":315.25,"frp":1.79,"daynight":"N"},"geometry":{"type":"Point","coordinates":[-120.14303,39.71302]}},{"type":"Feature","properties":{"acq_date":"2026-07-28","acq_time":922,"confidence":"n","satellite":"N","instrument":"VIIRS","version":"2.0NRT","bright_ti4":300.01,"frp":1.41,"daynight":"N"},"geometry":{"type":"Point","coordinates":[-117.49485,39.71444]}},{"type":"Feature","properties":{"acq_date":"2026-07-28","acq_time":922,"confidence":"n","satellite":"N","instrument":"VIIRS","version":"2.0NRT","bright_ti4":308.53,"frp":1.41,"daynight":"N"},"geometry":{"type":"Point","coordinates":[-117.50155,39.71504]}},{"type":"Feature","properties":{"acq_date":"2026-07-28","acq_time":922,"confidence":"n","satellite":"N","instrument":"VIIRS","version":"2.0NRT","bright_ti4":301.12,"frp":1.33,"daynight":"N"},"geometry":{"type":"Point","coordinates":[-117.50824,39.71563]}},{"type":"Feature","properties":{"acq_date":"2026-07-28","acq_time":922,"confidence":"n","satellite":"N","instrument":"VIIRS","version":"2.0NRT","bright_ti4":316.16,"frp":0.98,"daynight":"N"},"geometry":{"type":"Point","coordinates":[-120.12727,39.71711]}},{"type":"Feature","properties":{"acq_date":"2026-07-28","acq_time":922,"confidence":"n","satellite":"N","instrument":"VIIRS","version":"2.0NRT","bright_ti4":308.92,"frp":1.41,"daynight":"N"},"geometry":{"type":"Point","coordinates":[-117.49454,39.71888]}},{"type":"Feature","properties":{"acq_date":"2026-07-28","acq_time":922,"confidence":"n","satellite":"N","instrument":"VIIRS","version":"2.0NRT","bright_ti4":317.71,"frp":1.41,"daynight":"N"},"geometry":{"type":"Point","coordinates":[-117.50112,39.71947]}},{"type":"Feature","properties":{"acq_date":"2026-07-28","acq_time":922,"confidence":"n","satellite":"N","instrument":"VIIRS","version":"2.0NRT","bright_ti4":302.23,"frp":1.33,"daynight":"N"},"geometry":{"type":"Point","coordinates":[-117.50767,39.72005]}},{"type":"Feature","properties":{"acq_date":"2026-07-28","acq_time":922,"confidence":"n","satellite":"N","instrument":"VIIRS","version":"2.0NRT","bright_ti4":315.93,"frp":1.98,"daynight":"N"},"geometry":{"type":"Point","coordinates":[-117.48734,39.72271]}},{"type":"Feature","properties":{"acq_date":"2026-07-28","acq_time":922,"confidence":"n","satellite":"N","instrument":"VIIRS","version":"2.0NRT","bright_ti4":317.59,"frp":3.59,"daynight":"N"},"geometry":{"type":"Point","coordinates":[-117.49424,39.72332]}},{"type":"Feature","properties":{"acq_date":"2026-07-28","acq_time":922,"confidence":"n","satellite":"N","instrument":"VIIRS","version":"2.0NRT","bright_ti4":325.28,"frp":3.59,"daynight":"N"},"geometry":{"type":"Point","coordinates":[-117.50066,39.7239]}},{"type":"Feature","properties":{"acq_date":"2026-07-28","acq_time":922,"confidence":"n","satellite":"N","instrument":"VIIRS","version":"2.0NRT","bright_ti4":310.51,"frp":4.55,"daynight":"N"},"geometry":{"type":"Point","coordinates":[-117.50697,39.72446]}},{"type":"Feature","properties":{"acq_date":"2026-07-28","acq_time":922,"confidence":"n","satellite":"N","instrument":"VIIRS","version":"2.0NRT","bright_ti4":305.66,"frp":4.55,"daynight":"N"},"geometry":{"type":"Point","coordinates":[-117.51335,39.72503]}},{"type":"Feature","properties":{"acq_date":"2026-07-28","acq_time":922,"confidence":"n","satellite":"N","instrument":"VIIRS","version":"2.0NRT","bright_ti4":303.61,"frp":1.98,"daynight":"N"},"geometry":{"type":"Point","coordinates":[-117.48102,39.72661]}},{"type":"Feature","properties":{"acq_date":"2026-07-28","acq_time":922,"confidence":"n","satellite":"N","instrument":"VIIRS","version":"2.0NRT","bright_ti4":319.27,"frp":1.98,"daynight":"N"},"geometry":{"type":"Point","coordinates":[-117.48731,39.72717]}},{"type":"Feature","properties":{"acq_date":"2026-07-28","acq_time":922,"confidence":"n","satellite":"N","instrument":"VIIRS","version":"2.0NRT","bright_ti4":328.45,"frp":3.59,"daynight":"N"},"geometry":{"type":"Point","coordinates":[-117.494,39.72778]}},{"type":"Feature","properties":{"acq_date":"2026-07-28","acq_time":922,"confidence":"n","satellite":"N","instrument":"VIIRS","version":"2.0NRT","bright_ti4":334.05,"frp":3.59,"daynight":"N"},"geometry":{"type":"Point","coordinates":[-117.5002,39.72832]}},{"type":"Feature","properties":{"acq_date":"2026-07-28","acq_time":922,"confidence":"n","satellite":"N","instrument":"VIIRS","version":"2.0NRT","bright_ti4":343.98,"frp":4.55,"daynight":"N"},"geometry":{"type":"Point","coordinates":[-117.5063,39.72887]}},{"type":"Feature","properties":{"acq_date":"2026-07-28","acq_time":922,"confidence":"n","satellite":"N","instrument":"VIIRS","version":"2.0NRT","bright_ti4":334.4,"frp":4.55,"daynight":"N"},"geometry":{"type":"Point","coordinates":[-117.51254,39.72943]}},{"type":"Feature","properties":{"acq_date":"2026-07-28","acq_time":922,"confidence":"n","satellite":"N","instrument":"VIIRS","version":"2.0NRT","bright_ti4":307.14,"frp":2.19,"daynight":"N"},"geometry":{"type":"Point","coordinates":[-117.48679,39.73039]}},{"type":"Feature","properties":{"acq_date":"2026-07-28","acq_time":922,"confidence":"n","satellite":"N","instrument":"VIIRS","version":"2.0NRT","bright_ti4":322.07,"frp":2.19,"daynight":"N"},"geometry":{"type":"Point","coordinates":[-117.49335,39.73093]}},{"type":"Feature","properties":{"acq_date":"2026-07-28","acq_time":922,"confidence":"n","satellite":"N","instrument":"VIIRS","version":"2.0NRT","bright_ti4":306.84,"frp":1.61,"daynight":"N"},"geometry":{"type":"Point","coordinates":[-117.49954,39.73144]}},{"type":"Feature","properties":{"acq_date":"2026-07-28","acq_time":922,"confidence":"n","satellite":"N","instrument":"VIIRS","version":"2.0NRT","bright_ti4":307.04,"frp":1.09,"daynight":"N"},"geometry":{"type":"Point","coordinates":[-117.48688,39.7316]}},{"type":"Feature","properties":{"acq_date":"2026-07-28","acq_time":922,"confidence":"n","satellite":"N","instrument":"VIIRS","version":"2.0NRT","bright_ti4":308.28,"frp":1.61,"daynight":"N"},"geometry":{"type":"Point","coordinates":[-117.50559,39.73195]}},{"type":"Feature","properties":{"acq_date":"2026-07-28","acq_time":922,"confidence":"n","satellite":"N","instrument":"VIIRS","version":"2.0NRT","bright_ti4":306.39,"frp":2.07,"daynight":"N"},"geometry":{"type":"Point","coordinates":[-117.49338,39.73219]}},{"type":"Feature","properties":{"acq_date":"2026-07-28","acq_time":922,"confidence":"n","satellite":"N","instrument":"VIIRS","version":"2.0NRT","bright_ti4":324.15,"frp":2.77,"daynight":"N"},"geometry":{"type":"Point","coordinates":[-117.51178,39.73246]}},{"type":"Feature","properties":{"acq_date":"2026-07-28","acq_time":922,"confidence":"n","satellite":"N","instrument":"VIIRS","version":"2.0NRT","bright_ti4":295.42,"frp":5.63,"daynight":"N"},"geometry":{"type":"Point","coordinates":[-116.91669,41.46014]}},{"type":"Feature","properties":{"acq_date":"2026-07-28","acq_time":922,"confidence":"n","satellite":"N","instrument":"VIIRS","version":"2.0NRT","bright_ti4":346.42,"frp":5.63,"daynight":"N"},"geometry":{"type":"Point","coordinates":[-116.92207,41.46061]}},{"type":"Feature","properties":{"acq_date":"2026-07-28","acq_time":922,"confidence":"n","satellite":"N","instrument":"VIIRS","version":"2.0NRT","bright_ti4":303.54,"frp":7.21,"daynight":"N"},"geometry":{"type":"Point","coordinates":[-116.92767,41.46109]}},{"type":"Feature","properties":{"acq_date":"2026-07-28","acq_time":922,"confidence":"n","satellite":"N","instrument":"VIIRS","version":"2.0NRT","bright_ti4":337.02,"frp":5.63,"daynight":"N"},"geometry":{"type":"Point","coordinates":[-116.92107,41.46494]}},{"type":"Feature","properties":{"acq_date":"2026-07-28","acq_time":922,"confidence":"n","satellite":"N","instrument":"VIIRS","version":"2.0NRT","bright_ti4":337.12,"frp":7.21,"daynight":"N"},"geometry":{"type":"Point","coordinates":[-116.92661,41.46543]}},{"type":"Feature","properties":{"acq_date":"2026-07-28","acq_time":922,"confidence":"n","satellite":"N","instrument":"VIIRS","version":"2.0NRT","bright_ti4":308.41,"frp":2.15,"daynight":"N"},"geometry":{"type":"Point","coordinates":[-117.00353,42.42746]}},{"type":"Feature","properties":{"acq_date":"2026-07-28","acq_time":922,"confidence":"n","satellite":"N","instrument":"VIIRS","version":"2.0NRT","bright_ti4":311.97,"frp":2.35,"daynight":"N"},"geometry":{"type":"Point","coordinates":[-117.0095,42.42795]}},{"type":"Feature","properties":{"acq_date":"2026-07-28","acq_time":922,"confidence":"n","satellite":"N","instrument":"VIIRS","version":"2.0NRT","bright_ti4":325.72,"frp":2.35,"daynight":"N"},"geometry":{"type":"Point","coordinates":[-117.0155,42.42846]}},{"type":"Feature","properties":{"acq_date":"2026-07-28","acq_time":922,"confidence":"n","satellite":"N","instrument":"VIIRS","version":"2.0NRT","bright_ti4":315.65,"frp":3.68,"daynight":"N"},"geometry":{"type":"Point","coordinates":[-117.02149,42.42895]}},{"type":"Feature","properties":{"acq_date":"2026-07-28","acq_time":922,"confidence":"n","satellite":"N","instrument":"VIIRS","version":"2.0NRT","bright_ti4":301.72,"frp":7.83,"daynight":"N"},"geometry":{"type":"Point","coordinates":[-116.97318,42.4294]}},{"type":"Feature","properties":{"acq_date":"2026-07-28","acq_time":922,"confidence":"n","satellite":"N","instrument":"VIIRS","version":"2.0NRT","bright_ti4":336.79,"frp":7.83,"daynight":"N"},"geometry":{"type":"Point","coordinates":[-116.97917,42.4299]}},{"type":"Feature","properties":{"acq_date":"2026-07-28","acq_time":922,"confidence":"n","satellite":"N","instrument":"VIIRS","version":"2.0NRT","bright_ti4":338.01,"frp":9.16,"daynight":"N"},"geometry":{"type":"Point","coordinates":[-116.9851,42.4304]}},{"type":"Feature","properties":{"acq_date":"2026-07-28","acq_time":922,"confidence":"n","satellite":"N","instrument":"VIIRS","version":"2.0NRT","bright_ti4":338.78,"frp":9.16,"daynight":"N"},"geometry":{"type":"Point","coordinates":[-116.991,42.4309]}},{"type":"Feature","properties":{"acq_date":"2026-07-28","acq_time":922,"confidence":"n","satellite":"N","instrument":"VIIRS","version":"2.0NRT","bright_ti4":344.58,"frp":4.21,"daynight":"N"},"geometry":{"type":"Point","coordinates":[-116.9969,42.43139]}},{"type":"Feature","properties":{"acq_date":"2026-07-28","acq_time":922,"confidence":"n","satellite":"N","instrument":"VIIRS","version":"2.0NRT","bright_ti4":331.4,"frp":4.21,"daynight":"N"},"geometry":{"type":"Point","coordinates":[-117.00279,42.43188]}},{"type":"Feature","properties":{"acq_date":"2026-07-28","acq_time":922,"confidence":"n","satellite":"N","instrument":"VIIRS","version":"2.0NRT","bright_ti4":314.33,"frp":2.51,"daynight":"N"},"geometry":{"type":"Point","coordinates":[-117.00872,42.43238]}},{"type":"Feature","properties":{"acq_date":"2026-07-28","acq_time":922,"confidence":"n","satellite":"N","instrument":"VIIRS","version":"2.0NRT","bright_ti4":314.3,"frp":2.51,"daynight":"N"},"geometry":{"type":"Point","coordinates":[-117.01468,42.43288]}},{"type":"Feature","properties":{"acq_date":"2026-07-28","acq_time":922,"confidence":"n","satellite":"N","instrument":"VIIRS","version":"2.0NRT","bright_ti4":307.4,"frp":2.35,"daynight":"N"},"geometry":{"type":"Point","coordinates":[-116.96602,42.43328]}},{"type":"Feature","properties":{"acq_date":"2026-07-28","acq_time":922,"confidence":"n","satellite":"N","instrument":"VIIRS","version":"2.0NRT","bright_ti4":307.42,"frp":2.24,"daynight":"N"},"geometry":{"type":"Point","coordinates":[-117.02064,42.43338]}},{"type":"Feature","properties":{"acq_date":"2026-07-28","acq_time":922,"confidence":"h","satellite":"N","instrument":"VIIRS","version":"2.0NRT","bright_ti4":367,"frp":7.83,"daynight":"N"},"geometry":{"type":"Point","coordinates":[-116.97215,42.4338]}},{"type":"Feature","properties":{"acq_date":"2026-07-28","acq_time":922,"confidence":"n","satellite":"N","instrument":"VIIRS","version":"2.0NRT","bright_ti4":347.59,"frp":7.83,"daynight":"N"},"geometry":{"type":"Point","coordinates":[-116.97822,42.43431]}},{"type":"Feature","properties":{"acq_date":"2026-07-28","acq_time":922,"confidence":"n","satellite":"N","instrument":"VIIRS","version":"2.0NRT","bright_ti4":335.07,"frp":3.08,"daynight":"N"},"geometry":{"type":"Point","coordinates":[-117.03267,42.43438]}},{"type":"Feature","properties":{"acq_date":"2026-07-28","acq_time":922,"confidence":"n","satellite":"N","instrument":"VIIRS","version":"2.0NRT","bright_ti4":349.74,"frp":9.16,"daynight":"N"},"geometry":{"type":"Point","coordinates":[-116.98425,42.43481]}},{"type":"Feature","properties":{"acq_date":"2026-07-28","acq_time":922,"confidence":"n","satellite":"N","instrument":"VIIRS","version":"2.0NRT","bright_ti4":349.86,"frp":9.16,"daynight":"N"},"geometry":{"type":"Point","coordinates":[-116.99026,42.43532]}},{"type":"Feature","properties":{"acq_date":"2026-07-28","acq_time":922,"confidence":"n","satellite":"N","instrument":"VIIRS","version":"2.0NRT","bright_ti4":310.34,"frp":4.21,"daynight":"N"},"geometry":{"type":"Point","coordinates":[-116.99615,42.43582]}},{"type":"Feature","properties":{"acq_date":"2026-07-28","acq_time":922,"confidence":"n","satellite":"N","instrument":"VIIRS","version":"2.0NRT","bright_ti4":312.57,"frp":4.21,"daynight":"N"},"geometry":{"type":"Point","coordinates":[-117.00195,42.4363]}},{"type":"Feature","properties":{"acq_date":"2026-07-28","acq_time":922,"confidence":"n","satellite":"N","instrument":"VIIRS","version":"2.0NRT","bright_ti4":320.67,"frp":2.51,"daynight":"N"},"geometry":{"type":"Point","coordinates":[-117.00785,42.4368]}},{"type":"Feature","properties":{"acq_date":"2026-07-28","acq_time":922,"confidence":"n","satellite":"N","instrument":"VIIRS","version":"2.0NRT","bright_ti4":317.68,"frp":2.51,"daynight":"N"},"geometry":{"type":"Point","coordinates":[-117.01382,42.4373]}},{"type":"Feature","properties":{"acq_date":"2026-07-28","acq_time":922,"confidence":"n","satellite":"N","instrument":"VIIRS","version":"2.0NRT","bright_ti4":302.93,"frp":2.06,"daynight":"N"},"geometry":{"type":"Point","coordinates":[-116.96481,42.43766]}},{"type":"Feature","properties":{"acq_date":"2026-07-28","acq_time":922,"confidence":"n","satellite":"N","instrument":"VIIRS","version":"2.0NRT","bright_ti4":305,"frp":2.24,"daynight":"N"},"geometry":{"type":"Point","coordinates":[-117.01974,42.4378]}},{"type":"Feature","properties":{"acq_date":"2026-07-28","acq_time":922,"confidence":"n","satellite":"N","instrument":"VIIRS","version":"2.0NRT","bright_ti4":339.09,"frp":6.42,"daynight":"N"},"geometry":{"type":"Point","coordinates":[-116.97108,42.43819]}},{"type":"Feature","properties":{"acq_date":"2026-07-28","acq_time":922,"confidence":"n","satellite":"N","instrument":"VIIRS","version":"2.0NRT","bright_ti4":340.99,"frp":6.42,"daynight":"N"},"geometry":{"type":"Point","coordinates":[-116.97723,42.43871]}},{"type":"Feature","properties":{"acq_date":"2026-07-28","acq_time":922,"confidence":"n","satellite":"N","instrument":"VIIRS","version":"2.0NRT","bright_ti4":300.4,"frp":3.08,"daynight":"N"},"geometry":{"type":"Point","coordinates":[-117.03185,42.43881]}},{"type":"Feature","properties":{"acq_date":"2026-07-28","acq_time":922,"confidence":"n","satellite":"N","instrument":"VIIRS","version":"2.0NRT","bright_ti4":333.82,"frp":4.32,"daynight":"N"},"geometry":{"type":"Point","coordinates":[-116.98335,42.43923]}},{"type":"Feature","properties":{"acq_date":"2026-07-28","acq_time":922,"confidence":"n","satellite":"N","instrument":"VIIRS","version":"2.0NRT","bright_ti4":314.27,"frp":3.08,"daynight":"N"},"geometry":{"type":"Point","coordinates":[-117.03794,42.43932]}},{"type":"Feature","properties":{"acq_date":"2026-07-28","acq_time":922,"confidence":"n","satellite":"N","instrument":"VIIRS","version":"2.0NRT","bright_ti4":320.24,"frp":4.32,"daynight":"N"},"geometry":{"type":"Point","coordinates":[-116.9894,42.43974]}},{"type":"Feature","properties":{"acq_date":"2026-07-28","acq_time":922,"confidence":"n","satellite":"N","instrument":"VIIRS","version":"2.0NRT","bright_ti4":298.79,"frp":1.51,"daynight":"N"},"geometry":{"type":"Point","coordinates":[-117.04398,42.43982]}},{"type":"Feature","properties":{"acq_date":"2026-07-28","acq_time":922,"confidence":"n","satellite":"N","instrument":"VIIRS","version":"2.0NRT","bright_ti4":313.44,"frp":2.15,"daynight":"N"},"geometry":{"type":"Point","coordinates":[-116.99532,42.44024]}},{"type":"Feature","properties":{"acq_date":"2026-07-28","acq_time":922,"confidence":"n","satellite":"N","instrument":"VIIRS","version":"2.0NRT","bright_ti4":302.37,"frp":2.15,"daynight":"N"},"geometry":{"type":"Point","coordinates":[-117.00115,42.44073]}},{"type":"Feature","properties":{"acq_date":"2026-07-28","acq_time":922,"confidence":"n","satellite":"N","instrument":"VIIRS","version":"2.0NRT","bright_ti4":299.45,"frp":0.95,"daynight":"N"},"geometry":{"type":"Point","coordinates":[-117.01307,42.44173]}},{"type":"Feature","properties":{"acq_date":"2026-07-28","acq_time":922,"confidence":"n","satellite":"N","instrument":"VIIRS","version":"2.0NRT","bright_ti4":323.36,"frp":2.06,"daynight":"N"},"geometry":{"type":"Point","coordinates":[-116.96389,42.44207]}},{"type":"Feature","properties":{"acq_date":"2026-07-28","acq_time":922,"confidence":"n","satellite":"N","instrument":"VIIRS","version":"2.0NRT","bright_ti4":300.55,"frp":1.37,"daynight":"N"},"geometry":{"type":"Point","coordinates":[-117.01905,42.44223]}},{"type":"Feature","properties":{"acq_date":"2026-07-28","acq_time":922,"confidence":"n","satellite":"N","instrument":"VIIRS","version":"2.0NRT","bright_ti4":337.84,"frp":6.42,"daynight":"N"},"geometry":{"type":"Point","coordinates":[-116.97021,42.4426]}},{"type":"Feature","properties":{"acq_date":"2026-07-28","acq_time":922,"confidence":"n","satellite":"N","instrument":"VIIRS","version":"2.0NRT","bright_ti4":342.6,"frp":6.42,"daynight":"N"},"geometry":{"type":"Point","coordinates":[-116.97635,42.44312]}},{"type":"Feature","properties":{"acq_date":"2026-07-28","acq_time":922,"confidence":"n","satellite":"N","instrument":"VIIRS","version":"2.0NRT","bright_ti4":325.66,"frp":4.32,"daynight":"N"},"geometry":{"type":"Point","coordinates":[-116.9824,42.44363]}},{"type":"Feature","properties":{"acq_date":"2026-07-28","acq_time":922,"confidence":"n","satellite":"N","instrument":"VIIRS","version":"2.0NRT","bright_ti4":328.18,"frp":4.32,"daynight":"N"},"geometry":{"type":"Point","coordinates":[-116.98843,42.44415]}},{"type":"Feature","properties":{"acq_date":"2026-07-28","acq_time":922,"confidence":"n","satellite":"N","instrument":"VIIRS","version":"2.0NRT","bright_ti4":324.51,"frp":2.15,"daynight":"N"},"geometry":{"type":"Point","coordinates":[-116.99438,42.44464]}},{"type":"Feature","properties":{"acq_date":"2026-07-28","acq_time":922,"confidence":"n","satellite":"N","instrument":"VIIRS","version":"2.0NRT","bright_ti4":321.55,"frp":4.46,"daynight":"N"},"geometry":{"type":"Point","coordinates":[-116.96332,42.44471]}},{"type":"Feature","properties":{"acq_date":"2026-07-28","acq_time":922,"confidence":"n","satellite":"N","instrument":"VIIRS","version":"2.0NRT","bright_ti4":310.73,"frp":2.15,"daynight":"N"},"geometry":{"type":"Point","coordinates":[-117.00035,42.44515]}},{"type":"Feature","properties":{"acq_date":"2026-07-28","acq_time":922,"confidence":"n","satellite":"N","instrument":"VIIRS","version":"2.0NRT","bright_ti4":333.04,"frp":4.46,"daynight":"N"},"geometry":{"type":"Point","coordinates":[-116.9697,42.44522]}},{"type":"Feature","properties":{"acq_date":"2026-07-28","acq_time":922,"confidence":"n","satellite":"N","instrument":"VIIRS","version":"2.0NRT","bright_ti4":300.08,"frp":0.95,"daynight":"N"},"geometry":{"type":"Point","coordinates":[-117.00633,42.44566]}},{"type":"Feature","properties":{"acq_date":"2026-07-28","acq_time":922,"confidence":"n","satellite":"N","instrument":"VIIRS","version":"2.0NRT","bright_ti4":334.21,"frp":3.47,"daynight":"N"},"geometry":{"type":"Point","coordinates":[-116.97581,42.44569]}},{"type":"Feature","properties":{"acq_date":"2026-07-28","acq_time":922,"confidence":"n","satellite":"N","instrument":"VIIRS","version":"2.0NRT","bright_ti4":297.28,"frp":0.95,"daynight":"N"},"geometry":{"type":"Point","coordinates":[-117.01233,42.44616]}},{"type":"Feature","properties":{"acq_date":"2026-07-28","acq_time":922,"confidence":"n","satellite":"N","instrument":"VIIRS","version":"2.0NRT","bright_ti4":316.84,"frp":3.47,"daynight":"N"},"geometry":{"type":"Point","coordinates":[-116.98185,42.44617]}},{"type":"Feature","properties":{"acq_date":"2026-07-28","acq_time":922,"confidence":"n","satellite":"N","instrument":"VIIRS","version":"2.0NRT","bright_ti4":324.09,"frp":3.2,"daynight":"N"},"geometry":{"type":"Point","coordinates":[-116.96308,42.44648]}},{"type":"Feature","properties":{"acq_date":"2026-07-28","acq_time":922,"confidence":"n","satellite":"N","instrument":"VIIRS","version":"2.0NRT","bright_ti4":323.53,"frp":2.7,"daynight":"N"},"geometry":{"type":"Point","coordinates":[-116.98788,42.44665]}},{"type":"Feature","properties":{"acq_date":"2026-07-28","acq_time":922,"confidence":"n","satellite":"N","instrument":"VIIRS","version":"2.0NRT","bright_ti4":338.1,"frp":4.89,"daynight":"N"},"geometry":{"type":"Point","coordinates":[-116.96944,42.44702]}},{"type":"Feature","properties":{"acq_date":"2026-07-28","acq_time":922,"confidence":"n","satellite":"N","instrument":"VIIRS","version":"2.0NRT","bright_ti4":312.52,"frp":2.7,"daynight":"N"},"geometry":{"type":"Point","coordinates":[-116.99386,42.44712]}},{"type":"Feature","properties":{"acq_date":"2026-07-28","acq_time":922,"confidence":"n","satellite":"N","instrument":"VIIRS","version":"2.0NRT","bright_ti4":299.84,"frp":1.37,"daynight":"N"},"geometry":{"type":"Point","coordinates":[-117.02436,42.44718]}},{"type":"Feature","properties":{"acq_date":"2026-07-28","acq_time":922,"confidence":"n","satellite":"N","instrument":"VIIRS","version":"2.0NRT","bright_ti4":326.11,"frp":4.89,"daynight":"N"},"geometry":{"type":"Point","coordinates":[-116.97552,42.44754]}},{"type":"Feature","properties":{"acq_date":"2026-07-28","acq_time":922,"confidence":"n","satellite":"N","instrument":"VIIRS","version":"2.0NRT","bright_ti4":313.65,"frp":1.19,"daynight":"N"},"geometry":{"type":"Point","coordinates":[-116.99987,42.44759]}},{"type":"Feature","properties":{"acq_date":"2026-07-28","acq_time":922,"confidence":"n","satellite":"N","instrument":"VIIRS","version":"2.0NRT","bright_ti4":307.91,"frp":2.01,"daynight":"N"},"geometry":{"type":"Point","coordinates":[-116.98154,42.44805]}},{"type":"Feature","properties":{"acq_date":"2026-07-28","acq_time":922,"confidence":"n","satellite":"N","instrument":"VIIRS","version":"2.0NRT","bright_ti4":303.43,"frp":1.19,"daynight":"N"},"geometry":{"type":"Point","coordinates":[-117.00591,42.44807]}},{"type":"Feature","properties":{"acq_date":"2026-07-28","acq_time":922,"confidence":"n","satellite":"N","instrument":"VIIRS","version":"2.0NRT","bright_ti4":320.28,"frp":2.01,"daynight":"N"},"geometry":{"type":"Point","coordinates":[-116.98753,42.44855]}},{"type":"Feature","properties":{"acq_date":"2026-07-28","acq_time":922,"confidence":"n","satellite":"N","instrument":"VIIRS","version":"2.0NRT","bright_ti4":303.13,"frp":1.71,"daynight":"N"},"geometry":{"type":"Point","coordinates":[-116.99352,42.44907]}},{"type":"Feature","properties":{"acq_date":"2026-07-28","acq_time":922,"confidence":"n","satellite":"N","instrument":"VIIRS","version":"2.0NRT","bright_ti4":326.07,"frp":4.46,"daynight":"N"},"geometry":{"type":"Point","coordinates":[-116.96265,42.44914]}},{"type":"Feature","properties":{"acq_date":"2026-07-28","acq_time":922,"confidence":"n","satellite":"N","instrument":"VIIRS","version":"2.0NRT","bright_ti4":311.1,"frp":1.71,"daynight":"N"},"geometry":{"type":"Point","coordinates":[-116.99956,42.44957]}},{"type":"Feature","properties":{"acq_date":"2026-07-28","acq_time":922,"confidence":"n","satellite":"N","instrument":"VIIRS","version":"2.0NRT","bright_ti4":343.05,"frp":4.46,"daynight":"N"},"geometry":{"type":"Point","coordinates":[-116.96894,42.44964]}},{"type":"Feature","properties":{"acq_date":"2026-07-28","acq_time":922,"confidence":"n","satellite":"N","instrument":"VIIRS","version":"2.0NRT","bright_ti4":303.94,"frp":3.12,"daynight":"N"},"geometry":{"type":"Point","coordinates":[-117.00559,42.45009]}},{"type":"Feature","properties":{"acq_date":"2026-07-28","acq_time":922,"confidence":"n","satellite":"N","instrument":"VIIRS","version":"2.0NRT","bright_ti4":331.19,"frp":3.47,"daynight":"N"},"geometry":{"type":"Point","coordinates":[-116.97505,42.45012]}},{"type":"Feature","properties":{"acq_date":"2026-07-28","acq_time":922,"confidence":"n","satellite":"N","instrument":"VIIRS","version":"2.0NRT","bright_ti4":309.61,"frp":3.47,"daynight":"N"},"geometry":{"type":"Point","coordinates":[-116.98105,42.4506]}},{"type":"Feature","properties":{"acq_date":"2026-07-28","acq_time":922,"confidence":"n","satellite":"N","instrument":"VIIRS","version":"2.0NRT","bright_ti4":324.73,"frp":3.2,"daynight":"N"},"geometry":{"type":"Point","coordinates":[-116.96246,42.4509]}},{"type":"Feature","properties":{"acq_date":"2026-07-28","acq_time":922,"confidence":"n","satellite":"N","instrument":"VIIRS","version":"2.0NRT","bright_ti4":315.39,"frp":2.7,"daynight":"N"},"geometry":{"type":"Point","coordinates":[-116.98705,42.45107]}},{"type":"Feature","properties":{"acq_date":"2026-07-28","acq_time":922,"confidence":"n","satellite":"N","instrument":"VIIRS","version":"2.0NRT","bright_ti4":340.47,"frp":4.89,"daynight":"N"},"geometry":{"type":"Point","coordinates":[-116.96873,42.45144]}},{"type":"Feature","properties":{"acq_date":"2026-07-28","acq_time":922,"confidence":"n","satellite":"N","instrument":"VIIRS","version":"2.0NRT","bright_ti4":327.84,"frp":4.89,"daynight":"N"},"geometry":{"type":"Point","coordinates":[-116.9748,42.45196]}},{"type":"Feature","properties":{"acq_date":"2026-07-28","acq_time":922,"confidence":"n","satellite":"N","instrument":"VIIRS","version":"2.0NRT","bright_ti4":305.92,"frp":1.19,"daynight":"N"},"geometry":{"type":"Point","coordinates":[-116.99908,42.45202]}},{"type":"Feature","properties":{"acq_date":"2026-07-28","acq_time":922,"confidence":"n","satellite":"N","instrument":"VIIRS","version":"2.0NRT","bright_ti4":299.14,"frp":2.05,"daynight":"N"},"geometry":{"type":"Point","coordinates":[-117.02983,42.45214]}},{"type":"Feature","properties":{"acq_date":"2026-07-28","acq_time":922,"confidence":"n","satellite":"N","instrument":"VIIRS","version":"2.0NRT","bright_ti4":311.64,"frp":2.01,"daynight":"N"},"geometry":{"type":"Point","coordinates":[-116.98077,42.45247]}},{"type":"Feature","properties":{"acq_date":"2026-07-28","acq_time":922,"confidence":"n","satellite":"N","instrument":"VIIRS","version":"2.0NRT","bright_ti4":301.46,"frp":1.19,"daynight":"N"},"geometry":{"type":"Point","coordinates":[-117.00517,42.4525]}},{"type":"Feature","properties":{"acq_date":"2026-07-28","acq_time":922,"confidence":"n","satellite":"N","instrument":"VIIRS","version":"2.0NRT","bright_ti4":309.77,"frp":2.01,"daynight":"N"},"geometry":{"type":"Point","coordinates":[-116.98673,42.45298]}},{"type":"Feature","properties":{"acq_date":"2026-07-28","acq_time":922,"confidence":"n","satellite":"N","instrument":"VIIRS","version":"2.0NRT","bright_ti4":315.51,"frp":2.86,"daynight":"N"},"geometry":{"type":"Point","coordinates":[-116.96201,42.45357]}},{"type":"Feature","properties":{"acq_date":"2026-07-28","acq_time":922,"confidence":"n","satellite":"N","instrument":"VIIRS","version":"2.0NRT","bright_ti4":304.51,"frp":1.71,"daynight":"N"},"geometry":{"type":"Point","coordinates":[-116.99878,42.454]}},{"type":"Feature","properties":{"acq_date":"2026-07-28","acq_time":922,"confidence":"n","satellite":"N","instrument":"VIIRS","version":"2.0NRT","bright_ti4":325.34,"frp":2.86,"daynight":"N"},"geometry":{"type":"Point","coordinates":[-116.96828,42.45406]}},{"type":"Feature","properties":{"acq_date":"2026-07-28","acq_time":922,"confidence":"n","satellite":"N","instrument":"VIIRS","version":"2.0NRT","bright_ti4":317.71,"frp":2.89,"daynight":"N"},"geometry":{"type":"Point","coordinates":[-116.97435,42.45455]}},{"type":"Feature","properties":{"acq_date":"2026-07-28","acq_time":922,"confidence":"n","satellite":"N","instrument":"VIIRS","version":"2.0NRT","bright_ti4":300.44,"frp":2.09,"daynight":"N"},"geometry":{"type":"Point","coordinates":[-116.95525,42.45477]}},{"type":"Feature","properties":{"acq_date":"2026-07-28","acq_time":922,"confidence":"n","satellite":"N","instrument":"VIIRS","version":"2.0NRT","bright_ti4":315.27,"frp":2.89,"daynight":"N"},"geometry":{"type":"Point","coordinates":[-116.98032,42.45502]}},{"type":"Feature","properties":{"acq_date":"2026-07-28","acq_time":922,"confidence":"n","satellite":"N","instrument":"VIIRS","version":"2.0NRT","bright_ti4":318.02,"frp":2.09,"daynight":"N"},"geometry":{"type":"Point","coordinates":[-116.96184,42.45534]}},{"type":"Feature","properties":{"acq_date":"2026-07-28","acq_time":922,"confidence":"n","satellite":"N","instrument":"VIIRS","version":"2.0NRT","bright_ti4":312.67,"frp":2.22,"daynight":"N"},"geometry":{"type":"Point","coordinates":[-116.98627,42.4555]}},{"type":"Feature","properties":{"acq_date":"2026-07-28","acq_time":922,"confidence":"n","satellite":"N","instrument":"VIIRS","version":"2.0NRT","bright_ti4":323.4,"frp":3.47,"daynight":"N"},"geometry":{"type":"Point","coordinates":[-116.96808,42.45587]}},{"type":"Feature","properties":{"acq_date":"2026-07-28","acq_time":922,"confidence":"n","satellite":"N","instrument":"VIIRS","version":"2.0NRT","bright_ti4":303.54,"frp":2.22,"daynight":"N"},"geometry":{"type":"Point","coordinates":[-116.99232,42.45597]}},{"type":"Feature","properties":{"acq_date":"2026-07-28","acq_time":922,"confidence":"n","satellite":"N","instrument":"VIIRS","version":"2.0NRT","bright_ti4":324.19,"frp":3.47,"daynight":"N"},"geometry":{"type":"Point","coordinates":[-116.97414,42.45639]}},{"type":"Feature","properties":{"acq_date":"2026-07-28","acq_time":922,"confidence":"n","satellite":"N","instrument":"VIIRS","version":"2.0NRT","bright_ti4":304.39,"frp":1.75,"daynight":"N"},"geometry":{"type":"Point","coordinates":[-116.9984,42.45646]}},{"type":"Feature","properties":{"acq_date":"2026-07-28","acq_time":922,"confidence":"n","satellite":"N","instrument":"VIIRS","version":"2.0NRT","bright_ti4":318.71,"frp":2.75,"daynight":"N"},"geometry":{"type":"Point","coordinates":[-116.98012,42.4569]}},{"type":"Feature","properties":{"acq_date":"2026-07-28","acq_time":922,"confidence":"n","satellite":"N","instrument":"VIIRS","version":"2.0NRT","bright_ti4":298.57,"frp":1.75,"daynight":"N"},"geometry":{"type":"Point","coordinates":[-117.00454,42.45694]}},{"type":"Feature","properties":{"acq_date":"2026-07-28","acq_time":922,"confidence":"n","satellite":"N","instrument":"VIIRS","version":"2.0NRT","bright_ti4":315.34,"frp":2.75,"daynight":"N"},"geometry":{"type":"Point","coordinates":[-116.9861,42.45741]}},{"type":"Feature","properties":{"acq_date":"2026-07-28","acq_time":922,"confidence":"n","satellite":"N","instrument":"VIIRS","version":"2.0NRT","bright_ti4":300.69,"frp":1.46,"daynight":"N"},"geometry":{"type":"Point","coordinates":[-117.01067,42.45742]}},{"type":"Feature","properties":{"acq_date":"2026-07-28","acq_time":922,"confidence":"n","satellite":"N","instrument":"VIIRS","version":"2.0NRT","bright_ti4":315.29,"frp":2.62,"daynight":"N"},"geometry":{"type":"Point","coordinates":[-116.99208,42.45792]}},{"type":"Feature","properties":{"acq_date":"2026-07-28","acq_time":922,"confidence":"n","satellite":"N","instrument":"VIIRS","version":"2.0NRT","bright_ti4":325.78,"frp":2.86,"daynight":"N"},"geometry":{"type":"Point","coordinates":[-116.96136,42.458]}},{"type":"Feature","properties":{"acq_date":"2026-07-28","acq_time":922,"confidence":"n","satellite":"N","instrument":"VIIRS","version":"2.0NRT","bright_ti4":309.94,"frp":2.62,"daynight":"N"},"geometry":{"type":"Point","coordinates":[-116.99818,42.45844]}},{"type":"Feature","properties":{"acq_date":"2026-07-28","acq_time":922,"confidence":"n","satellite":"N","instrument":"VIIRS","version":"2.0NRT","bright_ti4":326.66,"frp":2.86,"daynight":"N"},"geometry":{"type":"Point","coordinates":[-116.96763,42.4585]}},{"type":"Feature","properties":{"acq_date":"2026-07-28","acq_time":922,"confidence":"n","satellite":"N","instrument":"VIIRS","version":"2.0NRT","bright_ti4":310.73,"frp":2.23,"daynight":"N"},"geometry":{"type":"Point","coordinates":[-117.00433,42.45897]}},{"type":"Feature","properties":{"acq_date":"2026-07-28","acq_time":922,"confidence":"n","satellite":"N","instrument":"VIIRS","version":"2.0NRT","bright_ti4":329.87,"frp":2.89,"daynight":"N"},"geometry":{"type":"Point","coordinates":[-116.97374,42.45898]}},{"type":"Feature","properties":{"acq_date":"2026-07-28","acq_time":922,"confidence":"n","satellite":"N","instrument":"VIIRS","version":"2.0NRT","bright_ti4":320.29,"frp":2.89,"daynight":"N"},"geometry":{"type":"Point","coordinates":[-116.97974,42.45946]}},{"type":"Feature","properties":{"acq_date":"2026-07-28","acq_time":922,"confidence":"n","satellite":"N","instrument":"VIIRS","version":"2.0NRT","bright_ti4":309.84,"frp":2.23,"daynight":"N"},"geometry":{"type":"Point","coordinates":[-117.01047,42.45949]}},{"type":"Feature","properties":{"acq_date":"2026-07-28","acq_time":922,"confidence":"n","satellite":"N","instrument":"VIIRS","version":"2.0NRT","bright_ti4":324.15,"frp":2.09,"daynight":"N"},"geometry":{"type":"Point","coordinates":[-116.96118,42.45977]}},{"type":"Feature","properties":{"acq_date":"2026-07-28","acq_time":922,"confidence":"n","satellite":"N","instrument":"VIIRS","version":"2.0NRT","bright_ti4":317.83,"frp":2.22,"daynight":"N"},"geometry":{"type":"Point","coordinates":[-116.9857,42.45993]}},{"type":"Feature","properties":{"acq_date":"2026-07-28","acq_time":922,"confidence":"n","satellite":"N","instrument":"VIIRS","version":"2.0NRT","bright_ti4":302.71,"frp":3.86,"daynight":"N"},"geometry":{"type":"Point","coordinates":[-117.0166,42.46001]}},{"type":"Feature","properties":{"acq_date":"2026-07-28","acq_time":922,"confidence":"n","satellite":"N","instrument":"VIIRS","version":"2.0NRT","bright_ti4":327.91,"frp":3.47,"daynight":"N"},"geometry":{"type":"Point","coordinates":[-116.96745,42.4603]}},{"type":"Feature","properties":{"acq_date":"2026-07-28","acq_time":922,"confidence":"n","satellite":"N","instrument":"VIIRS","version":"2.0NRT","bright_ti4":325.69,"frp":2.22,"daynight":"N"},"geometry":{"type":"Point","coordinates":[-116.99171,42.46041]}},{"type":"Feature","properties":{"acq_date":"2026-07-28","acq_time":922,"confidence":"n","satellite":"N","instrument":"VIIRS","version":"2.0NRT","bright_ti4":329.74,"frp":3.47,"daynight":"N"},"geometry":{"type":"Point","coordinates":[-116.97355,42.46082]}},{"type":"Feature","properties":{"acq_date":"2026-07-28","acq_time":922,"confidence":"n","satellite":"N","instrument":"VIIRS","version":"2.0NRT","bright_ti4":314.81,"frp":1.75,"daynight":"N"},"geometry":{"type":"Point","coordinates":[-116.99781,42.4609]}},{"type":"Feature","properties":{"acq_date":"2026-07-28","acq_time":922,"confidence":"n","satellite":"N","instrument":"VIIRS","version":"2.0NRT","bright_ti4":320.35,"frp":2.75,"daynight":"N"},"geometry":{"type":"Point","coordinates":[-116.97955,42.46133]}},{"type":"Feature","properties":{"acq_date":"2026-07-28","acq_time":922,"confidence":"n","satellite":"N","instrument":"VIIRS","version":"2.0NRT","bright_ti4":316.96,"frp":1.75,"daynight":"N"},"geometry":{"type":"Point","coordinates":[-117.004,42.46139]}},{"type":"Feature","properties":{"acq_date":"2026-07-28","acq_time":922,"confidence":"n","satellite":"N","instrument":"VIIRS","version":"2.0NRT","bright_ti4":322.53,"frp":2.75,"daynight":"N"},"geometry":{"type":"Point","coordinates":[-116.9855,42.46185]}},{"type":"Feature","properties":{"acq_date":"2026-07-28","acq_time":922,"confidence":"n","satellite":"N","instrument":"VIIRS","version":"2.0NRT","bright_ti4":315.47,"frp":1.46,"daynight":"N"},"geometry":{"type":"Point","coordinates":[-117.01007,42.46187]}},{"type":"Feature","properties":{"acq_date":"2026-07-28","acq_time":922,"confidence":"n","satellite":"N","instrument":"VIIRS","version":"2.0NRT","bright_ti4":305.52,"frp":1.46,"daynight":"N"},"geometry":{"type":"Point","coordinates":[-117.0162,42.46236]}},{"type":"Feature","properties":{"acq_date":"2026-07-28","acq_time":922,"confidence":"n","satellite":"N","instrument":"VIIRS","version":"2.0NRT","bright_ti4":324.23,"frp":2.62,"daynight":"N"},"geometry":{"type":"Point","coordinates":[-116.99149,42.46236]}},{"type":"Feature","properties":{"acq_date":"2026-07-28","acq_time":922,"confidence":"n","satellite":"N","instrument":"VIIRS","version":"2.0NRT","bright_ti4":314.75,"frp":2.56,"daynight":"N"},"geometry":{"type":"Point","coordinates":[-116.96071,42.46243]}},{"type":"Feature","properties":{"acq_date":"2026-07-28","acq_time":922,"confidence":"n","satellite":"N","instrument":"VIIRS","version":"2.0NRT","bright_ti4":317,"frp":2.62,"daynight":"N"},"geometry":{"type":"Point","coordinates":[-116.99755,42.46288]}},{"type":"Feature","properties":{"acq_date":"2026-07-28","acq_time":922,"confidence":"n","satellite":"N","instrument":"VIIRS","version":"2.0NRT","bright_ti4":331.53,"frp":2.56,"daynight":"N"},"geometry":{"type":"Point","coordinates":[-116.96696,42.46293]}},{"type":"Feature","properties":{"acq_date":"2026-07-28","acq_time":922,"confidence":"n","satellite":"N","instrument":"VIIRS","version":"2.0NRT","bright_ti4":318.42,"frp":2.23,"daynight":"N"},"geometry":{"type":"Point","coordinates":[-117.00368,42.4634]}},{"type":"Feature","properties":{"acq_date":"2026-07-28","acq_time":922,"confidence":"n","satellite":"N","instrument":"VIIRS","version":"2.0NRT","bright_ti4":337.06,"frp":5.27,"daynight":"N"},"geometry":{"type":"Point","coordinates":[-116.97305,42.46341]}},{"type":"Feature","properties":{"acq_date":"2026-07-28","acq_time":922,"confidence":"n","satellite":"N","instrument":"VIIRS","version":"2.0NRT","bright_ti4":331.03,"frp":5.27,"daynight":"N"},"geometry":{"type":"Point","coordinates":[-116.97905,42.46389]}},{"type":"Feature","properties":{"acq_date":"2026-07-28","acq_time":922,"confidence":"n","satellite":"N","instrument":"VIIRS","version":"2.0NRT","bright_ti4":315.73,"frp":2.23,"daynight":"N"},"geometry":{"type":"Point","coordinates":[-117.00972,42.46392]}},{"type":"Feature","properties":{"acq_date":"2026-07-28","acq_time":922,"confidence":"n","satellite":"N","instrument":"VIIRS","version":"2.0NRT","bright_ti4":322.15,"frp":4.28,"daynight":"N"},"geometry":{"type":"Point","coordinates":[-116.98501,42.46437]}},{"type":"Feature","properties":{"acq_date":"2026-07-28","acq_time":922,"confidence":"n","satellite":"N","instrument":"VIIRS","version":"2.0NRT","bright_ti4":321,"frp":4.28,"daynight":"N"},"geometry":{"type":"Point","coordinates":[-116.99099,42.46484]}},{"type":"Feature","properties":{"acq_date":"2026-07-28","acq_time":922,"confidence":"n","satellite":"N","instrument":"VIIRS","version":"2.0NRT","bright_ti4":324.84,"frp":3.34,"daynight":"N"},"geometry":{"type":"Point","coordinates":[-116.99702,42.46532]}},{"type":"Feature","properties":{"acq_date":"2026-07-28","acq_time":922,"confidence":"n","satellite":"N","instrument":"VIIRS","version":"2.0NRT","bright_ti4":323.26,"frp":3.34,"daynight":"N"},"geometry":{"type":"Point","coordinates":[-117.00304,42.4658]}},{"type":"Feature","properties":{"acq_date":"2026-07-28","acq_time":922,"confidence":"n","satellite":"N","instrument":"VIIRS","version":"2.0NRT","bright_ti4":312.46,"frp":2.33,"daynight":"N"},"geometry":{"type":"Point","coordinates":[-117.0091,42.46629]}},{"type":"Feature","properties":{"acq_date":"2026-07-28","acq_time":922,"confidence":"n","satellite":"N","instrument":"VIIRS","version":"2.0NRT","bright_ti4":309.79,"frp":2.56,"daynight":"N"},"geometry":{"type":"Point","coordinates":[-116.95982,42.46684]}},{"type":"Feature","properties":{"acq_date":"2026-07-28","acq_time":922,"confidence":"n","satellite":"N","instrument":"VIIRS","version":"2.0NRT","bright_ti4":319.81,"frp":2.56,"daynight":"N"},"geometry":{"type":"Point","coordinates":[-116.9661,42.46734]}},{"type":"Feature","properties":{"acq_date":"2026-07-28","acq_time":922,"confidence":"n","satellite":"N","instrument":"VIIRS","version":"2.0NRT","bright_ti4":335.36,"frp":5.27,"daynight":"N"},"geometry":{"type":"Point","coordinates":[-116.97221,42.46783]}},{"type":"Feature","properties":{"acq_date":"2026-07-28","acq_time":922,"confidence":"n","satellite":"N","instrument":"VIIRS","version":"2.0NRT","bright_ti4":335.13,"frp":5.27,"daynight":"N"},"geometry":{"type":"Point","coordinates":[-116.97818,42.46831]}},{"type":"Feature","properties":{"acq_date":"2026-07-28","acq_time":922,"confidence":"n","satellite":"N","instrument":"VIIRS","version":"2.0NRT","bright_ti4":335.94,"frp":4.28,"daynight":"N"},"geometry":{"type":"Point","coordinates":[-116.98413,42.46878]}},{"type":"Feature","properties":{"acq_date":"2026-07-28","acq_time":922,"confidence":"n","satellite":"N","instrument":"VIIRS","version":"2.0NRT","bright_ti4":332.84,"frp":4.28,"daynight":"N"},"geometry":{"type":"Point","coordinates":[-116.99014,42.46927]}},{"type":"Feature","properties":{"acq_date":"2026-07-28","acq_time":922,"confidence":"n","satellite":"N","instrument":"VIIRS","version":"2.0NRT","bright_ti4":329.96,"frp":3.34,"daynight":"N"},"geometry":{"type":"Point","coordinates":[-116.99615,42.46975]}},{"type":"Feature","properties":{"acq_date":"2026-07-28","acq_time":922,"confidence":"n","satellite":"N","instrument":"VIIRS","version":"2.0NRT","bright_ti4":309.15,"frp":3.34,"daynight":"N"},"geometry":{"type":"Point","coordinates":[-117.00203,42.47022]}},{"type":"Feature","properties":{"acq_date":"2026-07-28","acq_time":922,"confidence":"n","satellite":"N","instrument":"VIIRS","version":"2.0NRT","bright_ti4":321.21,"frp":2.33,"daynight":"N"},"geometry":{"type":"Point","coordinates":[-116.95888,42.47124]}},{"type":"Feature","properties":{"acq_date":"2026-07-28","acq_time":922,"confidence":"n","satellite":"N","instrument":"VIIRS","version":"2.0NRT","bright_ti4":307.39,"frp":2.33,"daynight":"N"},"geometry":{"type":"Point","coordinates":[-116.96521,42.47175]}},{"type":"Feature","properties":{"acq_date":"2026-07-28","acq_time":922,"confidence":"n","satellite":"N","instrument":"VIIRS","version":"2.0NRT","bright_ti4":315.97,"frp":3.82,"daynight":"N"},"geometry":{"type":"Point","coordinates":[-116.97137,42.47225]}},{"type":"Feature","properties":{"acq_date":"2026-07-28","acq_time":922,"confidence":"n","satellite":"N","instrument":"VIIRS","version":"2.0NRT","bright_ti4":337.01,"frp":3.82,"daynight":"N"},"geometry":{"type":"Point","coordinates":[-116.97733,42.47272]}},{"type":"Feature","properties":{"acq_date":"2026-07-28","acq_time":922,"confidence":"n","satellite":"N","instrument":"VIIRS","version":"2.0NRT","bright_ti4":332.61,"frp":3.45,"daynight":"N"},"geometry":{"type":"Point","coordinates":[-116.9833,42.47321]}},{"type":"Feature","properties":{"acq_date":"2026-07-28","acq_time":922,"confidence":"n","satellite":"N","instrument":"VIIRS","version":"2.0NRT","bright_ti4":316.55,"frp":3.45,"daynight":"N"},"geometry":{"type":"Point","coordinates":[-116.98928,42.47369]}},{"type":"Feature","properties":{"acq_date":"2026-07-28","acq_time":922,"confidence":"n","satellite":"N","instrument":"VIIRS","version":"2.0NRT","bright_ti4":305.16,"frp":1.21,"daynight":"N"},"geometry":{"type":"Point","coordinates":[-116.99528,42.47417]}},{"type":"Feature","properties":{"acq_date":"2026-07-28","acq_time":922,"confidence":"n","satellite":"N","instrument":"VIIRS","version":"2.0NRT","bright_ti4":300.99,"frp":1.42,"daynight":"N"},"geometry":{"type":"Point","coordinates":[-117.23322,42.47822]}},{"type":"Feature","properties":{"acq_date":"2026-07-28","acq_time":922,"confidence":"n","satellite":"N","instrument":"VIIRS","version":"2.0NRT","bright_ti4":302.58,"frp":1.18,"daynight":"N"},"geometry":{"type":"Point","coordinates":[-117.23326,42.47935]}},{"type":"Feature","properties":{"acq_date":"2026-07-28","acq_time":922,"confidence":"n","satellite":"N","instrument":"VIIRS","version":"2.0NRT","bright_ti4":302.45,"frp":1.55,"daynight":"N"},"geometry":{"type":"Point","coordinates":[-117.23888,42.47979]}},{"type":"Feature","properties":{"acq_date":"2026-07-28","acq_time":922,"confidence":"n","satellite":"N","instrument":"VIIRS","version":"2.0NRT","bright_ti4":307.68,"frp":1.42,"daynight":"N"},"geometry":{"type":"Point","coordinates":[-117.23816,42.48318]}},{"type":"Feature","properties":{"acq_date":"2026-07-28","acq_time":922,"confidence":"n","satellite":"N","instrument":"VIIRS","version":"2.0NRT","bright_ti4":303.32,"frp":1.34,"daynight":"N"},"geometry":{"type":"Point","coordinates":[-117.23815,42.48428]}},{"type":"Feature","properties":{"acq_date":"2026-07-28","acq_time":922,"confidence":"n","satellite":"N","instrument":"VIIRS","version":"2.0NRT","bright_ti4":304.84,"frp":1.34,"daynight":"N"},"geometry":{"type":"Point","coordinates":[-117.24303,42.48921]}},{"type":"Feature","properties":{"acq_date":"2026-07-28","acq_time":922,"confidence":"n","satellite":"N","instrument":"VIIRS","version":"2.0NRT","bright_ti4":296.38,"frp":1.11,"daynight":"N"},"geometry":{"type":"Point","coordinates":[-117.24249,42.49371]}},{"type":"Feature","properties":{"acq_date":"2026-07-28","acq_time":922,"confidence":"n","satellite":"N","instrument":"VIIRS","version":"2.0NRT","bright_ti4":313.02,"frp":1.11,"daynight":"N"},"geometry":{"type":"Point","coordinates":[-117.2418,42.49821]}},{"type":"Feature","properties":{"acq_date":"2026-07-28","acq_time":922,"confidence":"n","satellite":"N","instrument":"VIIRS","version":"2.0NRT","bright_ti4":302.93,"frp":1.61,"daynight":"N"},"geometry":{"type":"Point","coordinates":[-117.21077,42.50032]}},{"type":"Feature","properties":{"acq_date":"2026-07-28","acq_time":922,"confidence":"n","satellite":"N","instrument":"VIIRS","version":"2.0NRT","bright_ti4":315.55,"frp":1.98,"daynight":"N"},"geometry":{"type":"Point","coordinates":[-116.96146,42.50731]}},{"type":"Feature","properties":{"acq_date":"2026-07-28","acq_time":922,"confidence":"n","satellite":"N","instrument":"VIIRS","version":"2.0NRT","bright_ti4":308.38,"frp":1.98,"daynight":"N"},"geometry":{"type":"Point","coordinates":[-116.96061,42.51173]}},{"type":"Feature","properties":{"acq_date":"2026-07-28","acq_time":922,"confidence":"n","satellite":"N","instrument":"VIIRS","version":"2.0NRT","bright_ti4":307.58,"frp":1.67,"daynight":"N"},"geometry":{"type":"Point","coordinates":[-116.96691,42.51225]}},{"type":"Feature","properties":{"acq_date":"2026-07-28","acq_time":922,"confidence":"n","satellite":"N","instrument":"VIIRS","version":"2.0NRT","bright_ti4":297.87,"frp":1.73,"daynight":"N"},"geometry":{"type":"Point","coordinates":[-116.94044,42.51454]}},{"type":"Feature","properties":{"acq_date":"2026-07-28","acq_time":922,"confidence":"n","satellite":"N","instrument":"VIIRS","version":"2.0NRT","bright_ti4":302.16,"frp":1.73,"daynight":"N"},"geometry":{"type":"Point","coordinates":[-116.94637,42.51503]}},{"type":"Feature","properties":{"acq_date":"2026-07-28","acq_time":922,"confidence":"n","satellite":"N","instrument":"VIIRS","version":"2.0NRT","bright_ti4":307.67,"frp":2.36,"daynight":"N"},"geometry":{"type":"Point","coordinates":[-116.95264,42.51555]}},{"type":"Feature","properties":{"acq_date":"2026-07-28","acq_time":922,"confidence":"n","satellite":"N","instrument":"VIIRS","version":"2.0NRT","bright_ti4":315,"frp":2.36,"daynight":"N"},"geometry":{"type":"Point","coordinates":[-116.95987,42.51615]}},{"type":"Feature","properties":{"acq_date":"2026-07-28","acq_time":922,"confidence":"n","satellite":"N","instrument":"VIIRS","version":"2.0NRT","bright_ti4":310.53,"frp":2.28,"daynight":"N"},"geometry":{"type":"Point","coordinates":[-116.96636,42.51669]}},{"type":"Feature","properties":{"acq_date":"2026-07-28","acq_time":922,"confidence":"n","satellite":"N","instrument":"VIIRS","version":"2.0NRT","bright_ti4":297.37,"frp":0.37,"daynight":"N"},"geometry":{"type":"Point","coordinates":[-116.93408,42.51849]}},{"type":"Feature","properties":{"acq_date":"2026-07-28","acq_time":922,"confidence":"n","satellite":"N","instrument":"VIIRS","version":"2.0NRT","bright_ti4":314.78,"frp":1.73,"daynight":"N"},"geometry":{"type":"Point","coordinates":[-116.9399,42.51898]}},{"type":"Feature","properties":{"acq_date":"2026-07-28","acq_time":922,"confidence":"n","satellite":"N","instrument":"VIIRS","version":"2.0NRT","bright_ti4":328.17,"frp":1.73,"daynight":"N"},"geometry":{"type":"Point","coordinates":[-116.94583,42.51947]}},{"type":"Feature","properties":{"acq_date":"2026-07-28","acq_time":922,"confidence":"n","satellite":"N","instrument":"VIIRS","version":"2.0NRT","bright_ti4":327.4,"frp":2.36,"daynight":"N"},"geometry":{"type":"Point","coordinates":[-116.95206,42.51999]}},{"type":"Feature","properties":{"acq_date":"2026-07-28","acq_time":922,"confidence":"n","satellite":"N","instrument":"VIIRS","version":"2.0NRT","bright_ti4":317.11,"frp":2.36,"daynight":"N"},"geometry":{"type":"Point","coordinates":[-116.95918,42.52058]}},{"type":"Feature","properties":{"acq_date":"2026-07-28","acq_time":922,"confidence":"n","satellite":"N","instrument":"VIIRS","version":"2.0NRT","bright_ti4":305.67,"frp":2.28,"daynight":"N"},"geometry":{"type":"Point","coordinates":[-116.96583,42.52113]}},{"type":"Feature","properties":{"acq_date":"2026-07-28","acq_time":922,"confidence":"n","satellite":"N","instrument":"VIIRS","version":"2.0NRT","bright_ti4":321.33,"frp":1.95,"daynight":"N"},"geometry":{"type":"Point","coordinates":[-116.93933,42.52341]}},{"type":"Feature","properties":{"acq_date":"2026-07-28","acq_time":922,"confidence":"n","satellite":"N","instrument":"VIIRS","version":"2.0NRT","bright_ti4":319.43,"frp":1.95,"daynight":"N"},"geometry":{"type":"Point","coordinates":[-116.94527,42.52391]}},{"type":"Feature","properties":{"acq_date":"2026-07-28","acq_time":922,"confidence":"n","satellite":"N","instrument":"VIIRS","version":"2.0NRT","bright_ti4":309.29,"frp":2.37,"daynight":"N"},"geometry":{"type":"Point","coordinates":[-116.95157,42.52443]}},{"type":"Feature","properties":{"acq_date":"2026-07-28","acq_time":922,"confidence":"n","satellite":"N","instrument":"VIIRS","version":"2.0NRT","bright_ti4":304.57,"frp":1.04,"daynight":"N"},"geometry":{"type":"Point","coordinates":[-116.92121,42.52637]}},{"type":"Feature","properties":{"acq_date":"2026-07-28","acq_time":922,"confidence":"n","satellite":"N","instrument":"VIIRS","version":"2.0NRT","bright_ti4":307.7,"frp":1.41,"daynight":"N"},"geometry":{"type":"Point","coordinates":[-116.927,42.52686]}},{"type":"Feature","properties":{"acq_date":"2026-07-28","acq_time":922,"confidence":"n","satellite":"N","instrument":"VIIRS","version":"2.0NRT","bright_ti4":298.87,"frp":1.41,"daynight":"N"},"geometry":{"type":"Point","coordinates":[-116.93284,42.52735]}},{"type":"Feature","properties":{"acq_date":"2026-07-28","acq_time":922,"confidence":"n","satellite":"N","instrument":"VIIRS","version":"2.0NRT","bright_ti4":302.06,"frp":1.95,"daynight":"N"},"geometry":{"type":"Point","coordinates":[-116.93873,42.52784]}},{"type":"Feature","properties":{"acq_date":"2026-07-28","acq_time":922,"confidence":"n","satellite":"N","instrument":"VIIRS","version":"2.0NRT","bright_ti4":312.64,"frp":1.95,"daynight":"N"},"geometry":{"type":"Point","coordinates":[-116.94467,42.52834]}},{"type":"Feature","properties":{"acq_date":"2026-07-28","acq_time":922,"confidence":"n","satellite":"N","instrument":"VIIRS","version":"2.0NRT","bright_ti4":314.89,"frp":2.37,"daynight":"N"},"geometry":{"type":"Point","coordinates":[-116.95107,42.52887]}},{"type":"Feature","properties":{"acq_date":"2026-07-28","acq_time":922,"confidence":"n","satellite":"N","instrument":"VIIRS","version":"2.0NRT","bright_ti4":314.72,"frp":2.37,"daynight":"N"},"geometry":{"type":"Point","coordinates":[-116.9581,42.52946]}},{"type":"Feature","properties":{"acq_date":"2026-07-28","acq_time":922,"confidence":"n","satellite":"N","instrument":"VIIRS","version":"2.0NRT","bright_ti4":314.1,"frp":1.57,"daynight":"N"},"geometry":{"type":"Point","coordinates":[-117.02451,42.53049]}},{"type":"Feature","properties":{"acq_date":"2026-07-28","acq_time":922,"confidence":"n","satellite":"N","instrument":"VIIRS","version":"2.0NRT","bright_ti4":331.98,"frp":3.41,"daynight":"N"},"geometry":{"type":"Point","coordinates":[-116.92064,42.5308]}},{"type":"Feature","properties":{"acq_date":"2026-07-28","acq_time":922,"confidence":"n","satellite":"N","instrument":"VIIRS","version":"2.0NRT","bright_ti4":313.52,"frp":1.57,"daynight":"N"},"geometry":{"type":"Point","coordinates":[-117.03056,42.53099]}},{"type":"Feature","properties":{"acq_date":"2026-07-28","acq_time":922,"confidence":"n","satellite":"N","instrument":"VIIRS","version":"2.0NRT","bright_ti4":315.51,"frp":2.75,"daynight":"N"},"geometry":{"type":"Point","coordinates":[-116.92639,42.53128]}},{"type":"Feature","properties":{"acq_date":"2026-07-28","acq_time":922,"confidence":"n","satellite":"N","instrument":"VIIRS","version":"2.0NRT","bright_ti4":312.73,"frp":2.75,"daynight":"N"},"geometry":{"type":"Point","coordinates":[-116.93222,42.53178]}},{"type":"Feature","properties":{"acq_date":"2026-07-28","acq_time":922,"confidence":"n","satellite":"N","instrument":"VIIRS","version":"2.0NRT","bright_ti4":313.78,"frp":2.07,"daynight":"N"},"geometry":{"type":"Point","coordinates":[-116.94405,42.53277]}},{"type":"Feature","properties":{"acq_date":"2026-07-28","acq_time":922,"confidence":"n","satellite":"N","instrument":"VIIRS","version":"2.0NRT","bright_ti4":307.31,"frp":1.78,"daynight":"N"},"geometry":{"type":"Point","coordinates":[-116.95036,42.5333]}},{"type":"Feature","properties":{"acq_date":"2026-07-28","acq_time":922,"confidence":"n","satellite":"N","instrument":"VIIRS","version":"2.0NRT","bright_ti4":311.94,"frp":1.78,"daynight":"N"},"geometry":{"type":"Point","coordinates":[-116.95725,42.53387]}},{"type":"Feature","properties":{"acq_date":"2026-07-28","acq_time":922,"confidence":"n","satellite":"N","instrument":"VIIRS","version":"2.0NRT","bright_ti4":319.15,"frp":3.41,"daynight":"N"},"geometry":{"type":"Point","coordinates":[-116.92012,42.53524]}},{"type":"Feature","properties":{"acq_date":"2026-07-28","acq_time":922,"confidence":"n","satellite":"N","instrument":"VIIRS","version":"2.0NRT","bright_ti4":298,"frp":1.57,"daynight":"N"},"geometry":{"type":"Point","coordinates":[-117.02998,42.53545]}},{"type":"Feature","properties":{"acq_date":"2026-07-28","acq_time":922,"confidence":"n","satellite":"N","instrument":"VIIRS","version":"2.0NRT","bright_ti4":321.35,"frp":2.75,"daynight":"N"},"geometry":{"type":"Point","coordinates":[-116.92584,42.53572]}},{"type":"Feature","properties":{"acq_date":"2026-07-28","acq_time":922,"confidence":"n","satellite":"N","instrument":"VIIRS","version":"2.0NRT","bright_ti4":319.71,"frp":2.75,"daynight":"N"},"geometry":{"type":"Point","coordinates":[-116.93163,42.53621]}},{"type":"Feature","properties":{"acq_date":"2026-07-28","acq_time":922,"confidence":"n","satellite":"N","instrument":"VIIRS","version":"2.0NRT","bright_ti4":307.41,"frp":2.07,"daynight":"N"},"geometry":{"type":"Point","coordinates":[-116.93754,42.53671]}},{"type":"Feature","properties":{"acq_date":"2026-07-28","acq_time":922,"confidence":"n","satellite":"N","instrument":"VIIRS","version":"2.0NRT","bright_ti4":304.04,"frp":1.32,"daynight":"N"},"geometry":{"type":"Point","coordinates":[-116.92535,42.54016]}},{"type":"Feature","properties":{"acq_date":"2026-07-28","acq_time":922,"confidence":"n","satellite":"N","instrument":"VIIRS","version":"2.0NRT","bright_ti4":307.91,"frp":1.32,"daynight":"N"},"geometry":{"type":"Point","coordinates":[-116.93118,42.54065]}},{"type":"Feature","properties":{"acq_date":"2026-07-28","acq_time":922,"confidence":"n","satellite":"N","instrument":"VIIRS","version":"2.0NRT","bright_ti4":296.21,"frp":0.63,"daynight":"N"},"geometry":{"type":"Point","coordinates":[-116.89154,42.56756]}},{"type":"Feature","properties":{"acq_date":"2026-07-28","acq_time":922,"confidence":"n","satellite":"N","instrument":"VIIRS","version":"2.0NRT","bright_ti4":300.33,"frp":0.63,"daynight":"N"},"geometry":{"type":"Point","coordinates":[-116.89748,42.56804]}},{"type":"Feature","properties":{"acq_date":"2026-07-28","acq_time":922,"confidence":"n","satellite":"N","instrument":"VIIRS","version":"2.0NRT","bright_ti4":301.11,"frp":2.22,"daynight":"N"},"geometry":{"type":"Point","coordinates":[-116.88383,42.58035]}},{"type":"Feature","properties":{"acq_date":"2026-07-28","acq_time":922,"confidence":"n","satellite":"N","instrument":"VIIRS","version":"2.0NRT","bright_ti4":354.47,"frp":5.63,"daynight":"N"},"geometry":{"type":"Point","coordinates":[-116.88978,42.58083]}},{"type":"Feature","properties":{"acq_date":"2026-07-28","acq_time":922,"confidence":"n","satellite":"N","instrument":"VIIRS","version":"2.0NRT","bright_ti4":327.63,"frp":5.63,"daynight":"N"},"geometry":{"type":"Point","coordinates":[-116.89577,42.58132]}},{"type":"Feature","properties":{"acq_date":"2026-07-28","acq_time":922,"confidence":"n","satellite":"N","instrument":"VIIRS","version":"2.0NRT","bright_ti4":319.2,"frp":5.63,"daynight":"N"},"geometry":{"type":"Point","coordinates":[-116.89515,42.58574]}},{"type":"Feature","properties":{"acq_date":"2026-07-28","acq_time":922,"confidence":"n","satellite":"N","instrument":"VIIRS","version":"2.0NRT","bright_ti4":308.25,"frp":1.57,"daynight":"N"},"geometry":{"type":"Point","coordinates":[-116.87647,42.58868]}},{"type":"Feature","properties":{"acq_date":"2026-07-28","acq_time":922,"confidence":"n","satellite":"N","instrument":"VIIRS","version":"2.0NRT","bright_ti4":310.59,"frp":1.57,"daynight":"N"},"geometry":{"type":"Point","coordinates":[-116.88241,42.58917]}},{"type":"Feature","properties":{"acq_date":"2026-07-28","acq_time":922,"confidence":"n","satellite":"N","instrument":"VIIRS","version":"2.0NRT","bright_ti4":298.82,"frp":2.27,"daynight":"N"},"geometry":{"type":"Point","coordinates":[-116.88839,42.58966]}},{"type":"Feature","properties":{"acq_date":"2026-07-28","acq_time":922,"confidence":"n","satellite":"N","instrument":"VIIRS","version":"2.0NRT","bright_ti4":320.43,"frp":1.57,"daynight":"N"},"geometry":{"type":"Point","coordinates":[-116.87602,42.59312]}},{"type":"Feature","properties":{"acq_date":"2026-07-28","acq_time":922,"confidence":"n","satellite":"N","instrument":"VIIRS","version":"2.0NRT","bright_ti4":301.78,"frp":1.57,"daynight":"N"},"geometry":{"type":"Point","coordinates":[-116.88197,42.59361]}},{"type":"Feature","properties":{"acq_date":"2026-07-28","acq_time":922,"confidence":"n","satellite":"N","instrument":"VIIRS","version":"2.0NRT","bright_ti4":301.09,"frp":1.12,"daynight":"N"},"geometry":{"type":"Point","coordinates":[-116.86292,42.63226]}},{"type":"Feature","properties":{"acq_date":"2026-07-28","acq_time":922,"confidence":"n","satellite":"N","instrument":"VIIRS","version":"2.0NRT","bright_ti4":302.33,"frp":1.11,"daynight":"N"},"geometry":{"type":"Point","coordinates":[-116.94134,42.63435]}},{"type":"Feature","properties":{"acq_date":"2026-07-28","acq_time":922,"confidence":"n","satellite":"N","instrument":"VIIRS","version":"2.0NRT","bright_ti4":297.56,"frp":1.12,"daynight":"N"},"geometry":{"type":"Point","coordinates":[-116.96037,42.66289]}},{"type":"Feature","properties":{"acq_date":"2026-07-28","acq_time":922,"confidence":"n","satellite":"N","instrument":"VIIRS","version":"2.0NRT","bright_ti4":311.17,"frp":1.85,"daynight":"N"},"geometry":{"type":"Point","coordinates":[-116.96688,42.74218]}},{"type":"Feature","properties":{"acq_date":"2026-07-28","acq_time":922,"confidence":"n","satellite":"N","instrument":"VIIRS","version":"2.0NRT","bright_ti4":298.62,"frp":1.17,"daynight":"N"},"geometry":{"type":"Point","coordinates":[-116.96635,42.74663]}},{"type":"Feature","properties":{"acq_date":"2026-07-28","acq_time":922,"confidence":"n","satellite":"N","instrument":"VIIRS","version":"2.0NRT","bright_ti4":300.36,"frp":1.39,"daynight":"N"},"geometry":{"type":"Point","coordinates":[-116.88068,42.7562]}},{"type":"Feature","properties":{"acq_date":"2026-07-28","acq_time":922,"confidence":"n","satellite":"N","instrument":"VIIRS","version":"2.0NRT","bright_ti4":307.43,"frp":1.39,"daynight":"N"},"geometry":{"type":"Point","coordinates":[-116.88634,42.75664]}},{"type":"Feature","properties":{"acq_date":"2026-07-28","acq_time":922,"confidence":"n","satellite":"N","instrument":"VIIRS","version":"2.0NRT","bright_ti4":297.9,"frp":7.34,"daynight":"N"},"geometry":{"type":"Point","coordinates":[-116.89169,42.75707]}},{"type":"Feature","properties":{"acq_date":"2026-07-28","acq_time":922,"confidence":"n","satellite":"N","instrument":"VIIRS","version":"2.0NRT","bright_ti4":310.25,"frp":1.15,"daynight":"N"},"geometry":{"type":"Point","coordinates":[-116.88123,42.75745]}},{"type":"Feature","properties":{"acq_date":"2026-07-28","acq_time":922,"confidence":"n","satellite":"N","instrument":"VIIRS","version":"2.0NRT","bright_ti4":310.37,"frp":5.65,"daynight":"N"},"geometry":{"type":"Point","coordinates":[-116.88684,42.75792]}},{"type":"Feature","properties":{"acq_date":"2026-07-28","acq_time":922,"confidence":"n","satellite":"N","instrument":"VIIRS","version":"2.0NRT","bright_ti4":331.54,"frp":5.65,"daynight":"N"},"geometry":{"type":"Point","coordinates":[-116.89219,42.75837]}},{"type":"Feature","properties":{"acq_date":"2026-07-28","acq_time":922,"confidence":"n","satellite":"N","instrument":"VIIRS","version":"2.0NRT","bright_ti4":303.14,"frp":1.39,"daynight":"N"},"geometry":{"type":"Point","coordinates":[-116.88039,42.76065]}},{"type":"Feature","properties":{"acq_date":"2026-07-28","acq_time":922,"confidence":"n","satellite":"N","instrument":"VIIRS","version":"2.0NRT","bright_ti4":310.13,"frp":1.39,"daynight":"N"},"geometry":{"type":"Point","coordinates":[-116.88589,42.76109]}},{"type":"Feature","properties":{"acq_date":"2026-07-28","acq_time":922,"confidence":"n","satellite":"N","instrument":"VIIRS","version":"2.0NRT","bright_ti4":356.06,"frp":7.34,"daynight":"N"},"geometry":{"type":"Point","coordinates":[-116.8913,42.76152]}},{"type":"Feature","properties":{"acq_date":"2026-07-28","acq_time":922,"confidence":"n","satellite":"N","instrument":"VIIRS","version":"2.0NRT","bright_ti4":301.36,"frp":1.15,"daynight":"N"},"geometry":{"type":"Point","coordinates":[-116.88094,42.76191]}},{"type":"Feature","properties":{"acq_date":"2026-07-28","acq_time":922,"confidence":"n","satellite":"N","instrument":"VIIRS","version":"2.0NRT","bright_ti4":300.68,"frp":7.34,"daynight":"N"},"geometry":{"type":"Point","coordinates":[-116.89655,42.76194]}},{"type":"Feature","properties":{"acq_date":"2026-07-28","acq_time":922,"confidence":"n","satellite":"N","instrument":"VIIRS","version":"2.0NRT","bright_ti4":310.76,"frp":5.65,"daynight":"N"},"geometry":{"type":"Point","coordinates":[-116.88644,42.76237]}},{"type":"Feature","properties":{"acq_date":"2026-07-28","acq_time":922,"confidence":"n","satellite":"N","instrument":"VIIRS","version":"2.0NRT","bright_ti4":349.12,"frp":5.65,"daynight":"N"},"geometry":{"type":"Point","coordinates":[-116.89183,42.76283]}},{"type":"Feature","properties":{"acq_date":"2026-07-28","acq_time":922,"confidence":"n","satellite":"N","instrument":"VIIRS","version":"2.0NRT","bright_ti4":304.32,"frp":2.65,"daynight":"N"},"geometry":{"type":"Point","coordinates":[-116.89709,42.76327]}},{"type":"Feature","properties":{"acq_date":"2026-07-28","acq_time":922,"confidence":"n","satellite":"N","instrument":"VIIRS","version":"2.0NRT","bright_ti4":301.84,"frp":3.66,"daynight":"N"},"geometry":{"type":"Point","coordinates":[-116.88011,42.7651]}},{"type":"Feature","properties":{"acq_date":"2026-07-28","acq_time":922,"confidence":"n","satellite":"N","instrument":"VIIRS","version":"2.0NRT","bright_ti4":301.36,"frp":3.66,"daynight":"N"},"geometry":{"type":"Point","coordinates":[-116.88564,42.76554]}},{"type":"Feature","properties":{"acq_date":"2026-07-28","acq_time":922,"confidence":"n","satellite":"N","instrument":"VIIRS","version":"2.0NRT","bright_ti4":300.32,"frp":2.73,"daynight":"N"},"geometry":{"type":"Point","coordinates":[-116.87524,42.7659]}},{"type":"Feature","properties":{"acq_date":"2026-07-28","acq_time":922,"confidence":"n","satellite":"N","instrument":"VIIRS","version":"2.0NRT","bright_ti4":306.72,"frp":1.39,"daynight":"N"},"geometry":{"type":"Point","coordinates":[-116.89108,42.76598]}},{"type":"Feature","properties":{"acq_date":"2026-07-28","acq_time":922,"confidence":"n","satellite":"N","instrument":"VIIRS","version":"2.0NRT","bright_ti4":312.71,"frp":2.73,"daynight":"N"},"geometry":{"type":"Point","coordinates":[-116.88068,42.76636]}},{"type":"Feature","properties":{"acq_date":"2026-07-28","acq_time":922,"confidence":"n","satellite":"N","instrument":"VIIRS","version":"2.0NRT","bright_ti4":315.17,"frp":1.39,"daynight":"N"},"geometry":{"type":"Point","coordinates":[-116.89641,42.7664]}},{"type":"Feature","properties":{"acq_date":"2026-07-28","acq_time":922,"confidence":"n","satellite":"N","instrument":"VIIRS","version":"2.0NRT","bright_ti4":300.64,"frp":2.17,"daynight":"N"},"geometry":{"type":"Point","coordinates":[-116.88625,42.76683]}},{"type":"Feature","properties":{"acq_date":"2026-07-28","acq_time":922,"confidence":"n","satellite":"N","instrument":"VIIRS","version":"2.0NRT","bright_ti4":306.85,"frp":2.17,"daynight":"N"},"geometry":{"type":"Point","coordinates":[-116.89168,42.7673]}},{"type":"Feature","properties":{"acq_date":"2026-07-28","acq_time":922,"confidence":"n","satellite":"N","instrument":"VIIRS","version":"2.0NRT","bright_ti4":314.31,"frp":2.27,"daynight":"N"},"geometry":{"type":"Point","coordinates":[-116.897,42.76775]}},{"type":"Feature","properties":{"acq_date":"2026-07-28","acq_time":922,"confidence":"n","satellite":"N","instrument":"VIIRS","version":"2.0NRT","bright_ti4":320.27,"frp":2.64,"daynight":"N"},"geometry":{"type":"Point","coordinates":[-116.87436,42.76912]}},{"type":"Feature","properties":{"acq_date":"2026-07-28","acq_time":922,"confidence":"n","satellite":"N","instrument":"VIIRS","version":"2.0NRT","bright_ti4":331.64,"frp":3.66,"daynight":"N"},"geometry":{"type":"Point","coordinates":[-116.87982,42.76955]}},{"type":"Feature","properties":{"acq_date":"2026-07-28","acq_time":922,"confidence":"n","satellite":"N","instrument":"VIIRS","version":"2.0NRT","bright_ti4":338.23,"frp":3.66,"daynight":"N"},"geometry":{"type":"Point","coordinates":[-116.88544,42.77]}},{"type":"Feature","properties":{"acq_date":"2026-07-28","acq_time":922,"confidence":"n","satellite":"N","instrument":"VIIRS","version":"2.0NRT","bright_ti4":320.94,"frp":2.73,"daynight":"N"},"geometry":{"type":"Point","coordinates":[-116.87491,42.77035]}},{"type":"Feature","properties":{"acq_date":"2026-07-28","acq_time":922,"confidence":"n","satellite":"N","instrument":"VIIRS","version":"2.0NRT","bright_ti4":305.5,"frp":1.39,"daynight":"N"},"geometry":{"type":"Point","coordinates":[-116.89091,42.77044]}},{"type":"Feature","properties":{"acq_date":"2026-07-28","acq_time":922,"confidence":"n","satellite":"N","instrument":"VIIRS","version":"2.0NRT","bright_ti4":339.46,"frp":2.73,"daynight":"N"},"geometry":{"type":"Point","coordinates":[-116.88041,42.77082]}},{"type":"Feature","properties":{"acq_date":"2026-07-28","acq_time":922,"confidence":"n","satellite":"N","instrument":"VIIRS","version":"2.0NRT","bright_ti4":300.64,"frp":1.39,"daynight":"N"},"geometry":{"type":"Point","coordinates":[-116.89631,42.77087]}},{"type":"Feature","properties":{"acq_date":"2026-07-28","acq_time":922,"confidence":"n","satellite":"N","instrument":"VIIRS","version":"2.0NRT","bright_ti4":309.5,"frp":1.9,"daynight":"N"},"geometry":{"type":"Point","coordinates":[-116.90165,42.7713]}},{"type":"Feature","properties":{"acq_date":"2026-07-28","acq_time":922,"confidence":"n","satellite":"N","instrument":"VIIRS","version":"2.0NRT","bright_ti4":315.55,"frp":2.17,"daynight":"N"},"geometry":{"type":"Point","coordinates":[-116.88601,42.7713]}},{"type":"Feature","properties":{"acq_date":"2026-07-28","acq_time":922,"confidence":"n","satellite":"N","instrument":"VIIRS","version":"2.0NRT","bright_ti4":306.51,"frp":1.9,"daynight":"N"},"geometry":{"type":"Point","coordinates":[-116.90699,42.77172]}},{"type":"Feature","properties":{"acq_date":"2026-07-28","acq_time":922,"confidence":"n","satellite":"N","instrument":"VIIRS","version":"2.0NRT","bright_ti4":302.99,"frp":2.17,"daynight":"N"},"geometry":{"type":"Point","coordinates":[-116.89152,42.77176]}},{"type":"Feature","properties":{"acq_date":"2026-07-28","acq_time":922,"confidence":"n","satellite":"N","instrument":"VIIRS","version":"2.0NRT","bright_ti4":319.3,"frp":2.27,"daynight":"N"},"geometry":{"type":"Point","coordinates":[-116.90232,42.77268]}},{"type":"Feature","properties":{"acq_date":"2026-07-28","acq_time":922,"confidence":"n","satellite":"N","instrument":"VIIRS","version":"2.0NRT","bright_ti4":303.61,"frp":1.22,"daynight":"N"},"geometry":{"type":"Point","coordinates":[-116.87946,42.77401]}},{"type":"Feature","properties":{"acq_date":"2026-07-28","acq_time":922,"confidence":"n","satellite":"N","instrument":"VIIRS","version":"2.0NRT","bright_ti4":296.96,"frp":1.22,"daynight":"N"},"geometry":{"type":"Point","coordinates":[-116.88499,42.77444]}},{"type":"Feature","properties":{"acq_date":"2026-07-28","acq_time":922,"confidence":"n","satellite":"N","instrument":"VIIRS","version":"2.0NRT","bright_ti4":296.8,"frp":1.39,"daynight":"N"},"geometry":{"type":"Point","coordinates":[-116.89059,42.77489]}},{"type":"Feature","properties":{"acq_date":"2026-07-28","acq_time":922,"confidence":"n","satellite":"N","instrument":"VIIRS","version":"2.0NRT","bright_ti4":302.54,"frp":1.06,"daynight":"N"},"geometry":{"type":"Point","coordinates":[-116.81709,42.80919]}},{"type":"Feature","properties":{"acq_date":"2026-07-28","acq_time":922,"confidence":"n","satellite":"N","instrument":"VIIRS","version":"2.0NRT","bright_ti4":331.39,"frp":2.47,"daynight":"N"},"geometry":{"type":"Point","coordinates":[-116.81648,42.81361]}},{"type":"Feature","properties":{"acq_date":"2026-07-28","acq_time":922,"confidence":"n","satellite":"N","instrument":"VIIRS","version":"2.0NRT","bright_ti4":318.62,"frp":2.47,"daynight":"N"},"geometry":{"type":"Point","coordinates":[-116.82211,42.81408]}},{"type":"Feature","properties":{"acq_date":"2026-07-28","acq_time":922,"confidence":"n","satellite":"N","instrument":"VIIRS","version":"2.0NRT","bright_ti4":334.36,"frp":5.3,"daynight":"N"},"geometry":{"type":"Point","coordinates":[-116.82791,42.81456]}},{"type":"Feature","properties":{"acq_date":"2026-07-28","acq_time":922,"confidence":"n","satellite":"N","instrument":"VIIRS","version":"2.0NRT","bright_ti4":345.11,"frp":5.3,"daynight":"N"},"geometry":{"type":"Point","coordinates":[-116.83372,42.81503]}},{"type":"Feature","properties":{"acq_date":"2026-07-28","acq_time":922,"confidence":"n","satellite":"N","instrument":"VIIRS","version":"2.0NRT","bright_ti4":338.31,"frp":5.51,"daynight":"N"},"geometry":{"type":"Point","coordinates":[-116.83954,42.81551]}},{"type":"Feature","properties":{"acq_date":"2026-07-28","acq_time":922,"confidence":"n","satellite":"N","instrument":"VIIRS","version":"2.0NRT","bright_ti4":312.01,"frp":5.51,"daynight":"N"},"geometry":{"type":"Point","coordinates":[-116.84547,42.81601]}},{"type":"Feature","properties":{"acq_date":"2026-07-28","acq_time":922,"confidence":"n","satellite":"N","instrument":"VIIRS","version":"2.0NRT","bright_ti4":348.37,"frp":7.15,"daynight":"N"},"geometry":{"type":"Point","coordinates":[-116.85143,42.81649]}},{"type":"Feature","properties":{"acq_date":"2026-07-28","acq_time":922,"confidence":"n","satellite":"N","instrument":"VIIRS","version":"2.0NRT","bright_ti4":295.19,"frp":2.47,"daynight":"N"},"geometry":{"type":"Point","coordinates":[-116.82155,42.8185]}},{"type":"Feature","properties":{"acq_date":"2026-07-28","acq_time":922,"confidence":"n","satellite":"N","instrument":"VIIRS","version":"2.0NRT","bright_ti4":297.31,"frp":5.3,"daynight":"N"},"geometry":{"type":"Point","coordinates":[-116.82739,42.81898]}},{"type":"Feature","properties":{"acq_date":"2026-07-28","acq_time":922,"confidence":"n","satellite":"N","instrument":"VIIRS","version":"2.0NRT","bright_ti4":340.34,"frp":5.51,"daynight":"N"},"geometry":{"type":"Point","coordinates":[-116.839,42.81994]}},{"type":"Feature","properties":{"acq_date":"2026-07-28","acq_time":922,"confidence":"n","satellite":"N","instrument":"VIIRS","version":"2.0NRT","bright_ti4":314.24,"frp":5.51,"daynight":"N"},"geometry":{"type":"Point","coordinates":[-116.84492,42.82043]}},{"type":"Feature","properties":{"acq_date":"2026-07-28","acq_time":922,"confidence":"n","satellite":"N","instrument":"VIIRS","version":"2.0NRT","bright_ti4":326.5,"frp":7.15,"daynight":"N"},"geometry":{"type":"Point","coordinates":[-116.85091,42.82093]}},{"type":"Feature","properties":{"acq_date":"2026-07-28","acq_time":922,"confidence":"n","satellite":"N","instrument":"VIIRS","version":"2.0NRT","bright_ti4":354.3,"frp":7.15,"daynight":"N"},"geometry":{"type":"Point","coordinates":[-116.8568,42.82141]}},{"type":"Feature","properties":{"acq_date":"2026-07-28","acq_time":922,"confidence":"n","satellite":"N","instrument":"VIIRS","version":"2.0NRT","bright_ti4":300.38,"frp":3.1,"daynight":"N"},"geometry":{"type":"Point","coordinates":[-116.86265,42.82189]}},{"type":"Feature","properties":{"acq_date":"2026-07-28","acq_time":922,"confidence":"n","satellite":"N","instrument":"VIIRS","version":"2.0NRT","bright_ti4":325.12,"frp":3.1,"daynight":"N"},"geometry":{"type":"Point","coordinates":[-116.86845,42.82237]}},{"type":"Feature","properties":{"acq_date":"2026-07-28","acq_time":922,"confidence":"n","satellite":"N","instrument":"VIIRS","version":"2.0NRT","bright_ti4":298.26,"frp":1.57,"daynight":"N"},"geometry":{"type":"Point","coordinates":[-116.87429,42.82285]}},{"type":"Feature","properties":{"acq_date":"2026-07-28","acq_time":922,"confidence":"n","satellite":"N","instrument":"VIIRS","version":"2.0NRT","bright_ti4":298.39,"frp":1.16,"daynight":"N"},"geometry":{"type":"Point","coordinates":[-116.83266,42.82389]}},{"type":"Feature","properties":{"acq_date":"2026-07-28","acq_time":922,"confidence":"n","satellite":"N","instrument":"VIIRS","version":"2.0NRT","bright_ti4":296.62,"frp":1.36,"daynight":"N"},"geometry":{"type":"Point","coordinates":[-116.85029,42.82535]}},{"type":"Feature","properties":{"acq_date":"2026-07-28","acq_time":922,"confidence":"n","satellite":"N","instrument":"VIIRS","version":"2.0NRT","bright_ti4":301.37,"frp":5.52,"daynight":"N"},"geometry":{"type":"Point","coordinates":[-116.86213,42.82633]}},{"type":"Feature","properties":{"acq_date":"2026-07-28","acq_time":922,"confidence":"n","satellite":"N","instrument":"VIIRS","version":"2.0NRT","bright_ti4":345.34,"frp":5.52,"daynight":"N"},"geometry":{"type":"Point","coordinates":[-116.86798,42.82681]}},{"type":"Feature","properties":{"acq_date":"2026-07-28","acq_time":922,"confidence":"h","satellite":"N","instrument":"VIIRS","version":"2.0NRT","bright_ti4":367,"frp":10.68,"daynight":"N"},"geometry":{"type":"Point","coordinates":[-116.8738,42.82729]}},{"type":"Feature","properties":{"acq_date":"2026-07-28","acq_time":922,"confidence":"n","satellite":"N","instrument":"VIIRS","version":"2.0NRT","bright_ti4":350.48,"frp":10.68,"daynight":"N"},"geometry":{"type":"Point","coordinates":[-116.87965,42.82777]}},{"type":"Feature","properties":{"acq_date":"2026-07-28","acq_time":922,"confidence":"n","satellite":"N","instrument":"VIIRS","version":"2.0NRT","bright_ti4":298.29,"frp":1.16,"daynight":"N"},"geometry":{"type":"Point","coordinates":[-116.82627,42.82783]}},{"type":"Feature","properties":{"acq_date":"2026-07-28","acq_time":922,"confidence":"n","satellite":"N","instrument":"VIIRS","version":"2.0NRT","bright_ti4":310.09,"frp":13.31,"daynight":"N"},"geometry":{"type":"Point","coordinates":[-116.88556,42.82826]}},{"type":"Feature","properties":{"acq_date":"2026-07-28","acq_time":922,"confidence":"n","satellite":"N","instrument":"VIIRS","version":"2.0NRT","bright_ti4":324.74,"frp":10.68,"daynight":"N"},"geometry":{"type":"Point","coordinates":[-116.87915,42.83222]}},{"type":"Feature","properties":{"acq_date":"2026-07-28","acq_time":922,"confidence":"n","satellite":"N","instrument":"VIIRS","version":"2.0NRT","bright_ti4":303.78,"frp":1.22,"daynight":"N"},"geometry":{"type":"Point","coordinates":[-116.8258,42.83226]}},{"type":"Feature","properties":{"acq_date":"2026-07-28","acq_time":922,"confidence":"n","satellite":"N","instrument":"VIIRS","version":"2.0NRT","bright_ti4":354.96,"frp":13.31,"daynight":"N"},"geometry":{"type":"Point","coordinates":[-116.88507,42.83271]}},{"type":"Feature","properties":{"acq_date":"2026-07-28","acq_time":922,"confidence":"n","satellite":"N","instrument":"VIIRS","version":"2.0NRT","bright_ti4":352.95,"frp":13.31,"daynight":"N"},"geometry":{"type":"Point","coordinates":[-116.89105,42.8332]}},{"type":"Feature","properties":{"acq_date":"2026-07-28","acq_time":922,"confidence":"n","satellite":"N","instrument":"VIIRS","version":"2.0NRT","bright_ti4":311.77,"frp":1.18,"daynight":"N"},"geometry":{"type":"Point","coordinates":[-116.87868,42.83666]}},{"type":"Feature","properties":{"acq_date":"2026-07-28","acq_time":922,"confidence":"n","satellite":"N","instrument":"VIIRS","version":"2.0NRT","bright_ti4":310.53,"frp":3.2,"daynight":"N"},"geometry":{"type":"Point","coordinates":[-116.88459,42.83715]}},{"type":"Feature","properties":{"acq_date":"2026-07-28","acq_time":922,"confidence":"n","satellite":"N","instrument":"VIIRS","version":"2.0NRT","bright_ti4":329.12,"frp":3.2,"daynight":"N"},"geometry":{"type":"Point","coordinates":[-116.89055,42.83765]}},{"type":"Feature","properties":{"acq_date":"2026-07-28","acq_time":922,"confidence":"n","satellite":"N","instrument":"VIIRS","version":"2.0NRT","bright_ti4":319.94,"frp":3.79,"daynight":"N"},"geometry":{"type":"Point","coordinates":[-116.89645,42.83813]}},{"type":"Feature","properties":{"acq_date":"2026-07-28","acq_time":922,"confidence":"n","satellite":"N","instrument":"VIIRS","version":"2.0NRT","bright_ti4":314.79,"frp":3.2,"daynight":"N"},"geometry":{"type":"Point","coordinates":[-116.88992,42.84208]}},{"type":"Feature","properties":{"acq_date":"2026-07-28","acq_time":922,"confidence":"n","satellite":"N","instrument":"VIIRS","version":"2.0NRT","bright_ti4":329.91,"frp":3.79,"daynight":"N"},"geometry":{"type":"Point","coordinates":[-116.89584,42.84258]}},{"type":"Feature","properties":{"acq_date":"2026-07-28","acq_time":922,"confidence":"n","satellite":"N","instrument":"VIIRS","version":"2.0NRT","bright_ti4":301.13,"frp":0.71,"daynight":"N"},"geometry":{"type":"Point","coordinates":[-116.94063,42.87117]}},{"type":"Feature","properties":{"acq_date":"2026-07-28","acq_time":922,"confidence":"n","satellite":"N","instrument":"VIIRS","version":"2.0NRT","bright_ti4":308.86,"frp":0.94,"daynight":"N"},"geometry":{"type":"Point","coordinates":[-116.8922,42.87185]}},{"type":"Feature","properties":{"acq_date":"2026-07-28","acq_time":922,"confidence":"n","satellite":"N","instrument":"VIIRS","version":"2.0NRT","bright_ti4":301.29,"frp":2.56,"daynight":"N"},"geometry":{"type":"Point","coordinates":[-116.90362,42.87276]}},{"type":"Feature","properties":{"acq_date":"2026-07-28","acq_time":922,"confidence":"n","satellite":"N","instrument":"VIIRS","version":"2.0NRT","bright_ti4":332,"frp":3.23,"daynight":"N"},"geometry":{"type":"Point","coordinates":[-116.9403,42.87325]}},{"type":"Feature","properties":{"acq_date":"2026-07-28","acq_time":922,"confidence":"n","satellite":"N","instrument":"VIIRS","version":"2.0NRT","bright_ti4":312.27,"frp":1.42,"daynight":"N"},"geometry":{"type":"Point","coordinates":[-116.8919,42.87366]}},{"type":"Feature","properties":{"acq_date":"2026-07-28","acq_time":922,"confidence":"n","satellite":"N","instrument":"VIIRS","version":"2.0NRT","bright_ti4":315.49,"frp":3.23,"daynight":"N"},"geometry":{"type":"Point","coordinates":[-116.94625,42.87374]}},{"type":"Feature","properties":{"acq_date":"2026-07-28","acq_time":922,"confidence":"n","satellite":"N","instrument":"VIIRS","version":"2.0NRT","bright_ti4":299.37,"frp":1.42,"daynight":"N"},"geometry":{"type":"Point","coordinates":[-116.89757,42.87413]}},{"type":"Feature","properties":{"acq_date":"2026-07-28","acq_time":922,"confidence":"n","satellite":"N","instrument":"VIIRS","version":"2.0NRT","bright_ti4":327.84,"frp":5.25,"daynight":"N"},"geometry":{"type":"Point","coordinates":[-116.90339,42.87463]}},{"type":"Feature","properties":{"acq_date":"2026-07-28","acq_time":922,"confidence":"n","satellite":"N","instrument":"VIIRS","version":"2.0NRT","bright_ti4":329.94,"frp":3.44,"daynight":"N"},"geometry":{"type":"Point","coordinates":[-116.93977,42.8756]}},{"type":"Feature","properties":{"acq_date":"2026-07-28","acq_time":922,"confidence":"n","satellite":"N","instrument":"VIIRS","version":"2.0NRT","bright_ti4":323.9,"frp":3.46,"daynight":"N"},"geometry":{"type":"Point","coordinates":[-116.94572,42.87606]}},{"type":"Feature","properties":{"acq_date":"2026-07-28","acq_time":922,"confidence":"n","satellite":"N","instrument":"VIIRS","version":"2.0NRT","bright_ti4":300.15,"frp":0.94,"daynight":"N"},"geometry":{"type":"Point","coordinates":[-116.89134,42.87628]}},{"type":"Feature","properties":{"acq_date":"2026-07-28","acq_time":922,"confidence":"n","satellite":"N","instrument":"VIIRS","version":"2.0NRT","bright_ti4":307.49,"frp":3.46,"daynight":"N"},"geometry":{"type":"Point","coordinates":[-116.95162,42.87652]}},{"type":"Feature","properties":{"acq_date":"2026-07-28","acq_time":922,"confidence":"n","satellite":"N","instrument":"VIIRS","version":"2.0NRT","bright_ti4":322.4,"frp":3.49,"daynight":"N"},"geometry":{"type":"Point","coordinates":[-116.95767,42.877]}},{"type":"Feature","properties":{"acq_date":"2026-07-28","acq_time":922,"confidence":"n","satellite":"N","instrument":"VIIRS","version":"2.0NRT","bright_ti4":324.76,"frp":2.56,"daynight":"N"},"geometry":{"type":"Point","coordinates":[-116.90295,42.8772]}},{"type":"Feature","properties":{"acq_date":"2026-07-28","acq_time":922,"confidence":"n","satellite":"N","instrument":"VIIRS","version":"2.0NRT","bright_ti4":302.47,"frp":1.69,"daynight":"N"},"geometry":{"type":"Point","coordinates":[-116.93937,42.87767]}},{"type":"Feature","properties":{"acq_date":"2026-07-28","acq_time":922,"confidence":"n","satellite":"N","instrument":"VIIRS","version":"2.0NRT","bright_ti4":307.67,"frp":1.69,"daynight":"N"},"geometry":{"type":"Point","coordinates":[-116.94531,42.87817]}},{"type":"Feature","properties":{"acq_date":"2026-07-28","acq_time":922,"confidence":"n","satellite":"N","instrument":"VIIRS","version":"2.0NRT","bright_ti4":310.98,"frp":2.95,"daynight":"N"},"geometry":{"type":"Point","coordinates":[-116.95119,42.87867]}},{"type":"Feature","properties":{"acq_date":"2026-07-28","acq_time":922,"confidence":"n","satellite":"N","instrument":"VIIRS","version":"2.0NRT","bright_ti4":323.41,"frp":2.95,"daynight":"N"},"geometry":{"type":"Point","coordinates":[-116.95722,42.87917]}},{"type":"Feature","properties":{"acq_date":"2026-07-28","acq_time":922,"confidence":"n","satellite":"N","instrument":"VIIRS","version":"2.0NRT","bright_ti4":308.14,"frp":4.16,"daynight":"N"},"geometry":{"type":"Point","coordinates":[-116.96336,42.87968]}},{"type":"Feature","properties":{"acq_date":"2026-07-28","acq_time":922,"confidence":"n","satellite":"N","instrument":"VIIRS","version":"2.0NRT","bright_ti4":319.84,"frp":4.16,"daynight":"N"},"geometry":{"type":"Point","coordinates":[-116.96932,42.88019]}},{"type":"Feature","properties":{"acq_date":"2026-07-28","acq_time":922,"confidence":"n","satellite":"N","instrument":"VIIRS","version":"2.0NRT","bright_ti4":319.54,"frp":3.49,"daynight":"N"},"geometry":{"type":"Point","coordinates":[-116.96262,42.88189]}},{"type":"Feature","properties":{"acq_date":"2026-07-28","acq_time":922,"confidence":"n","satellite":"N","instrument":"VIIRS","version":"2.0NRT","bright_ti4":300.19,"frp":1.36,"daynight":"N"},"geometry":{"type":"Point","coordinates":[-116.90816,42.8821]}},{"type":"Feature","properties":{"acq_date":"2026-07-28","acq_time":922,"confidence":"n","satellite":"N","instrument":"VIIRS","version":"2.0NRT","bright_ti4":356.26,"frp":10.55,"daynight":"N"},"geometry":{"type":"Point","coordinates":[-116.96873,42.88237]}},{"type":"Feature","properties":{"acq_date":"2026-07-28","acq_time":922,"confidence":"n","satellite":"N","instrument":"VIIRS","version":"2.0NRT","bright_ti4":298.87,"frp":1.36,"daynight":"N"},"geometry":{"type":"Point","coordinates":[-116.91416,42.88258]}},{"type":"Feature","properties":{"acq_date":"2026-07-28","acq_time":922,"confidence":"n","satellite":"N","instrument":"VIIRS","version":"2.0NRT","bright_ti4":342.08,"frp":10.55,"daynight":"N"},"geometry":{"type":"Point","coordinates":[-116.9748,42.88284]}},{"type":"Feature","properties":{"acq_date":"2026-07-28","acq_time":922,"confidence":"n","satellite":"N","instrument":"VIIRS","version":"2.0NRT","bright_ti4":312.56,"frp":4.16,"daynight":"N"},"geometry":{"type":"Point","coordinates":[-116.96185,42.88406]}},{"type":"Feature","properties":{"acq_date":"2026-07-28","acq_time":922,"confidence":"n","satellite":"N","instrument":"VIIRS","version":"2.0NRT","bright_ti4":350.23,"frp":4.16,"daynight":"N"},"geometry":{"type":"Point","coordinates":[-116.96808,42.88459]}},{"type":"Feature","properties":{"acq_date":"2026-07-28","acq_time":922,"confidence":"n","satellite":"N","instrument":"VIIRS","version":"2.0NRT","bright_ti4":349.99,"frp":9.47,"daynight":"N"},"geometry":{"type":"Point","coordinates":[-116.9744,42.88512]}},{"type":"Feature","properties":{"acq_date":"2026-07-28","acq_time":922,"confidence":"n","satellite":"N","instrument":"VIIRS","version":"2.0NRT","bright_ti4":328.88,"frp":9.47,"daynight":"N"},"geometry":{"type":"Point","coordinates":[-116.98072,42.88565]}},{"type":"Feature","properties":{"acq_date":"2026-07-28","acq_time":922,"confidence":"n","satellite":"N","instrument":"VIIRS","version":"2.0NRT","bright_ti4":305.42,"frp":4.14,"daynight":"N"},"geometry":{"type":"Point","coordinates":[-116.96733,42.88677]}},{"type":"Feature","properties":{"acq_date":"2026-07-28","acq_time":922,"confidence":"n","satellite":"N","instrument":"VIIRS","version":"2.0NRT","bright_ti4":309.67,"frp":1.36,"daynight":"N"},"geometry":{"type":"Point","coordinates":[-116.91293,42.88697]}},{"type":"Feature","properties":{"acq_date":"2026-07-28","acq_time":922,"confidence":"n","satellite":"N","instrument":"VIIRS","version":"2.0NRT","bright_ti4":338.25,"frp":4.14,"daynight":"N"},"geometry":{"type":"Point","coordinates":[-116.97383,42.88727]}},{"type":"Feature","properties":{"acq_date":"2026-07-28","acq_time":922,"confidence":"n","satellite":"N","instrument":"VIIRS","version":"2.0NRT","bright_ti4":331.6,"frp":3.64,"daynight":"N"},"geometry":{"type":"Point","coordinates":[-116.91882,42.88743]}},{"type":"Feature","properties":{"acq_date":"2026-07-28","acq_time":922,"confidence":"n","satellite":"N","instrument":"VIIRS","version":"2.0NRT","bright_ti4":348.88,"frp":6.56,"daynight":"N"},"geometry":{"type":"Point","coordinates":[-116.98031,42.88778]}},{"type":"Feature","properties":{"acq_date":"2026-07-28","acq_time":922,"confidence":"n","satellite":"N","instrument":"VIIRS","version":"2.0NRT","bright_ti4":308.9,"frp":3.64,"daynight":"N"},"geometry":{"type":"Point","coordinates":[-116.92464,42.8879]}},{"type":"Feature","properties":{"acq_date":"2026-07-28","acq_time":922,"confidence":"n","satellite":"N","instrument":"VIIRS","version":"2.0NRT","bright_ti4":308.66,"frp":2.85,"daynight":"N"},"geometry":{"type":"Point","coordinates":[-116.93046,42.88836]}},{"type":"Feature","properties":{"acq_date":"2026-07-28","acq_time":922,"confidence":"n","satellite":"N","instrument":"VIIRS","version":"2.0NRT","bright_ti4":348.57,"frp":21.5,"daynight":"N"},"geometry":{"type":"Point","coordinates":[-116.91792,42.89186]}},{"type":"Feature","properties":{"acq_date":"2026-07-28","acq_time":922,"confidence":"n","satellite":"N","instrument":"VIIRS","version":"2.0NRT","bright_ti4":327.97,"frp":6.56,"daynight":"N"},"geometry":{"type":"Point","coordinates":[-116.97929,42.89221]}},{"type":"Feature","properties":{"acq_date":"2026-07-28","acq_time":922,"confidence":"h","satellite":"N","instrument":"VIIRS","version":"2.0NRT","bright_ti4":367,"frp":21.5,"daynight":"N"},"geometry":{"type":"Point","coordinates":[-116.92381,42.89233]}},{"type":"Feature","properties":{"acq_date":"2026-07-28","acq_time":922,"confidence":"h","satellite":"N","instrument":"VIIRS","version":"2.0NRT","bright_ti4":367,"frp":118.18,"daynight":"N"},"geometry":{"type":"Point","coordinates":[-116.92959,42.89279]}},{"type":"Feature","properties":{"acq_date":"2026-07-28","acq_time":922,"confidence":"n","satellite":"N","instrument":"VIIRS","version":"2.0NRT","bright_ti4":356.33,"frp":118.18,"daynight":"N"},"geometry":{"type":"Point","coordinates":[-116.93529,42.89324]}},{"type":"Feature","properties":{"acq_date":"2026-07-28","acq_time":922,"confidence":"n","satellite":"N","instrument":"VIIRS","version":"2.0NRT","bright_ti4":329.58,"frp":77.76,"daynight":"N"},"geometry":{"type":"Point","coordinates":[-116.94113,42.8937]}},{"type":"Feature","properties":{"acq_date":"2026-07-28","acq_time":922,"confidence":"n","satellite":"N","instrument":"VIIRS","version":"2.0NRT","bright_ti4":308.67,"frp":77.76,"daynight":"N"},"geometry":{"type":"Point","coordinates":[-116.94709,42.89418]}},{"type":"Feature","properties":{"acq_date":"2026-07-28","acq_time":922,"confidence":"n","satellite":"N","instrument":"VIIRS","version":"2.0NRT","bright_ti4":299.77,"frp":6.38,"daynight":"N"},"geometry":{"type":"Point","coordinates":[-116.95304,42.89465]}},{"type":"Feature","properties":{"acq_date":"2026-07-28","acq_time":922,"confidence":"n","satellite":"N","instrument":"VIIRS","version":"2.0NRT","bright_ti4":321.77,"frp":21.5,"daynight":"N"},"geometry":{"type":"Point","coordinates":[-116.9171,42.89629]}},{"type":"Feature","properties":{"acq_date":"2026-07-28","acq_time":922,"confidence":"n","satellite":"N","instrument":"VIIRS","version":"2.0NRT","bright_ti4":316.45,"frp":1.87,"daynight":"N"},"geometry":{"type":"Point","coordinates":[-116.97822,42.89663]}},{"type":"Feature","properties":{"acq_date":"2026-07-28","acq_time":922,"confidence":"n","satellite":"N","instrument":"VIIRS","version":"2.0NRT","bright_ti4":351.65,"frp":21.5,"daynight":"N"},"geometry":{"type":"Point","coordinates":[-116.92303,42.89676]}},{"type":"Feature","properties":{"acq_date":"2026-07-28","acq_time":922,"confidence":"n","satellite":"N","instrument":"VIIRS","version":"2.0NRT","bright_ti4":344.78,"frp":118.18,"daynight":"N"},"geometry":{"type":"Point","coordinates":[-116.92881,42.89722]}},{"type":"Feature","properties":{"acq_date":"2026-07-28","acq_time":922,"confidence":"h","satellite":"N","instrument":"VIIRS","version":"2.0NRT","bright_ti4":367,"frp":77.76,"daynight":"N"},"geometry":{"type":"Point","coordinates":[-116.94028,42.89813]}},{"type":"Feature","properties":{"acq_date":"2026-07-28","acq_time":922,"confidence":"n","satellite":"N","instrument":"VIIRS","version":"2.0NRT","bright_ti4":355,"frp":77.76,"daynight":"N"},"geometry":{"type":"Point","coordinates":[-116.9462,42.89861]}},{"type":"Feature","properties":{"acq_date":"2026-07-28","acq_time":922,"confidence":"n","satellite":"N","instrument":"VIIRS","version":"2.0NRT","bright_ti4":350.14,"frp":6.38,"daynight":"N"},"geometry":{"type":"Point","coordinates":[-116.95221,42.89908]}},{"type":"Feature","properties":{"acq_date":"2026-07-28","acq_time":922,"confidence":"n","satellite":"N","instrument":"VIIRS","version":"2.0NRT","bright_ti4":306.55,"frp":6.38,"daynight":"N"},"geometry":{"type":"Point","coordinates":[-116.95822,42.89956]}},{"type":"Feature","properties":{"acq_date":"2026-07-28","acq_time":922,"confidence":"n","satellite":"N","instrument":"VIIRS","version":"2.0NRT","bright_ti4":314.11,"frp":1.93,"daynight":"N"},"geometry":{"type":"Point","coordinates":[-116.96424,42.90004]}},{"type":"Feature","properties":{"acq_date":"2026-07-28","acq_time":922,"confidence":"n","satellite":"N","instrument":"VIIRS","version":"2.0NRT","bright_ti4":304.71,"frp":1.93,"daynight":"N"},"geometry":{"type":"Point","coordinates":[-116.97047,42.90053]}},{"type":"Feature","properties":{"acq_date":"2026-07-28","acq_time":922,"confidence":"n","satellite":"N","instrument":"VIIRS","version":"2.0NRT","bright_ti4":305.06,"frp":1.87,"daynight":"N"},"geometry":{"type":"Point","coordinates":[-116.97744,42.90108]}},{"type":"Feature","properties":{"acq_date":"2026-07-28","acq_time":922,"confidence":"n","satellite":"N","instrument":"VIIRS","version":"2.0NRT","bright_ti4":324.97,"frp":4.32,"daynight":"N"},"geometry":{"type":"Point","coordinates":[-116.92224,42.90119]}},{"type":"Feature","properties":{"acq_date":"2026-07-28","acq_time":922,"confidence":"n","satellite":"N","instrument":"VIIRS","version":"2.0NRT","bright_ti4":351.71,"frp":23.7,"daynight":"N"},"geometry":{"type":"Point","coordinates":[-116.92814,42.90166]}},{"type":"Feature","properties":{"acq_date":"2026-07-28","acq_time":922,"confidence":"n","satellite":"N","instrument":"VIIRS","version":"2.0NRT","bright_ti4":346.35,"frp":23.7,"daynight":"N"},"geometry":{"type":"Point","coordinates":[-116.93391,42.90213]}},{"type":"Feature","properties":{"acq_date":"2026-07-28","acq_time":922,"confidence":"h","satellite":"N","instrument":"VIIRS","version":"2.0NRT","bright_ti4":367,"frp":93.77,"daynight":"N"},"geometry":{"type":"Point","coordinates":[-116.93967,42.90259]}},{"type":"Feature","properties":{"acq_date":"2026-07-28","acq_time":922,"confidence":"n","satellite":"N","instrument":"VIIRS","version":"2.0NRT","bright_ti4":342.87,"frp":93.77,"daynight":"N"},"geometry":{"type":"Point","coordinates":[-116.94547,42.90305]}},{"type":"Feature","properties":{"acq_date":"2026-07-28","acq_time":922,"confidence":"n","satellite":"N","instrument":"VIIRS","version":"2.0NRT","bright_ti4":320.85,"frp":2.37,"daynight":"N"},"geometry":{"type":"Point","coordinates":[-116.9514,42.90352]}},{"type":"Feature","properties":{"acq_date":"2026-07-28","acq_time":922,"confidence":"n","satellite":"N","instrument":"VIIRS","version":"2.0NRT","bright_ti4":307.08,"frp":2.37,"daynight":"N"},"geometry":{"type":"Point","coordinates":[-116.95751,42.90401]}},{"type":"Feature","properties":{"acq_date":"2026-07-28","acq_time":922,"confidence":"n","satellite":"N","instrument":"VIIRS","version":"2.0NRT","bright_ti4":325.21,"frp":3.78,"daynight":"N"},"geometry":{"type":"Point","coordinates":[-116.96989,42.90499]}},{"type":"Feature","properties":{"acq_date":"2026-07-28","acq_time":922,"confidence":"n","satellite":"N","instrument":"VIIRS","version":"2.0NRT","bright_ti4":323.94,"frp":4.46,"daynight":"N"},"geometry":{"type":"Point","coordinates":[-116.97672,42.90553]}},{"type":"Feature","properties":{"acq_date":"2026-07-28","acq_time":922,"confidence":"n","satellite":"N","instrument":"VIIRS","version":"2.0NRT","bright_ti4":303.5,"frp":23.7,"daynight":"N"},"geometry":{"type":"Point","coordinates":[-116.93325,42.90657]}},{"type":"Feature","properties":{"acq_date":"2026-07-28","acq_time":922,"confidence":"n","satellite":"N","instrument":"VIIRS","version":"2.0NRT","bright_ti4":306.39,"frp":93.77,"daynight":"N"},"geometry":{"type":"Point","coordinates":[-116.93901,42.90703]}},{"type":"Feature","properties":{"acq_date":"2026-07-28","acq_time":922,"confidence":"n","satellite":"N","instrument":"VIIRS","version":"2.0NRT","bright_ti4":301.85,"frp":2.25,"daynight":"N"},"geometry":{"type":"Point","coordinates":[-118.37463,42.92655]}},{"type":"Feature","properties":{"acq_date":"2026-07-28","acq_time":922,"confidence":"n","satellite":"N","instrument":"VIIRS","version":"2.0NRT","bright_ti4":302.18,"frp":1.31,"daynight":"N"},"geometry":{"type":"Point","coordinates":[-118.37334,42.93129]}},{"type":"Feature","properties":{"acq_date":"2026-07-28","acq_time":922,"confidence":"n","satellite":"N","instrument":"VIIRS","version":"2.0NRT","bright_ti4":299.32,"frp":1.8,"daynight":"N"},"geometry":{"type":"Point","coordinates":[-118.36581,42.93562]}},{"type":"Feature","properties":{"acq_date":"2026-07-28","acq_time":922,"confidence":"n","satellite":"N","instrument":"VIIRS","version":"2.0NRT","bright_ti4":307.36,"frp":2.61,"daynight":"N"},"geometry":{"type":"Point","coordinates":[-118.4968,42.9689]}},{"type":"Feature","properties":{"acq_date":"2026-07-28","acq_time":922,"confidence":"n","satellite":"N","instrument":"VIIRS","version":"2.0NRT","bright_ti4":322.78,"frp":2.61,"daynight":"N"},"geometry":{"type":"Point","coordinates":[-118.4965,42.97375]}},{"type":"Feature","properties":{"acq_date":"2026-07-28","acq_time":922,"confidence":"n","satellite":"N","instrument":"VIIRS","version":"2.0NRT","bright_ti4":307.27,"frp":2.61,"daynight":"N"},"geometry":{"type":"Point","coordinates":[-118.50407,42.97428]}},{"type":"Feature","properties":{"acq_date":"2026-07-28","acq_time":922,"confidence":"n","satellite":"N","instrument":"VIIRS","version":"2.0NRT","bright_ti4":306.43,"frp":1.58,"daynight":"N"},"geometry":{"type":"Point","coordinates":[-118.51182,42.97482]}},{"type":"Feature","properties":{"acq_date":"2026-07-28","acq_time":922,"confidence":"n","satellite":"N","instrument":"VIIRS","version":"2.0NRT","bright_ti4":308.74,"frp":1.43,"daynight":"N"},"geometry":{"type":"Point","coordinates":[-118.49779,42.97688]}},{"type":"Feature","properties":{"acq_date":"2026-07-28","acq_time":922,"confidence":"n","satellite":"N","instrument":"VIIRS","version":"2.0NRT","bright_ti4":301.8,"frp":2.48,"daynight":"N"},"geometry":{"type":"Point","coordinates":[-118.50538,42.97736]}},{"type":"Feature","properties":{"acq_date":"2026-07-28","acq_time":922,"confidence":"n","satellite":"N","instrument":"VIIRS","version":"2.0NRT","bright_ti4":329.4,"frp":2.48,"daynight":"N"},"geometry":{"type":"Point","coordinates":[-118.51315,42.97784]}},{"type":"Feature","properties":{"acq_date":"2026-07-28","acq_time":922,"confidence":"n","satellite":"N","instrument":"VIIRS","version":"2.0NRT","bright_ti4":300.67,"frp":1.94,"daynight":"N"},"geometry":{"type":"Point","coordinates":[-118.50375,42.97913]}},{"type":"Feature","properties":{"acq_date":"2026-07-28","acq_time":922,"confidence":"n","satellite":"N","instrument":"VIIRS","version":"2.0NRT","bright_ti4":331.56,"frp":4.15,"daynight":"N"},"geometry":{"type":"Point","coordinates":[-118.5115,42.97966]}},{"type":"Feature","properties":{"acq_date":"2026-07-28","acq_time":922,"confidence":"n","satellite":"N","instrument":"VIIRS","version":"2.0NRT","bright_ti4":305.45,"frp":1.43,"daynight":"N"},"geometry":{"type":"Point","coordinates":[-118.49741,42.98172]}},{"type":"Feature","properties":{"acq_date":"2026-07-28","acq_time":922,"confidence":"n","satellite":"N","instrument":"VIIRS","version":"2.0NRT","bright_ti4":302.38,"frp":2.48,"daynight":"N"},"geometry":{"type":"Point","coordinates":[-118.50501,42.9822]}},{"type":"Feature","properties":{"acq_date":"2026-07-28","acq_time":922,"confidence":"n","satellite":"N","instrument":"VIIRS","version":"2.0NRT","bright_ti4":317.81,"frp":2.48,"daynight":"N"},"geometry":{"type":"Point","coordinates":[-118.51277,42.9827]}},{"type":"Feature","properties":{"acq_date":"2026-07-28","acq_time":922,"confidence":"n","satellite":"N","instrument":"VIIRS","version":"2.0NRT","bright_ti4":307.14,"frp":1.94,"daynight":"N"},"geometry":{"type":"Point","coordinates":[-118.50333,42.98397]}},{"type":"Feature","properties":{"acq_date":"2026-07-28","acq_time":922,"confidence":"n","satellite":"N","instrument":"VIIRS","version":"2.0NRT","bright_ti4":309.16,"frp":4.15,"daynight":"N"},"geometry":{"type":"Point","coordinates":[-118.51108,42.98451]}},{"type":"Feature","properties":{"acq_date":"2026-07-28","acq_time":922,"confidence":"n","satellite":"N","instrument":"VIIRS","version":"2.0NRT","bright_ti4":325.67,"frp":4.15,"daynight":"N"},"geometry":{"type":"Point","coordinates":[-118.51881,42.98505]}},{"type":"Feature","properties":{"acq_date":"2026-07-28","acq_time":922,"confidence":"n","satellite":"N","instrument":"VIIRS","version":"2.0NRT","bright_ti4":301.87,"frp":3.54,"daynight":"N"},"geometry":{"type":"Point","coordinates":[-118.50459,42.98705]}},{"type":"Feature","properties":{"acq_date":"2026-07-28","acq_time":922,"confidence":"n","satellite":"N","instrument":"VIIRS","version":"2.0NRT","bright_ti4":327.6,"frp":3.54,"daynight":"N"},"geometry":{"type":"Point","coordinates":[-118.51232,42.98754]}},{"type":"Feature","properties":{"acq_date":"2026-07-28","acq_time":922,"confidence":"n","satellite":"N","instrument":"VIIRS","version":"2.0NRT","bright_ti4":338.2,"frp":6.6,"daynight":"N"},"geometry":{"type":"Point","coordinates":[-118.52005,42.98803]}},{"type":"Feature","properties":{"acq_date":"2026-07-28","acq_time":922,"confidence":"n","satellite":"N","instrument":"VIIRS","version":"2.0NRT","bright_ti4":317.25,"frp":4.58,"daynight":"N"},"geometry":{"type":"Point","coordinates":[-118.51057,42.98935]}},{"type":"Feature","properties":{"acq_date":"2026-07-28","acq_time":922,"confidence":"n","satellite":"N","instrument":"VIIRS","version":"2.0NRT","bright_ti4":344.49,"frp":4.58,"daynight":"N"},"geometry":{"type":"Point","coordinates":[-118.51829,42.98989]}},{"type":"Feature","properties":{"acq_date":"2026-07-28","acq_time":922,"confidence":"n","satellite":"N","instrument":"VIIRS","version":"2.0NRT","bright_ti4":317.9,"frp":3.54,"daynight":"N"},"geometry":{"type":"Point","coordinates":[-118.51162,42.99237]}},{"type":"Feature","properties":{"acq_date":"2026-07-28","acq_time":922,"confidence":"n","satellite":"N","instrument":"VIIRS","version":"2.0NRT","bright_ti4":314.55,"frp":6.6,"daynight":"N"},"geometry":{"type":"Point","coordinates":[-118.51934,42.99286]}},{"type":"Feature","properties":{"acq_date":"2026-07-28","acq_time":922,"confidence":"n","satellite":"N","instrument":"VIIRS","version":"2.0NRT","bright_ti4":315.2,"frp":4.58,"daynight":"N"},"geometry":{"type":"Point","coordinates":[-118.5099,42.99417]}},{"type":"Feature","properties":{"acq_date":"2026-07-28","acq_time":922,"confidence":"n","satellite":"N","instrument":"VIIRS","version":"2.0NRT","bright_ti4":311.92,"frp":4.58,"daynight":"N"},"geometry":{"type":"Point","coordinates":[-118.51754,42.99471]}},{"type":"Feature","properties":{"acq_date":"2026-07-28","acq_time":922,"confidence":"n","satellite":"N","instrument":"VIIRS","version":"2.0NRT","bright_ti4":311.51,"frp":1.44,"daynight":"N"},"geometry":{"type":"Point","coordinates":[-118.51094,42.9972]}},{"type":"Feature","properties":{"acq_date":"2026-07-28","acq_time":922,"confidence":"n","satellite":"N","instrument":"VIIRS","version":"2.0NRT","bright_ti4":301.56,"frp":1.87,"daynight":"N"},"geometry":{"type":"Point","coordinates":[-118.50922,42.999]}},{"type":"Feature","properties":{"acq_date":"2026-07-28","acq_time":922,"confidence":"n","satellite":"N","instrument":"VIIRS","version":"2.0NRT","bright_ti4":298.05,"frp":1.44,"daynight":"N"},"geometry":{"type":"Point","coordinates":[-118.51025,43.00203]}},{"type":"Feature","properties":{"acq_date":"2026-07-28","acq_time":922,"confidence":"n","satellite":"N","instrument":"VIIRS","version":"2.0NRT","bright_ti4":296.61,"frp":1.35,"daynight":"N"},"geometry":{"type":"Point","coordinates":[-118.51801,43.00253]}},{"type":"Feature","properties":{"acq_date":"2026-07-28","acq_time":922,"confidence":"n","satellite":"N","instrument":"VIIRS","version":"2.0NRT","bright_ti4":311.19,"frp":1.87,"daynight":"N"},"geometry":{"type":"Point","coordinates":[-118.51627,43.00438]}},{"type":"Feature","properties":{"acq_date":"2026-07-28","acq_time":922,"confidence":"n","satellite":"N","instrument":"VIIRS","version":"2.0NRT","bright_ti4":298.04,"frp":3.05,"daynight":"N"},"geometry":{"type":"Point","coordinates":[-118.50925,43.00684]}},{"type":"Feature","properties":{"acq_date":"2026-07-28","acq_time":922,"confidence":"n","satellite":"N","instrument":"VIIRS","version":"2.0NRT","bright_ti4":325.04,"frp":9.51,"daynight":"N"},"geometry":{"type":"Point","coordinates":[-118.51704,43.00734]}},{"type":"Feature","properties":{"acq_date":"2026-07-28","acq_time":922,"confidence":"n","satellite":"N","instrument":"VIIRS","version":"2.0NRT","bright_ti4":354.91,"frp":9.51,"daynight":"N"},"geometry":{"type":"Point","coordinates":[-118.51583,43.01213]}},{"type":"Feature","properties":{"acq_date":"2026-07-28","acq_time":922,"confidence":"n","satellite":"N","instrument":"VIIRS","version":"2.0NRT","bright_ti4":300.47,"frp":0.9,"daynight":"N"},"geometry":{"type":"Point","coordinates":[-118.51495,43.01696]}},{"type":"Feature","properties":{"acq_date":"2026-07-28","acq_time":922,"confidence":"n","satellite":"N","instrument":"VIIRS","version":"2.0NRT","bright_ti4":303.25,"frp":1.36,"daynight":"N"},"geometry":{"type":"Point","coordinates":[-118.35732,43.02588]}},{"type":"Feature","properties":{"acq_date":"2026-07-28","acq_time":922,"confidence":"n","satellite":"N","instrument":"VIIRS","version":"2.0NRT","bright_ti4":296.68,"frp":1.22,"daynight":"N"},"geometry":{"type":"Point","coordinates":[-118.45267,43.05662]}},{"type":"Feature","properties":{"acq_date":"2026-07-28","acq_time":922,"confidence":"n","satellite":"N","instrument":"VIIRS","version":"2.0NRT","bright_ti4":305.1,"frp":1.22,"daynight":"N"},"geometry":{"type":"Point","coordinates":[-118.45975,43.0571]}},{"type":"Feature","properties":{"acq_date":"2026-07-28","acq_time":922,"confidence":"n","satellite":"N","instrument":"VIIRS","version":"2.0NRT","bright_ti4":298.08,"frp":1.87,"daynight":"N"},"geometry":{"type":"Point","coordinates":[-118.46675,43.05758]}},{"type":"Feature","properties":{"acq_date":"2026-07-28","acq_time":922,"confidence":"n","satellite":"N","instrument":"VIIRS","version":"2.0NRT","bright_ti4":312.89,"frp":1.79,"daynight":"N"},"geometry":{"type":"Point","coordinates":[-118.45998,43.06198]}},{"type":"Feature","properties":{"acq_date":"2026-07-28","acq_time":922,"confidence":"n","satellite":"N","instrument":"VIIRS","version":"2.0NRT","bright_ti4":304.25,"frp":5.21,"daynight":"N"},"geometry":{"type":"Point","coordinates":[-118.46703,43.06247]}},{"type":"Feature","properties":{"acq_date":"2026-07-28","acq_time":922,"confidence":"n","satellite":"N","instrument":"VIIRS","version":"2.0NRT","bright_ti4":299.89,"frp":1.33,"daynight":"N"},"geometry":{"type":"Point","coordinates":[-118.26822,43.06315]}},{"type":"Feature","properties":{"acq_date":"2026-07-28","acq_time":922,"confidence":"n","satellite":"N","instrument":"VIIRS","version":"2.0NRT","bright_ti4":304.4,"frp":1.79,"daynight":"N"},"geometry":{"type":"Point","coordinates":[-118.4593,43.0668]}},{"type":"Feature","properties":{"acq_date":"2026-07-28","acq_time":922,"confidence":"n","satellite":"N","instrument":"VIIRS","version":"2.0NRT","bright_ti4":342.22,"frp":5.21,"daynight":"N"},"geometry":{"type":"Point","coordinates":[-118.46696,43.06733]}},{"type":"Feature","properties":{"acq_date":"2026-07-28","acq_time":922,"confidence":"n","satellite":"N","instrument":"VIIRS","version":"2.0NRT","bright_ti4":342.83,"frp":5.45,"daynight":"N"},"geometry":{"type":"Point","coordinates":[-118.26863,43.06773]}},{"type":"Feature","properties":{"acq_date":"2026-07-28","acq_time":922,"confidence":"n","satellite":"N","instrument":"VIIRS","version":"2.0NRT","bright_ti4":332.15,"frp":5.21,"daynight":"N"},"geometry":{"type":"Point","coordinates":[-118.47421,43.06782]}},{"type":"Feature","properties":{"acq_date":"2026-07-28","acq_time":922,"confidence":"n","satellite":"N","instrument":"VIIRS","version":"2.0NRT","bright_ti4":342.08,"frp":8.19,"daynight":"N"},"geometry":{"type":"Point","coordinates":[-118.26822,43.06797]}},{"type":"Feature","properties":{"acq_date":"2026-07-28","acq_time":922,"confidence":"n","satellite":"N","instrument":"VIIRS","version":"2.0NRT","bright_ti4":323.62,"frp":5.45,"daynight":"N"},"geometry":{"type":"Point","coordinates":[-118.26201,43.07211]}},{"type":"Feature","properties":{"acq_date":"2026-07-28","acq_time":922,"confidence":"n","satellite":"N","instrument":"VIIRS","version":"2.0NRT","bright_ti4":304.04,"frp":3.93,"daynight":"N"},"geometry":{"type":"Point","coordinates":[-118.46639,43.07215]}},{"type":"Feature","properties":{"acq_date":"2026-07-28","acq_time":922,"confidence":"n","satellite":"N","instrument":"VIIRS","version":"2.0NRT","bright_ti4":323.63,"frp":4.47,"daynight":"N"},"geometry":{"type":"Point","coordinates":[-118.26161,43.07232]}},{"type":"Feature","properties":{"acq_date":"2026-07-28","acq_time":922,"confidence":"n","satellite":"N","instrument":"VIIRS","version":"2.0NRT","bright_ti4":344.36,"frp":3.93,"daynight":"N"},"geometry":{"type":"Point","coordinates":[-118.47392,43.07267]}},{"type":"Feature","properties":{"acq_date":"2026-07-28","acq_time":922,"confidence":"n","satellite":"N","instrument":"VIIRS","version":"2.0NRT","bright_ti4":296.92,"frp":0.78,"daynight":"N"},"geometry":{"type":"Point","coordinates":[-122.53836,43.10974]}},{"type":"Feature","properties":{"acq_date":"2026-07-28","acq_time":922,"confidence":"n","satellite":"N","instrument":"VIIRS","version":"2.0NRT","bright_ti4":296.51,"frp":1.16,"daynight":"N"},"geometry":{"type":"Point","coordinates":[-122.58158,43.117]}},{"type":"Feature","properties":{"acq_date":"2026-07-28","acq_time":922,"confidence":"n","satellite":"N","instrument":"VIIRS","version":"2.0NRT","bright_ti4":309.41,"frp":1.16,"daynight":"N"},"geometry":{"type":"Point","coordinates":[-122.58079,43.12294]}},{"type":"Feature","properties":{"acq_date":"2026-07-28","acq_time":922,"confidence":"n","satellite":"N","instrument":"VIIRS","version":"2.0NRT","bright_ti4":335.98,"frp":4.73,"daynight":"N"},"geometry":{"type":"Point","coordinates":[-122.55728,43.12819]}},{"type":"Feature","properties":{"acq_date":"2026-07-28","acq_time":922,"confidence":"n","satellite":"N","instrument":"VIIRS","version":"2.0NRT","bright_ti4":316.22,"frp":3.57,"daynight":"N"},"geometry":{"type":"Point","coordinates":[-122.56332,43.12838]}},{"type":"Feature","properties":{"acq_date":"2026-07-28","acq_time":922,"confidence":"n","satellite":"N","instrument":"VIIRS","version":"2.0NRT","bright_ti4":317.43,"frp":3.57,"daynight":"N"},"geometry":{"type":"Point","coordinates":[-122.57277,43.12867]}},{"type":"Feature","properties":{"acq_date":"2026-07-28","acq_time":922,"confidence":"n","satellite":"N","instrument":"VIIRS","version":"2.0NRT","bright_ti4":296.93,"frp":1.57,"daynight":"N"},"geometry":{"type":"Point","coordinates":[-122.57999,43.12889]}},{"type":"Feature","properties":{"acq_date":"2026-07-28","acq_time":922,"confidence":"n","satellite":"N","instrument":"VIIRS","version":"2.0NRT","bright_ti4":309.86,"frp":0.59,"daynight":"N"},"geometry":{"type":"Point","coordinates":[-115.66605,43.14693]}},{"type":"Feature","properties":{"acq_date":"2026-07-28","acq_time":922,"confidence":"n","satellite":"N","instrument":"VIIRS","version":"2.0NRT","bright_ti4":309.22,"frp":0.93,"daynight":"N"},"geometry":{"type":"Point","coordinates":[-115.73477,43.17877]}},{"type":"Feature","properties":{"acq_date":"2026-07-28","acq_time":922,"confidence":"n","satellite":"N","instrument":"VIIRS","version":"2.0NRT","bright_ti4":296.34,"frp":0.65,"daynight":"N"},"geometry":{"type":"Point","coordinates":[-118.30075,43.41978]}},{"type":"Feature","properties":{"acq_date":"2026-07-28","acq_time":922,"confidence":"n","satellite":"N","instrument":"VIIRS","version":"2.0NRT","bright_ti4":309.25,"frp":1.92,"daynight":"N"},"geometry":{"type":"Point","coordinates":[-118.31857,43.43066]}},{"type":"Feature","properties":{"acq_date":"2026-07-28","acq_time":922,"confidence":"n","satellite":"N","instrument":"VIIRS","version":"2.0NRT","bright_ti4":298.6,"frp":1.85,"daynight":"N"},"geometry":{"type":"Point","coordinates":[-118.30513,43.43461]}},{"type":"Feature","properties":{"acq_date":"2026-07-28","acq_time":922,"confidence":"n","satellite":"N","instrument":"VIIRS","version":"2.0NRT","bright_ti4":322.65,"frp":3.3,"daynight":"N"},"geometry":{"type":"Point","coordinates":[-118.31139,43.43502]}},{"type":"Feature","properties":{"acq_date":"2026-07-28","acq_time":922,"confidence":"n","satellite":"N","instrument":"VIIRS","version":"2.0NRT","bright_ti4":304.27,"frp":3.3,"daynight":"N"},"geometry":{"type":"Point","coordinates":[-118.3177,43.43545]}},{"type":"Feature","properties":{"acq_date":"2026-07-28","acq_time":922,"confidence":"n","satellite":"N","instrument":"VIIRS","version":"2.0NRT","bright_ti4":332.8,"frp":3.52,"daynight":"N"},"geometry":{"type":"Point","coordinates":[-118.32422,43.43588]}},{"type":"Feature","properties":{"acq_date":"2026-07-28","acq_time":922,"confidence":"n","satellite":"N","instrument":"VIIRS","version":"2.0NRT","bright_ti4":315.25,"frp":3.52,"daynight":"N"},"geometry":{"type":"Point","coordinates":[-118.33094,43.43633]}},{"type":"Feature","properties":{"acq_date":"2026-07-28","acq_time":922,"confidence":"n","satellite":"N","instrument":"VIIRS","version":"2.0NRT","bright_ti4":302.04,"frp":1.51,"daynight":"N"},"geometry":{"type":"Point","coordinates":[-118.33775,43.43678]}},{"type":"Feature","properties":{"acq_date":"2026-07-28","acq_time":922,"confidence":"n","satellite":"N","instrument":"VIIRS","version":"2.0NRT","bright_ti4":329.16,"frp":3.3,"daynight":"N"},"geometry":{"type":"Point","coordinates":[-118.31069,43.43983]}},{"type":"Feature","properties":{"acq_date":"2026-07-28","acq_time":922,"confidence":"n","satellite":"N","instrument":"VIIRS","version":"2.0NRT","bright_ti4":311.02,"frp":3.3,"daynight":"N"},"geometry":{"type":"Point","coordinates":[-118.31693,43.44025]}},{"type":"Feature","properties":{"acq_date":"2026-07-28","acq_time":922,"confidence":"n","satellite":"N","instrument":"VIIRS","version":"2.0NRT","bright_ti4":319.78,"frp":3.52,"daynight":"N"},"geometry":{"type":"Point","coordinates":[-118.32338,43.44068]}},{"type":"Feature","properties":{"acq_date":"2026-07-28","acq_time":922,"confidence":"n","satellite":"N","instrument":"VIIRS","version":"2.0NRT","bright_ti4":311.9,"frp":3.52,"daynight":"N"},"geometry":{"type":"Point","coordinates":[-118.3301,43.44112]}},{"type":"Feature","properties":{"acq_date":"2026-07-28","acq_time":922,"confidence":"n","satellite":"N","instrument":"VIIRS","version":"2.0NRT","bright_ti4":303.33,"frp":1.51,"daynight":"N"},"geometry":{"type":"Point","coordinates":[-118.33691,43.44157]}},{"type":"Feature","properties":{"acq_date":"2026-07-28","acq_time":922,"confidence":"n","satellite":"N","instrument":"VIIRS","version":"2.0NRT","bright_ti4":307.48,"frp":1.51,"daynight":"N"},"geometry":{"type":"Point","coordinates":[-118.3437,43.44202]}},{"type":"Feature","properties":{"acq_date":"2026-07-28","acq_time":922,"confidence":"n","satellite":"N","instrument":"VIIRS","version":"2.0NRT","bright_ti4":303.45,"frp":1.73,"daynight":"N"},"geometry":{"type":"Point","coordinates":[-118.35044,43.44247]}},{"type":"Feature","properties":{"acq_date":"2026-07-28","acq_time":922,"confidence":"n","satellite":"N","instrument":"VIIRS","version":"2.0NRT","bright_ti4":297.51,"frp":1.01,"daynight":"N"},"geometry":{"type":"Point","coordinates":[-118.31635,43.44505]}},{"type":"Feature","properties":{"acq_date":"2026-07-28","acq_time":922,"confidence":"n","satellite":"N","instrument":"VIIRS","version":"2.0NRT","bright_ti4":315.71,"frp":3.5,"daynight":"N"},"geometry":{"type":"Point","coordinates":[-118.32265,43.44547]}},{"type":"Feature","properties":{"acq_date":"2026-07-28","acq_time":922,"confidence":"n","satellite":"N","instrument":"VIIRS","version":"2.0NRT","bright_ti4":312.92,"frp":2.18,"daynight":"N"},"geometry":{"type":"Point","coordinates":[-118.33614,43.44638]}},{"type":"Feature","properties":{"acq_date":"2026-07-28","acq_time":922,"confidence":"n","satellite":"N","instrument":"VIIRS","version":"2.0NRT","bright_ti4":319.36,"frp":2.18,"daynight":"N"},"geometry":{"type":"Point","coordinates":[-118.34294,43.44683]}},{"type":"Feature","properties":{"acq_date":"2026-07-28","acq_time":922,"confidence":"n","satellite":"N","instrument":"VIIRS","version":"2.0NRT","bright_ti4":298.55,"frp":2.35,"daynight":"N"},"geometry":{"type":"Point","coordinates":[-118.34968,43.44728]}},{"type":"Feature","properties":{"acq_date":"2026-07-28","acq_time":922,"confidence":"n","satellite":"N","instrument":"VIIRS","version":"2.0NRT","bright_ti4":318.9,"frp":2.35,"daynight":"N"},"geometry":{"type":"Point","coordinates":[-118.35636,43.44772]}},{"type":"Feature","properties":{"acq_date":"2026-07-28","acq_time":922,"confidence":"n","satellite":"N","instrument":"VIIRS","version":"2.0NRT","bright_ti4":296.23,"frp":0.73,"daynight":"N"},"geometry":{"type":"Point","coordinates":[-118.29015,43.44814]}},{"type":"Feature","properties":{"acq_date":"2026-07-28","acq_time":922,"confidence":"n","satellite":"N","instrument":"VIIRS","version":"2.0NRT","bright_ti4":299.29,"frp":2.18,"daynight":"N"},"geometry":{"type":"Point","coordinates":[-118.33554,43.45119]}},{"type":"Feature","properties":{"acq_date":"2026-07-28","acq_time":922,"confidence":"n","satellite":"N","instrument":"VIIRS","version":"2.0NRT","bright_ti4":312.82,"frp":2.18,"daynight":"N"},"geometry":{"type":"Point","coordinates":[-118.34254,43.45166]}},{"type":"Feature","properties":{"acq_date":"2026-07-28","acq_time":922,"confidence":"n","satellite":"N","instrument":"VIIRS","version":"2.0NRT","bright_ti4":316.07,"frp":2.35,"daynight":"N"},"geometry":{"type":"Point","coordinates":[-118.35583,43.45255]}},{"type":"Feature","properties":{"acq_date":"2026-07-28","acq_time":922,"confidence":"n","satellite":"N","instrument":"VIIRS","version":"2.0NRT","bright_ti4":324.23,"frp":5.78,"daynight":"N"},"geometry":{"type":"Point","coordinates":[-118.36255,43.453]}},{"type":"Feature","properties":{"acq_date":"2026-07-28","acq_time":922,"confidence":"n","satellite":"N","instrument":"VIIRS","version":"2.0NRT","bright_ti4":296.75,"frp":0.92,"daynight":"N"},"geometry":{"type":"Point","coordinates":[-118.33539,43.45604]}},{"type":"Feature","properties":{"acq_date":"2026-07-28","acq_time":922,"confidence":"n","satellite":"N","instrument":"VIIRS","version":"2.0NRT","bright_ti4":298.86,"frp":0.92,"daynight":"N"},"geometry":{"type":"Point","coordinates":[-118.34235,43.4565]}},{"type":"Feature","properties":{"acq_date":"2026-07-28","acq_time":922,"confidence":"n","satellite":"N","instrument":"VIIRS","version":"2.0NRT","bright_ti4":295.58,"frp":1.06,"daynight":"N"},"geometry":{"type":"Point","coordinates":[-118.35557,43.45739]}},{"type":"Feature","properties":{"acq_date":"2026-07-28","acq_time":922,"confidence":"n","satellite":"N","instrument":"VIIRS","version":"2.0NRT","bright_ti4":325.61,"frp":2.38,"daynight":"N"},"geometry":{"type":"Point","coordinates":[-118.36238,43.45784]}},{"type":"Feature","properties":{"acq_date":"2026-07-28","acq_time":922,"confidence":"n","satellite":"N","instrument":"VIIRS","version":"2.0NRT","bright_ti4":309.17,"frp":2.38,"daynight":"N"},"geometry":{"type":"Point","coordinates":[-118.3692,43.4583]}},{"type":"Feature","properties":{"acq_date":"2026-07-28","acq_time":922,"confidence":"n","satellite":"N","instrument":"VIIRS","version":"2.0NRT","bright_ti4":296.81,"frp":1.06,"daynight":"N"},"geometry":{"type":"Point","coordinates":[-118.34895,43.4618]}},{"type":"Feature","properties":{"acq_date":"2026-07-28","acq_time":922,"confidence":"n","satellite":"N","instrument":"VIIRS","version":"2.0NRT","bright_ti4":300.93,"frp":2.38,"daynight":"N"},"geometry":{"type":"Point","coordinates":[-118.36231,43.4627]}},{"type":"Feature","properties":{"acq_date":"2026-07-28","acq_time":922,"confidence":"n","satellite":"N","instrument":"VIIRS","version":"2.0NRT","bright_ti4":317.6,"frp":2.38,"daynight":"N"},"geometry":{"type":"Point","coordinates":[-118.36893,43.46314]}},{"type":"Feature","properties":{"acq_date":"2026-07-28","acq_time":922,"confidence":"n","satellite":"N","instrument":"VIIRS","version":"2.0NRT","bright_ti4":295.05,"frp":0.77,"daynight":"N"},"geometry":{"type":"Point","coordinates":[-118.37598,43.46362]}},{"type":"Feature","properties":{"acq_date":"2026-07-28","acq_time":922,"confidence":"n","satellite":"N","instrument":"VIIRS","version":"2.0NRT","bright_ti4":313.66,"frp":1.86,"daynight":"N"},"geometry":{"type":"Point","coordinates":[-118.36808,43.46795]}},{"type":"Feature","properties":{"acq_date":"2026-07-28","acq_time":922,"confidence":"n","satellite":"N","instrument":"VIIRS","version":"2.0NRT","bright_ti4":308.04,"frp":2.28,"daynight":"N"},"geometry":{"type":"Point","coordinates":[-118.37498,43.46841]}},{"type":"Feature","properties":{"acq_date":"2026-07-28","acq_time":922,"confidence":"n","satellite":"N","instrument":"VIIRS","version":"2.0NRT","bright_ti4":299.77,"frp":1.86,"daynight":"N"},"geometry":{"type":"Point","coordinates":[-118.36734,43.47276]}},{"type":"Feature","properties":{"acq_date":"2026-07-28","acq_time":922,"confidence":"n","satellite":"N","instrument":"VIIRS","version":"2.0NRT","bright_ti4":298.71,"frp":1.28,"daynight":"N"},"geometry":{"type":"Point","coordinates":[-118.35973,43.48197]}},{"type":"Feature","properties":{"acq_date":"2026-07-28","acq_time":922,"confidence":"n","satellite":"N","instrument":"VIIRS","version":"2.0NRT","bright_ti4":300.48,"frp":1.28,"daynight":"N"},"geometry":{"type":"Point","coordinates":[-118.36599,43.4824]}},{"type":"Feature","properties":{"acq_date":"2026-07-28","acq_time":922,"confidence":"n","satellite":"N","instrument":"VIIRS","version":"2.0NRT","bright_ti4":297.69,"frp":1.27,"daynight":"N"},"geometry":{"type":"Point","coordinates":[-118.37251,43.48284]}},{"type":"Feature","properties":{"acq_date":"2026-07-28","acq_time":922,"confidence":"n","satellite":"N","instrument":"VIIRS","version":"2.0NRT","bright_ti4":303.35,"frp":1.11,"daynight":"N"},"geometry":{"type":"Point","coordinates":[-118.37202,43.48767]}},{"type":"Feature","properties":{"acq_date":"2026-07-28","acq_time":922,"confidence":"n","satellite":"N","instrument":"VIIRS","version":"2.0NRT","bright_ti4":298.49,"frp":1.11,"daynight":"N"},"geometry":{"type":"Point","coordinates":[-118.37193,43.49253]}},{"type":"Feature","properties":{"acq_date":"2026-07-28","acq_time":922,"confidence":"n","satellite":"N","instrument":"VIIRS","version":"2.0NRT","bright_ti4":296.19,"frp":1.11,"daynight":"N"},"geometry":{"type":"Point","coordinates":[-118.37842,43.49297]}},{"type":"Feature","properties":{"acq_date":"2026-07-28","acq_time":922,"confidence":"n","satellite":"N","instrument":"VIIRS","version":"2.0NRT","bright_ti4":297.72,"frp":0.87,"daynight":"N"},"geometry":{"type":"Point","coordinates":[-118.37905,43.49649]}},{"type":"Feature","properties":{"acq_date":"2026-07-28","acq_time":922,"confidence":"n","satellite":"N","instrument":"VIIRS","version":"2.0NRT","bright_ti4":297.26,"frp":1.07,"daynight":"N"},"geometry":{"type":"Point","coordinates":[-118.37811,43.49782]}},{"type":"Feature","properties":{"acq_date":"2026-07-28","acq_time":924,"confidence":"n","satellite":"N","instrument":"VIIRS","version":"2.0NRT","bright_ti4":315.03,"frp":2.42,"daynight":"N"},"geometry":{"type":"Point","coordinates":[-114.93286,32.5359]}},{"type":"Feature","properties":{"acq_date":"2026-07-28","acq_time":924,"confidence":"n","satellite":"N","instrument":"VIIRS","version":"2.0NRT","bright_ti4":326.03,"frp":2.42,"daynight":"N"},"geometry":{"type":"Point","coordinates":[-114.93761,32.53652]}},{"type":"Feature","properties":{"acq_date":"2026-07-28","acq_time":924,"confidence":"n","satellite":"N","instrument":"VIIRS","version":"2.0NRT","bright_ti4":296.03,"frp":0.46,"daynight":"N"},"geometry":{"type":"Point","coordinates":[-117.47767,33.79142]}},{"type":"Feature","properties":{"acq_date":"2026-07-28","acq_time":924,"confidence":"n","satellite":"N","instrument":"VIIRS","version":"2.0NRT","bright_ti4":295.68,"frp":0.11,"daynight":"N"},"geometry":{"type":"Point","coordinates":[-117.47684,33.7955]}},{"type":"Feature","properties":{"acq_date":"2026-07-28","acq_time":924,"confidence":"n","satellite":"N","instrument":"VIIRS","version":"2.0NRT","bright_ti4":307.71,"frp":1.87,"daynight":"N"},"geometry":{"type":"Point","coordinates":[-118.24463,33.8193]}},{"type":"Feature","properties":{"acq_date":"2026-07-28","acq_time":924,"confidence":"n","satellite":"N","instrument":"VIIRS","version":"2.0NRT","bright_ti4":304.34,"frp":0.87,"daynight":"N"},"geometry":{"type":"Point","coordinates":[-118.33364,33.85017]}},{"type":"Feature","properties":{"acq_date":"2026-07-28","acq_time":924,"confidence":"n","satellite":"N","instrument":"VIIRS","version":"2.0NRT","bright_ti4":314.81,"frp":0.32,"daynight":"N"},"geometry":{"type":"Point","coordinates":[-117.89162,34.03433]}},{"type":"Feature","properties":{"acq_date":"2026-07-28","acq_time":924,"confidence":"n","satellite":"N","instrument":"VIIRS","version":"2.0NRT","bright_ti4":311.75,"frp":0.64,"daynight":"N"},"geometry":{"type":"Point","coordinates":[-117.89294,34.035]}},{"type":"Feature","properties":{"acq_date":"2026-07-28","acq_time":924,"confidence":"n","satellite":"N","instrument":"VIIRS","version":"2.0NRT","bright_ti4":304.23,"frp":0.54,"daynight":"N"},"geometry":{"type":"Point","coordinates":[-118.10491,34.0356]}},{"type":"Feature","properties":{"acq_date":"2026-07-28","acq_time":924,"confidence":"n","satellite":"N","instrument":"VIIRS","version":"2.0NRT","bright_ti4":303.35,"frp":0.61,"daynight":"N"},"geometry":{"type":"Point","coordinates":[-117.82061,34.04003]}},{"type":"Feature","properties":{"acq_date":"2026-07-28","acq_time":924,"confidence":"n","satellite":"N","instrument":"VIIRS","version":"2.0NRT","bright_ti4":304.06,"frp":0.75,"daynight":"N"},"geometry":{"type":"Point","coordinates":[-117.50105,34.07857]}},{"type":"Feature","properties":{"acq_date":"2026-07-28","acq_time":924,"confidence":"n","satellite":"N","instrument":"VIIRS","version":"2.0NRT","bright_ti4":307.32,"frp":0.66,"daynight":"N"},"geometry":{"type":"Point","coordinates":[-117.42937,34.14029]}},{"type":"Feature","properties":{"acq_date":"2026-07-28","acq_time":924,"confidence":"n","satellite":"N","instrument":"VIIRS","version":"2.0NRT","bright_ti4":307.68,"frp":0.85,"daynight":"N"},"geometry":{"type":"Point","coordinates":[-118.19685,34.15139]}},{"type":"Feature","properties":{"acq_date":"2026-07-28","acq_time":924,"confidence":"n","satellite":"N","instrument":"VIIRS","version":"2.0NRT","bright_ti4":301.55,"frp":1.15,"daynight":"N"},"geometry":{"type":"Point","coordinates":[-118.52243,34.33476]}},{"type":"Feature","properties":{"acq_date":"2026-07-28","acq_time":924,"confidence":"n","satellite":"N","instrument":"VIIRS","version":"2.0NRT","bright_ti4":306.72,"frp":1.29,"daynight":"N"},"geometry":{"type":"Point","coordinates":[-118.64582,34.43053]}},{"type":"Feature","properties":{"acq_date":"2026-07-28","acq_time":924,"confidence":"n","satellite":"N","instrument":"VIIRS","version":"2.0NRT","bright_ti4":302.07,"frp":1.61,"daynight":"N"},"geometry":{"type":"Point","coordinates":[-118.64703,34.43164]}},{"type":"Feature","properties":{"acq_date":"2026-07-28","acq_time":924,"confidence":"n","satellite":"N","instrument":"VIIRS","version":"2.0NRT","bright_ti4":314.31,"frp":2.71,"daynight":"N"},"geometry":{"type":"Point","coordinates":[-117.33486,34.60745]}},{"type":"Feature","properties":{"acq_date":"2026-07-28","acq_time":924,"confidence":"n","satellite":"N","instrument":"VIIRS","version":"2.0NRT","bright_ti4":303.38,"frp":0.91,"daynight":"N"},"geometry":{"type":"Point","coordinates":[-117.10107,34.62265]}},{"type":"Feature","properties":{"acq_date":"2026-07-28","acq_time":924,"confidence":"n","satellite":"N","instrument":"VIIRS","version":"2.0NRT","bright_ti4":302.33,"frp":0.84,"daynight":"N"},"geometry":{"type":"Point","coordinates":[-118.7517,34.81738]}},{"type":"Feature","properties":{"acq_date":"2026-07-28","acq_time":924,"confidence":"n","satellite":"N","instrument":"VIIRS","version":"2.0NRT","bright_ti4":306.74,"frp":1.69,"daynight":"N"},"geometry":{"type":"Point","coordinates":[-118.63448,35.31534]}},{"type":"Feature","properties":{"acq_date":"2026-07-28","acq_time":924,"confidence":"n","satellite":"N","instrument":"VIIRS","version":"2.0NRT","bright_ti4":318.49,"frp":1.69,"daynight":"N"},"geometry":{"type":"Point","coordinates":[-118.64007,35.31585]}},{"type":"Feature","properties":{"acq_date":"2026-07-28","acq_time":924,"confidence":"n","satellite":"N","instrument":"VIIRS","version":"2.0NRT","bright_ti4":310,"frp":1.48,"daynight":"N"},"geometry":{"type":"Point","coordinates":[-118.64578,35.31637]}},{"type":"Feature","properties":{"acq_date":"2026-07-28","acq_time":924,"confidence":"n","satellite":"N","instrument":"VIIRS","version":"2.0NRT","bright_ti4":305.84,"frp":1.48,"daynight":"N"},"geometry":{"type":"Point","coordinates":[-118.65122,35.31687]}},{"type":"Feature","properties":{"acq_date":"2026-07-28","acq_time":924,"confidence":"n","satellite":"N","instrument":"VIIRS","version":"2.0NRT","bright_ti4":311.17,"frp":3.88,"daynight":"N"},"geometry":{"type":"Point","coordinates":[-118.63309,35.31974]}},{"type":"Feature","properties":{"acq_date":"2026-07-28","acq_time":924,"confidence":"n","satellite":"N","instrument":"VIIRS","version":"2.0NRT","bright_ti4":310.36,"frp":3.88,"daynight":"N"},"geometry":{"type":"Point","coordinates":[-118.63873,35.32026]}},{"type":"Feature","properties":{"acq_date":"2026-07-28","acq_time":924,"confidence":"n","satellite":"N","instrument":"VIIRS","version":"2.0NRT","bright_ti4":326.92,"frp":4.69,"daynight":"N"},"geometry":{"type":"Point","coordinates":[-118.64455,35.32079]}},{"type":"Feature","properties":{"acq_date":"2026-07-28","acq_time":924,"confidence":"n","satellite":"N","instrument":"VIIRS","version":"2.0NRT","bright_ti4":320.5,"frp":4.69,"daynight":"N"},"geometry":{"type":"Point","coordinates":[-118.65025,35.3213]}},{"type":"Feature","properties":{"acq_date":"2026-07-28","acq_time":924,"confidence":"n","satellite":"N","instrument":"VIIRS","version":"2.0NRT","bright_ti4":306.46,"frp":1.27,"daynight":"N"},"geometry":{"type":"Point","coordinates":[-118.65581,35.32182]}},{"type":"Feature","properties":{"acq_date":"2026-07-28","acq_time":924,"confidence":"n","satellite":"N","instrument":"VIIRS","version":"2.0NRT","bright_ti4":304.45,"frp":1.27,"daynight":"N"},"geometry":{"type":"Point","coordinates":[-118.6613,35.32232]}},{"type":"Feature","properties":{"acq_date":"2026-07-28","acq_time":924,"confidence":"n","satellite":"N","instrument":"VIIRS","version":"2.0NRT","bright_ti4":336.22,"frp":3.88,"daynight":"N"},"geometry":{"type":"Point","coordinates":[-118.63182,35.32415]}},{"type":"Feature","properties":{"acq_date":"2026-07-28","acq_time":924,"confidence":"n","satellite":"N","instrument":"VIIRS","version":"2.0NRT","bright_ti4":345.72,"frp":3.88,"daynight":"N"},"geometry":{"type":"Point","coordinates":[-118.63745,35.32466]}},{"type":"Feature","properties":{"acq_date":"2026-07-28","acq_time":924,"confidence":"n","satellite":"N","instrument":"VIIRS","version":"2.0NRT","bright_ti4":346.22,"frp":4.69,"daynight":"N"},"geometry":{"type":"Point","coordinates":[-118.64321,35.32519]}},{"type":"Feature","properties":{"acq_date":"2026-07-28","acq_time":924,"confidence":"n","satellite":"N","instrument":"VIIRS","version":"2.0NRT","bright_ti4":319.68,"frp":4.69,"daynight":"N"},"geometry":{"type":"Point","coordinates":[-118.64893,35.32572]}},{"type":"Feature","properties":{"acq_date":"2026-07-28","acq_time":924,"confidence":"n","satellite":"N","instrument":"VIIRS","version":"2.0NRT","bright_ti4":305.76,"frp":1.27,"daynight":"N"},"geometry":{"type":"Point","coordinates":[-118.6545,35.32623]}},{"type":"Feature","properties":{"acq_date":"2026-07-28","acq_time":924,"confidence":"n","satellite":"N","instrument":"VIIRS","version":"2.0NRT","bright_ti4":314.17,"frp":1.27,"daynight":"N"},"geometry":{"type":"Point","coordinates":[-118.65999,35.32673]}},{"type":"Feature","properties":{"acq_date":"2026-07-28","acq_time":924,"confidence":"n","satellite":"N","instrument":"VIIRS","version":"2.0NRT","bright_ti4":319.41,"frp":2.94,"daynight":"N"},"geometry":{"type":"Point","coordinates":[-118.66555,35.32724]}},{"type":"Feature","properties":{"acq_date":"2026-07-28","acq_time":924,"confidence":"n","satellite":"N","instrument":"VIIRS","version":"2.0NRT","bright_ti4":312.99,"frp":2.32,"daynight":"N"},"geometry":{"type":"Point","coordinates":[-118.63066,35.32857]}},{"type":"Feature","properties":{"acq_date":"2026-07-28","acq_time":924,"confidence":"n","satellite":"N","instrument":"VIIRS","version":"2.0NRT","bright_ti4":322.76,"frp":2.32,"daynight":"N"},"geometry":{"type":"Point","coordinates":[-118.63626,35.32908]}},{"type":"Feature","properties":{"acq_date":"2026-07-28","acq_time":924,"confidence":"n","satellite":"N","instrument":"VIIRS","version":"2.0NRT","bright_ti4":337.92,"frp":4.82,"daynight":"N"},"geometry":{"type":"Point","coordinates":[-118.64196,35.32961]}},{"type":"Feature","properties":{"acq_date":"2026-07-28","acq_time":924,"confidence":"n","satellite":"N","instrument":"VIIRS","version":"2.0NRT","bright_ti4":324.53,"frp":4.82,"daynight":"N"},"geometry":{"type":"Point","coordinates":[-118.64763,35.33013]}},{"type":"Feature","properties":{"acq_date":"2026-07-28","acq_time":924,"confidence":"n","satellite":"N","instrument":"VIIRS","version":"2.0NRT","bright_ti4":323.15,"frp":6.15,"daynight":"N"},"geometry":{"type":"Point","coordinates":[-118.65324,35.33064]}},{"type":"Feature","properties":{"acq_date":"2026-07-28","acq_time":924,"confidence":"n","satellite":"N","instrument":"VIIRS","version":"2.0NRT","bright_ti4":326.57,"frp":6.15,"daynight":"N"},"geometry":{"type":"Point","coordinates":[-118.6588,35.33115]}},{"type":"Feature","properties":{"acq_date":"2026-07-28","acq_time":924,"confidence":"n","satellite":"N","instrument":"VIIRS","version":"2.0NRT","bright_ti4":329.21,"frp":2.77,"daynight":"N"},"geometry":{"type":"Point","coordinates":[-118.66433,35.33167]}},{"type":"Feature","properties":{"acq_date":"2026-07-28","acq_time":924,"confidence":"n","satellite":"N","instrument":"VIIRS","version":"2.0NRT","bright_ti4":329.32,"frp":2.77,"daynight":"N"},"geometry":{"type":"Point","coordinates":[-118.66989,35.33218]}},{"type":"Feature","properties":{"acq_date":"2026-07-28","acq_time":924,"confidence":"n","satellite":"N","instrument":"VIIRS","version":"2.0NRT","bright_ti4":326.73,"frp":4.82,"daynight":"N"},"geometry":{"type":"Point","coordinates":[-118.64107,35.33405]}},{"type":"Feature","properties":{"acq_date":"2026-07-28","acq_time":924,"confidence":"n","satellite":"N","instrument":"VIIRS","version":"2.0NRT","bright_ti4":339.74,"frp":4.82,"daynight":"N"},"geometry":{"type":"Point","coordinates":[-118.64652,35.33456]}},{"type":"Feature","properties":{"acq_date":"2026-07-28","acq_time":924,"confidence":"n","satellite":"N","instrument":"VIIRS","version":"2.0NRT","bright_ti4":354.02,"frp":6.15,"daynight":"N"},"geometry":{"type":"Point","coordinates":[-118.65212,35.33507]}},{"type":"Feature","properties":{"acq_date":"2026-07-28","acq_time":924,"confidence":"n","satellite":"N","instrument":"VIIRS","version":"2.0NRT","bright_ti4":343.65,"frp":6.15,"daynight":"N"},"geometry":{"type":"Point","coordinates":[-118.65778,35.33559]}},{"type":"Feature","properties":{"acq_date":"2026-07-28","acq_time":924,"confidence":"n","satellite":"N","instrument":"VIIRS","version":"2.0NRT","bright_ti4":303.47,"frp":2.77,"daynight":"N"},"geometry":{"type":"Point","coordinates":[-118.66335,35.33611]}},{"type":"Feature","properties":{"acq_date":"2026-07-28","acq_time":924,"confidence":"n","satellite":"N","instrument":"VIIRS","version":"2.0NRT","bright_ti4":307.01,"frp":1.28,"daynight":"N"},"geometry":{"type":"Point","coordinates":[-118.65156,35.33955]}},{"type":"Feature","properties":{"acq_date":"2026-07-28","acq_time":924,"confidence":"n","satellite":"N","instrument":"VIIRS","version":"2.0NRT","bright_ti4":318.9,"frp":2.43,"daynight":"N"},"geometry":{"type":"Point","coordinates":[-113.31339,35.51715]}},{"type":"Feature","properties":{"acq_date":"2026-07-28","acq_time":924,"confidence":"n","satellite":"N","instrument":"VIIRS","version":"2.0NRT","bright_ti4":324.67,"frp":3.59,"daynight":"N"},"geometry":{"type":"Point","coordinates":[-114.91132,36.35651]}},{"type":"Feature","properties":{"acq_date":"2026-07-28","acq_time":924,"confidence":"n","satellite":"N","instrument":"VIIRS","version":"2.0NRT","bright_ti4":301.01,"frp":0.84,"daynight":"N"},"geometry":{"type":"Point","coordinates":[-121.48276,37.41055]}},{"type":"Feature","properties":{"acq_date":"2026-07-28","acq_time":924,"confidence":"n","satellite":"N","instrument":"VIIRS","version":"2.0NRT","bright_ti4":307.76,"frp":0.92,"daynight":"N"},"geometry":{"type":"Point","coordinates":[-115.73087,37.46096]}},{"type":"Feature","properties":{"acq_date":"2026-07-28","acq_time":924,"confidence":"n","satellite":"N","instrument":"VIIRS","version":"2.0NRT","bright_ti4":304.66,"frp":2.06,"daynight":"N"},"geometry":{"type":"Point","coordinates":[-115.72256,37.48389]}},{"type":"Feature","properties":{"acq_date":"2026-07-28","acq_time":924,"confidence":"n","satellite":"N","instrument":"VIIRS","version":"2.0NRT","bright_ti4":321.62,"frp":2.06,"daynight":"N"},"geometry":{"type":"Point","coordinates":[-115.728,37.48449]}},{"type":"Feature","properties":{"acq_date":"2026-07-28","acq_time":924,"confidence":"n","satellite":"N","instrument":"VIIRS","version":"2.0NRT","bright_ti4":302.21,"frp":1.09,"daynight":"N"},"geometry":{"type":"Point","coordinates":[-115.7338,37.48513]}},{"type":"Feature","properties":{"acq_date":"2026-07-28","acq_time":924,"confidence":"n","satellite":"N","instrument":"VIIRS","version":"2.0NRT","bright_ti4":306.85,"frp":1.31,"daynight":"N"},"geometry":{"type":"Point","coordinates":[-115.72206,37.48782]}},{"type":"Feature","properties":{"acq_date":"2026-07-28","acq_time":924,"confidence":"n","satellite":"N","instrument":"VIIRS","version":"2.0NRT","bright_ti4":305.97,"frp":1.31,"daynight":"N"},"geometry":{"type":"Point","coordinates":[-115.7276,37.48842]}},{"type":"Feature","properties":{"acq_date":"2026-07-28","acq_time":924,"confidence":"n","satellite":"N","instrument":"VIIRS","version":"2.0NRT","bright_ti4":303.38,"frp":0.28,"daynight":"N"},"geometry":{"type":"Point","coordinates":[-121.18643,37.88262]}},{"type":"Feature","properties":{"acq_date":"2026-07-28","acq_time":924,"confidence":"n","satellite":"N","instrument":"VIIRS","version":"2.0NRT","bright_ti4":302.81,"frp":0.98,"daynight":"N"},"geometry":{"type":"Point","coordinates":[-122.11374,38.01432]}},{"type":"Feature","properties":{"acq_date":"2026-07-28","acq_time":1102,"confidence":"n","satellite":"N","instrument":"VIIRS","version":"2.0NRT","bright_ti4":304.2,"frp":2.59,"daynight":"N"},"geometry":{"type":"Point","coordinates":[-117.4938,39.61231]}},{"type":"Feature","properties":{"acq_date":"2026-07-28","acq_time":1102,"confidence":"n","satellite":"N","instrument":"VIIRS","version":"2.0NRT","bright_ti4":325.82,"frp":11.32,"daynight":"N"},"geometry":{"type":"Point","coordinates":[-117.49194,39.61398]}},{"type":"Feature","properties":{"acq_date":"2026-07-28","acq_time":1102,"confidence":"n","satellite":"N","instrument":"VIIRS","version":"2.0NRT","bright_ti4":311.55,"frp":2.59,"daynight":"N"},"geometry":{"type":"Point","coordinates":[-117.50006,39.61432]}},{"type":"Feature","properties":{"acq_date":"2026-07-28","acq_time":1102,"confidence":"n","satellite":"N","instrument":"VIIRS","version":"2.0NRT","bright_ti4":346.12,"frp":14.34,"daynight":"N"},"geometry":{"type":"Point","coordinates":[-117.49842,39.61609]}},{"type":"Feature","properties":{"acq_date":"2026-07-28","acq_time":1102,"confidence":"n","satellite":"N","instrument":"VIIRS","version":"2.0NRT","bright_ti4":306.36,"frp":14.34,"daynight":"N"},"geometry":{"type":"Point","coordinates":[-117.50439,39.61805]}},{"type":"Feature","properties":{"acq_date":"2026-07-28","acq_time":1102,"confidence":"n","satellite":"N","instrument":"VIIRS","version":"2.0NRT","bright_ti4":335.81,"frp":11.32,"daynight":"N"},"geometry":{"type":"Point","coordinates":[-117.48406,39.61882]}},{"type":"Feature","properties":{"acq_date":"2026-07-28","acq_time":1102,"confidence":"n","satellite":"N","instrument":"VIIRS","version":"2.0NRT","bright_ti4":300.5,"frp":1.26,"daynight":"N"},"geometry":{"type":"Point","coordinates":[-119.26093,39.61948]}},{"type":"Feature","properties":{"acq_date":"2026-07-28","acq_time":1102,"confidence":"n","satellite":"N","instrument":"VIIRS","version":"2.0NRT","bright_ti4":344.31,"frp":11.32,"daynight":"N"},"geometry":{"type":"Point","coordinates":[-117.49089,39.62105]}},{"type":"Feature","properties":{"acq_date":"2026-07-28","acq_time":1102,"confidence":"n","satellite":"N","instrument":"VIIRS","version":"2.0NRT","bright_ti4":300.96,"frp":7.49,"daynight":"N"},"geometry":{"type":"Point","coordinates":[-117.51532,39.62161]}},{"type":"Feature","properties":{"acq_date":"2026-07-28","acq_time":1102,"confidence":"h","satellite":"N","instrument":"VIIRS","version":"2.0NRT","bright_ti4":367,"frp":14.34,"daynight":"N"},"geometry":{"type":"Point","coordinates":[-117.49694,39.62303]}},{"type":"Feature","properties":{"acq_date":"2026-07-28","acq_time":1102,"confidence":"n","satellite":"N","instrument":"VIIRS","version":"2.0NRT","bright_ti4":298.62,"frp":3.01,"daynight":"N"},"geometry":{"type":"Point","coordinates":[-117.47587,39.62358]}},{"type":"Feature","properties":{"acq_date":"2026-07-28","acq_time":1102,"confidence":"n","satellite":"N","instrument":"VIIRS","version":"2.0NRT","bright_ti4":354.58,"frp":14.34,"daynight":"N"},"geometry":{"type":"Point","coordinates":[-117.50257,39.62486]}},{"type":"Feature","properties":{"acq_date":"2026-07-28","acq_time":1102,"confidence":"n","satellite":"N","instrument":"VIIRS","version":"2.0NRT","bright_ti4":342.16,"frp":9.89,"daynight":"N"},"geometry":{"type":"Point","coordinates":[-117.48299,39.6259]}},{"type":"Feature","properties":{"acq_date":"2026-07-28","acq_time":1102,"confidence":"n","satellite":"N","instrument":"VIIRS","version":"2.0NRT","bright_ti4":334.4,"frp":7.49,"daynight":"N"},"geometry":{"type":"Point","coordinates":[-117.50765,39.62653]}},{"type":"Feature","properties":{"acq_date":"2026-07-28","acq_time":1102,"confidence":"n","satellite":"N","instrument":"VIIRS","version":"2.0NRT","bright_ti4":345.13,"frp":9.89,"daynight":"N"},"geometry":{"type":"Point","coordinates":[-117.48928,39.62795]}},{"type":"Feature","properties":{"acq_date":"2026-07-28","acq_time":1102,"confidence":"n","satellite":"N","instrument":"VIIRS","version":"2.0NRT","bright_ti4":318.47,"frp":7.49,"daynight":"N"},"geometry":{"type":"Point","coordinates":[-117.51273,39.62819]}},{"type":"Feature","properties":{"acq_date":"2026-07-28","acq_time":1102,"confidence":"n","satellite":"N","instrument":"VIIRS","version":"2.0NRT","bright_ti4":338.85,"frp":12.18,"daynight":"N"},"geometry":{"type":"Point","coordinates":[-117.49524,39.62989]}},{"type":"Feature","properties":{"acq_date":"2026-07-28","acq_time":1102,"confidence":"n","satellite":"N","instrument":"VIIRS","version":"2.0NRT","bright_ti4":298.43,"frp":3.85,"daynight":"N"},"geometry":{"type":"Point","coordinates":[-117.51816,39.62996]}},{"type":"Feature","properties":{"acq_date":"2026-07-28","acq_time":1102,"confidence":"n","satellite":"N","instrument":"VIIRS","version":"2.0NRT","bright_ti4":340.76,"frp":12.18,"daynight":"N"},"geometry":{"type":"Point","coordinates":[-117.50048,39.6316]}},{"type":"Feature","properties":{"acq_date":"2026-07-28","acq_time":1102,"confidence":"n","satellite":"N","instrument":"VIIRS","version":"2.0NRT","bright_ti4":324.8,"frp":9.71,"daynight":"N"},"geometry":{"type":"Point","coordinates":[-117.50536,39.63319]}},{"type":"Feature","properties":{"acq_date":"2026-07-28","acq_time":1102,"confidence":"n","satellite":"N","instrument":"VIIRS","version":"2.0NRT","bright_ti4":329.26,"frp":9.71,"daynight":"N"},"geometry":{"type":"Point","coordinates":[-117.51028,39.63479]}},{"type":"Feature","properties":{"acq_date":"2026-07-28","acq_time":1102,"confidence":"n","satellite":"N","instrument":"VIIRS","version":"2.0NRT","bright_ti4":324.08,"frp":9.89,"daynight":"N"},"geometry":{"type":"Point","coordinates":[-117.48833,39.63505]}},{"type":"Feature","properties":{"acq_date":"2026-07-28","acq_time":1102,"confidence":"n","satellite":"N","instrument":"VIIRS","version":"2.0NRT","bright_ti4":322.61,"frp":9.87,"daynight":"N"},"geometry":{"type":"Point","coordinates":[-117.51541,39.63647]}},{"type":"Feature","properties":{"acq_date":"2026-07-28","acq_time":1102,"confidence":"n","satellite":"N","instrument":"VIIRS","version":"2.0NRT","bright_ti4":346.98,"frp":12.18,"daynight":"N"},"geometry":{"type":"Point","coordinates":[-117.49394,39.63688]}},{"type":"Feature","properties":{"acq_date":"2026-07-28","acq_time":1102,"confidence":"n","satellite":"N","instrument":"VIIRS","version":"2.0NRT","bright_ti4":330.85,"frp":12.18,"daynight":"N"},"geometry":{"type":"Point","coordinates":[-117.49886,39.63848]}},{"type":"Feature","properties":{"acq_date":"2026-07-28","acq_time":1102,"confidence":"n","satellite":"N","instrument":"VIIRS","version":"2.0NRT","bright_ti4":332.63,"frp":9.71,"daynight":"N"},"geometry":{"type":"Point","coordinates":[-117.50335,39.63995]}},{"type":"Feature","properties":{"acq_date":"2026-07-28","acq_time":1102,"confidence":"n","satellite":"N","instrument":"VIIRS","version":"2.0NRT","bright_ti4":297.02,"frp":2.97,"daynight":"N"},"geometry":{"type":"Point","coordinates":[-117.52623,39.63999]}},{"type":"Feature","properties":{"acq_date":"2026-07-28","acq_time":1102,"confidence":"n","satellite":"N","instrument":"VIIRS","version":"2.0NRT","bright_ti4":336.43,"frp":9.71,"daynight":"N"},"geometry":{"type":"Point","coordinates":[-117.5082,39.64153]}},{"type":"Feature","properties":{"acq_date":"2026-07-28","acq_time":1102,"confidence":"n","satellite":"N","instrument":"VIIRS","version":"2.0NRT","bright_ti4":351.01,"frp":9.87,"daynight":"N"},"geometry":{"type":"Point","coordinates":[-117.51334,39.6432]}},{"type":"Feature","properties":{"acq_date":"2026-07-28","acq_time":1102,"confidence":"n","satellite":"N","instrument":"VIIRS","version":"2.0NRT","bright_ti4":314.37,"frp":9.87,"daynight":"N"},"geometry":{"type":"Point","coordinates":[-117.5182,39.64479]}},{"type":"Feature","properties":{"acq_date":"2026-07-28","acq_time":1102,"confidence":"n","satellite":"N","instrument":"VIIRS","version":"2.0NRT","bright_ti4":317.62,"frp":5.03,"daynight":"N"},"geometry":{"type":"Point","coordinates":[-117.49725,39.64537]}},{"type":"Feature","properties":{"acq_date":"2026-07-28","acq_time":1102,"confidence":"n","satellite":"N","instrument":"VIIRS","version":"2.0NRT","bright_ti4":314.21,"frp":2.97,"daynight":"N"},"geometry":{"type":"Point","coordinates":[-117.5232,39.64641]}},{"type":"Feature","properties":{"acq_date":"2026-07-28","acq_time":1102,"confidence":"n","satellite":"N","instrument":"VIIRS","version":"2.0NRT","bright_ti4":319.41,"frp":3.26,"daynight":"N"},"geometry":{"type":"Point","coordinates":[-117.50138,39.64672]}},{"type":"Feature","properties":{"acq_date":"2026-07-28","acq_time":1102,"confidence":"n","satellite":"N","instrument":"VIIRS","version":"2.0NRT","bright_ti4":316.89,"frp":3.26,"daynight":"N"},"geometry":{"type":"Point","coordinates":[-117.50577,39.64815]}},{"type":"Feature","properties":{"acq_date":"2026-07-28","acq_time":1102,"confidence":"n","satellite":"N","instrument":"VIIRS","version":"2.0NRT","bright_ti4":326.05,"frp":5.51,"daynight":"N"},"geometry":{"type":"Point","coordinates":[-117.51062,39.64973]}},{"type":"Feature","properties":{"acq_date":"2026-07-28","acq_time":1102,"confidence":"n","satellite":"N","instrument":"VIIRS","version":"2.0NRT","bright_ti4":326.03,"frp":5.51,"daynight":"N"},"geometry":{"type":"Point","coordinates":[-117.51534,39.65126]}},{"type":"Feature","properties":{"acq_date":"2026-07-28","acq_time":1102,"confidence":"n","satellite":"N","instrument":"VIIRS","version":"2.0NRT","bright_ti4":333.97,"frp":7.33,"daynight":"N"},"geometry":{"type":"Point","coordinates":[-117.52015,39.65283]}},{"type":"Feature","properties":{"acq_date":"2026-07-28","acq_time":1102,"confidence":"n","satellite":"N","instrument":"VIIRS","version":"2.0NRT","bright_ti4":301.63,"frp":3.26,"daynight":"N"},"geometry":{"type":"Point","coordinates":[-117.49761,39.6529]}},{"type":"Feature","properties":{"acq_date":"2026-07-28","acq_time":1102,"confidence":"n","satellite":"N","instrument":"VIIRS","version":"2.0NRT","bright_ti4":297.32,"frp":0.75,"daynight":"N"},"geometry":{"type":"Point","coordinates":[-117.44601,39.65434]}},{"type":"Feature","properties":{"acq_date":"2026-07-28","acq_time":1102,"confidence":"n","satellite":"N","instrument":"VIIRS","version":"2.0NRT","bright_ti4":300.84,"frp":3.26,"daynight":"N"},"geometry":{"type":"Point","coordinates":[-117.50231,39.65444]}},{"type":"Feature","properties":{"acq_date":"2026-07-28","acq_time":1102,"confidence":"n","satellite":"N","instrument":"VIIRS","version":"2.0NRT","bright_ti4":325.62,"frp":5.36,"daynight":"N"},"geometry":{"type":"Point","coordinates":[-117.55384,39.65638]}},{"type":"Feature","properties":{"acq_date":"2026-07-28","acq_time":1102,"confidence":"n","satellite":"N","instrument":"VIIRS","version":"2.0NRT","bright_ti4":309.29,"frp":5.51,"daynight":"N"},"geometry":{"type":"Point","coordinates":[-117.51194,39.65757]}},{"type":"Feature","properties":{"acq_date":"2026-07-28","acq_time":1102,"confidence":"n","satellite":"N","instrument":"VIIRS","version":"2.0NRT","bright_ti4":296.93,"frp":3.47,"daynight":"N"},"geometry":{"type":"Point","coordinates":[-117.49324,39.6589]}},{"type":"Feature","properties":{"acq_date":"2026-07-28","acq_time":1102,"confidence":"n","satellite":"N","instrument":"VIIRS","version":"2.0NRT","bright_ti4":313.28,"frp":7.33,"daynight":"N"},"geometry":{"type":"Point","coordinates":[-117.51707,39.65923]}},{"type":"Feature","properties":{"acq_date":"2026-07-28","acq_time":1102,"confidence":"n","satellite":"N","instrument":"VIIRS","version":"2.0NRT","bright_ti4":297.88,"frp":7.74,"daynight":"N"},"geometry":{"type":"Point","coordinates":[-117.54408,39.66061]}},{"type":"Feature","properties":{"acq_date":"2026-07-28","acq_time":1102,"confidence":"n","satellite":"N","instrument":"VIIRS","version":"2.0NRT","bright_ti4":337.64,"frp":7.74,"daynight":"N"},"geometry":{"type":"Point","coordinates":[-117.55052,39.66269]}},{"type":"Feature","properties":{"acq_date":"2026-07-28","acq_time":1102,"confidence":"n","satellite":"N","instrument":"VIIRS","version":"2.0NRT","bright_ti4":304.17,"frp":2.51,"daynight":"N"},"geometry":{"type":"Point","coordinates":[-117.48527,39.66372]}},{"type":"Feature","properties":{"acq_date":"2026-07-28","acq_time":1102,"confidence":"n","satellite":"N","instrument":"VIIRS","version":"2.0NRT","bright_ti4":322.64,"frp":7.74,"daynight":"N"},"geometry":{"type":"Point","coordinates":[-117.54089,39.66696]}},{"type":"Feature","properties":{"acq_date":"2026-07-28","acq_time":1102,"confidence":"n","satellite":"N","instrument":"VIIRS","version":"2.0NRT","bright_ti4":299.25,"frp":1.7,"daynight":"N"},"geometry":{"type":"Point","coordinates":[-117.48537,39.66732]}},{"type":"Feature","properties":{"acq_date":"2026-07-28","acq_time":1102,"confidence":"h","satellite":"N","instrument":"VIIRS","version":"2.0NRT","bright_ti4":367,"frp":7.74,"daynight":"N"},"geometry":{"type":"Point","coordinates":[-117.54726,39.66902]}},{"type":"Feature","properties":{"acq_date":"2026-07-28","acq_time":1102,"confidence":"n","satellite":"N","instrument":"VIIRS","version":"2.0NRT","bright_ti4":315.59,"frp":17.89,"daynight":"N"},"geometry":{"type":"Point","coordinates":[-117.53131,39.67125]}},{"type":"Feature","properties":{"acq_date":"2026-07-28","acq_time":1102,"confidence":"h","satellite":"N","instrument":"VIIRS","version":"2.0NRT","bright_ti4":367,"frp":16.76,"daynight":"N"},"geometry":{"type":"Point","coordinates":[-117.53756,39.67327]}},{"type":"Feature","properties":{"acq_date":"2026-07-28","acq_time":1102,"confidence":"n","satellite":"N","instrument":"VIIRS","version":"2.0NRT","bright_ti4":322.55,"frp":16.76,"daynight":"N"},"geometry":{"type":"Point","coordinates":[-117.54394,39.67534]}},{"type":"Feature","properties":{"acq_date":"2026-07-28","acq_time":1102,"confidence":"n","satellite":"N","instrument":"VIIRS","version":"2.0NRT","bright_ti4":344.08,"frp":17.89,"daynight":"N"},"geometry":{"type":"Point","coordinates":[-117.52144,39.67545]}},{"type":"Feature","properties":{"acq_date":"2026-07-28","acq_time":1102,"confidence":"h","satellite":"N","instrument":"VIIRS","version":"2.0NRT","bright_ti4":367,"frp":17.89,"daynight":"N"},"geometry":{"type":"Point","coordinates":[-117.52763,39.67745]}},{"type":"Feature","properties":{"acq_date":"2026-07-28","acq_time":1102,"confidence":"n","satellite":"N","instrument":"VIIRS","version":"2.0NRT","bright_ti4":343.36,"frp":10.68,"daynight":"N"},"geometry":{"type":"Point","coordinates":[-117.52227,39.67949]}},{"type":"Feature","properties":{"acq_date":"2026-07-28","acq_time":1102,"confidence":"n","satellite":"N","instrument":"VIIRS","version":"2.0NRT","bright_ti4":327.91,"frp":16.76,"daynight":"N"},"geometry":{"type":"Point","coordinates":[-117.53403,39.67952]}},{"type":"Feature","properties":{"acq_date":"2026-07-28","acq_time":1102,"confidence":"n","satellite":"N","instrument":"VIIRS","version":"2.0NRT","bright_ti4":334.94,"frp":12.81,"daynight":"N"},"geometry":{"type":"Point","coordinates":[-117.52868,39.68159]}},{"type":"Feature","properties":{"acq_date":"2026-07-28","acq_time":1102,"confidence":"n","satellite":"N","instrument":"VIIRS","version":"2.0NRT","bright_ti4":311.08,"frp":1.96,"daynight":"N"},"geometry":{"type":"Point","coordinates":[-120.11626,39.70525]}},{"type":"Feature","properties":{"acq_date":"2026-07-28","acq_time":1102,"confidence":"n","satellite":"N","instrument":"VIIRS","version":"2.0NRT","bright_ti4":297.99,"frp":0.67,"daynight":"N"},"geometry":{"type":"Point","coordinates":[-120.12793,39.71527]}},{"type":"Feature","properties":{"acq_date":"2026-07-28","acq_time":1102,"confidence":"n","satellite":"N","instrument":"VIIRS","version":"2.0NRT","bright_ti4":296.56,"frp":1.69,"daynight":"N"},"geometry":{"type":"Point","coordinates":[-120.13373,39.71702]}},{"type":"Feature","properties":{"acq_date":"2026-07-28","acq_time":1102,"confidence":"n","satellite":"N","instrument":"VIIRS","version":"2.0NRT","bright_ti4":295.59,"frp":3.07,"daynight":"N"},"geometry":{"type":"Point","coordinates":[-117.50063,39.72047]}},{"type":"Feature","properties":{"acq_date":"2026-07-28","acq_time":1102,"confidence":"n","satellite":"N","instrument":"VIIRS","version":"2.0NRT","bright_ti4":300.82,"frp":2.12,"daynight":"N"},"geometry":{"type":"Point","coordinates":[-117.48689,39.72345]}},{"type":"Feature","properties":{"acq_date":"2026-07-28","acq_time":1102,"confidence":"n","satellite":"N","instrument":"VIIRS","version":"2.0NRT","bright_ti4":304.45,"frp":4.43,"daynight":"N"},"geometry":{"type":"Point","coordinates":[-117.50153,39.72454]}},{"type":"Feature","properties":{"acq_date":"2026-07-28","acq_time":1102,"confidence":"n","satellite":"N","instrument":"VIIRS","version":"2.0NRT","bright_ti4":300.38,"frp":2.12,"daynight":"N"},"geometry":{"type":"Point","coordinates":[-117.49186,39.72504]}},{"type":"Feature","properties":{"acq_date":"2026-07-28","acq_time":1102,"confidence":"n","satellite":"N","instrument":"VIIRS","version":"2.0NRT","bright_ti4":306.71,"frp":4.08,"daynight":"N"},"geometry":{"type":"Point","coordinates":[-117.50722,39.7264]}},{"type":"Feature","properties":{"acq_date":"2026-07-28","acq_time":1102,"confidence":"n","satellite":"N","instrument":"VIIRS","version":"2.0NRT","bright_ti4":305.33,"frp":3.07,"daynight":"N"},"geometry":{"type":"Point","coordinates":[-117.49711,39.72673]}},{"type":"Feature","properties":{"acq_date":"2026-07-28","acq_time":1102,"confidence":"n","satellite":"N","instrument":"VIIRS","version":"2.0NRT","bright_ti4":301.38,"frp":2.61,"daynight":"N"},"geometry":{"type":"Point","coordinates":[-117.48737,39.72731]}},{"type":"Feature","properties":{"acq_date":"2026-07-28","acq_time":1102,"confidence":"n","satellite":"N","instrument":"VIIRS","version":"2.0NRT","bright_ti4":327.34,"frp":3.07,"daynight":"N"},"geometry":{"type":"Point","coordinates":[-117.503,39.72862]}},{"type":"Feature","properties":{"acq_date":"2026-07-28","acq_time":1102,"confidence":"n","satellite":"N","instrument":"VIIRS","version":"2.0NRT","bright_ti4":306.97,"frp":2.21,"daynight":"N"},"geometry":{"type":"Point","coordinates":[-117.49248,39.72898]}},{"type":"Feature","properties":{"acq_date":"2026-07-28","acq_time":1102,"confidence":"n","satellite":"N","instrument":"VIIRS","version":"2.0NRT","bright_ti4":307.94,"frp":5.43,"daynight":"N"},"geometry":{"type":"Point","coordinates":[-117.50888,39.73051]}},{"type":"Feature","properties":{"acq_date":"2026-07-28","acq_time":1102,"confidence":"n","satellite":"N","instrument":"VIIRS","version":"2.0NRT","bright_ti4":313.21,"frp":2.21,"daynight":"N"},"geometry":{"type":"Point","coordinates":[-117.4982,39.73085]}},{"type":"Feature","properties":{"acq_date":"2026-07-28","acq_time":1102,"confidence":"n","satellite":"N","instrument":"VIIRS","version":"2.0NRT","bright_ti4":320.27,"frp":2.93,"daynight":"N"},"geometry":{"type":"Point","coordinates":[-117.50437,39.73287]}},{"type":"Feature","properties":{"acq_date":"2026-07-28","acq_time":1102,"confidence":"n","satellite":"N","instrument":"VIIRS","version":"2.0NRT","bright_ti4":299.87,"frp":2.93,"daynight":"N"},"geometry":{"type":"Point","coordinates":[-117.51043,39.73484]}},{"type":"Feature","properties":{"acq_date":"2026-07-28","acq_time":1102,"confidence":"n","satellite":"N","instrument":"VIIRS","version":"2.0NRT","bright_ti4":299.23,"frp":2.21,"daynight":"N"},"geometry":{"type":"Point","coordinates":[-117.48978,39.73551]}},{"type":"Feature","properties":{"acq_date":"2026-07-28","acq_time":1102,"confidence":"n","satellite":"N","instrument":"VIIRS","version":"2.0NRT","bright_ti4":303.29,"frp":2.78,"daynight":"N"},"geometry":{"type":"Point","coordinates":[-116.91806,41.4589]}},{"type":"Feature","properties":{"acq_date":"2026-07-28","acq_time":1102,"confidence":"n","satellite":"N","instrument":"VIIRS","version":"2.0NRT","bright_ti4":316.01,"frp":4.53,"daynight":"N"},"geometry":{"type":"Point","coordinates":[-116.91898,41.46116]}},{"type":"Feature","properties":{"acq_date":"2026-07-28","acq_time":1102,"confidence":"n","satellite":"N","instrument":"VIIRS","version":"2.0NRT","bright_ti4":336.39,"frp":2.78,"daynight":"N"},"geometry":{"type":"Point","coordinates":[-116.92574,41.46143]}},{"type":"Feature","properties":{"acq_date":"2026-07-28","acq_time":1102,"confidence":"n","satellite":"N","instrument":"VIIRS","version":"2.0NRT","bright_ti4":332.02,"frp":7.84,"daynight":"N"},"geometry":{"type":"Point","coordinates":[-116.9265,41.4636]}},{"type":"Feature","properties":{"acq_date":"2026-07-28","acq_time":1102,"confidence":"n","satellite":"N","instrument":"VIIRS","version":"2.0NRT","bright_ti4":308.15,"frp":2.78,"daynight":"N"},"geometry":{"type":"Point","coordinates":[-116.92309,41.46784]}},{"type":"Feature","properties":{"acq_date":"2026-07-28","acq_time":1102,"confidence":"n","satellite":"N","instrument":"VIIRS","version":"2.0NRT","bright_ti4":307.19,"frp":1.78,"daynight":"N"},"geometry":{"type":"Point","coordinates":[-117.00035,42.42798]}},{"type":"Feature","properties":{"acq_date":"2026-07-28","acq_time":1102,"confidence":"n","satellite":"N","instrument":"VIIRS","version":"2.0NRT","bright_ti4":300.89,"frp":1.6,"daynight":"N"},"geometry":{"type":"Point","coordinates":[-117.00626,42.42835]}},{"type":"Feature","properties":{"acq_date":"2026-07-28","acq_time":1102,"confidence":"n","satellite":"N","instrument":"VIIRS","version":"2.0NRT","bright_ti4":325.92,"frp":5.38,"daynight":"N"},"geometry":{"type":"Point","coordinates":[-116.98399,42.42973]}},{"type":"Feature","properties":{"acq_date":"2026-07-28","acq_time":1102,"confidence":"n","satellite":"N","instrument":"VIIRS","version":"2.0NRT","bright_ti4":306.22,"frp":1.78,"daynight":"N"},"geometry":{"type":"Point","coordinates":[-117.0067,42.43004]}},{"type":"Feature","properties":{"acq_date":"2026-07-28","acq_time":1102,"confidence":"n","satellite":"N","instrument":"VIIRS","version":"2.0NRT","bright_ti4":303,"frp":1.6,"daynight":"N"},"geometry":{"type":"Point","coordinates":[-117.01264,42.43038]}},{"type":"Feature","properties":{"acq_date":"2026-07-28","acq_time":1102,"confidence":"n","satellite":"N","instrument":"VIIRS","version":"2.0NRT","bright_ti4":312.37,"frp":5.32,"daynight":"N"},"geometry":{"type":"Point","coordinates":[-116.96852,42.43178]}},{"type":"Feature","properties":{"acq_date":"2026-07-28","acq_time":1102,"confidence":"n","satellite":"N","instrument":"VIIRS","version":"2.0NRT","bright_ti4":324.46,"frp":5.38,"daynight":"N"},"geometry":{"type":"Point","coordinates":[-116.99046,42.43183]}},{"type":"Feature","properties":{"acq_date":"2026-07-28","acq_time":1102,"confidence":"n","satellite":"N","instrument":"VIIRS","version":"2.0NRT","bright_ti4":305.79,"frp":2.34,"daynight":"N"},"geometry":{"type":"Point","coordinates":[-117.01312,42.43213]}},{"type":"Feature","properties":{"acq_date":"2026-07-28","acq_time":1102,"confidence":"n","satellite":"N","instrument":"VIIRS","version":"2.0NRT","bright_ti4":309.3,"frp":3.76,"daynight":"N"},"geometry":{"type":"Point","coordinates":[-117.01912,42.43245]}},{"type":"Feature","properties":{"acq_date":"2026-07-28","acq_time":1102,"confidence":"n","satellite":"N","instrument":"VIIRS","version":"2.0NRT","bright_ti4":332.53,"frp":5.32,"daynight":"N"},"geometry":{"type":"Point","coordinates":[-116.97485,42.43383]}},{"type":"Feature","properties":{"acq_date":"2026-07-28","acq_time":1102,"confidence":"n","satellite":"N","instrument":"VIIRS","version":"2.0NRT","bright_ti4":312.41,"frp":2.75,"daynight":"N"},"geometry":{"type":"Point","coordinates":[-116.99697,42.43395]}},{"type":"Feature","properties":{"acq_date":"2026-07-28","acq_time":1102,"confidence":"n","satellite":"N","instrument":"VIIRS","version":"2.0NRT","bright_ti4":304.79,"frp":2.34,"daynight":"N"},"geometry":{"type":"Point","coordinates":[-117.01962,42.43424]}},{"type":"Feature","properties":{"acq_date":"2026-07-28","acq_time":1102,"confidence":"n","satellite":"N","instrument":"VIIRS","version":"2.0NRT","bright_ti4":337.99,"frp":5.38,"daynight":"N"},"geometry":{"type":"Point","coordinates":[-116.9811,42.43587]}},{"type":"Feature","properties":{"acq_date":"2026-07-28","acq_time":1102,"confidence":"n","satellite":"N","instrument":"VIIRS","version":"2.0NRT","bright_ti4":308.16,"frp":2.75,"daynight":"N"},"geometry":{"type":"Point","coordinates":[-117.00369,42.43613]}},{"type":"Feature","properties":{"acq_date":"2026-07-28","acq_time":1102,"confidence":"n","satellite":"N","instrument":"VIIRS","version":"2.0NRT","bright_ti4":299.74,"frp":1.69,"daynight":"N"},"geometry":{"type":"Point","coordinates":[-117.03184,42.4365]}},{"type":"Feature","properties":{"acq_date":"2026-07-28","acq_time":1102,"confidence":"n","satellite":"N","instrument":"VIIRS","version":"2.0NRT","bright_ti4":318.04,"frp":5.38,"daynight":"N"},"geometry":{"type":"Point","coordinates":[-116.98736,42.4379]}},{"type":"Feature","properties":{"acq_date":"2026-07-28","acq_time":1102,"confidence":"n","satellite":"N","instrument":"VIIRS","version":"2.0NRT","bright_ti4":304.39,"frp":2.71,"daynight":"N"},"geometry":{"type":"Point","coordinates":[-116.96648,42.43819]}},{"type":"Feature","properties":{"acq_date":"2026-07-28","acq_time":1102,"confidence":"n","satellite":"N","instrument":"VIIRS","version":"2.0NRT","bright_ti4":305,"frp":2.01,"daynight":"N"},"geometry":{"type":"Point","coordinates":[-117.01015,42.43822]}},{"type":"Feature","properties":{"acq_date":"2026-07-28","acq_time":1102,"confidence":"n","satellite":"N","instrument":"VIIRS","version":"2.0NRT","bright_ti4":299.8,"frp":3.23,"daynight":"N"},"geometry":{"type":"Point","coordinates":[-117.0322,42.43832]}},{"type":"Feature","properties":{"acq_date":"2026-07-28","acq_time":1102,"confidence":"n","satellite":"N","instrument":"VIIRS","version":"2.0NRT","bright_ti4":305.52,"frp":1.69,"daynight":"N"},"geometry":{"type":"Point","coordinates":[-117.03804,42.43848]}},{"type":"Feature","properties":{"acq_date":"2026-07-28","acq_time":1102,"confidence":"n","satellite":"N","instrument":"VIIRS","version":"2.0NRT","bright_ti4":312.4,"frp":2.75,"daynight":"N"},"geometry":{"type":"Point","coordinates":[-116.99384,42.43999]}},{"type":"Feature","properties":{"acq_date":"2026-07-28","acq_time":1102,"confidence":"n","satellite":"N","instrument":"VIIRS","version":"2.0NRT","bright_ti4":319.7,"frp":2.71,"daynight":"N"},"geometry":{"type":"Point","coordinates":[-116.97227,42.44007]}},{"type":"Feature","properties":{"acq_date":"2026-07-28","acq_time":1102,"confidence":"n","satellite":"N","instrument":"VIIRS","version":"2.0NRT","bright_ti4":299.84,"frp":2.01,"daynight":"N"},"geometry":{"type":"Point","coordinates":[-117.01653,42.44029]}},{"type":"Feature","properties":{"acq_date":"2026-07-28","acq_time":1102,"confidence":"n","satellite":"N","instrument":"VIIRS","version":"2.0NRT","bright_ti4":300.24,"frp":2.45,"daynight":"N"},"geometry":{"type":"Point","coordinates":[-117.03838,42.44033]}},{"type":"Feature","properties":{"acq_date":"2026-07-28","acq_time":1102,"confidence":"n","satellite":"N","instrument":"VIIRS","version":"2.0NRT","bright_ti4":324.16,"frp":3.15,"daynight":"N"},"geometry":{"type":"Point","coordinates":[-116.97844,42.44207]}},{"type":"Feature","properties":{"acq_date":"2026-07-28","acq_time":1102,"confidence":"n","satellite":"N","instrument":"VIIRS","version":"2.0NRT","bright_ti4":300.05,"frp":2.75,"daynight":"N"},"geometry":{"type":"Point","coordinates":[-117.00049,42.44215]}},{"type":"Feature","properties":{"acq_date":"2026-07-28","acq_time":1102,"confidence":"n","satellite":"N","instrument":"VIIRS","version":"2.0NRT","bright_ti4":315.89,"frp":3.15,"daynight":"N"},"geometry":{"type":"Point","coordinates":[-116.98471,42.44411]}},{"type":"Feature","properties":{"acq_date":"2026-07-28","acq_time":1102,"confidence":"n","satellite":"N","instrument":"VIIRS","version":"2.0NRT","bright_ti4":313.56,"frp":2.71,"daynight":"N"},"geometry":{"type":"Point","coordinates":[-116.96371,42.44437]}},{"type":"Feature","properties":{"acq_date":"2026-07-28","acq_time":1102,"confidence":"n","satellite":"N","instrument":"VIIRS","version":"2.0NRT","bright_ti4":308.55,"frp":2.21,"daynight":"N"},"geometry":{"type":"Point","coordinates":[-116.99111,42.44617]}},{"type":"Feature","properties":{"acq_date":"2026-07-28","acq_time":1102,"confidence":"n","satellite":"N","instrument":"VIIRS","version":"2.0NRT","bright_ti4":316.13,"frp":2.71,"daynight":"N"},"geometry":{"type":"Point","coordinates":[-116.96938,42.44621]}},{"type":"Feature","properties":{"acq_date":"2026-07-28","acq_time":1102,"confidence":"n","satellite":"N","instrument":"VIIRS","version":"2.0NRT","bright_ti4":310.36,"frp":3.15,"daynight":"N"},"geometry":{"type":"Point","coordinates":[-116.97545,42.44817]}},{"type":"Feature","properties":{"acq_date":"2026-07-28","acq_time":1102,"confidence":"n","satellite":"N","instrument":"VIIRS","version":"2.0NRT","bright_ti4":304.76,"frp":2.21,"daynight":"N"},"geometry":{"type":"Point","coordinates":[-116.99747,42.44823]}},{"type":"Feature","properties":{"acq_date":"2026-07-28","acq_time":1102,"confidence":"n","satellite":"N","instrument":"VIIRS","version":"2.0NRT","bright_ti4":299.35,"frp":3.15,"daynight":"N"},"geometry":{"type":"Point","coordinates":[-116.98174,42.45021]}},{"type":"Feature","properties":{"acq_date":"2026-07-28","acq_time":1102,"confidence":"n","satellite":"N","instrument":"VIIRS","version":"2.0NRT","bright_ti4":301.42,"frp":1.86,"daynight":"N"},"geometry":{"type":"Point","coordinates":[-117.00369,42.45025]}},{"type":"Feature","properties":{"acq_date":"2026-07-28","acq_time":1102,"confidence":"n","satellite":"N","instrument":"VIIRS","version":"2.0NRT","bright_ti4":300.84,"frp":1.99,"daynight":"N"},"geometry":{"type":"Point","coordinates":[-116.96059,42.45043]}},{"type":"Feature","properties":{"acq_date":"2026-07-28","acq_time":1102,"confidence":"n","satellite":"N","instrument":"VIIRS","version":"2.0NRT","bright_ti4":319.91,"frp":1.99,"daynight":"N"},"geometry":{"type":"Point","coordinates":[-116.96619,42.45224]}},{"type":"Feature","properties":{"acq_date":"2026-07-28","acq_time":1102,"confidence":"n","satellite":"N","instrument":"VIIRS","version":"2.0NRT","bright_ti4":303.87,"frp":2.21,"daynight":"N"},"geometry":{"type":"Point","coordinates":[-116.98811,42.45227]}},{"type":"Feature","properties":{"acq_date":"2026-07-28","acq_time":1102,"confidence":"n","satellite":"N","instrument":"VIIRS","version":"2.0NRT","bright_ti4":306.43,"frp":2.08,"daynight":"N"},"geometry":{"type":"Point","coordinates":[-116.97214,42.45417]}},{"type":"Feature","properties":{"acq_date":"2026-07-28","acq_time":1102,"confidence":"n","satellite":"N","instrument":"VIIRS","version":"2.0NRT","bright_ti4":298.01,"frp":2.08,"daynight":"N"},"geometry":{"type":"Point","coordinates":[-116.97837,42.45618]}},{"type":"Feature","properties":{"acq_date":"2026-07-28","acq_time":1102,"confidence":"n","satellite":"N","instrument":"VIIRS","version":"2.0NRT","bright_ti4":296.96,"frp":1.86,"daynight":"N"},"geometry":{"type":"Point","coordinates":[-117.00039,42.45624]}},{"type":"Feature","properties":{"acq_date":"2026-07-28","acq_time":1102,"confidence":"n","satellite":"N","instrument":"VIIRS","version":"2.0NRT","bright_ti4":310.09,"frp":1.99,"daynight":"N"},"geometry":{"type":"Point","coordinates":[-116.95747,42.45649]}},{"type":"Feature","properties":{"acq_date":"2026-07-28","acq_time":1102,"confidence":"n","satellite":"N","instrument":"VIIRS","version":"2.0NRT","bright_ti4":300.67,"frp":2.06,"daynight":"N"},"geometry":{"type":"Point","coordinates":[-116.9846,42.45819]}},{"type":"Feature","properties":{"acq_date":"2026-07-28","acq_time":1102,"confidence":"n","satellite":"N","instrument":"VIIRS","version":"2.0NRT","bright_ti4":309.52,"frp":1.99,"daynight":"N"},"geometry":{"type":"Point","coordinates":[-116.96285,42.45823]}},{"type":"Feature","properties":{"acq_date":"2026-07-28","acq_time":1102,"confidence":"n","satellite":"N","instrument":"VIIRS","version":"2.0NRT","bright_ti4":308.22,"frp":2.08,"daynight":"N"},"geometry":{"type":"Point","coordinates":[-116.96867,42.46011]}},{"type":"Feature","properties":{"acq_date":"2026-07-28","acq_time":1102,"confidence":"n","satellite":"N","instrument":"VIIRS","version":"2.0NRT","bright_ti4":307,"frp":2.06,"daynight":"N"},"geometry":{"type":"Point","coordinates":[-116.99078,42.46019]}},{"type":"Feature","properties":{"acq_date":"2026-07-28","acq_time":1102,"confidence":"n","satellite":"N","instrument":"VIIRS","version":"2.0NRT","bright_ti4":307.82,"frp":2.08,"daynight":"N"},"geometry":{"type":"Point","coordinates":[-116.97476,42.46208]}},{"type":"Feature","properties":{"acq_date":"2026-07-28","acq_time":1102,"confidence":"n","satellite":"N","instrument":"VIIRS","version":"2.0NRT","bright_ti4":308.56,"frp":2.46,"daynight":"N"},"geometry":{"type":"Point","coordinates":[-116.99688,42.46216]}},{"type":"Feature","properties":{"acq_date":"2026-07-28","acq_time":1102,"confidence":"n","satellite":"N","instrument":"VIIRS","version":"2.0NRT","bright_ti4":310.76,"frp":2.06,"daynight":"N"},"geometry":{"type":"Point","coordinates":[-116.98109,42.46412]}},{"type":"Feature","properties":{"acq_date":"2026-07-28","acq_time":1102,"confidence":"n","satellite":"N","instrument":"VIIRS","version":"2.0NRT","bright_ti4":314.11,"frp":2.46,"daynight":"N"},"geometry":{"type":"Point","coordinates":[-117.00303,42.46415]}},{"type":"Feature","properties":{"acq_date":"2026-07-28","acq_time":1102,"confidence":"n","satellite":"N","instrument":"VIIRS","version":"2.0NRT","bright_ti4":304.19,"frp":2.69,"daynight":"N"},"geometry":{"type":"Point","coordinates":[-116.96558,42.46618]}},{"type":"Feature","properties":{"acq_date":"2026-07-28","acq_time":1102,"confidence":"n","satellite":"N","instrument":"VIIRS","version":"2.0NRT","bright_ti4":309.98,"frp":2.06,"daynight":"N"},"geometry":{"type":"Point","coordinates":[-116.98753,42.4662]}},{"type":"Feature","properties":{"acq_date":"2026-07-28","acq_time":1102,"confidence":"n","satellite":"N","instrument":"VIIRS","version":"2.0NRT","bright_ti4":301.85,"frp":3.2,"daynight":"N"},"geometry":{"type":"Point","coordinates":[-117.00942,42.46621]}},{"type":"Feature","properties":{"acq_date":"2026-07-28","acq_time":1102,"confidence":"n","satellite":"N","instrument":"VIIRS","version":"2.0NRT","bright_ti4":318.43,"frp":2.69,"daynight":"N"},"geometry":{"type":"Point","coordinates":[-116.97173,42.46815]}},{"type":"Feature","properties":{"acq_date":"2026-07-28","acq_time":1102,"confidence":"n","satellite":"N","instrument":"VIIRS","version":"2.0NRT","bright_ti4":315.62,"frp":2.46,"daynight":"N"},"geometry":{"type":"Point","coordinates":[-116.99386,42.46824]}},{"type":"Feature","properties":{"acq_date":"2026-07-28","acq_time":1102,"confidence":"n","satellite":"N","instrument":"VIIRS","version":"2.0NRT","bright_ti4":312.92,"frp":2.75,"daynight":"N"},"geometry":{"type":"Point","coordinates":[-116.97813,42.47023]}},{"type":"Feature","properties":{"acq_date":"2026-07-28","acq_time":1102,"confidence":"n","satellite":"N","instrument":"VIIRS","version":"2.0NRT","bright_ti4":307.5,"frp":2.46,"daynight":"N"},"geometry":{"type":"Point","coordinates":[-117.0004,42.47036]}},{"type":"Feature","properties":{"acq_date":"2026-07-28","acq_time":1102,"confidence":"n","satellite":"N","instrument":"VIIRS","version":"2.0NRT","bright_ti4":301.82,"frp":2.29,"daynight":"N"},"geometry":{"type":"Point","coordinates":[-116.95717,42.47052]}},{"type":"Feature","properties":{"acq_date":"2026-07-28","acq_time":1102,"confidence":"n","satellite":"N","instrument":"VIIRS","version":"2.0NRT","bright_ti4":318.63,"frp":2.75,"daynight":"N"},"geometry":{"type":"Point","coordinates":[-116.98457,42.4723]}},{"type":"Feature","properties":{"acq_date":"2026-07-28","acq_time":1102,"confidence":"n","satellite":"N","instrument":"VIIRS","version":"2.0NRT","bright_ti4":309.01,"frp":2.69,"daynight":"N"},"geometry":{"type":"Point","coordinates":[-116.96288,42.47237]}},{"type":"Feature","properties":{"acq_date":"2026-07-28","acq_time":1102,"confidence":"n","satellite":"N","instrument":"VIIRS","version":"2.0NRT","bright_ti4":307.56,"frp":3.41,"daynight":"N"},"geometry":{"type":"Point","coordinates":[-116.99094,42.47435]}},{"type":"Feature","properties":{"acq_date":"2026-07-28","acq_time":1102,"confidence":"n","satellite":"N","instrument":"VIIRS","version":"2.0NRT","bright_ti4":302.65,"frp":2.75,"daynight":"N"},"geometry":{"type":"Point","coordinates":[-116.97506,42.47629]}},{"type":"Feature","properties":{"acq_date":"2026-07-28","acq_time":1102,"confidence":"n","satellite":"N","instrument":"VIIRS","version":"2.0NRT","bright_ti4":299.17,"frp":1.76,"daynight":"N"},"geometry":{"type":"Point","coordinates":[-117.23927,42.48148]}},{"type":"Feature","properties":{"acq_date":"2026-07-28","acq_time":1102,"confidence":"n","satellite":"N","instrument":"VIIRS","version":"2.0NRT","bright_ti4":299.05,"frp":0.94,"daynight":"N"},"geometry":{"type":"Point","coordinates":[-117.23894,42.48424]}},{"type":"Feature","properties":{"acq_date":"2026-07-28","acq_time":1102,"confidence":"n","satellite":"N","instrument":"VIIRS","version":"2.0NRT","bright_ti4":299.05,"frp":1.19,"daynight":"N"},"geometry":{"type":"Point","coordinates":[-117.24306,42.48964]}},{"type":"Feature","properties":{"acq_date":"2026-07-28","acq_time":1102,"confidence":"n","satellite":"N","instrument":"VIIRS","version":"2.0NRT","bright_ti4":296.37,"frp":0.94,"daynight":"N"},"geometry":{"type":"Point","coordinates":[-117.24241,42.49234]}},{"type":"Feature","properties":{"acq_date":"2026-07-28","acq_time":1102,"confidence":"n","satellite":"N","instrument":"VIIRS","version":"2.0NRT","bright_ti4":295.32,"frp":1.25,"daynight":"N"},"geometry":{"type":"Point","coordinates":[-117.24622,42.4976]}},{"type":"Feature","properties":{"acq_date":"2026-07-28","acq_time":1102,"confidence":"n","satellite":"N","instrument":"VIIRS","version":"2.0NRT","bright_ti4":298.43,"frp":1.23,"daynight":"N"},"geometry":{"type":"Point","coordinates":[-117.24574,42.5004]}},{"type":"Feature","properties":{"acq_date":"2026-07-28","acq_time":1102,"confidence":"n","satellite":"N","instrument":"VIIRS","version":"2.0NRT","bright_ti4":305.58,"frp":2.85,"daynight":"N"},"geometry":{"type":"Point","coordinates":[-116.96118,42.50711]}},{"type":"Feature","properties":{"acq_date":"2026-07-28","acq_time":1102,"confidence":"n","satellite":"N","instrument":"VIIRS","version":"2.0NRT","bright_ti4":306.72,"frp":1.53,"daynight":"N"},"geometry":{"type":"Point","coordinates":[-116.96386,42.5106]}},{"type":"Feature","properties":{"acq_date":"2026-07-28","acq_time":1102,"confidence":"n","satellite":"N","instrument":"VIIRS","version":"2.0NRT","bright_ti4":307.14,"frp":3.22,"daynight":"N"},"geometry":{"type":"Point","coordinates":[-116.96371,42.51497]}},{"type":"Feature","properties":{"acq_date":"2026-07-28","acq_time":1102,"confidence":"n","satellite":"N","instrument":"VIIRS","version":"2.0NRT","bright_ti4":300.31,"frp":1.53,"daynight":"N"},"geometry":{"type":"Point","coordinates":[-116.95612,42.51514]}},{"type":"Feature","properties":{"acq_date":"2026-07-28","acq_time":1102,"confidence":"n","satellite":"N","instrument":"VIIRS","version":"2.0NRT","bright_ti4":311.43,"frp":2.19,"daynight":"N"},"geometry":{"type":"Point","coordinates":[-116.94486,42.51598]}},{"type":"Feature","properties":{"acq_date":"2026-07-28","acq_time":1102,"confidence":"n","satellite":"N","instrument":"VIIRS","version":"2.0NRT","bright_ti4":303.51,"frp":1.53,"daynight":"N"},"geometry":{"type":"Point","coordinates":[-116.96073,42.51664]}},{"type":"Feature","properties":{"acq_date":"2026-07-28","acq_time":1102,"confidence":"n","satellite":"N","instrument":"VIIRS","version":"2.0NRT","bright_ti4":302.71,"frp":1.9,"daynight":"N"},"geometry":{"type":"Point","coordinates":[-116.94144,42.51743]}},{"type":"Feature","properties":{"acq_date":"2026-07-28","acq_time":1102,"confidence":"n","satellite":"N","instrument":"VIIRS","version":"2.0NRT","bright_ti4":307.01,"frp":3.1,"daynight":"N"},"geometry":{"type":"Point","coordinates":[-116.95072,42.51785]}},{"type":"Feature","properties":{"acq_date":"2026-07-28","acq_time":1102,"confidence":"n","satellite":"N","instrument":"VIIRS","version":"2.0NRT","bright_ti4":303.54,"frp":3.01,"daynight":"N"},"geometry":{"type":"Point","coordinates":[-116.96616,42.51842]}},{"type":"Feature","properties":{"acq_date":"2026-07-28","acq_time":1102,"confidence":"n","satellite":"N","instrument":"VIIRS","version":"2.0NRT","bright_ti4":315.44,"frp":1.9,"daynight":"N"},"geometry":{"type":"Point","coordinates":[-116.94762,42.51944]}},{"type":"Feature","properties":{"acq_date":"2026-07-28","acq_time":1102,"confidence":"n","satellite":"N","instrument":"VIIRS","version":"2.0NRT","bright_ti4":313.88,"frp":2.12,"daynight":"N"},"geometry":{"type":"Point","coordinates":[-116.96052,42.52099]}},{"type":"Feature","properties":{"acq_date":"2026-07-28","acq_time":1102,"confidence":"n","satellite":"N","instrument":"VIIRS","version":"2.0NRT","bright_ti4":311.97,"frp":2.28,"daynight":"N"},"geometry":{"type":"Point","coordinates":[-116.95316,42.52124]}},{"type":"Feature","properties":{"acq_date":"2026-07-28","acq_time":1102,"confidence":"n","satellite":"N","instrument":"VIIRS","version":"2.0NRT","bright_ti4":313.56,"frp":2.19,"daynight":"N"},"geometry":{"type":"Point","coordinates":[-116.94103,42.52181]}},{"type":"Feature","properties":{"acq_date":"2026-07-28","acq_time":1102,"confidence":"n","satellite":"N","instrument":"VIIRS","version":"2.0NRT","bright_ti4":298.72,"frp":2.12,"daynight":"N"},"geometry":{"type":"Point","coordinates":[-116.96586,42.5227]}},{"type":"Feature","properties":{"acq_date":"2026-07-28","acq_time":1102,"confidence":"n","satellite":"N","instrument":"VIIRS","version":"2.0NRT","bright_ti4":300.6,"frp":2.28,"daynight":"N"},"geometry":{"type":"Point","coordinates":[-116.95779,42.52275]}},{"type":"Feature","properties":{"acq_date":"2026-07-28","acq_time":1102,"confidence":"n","satellite":"N","instrument":"VIIRS","version":"2.0NRT","bright_ti4":306.21,"frp":1.9,"daynight":"N"},"geometry":{"type":"Point","coordinates":[-116.93762,42.52325]}},{"type":"Feature","properties":{"acq_date":"2026-07-28","acq_time":1102,"confidence":"n","satellite":"N","instrument":"VIIRS","version":"2.0NRT","bright_ti4":312.67,"frp":3.1,"daynight":"N"},"geometry":{"type":"Point","coordinates":[-116.9472,42.52377]}},{"type":"Feature","properties":{"acq_date":"2026-07-28","acq_time":1102,"confidence":"n","satellite":"N","instrument":"VIIRS","version":"2.0NRT","bright_ti4":305.54,"frp":2.61,"daynight":"N"},"geometry":{"type":"Point","coordinates":[-116.96261,42.52432]}},{"type":"Feature","properties":{"acq_date":"2026-07-28","acq_time":1102,"confidence":"n","satellite":"N","instrument":"VIIRS","version":"2.0NRT","bright_ti4":310.36,"frp":1.9,"daynight":"N"},"geometry":{"type":"Point","coordinates":[-116.94395,42.52532]}},{"type":"Feature","properties":{"acq_date":"2026-07-28","acq_time":1102,"confidence":"n","satellite":"N","instrument":"VIIRS","version":"2.0NRT","bright_ti4":303.12,"frp":3.1,"daynight":"N"},"geometry":{"type":"Point","coordinates":[-116.95263,42.52552]}},{"type":"Feature","properties":{"acq_date":"2026-07-28","acq_time":1102,"confidence":"n","satellite":"N","instrument":"VIIRS","version":"2.0NRT","bright_ti4":304.07,"frp":2.12,"daynight":"N"},"geometry":{"type":"Point","coordinates":[-116.95733,42.52702]}},{"type":"Feature","properties":{"acq_date":"2026-07-28","acq_time":1102,"confidence":"n","satellite":"N","instrument":"VIIRS","version":"2.0NRT","bright_ti4":298.59,"frp":1.49,"daynight":"N"},"geometry":{"type":"Point","coordinates":[-116.92747,42.52702]}},{"type":"Feature","properties":{"acq_date":"2026-07-28","acq_time":1102,"confidence":"n","satellite":"N","instrument":"VIIRS","version":"2.0NRT","bright_ti4":306.36,"frp":2.28,"daynight":"N"},"geometry":{"type":"Point","coordinates":[-116.94972,42.52719]}},{"type":"Feature","properties":{"acq_date":"2026-07-28","acq_time":1102,"confidence":"n","satellite":"N","instrument":"VIIRS","version":"2.0NRT","bright_ti4":308.98,"frp":2.28,"daynight":"N"},"geometry":{"type":"Point","coordinates":[-116.95477,42.52883]}},{"type":"Feature","properties":{"acq_date":"2026-07-28","acq_time":1102,"confidence":"n","satellite":"N","instrument":"VIIRS","version":"2.0NRT","bright_ti4":296.74,"frp":2.02,"daynight":"N"},"geometry":{"type":"Point","coordinates":[-116.93396,42.52913]}},{"type":"Feature","properties":{"acq_date":"2026-07-28","acq_time":1102,"confidence":"n","satellite":"N","instrument":"VIIRS","version":"2.0NRT","bright_ti4":304.24,"frp":2.61,"daynight":"N"},"geometry":{"type":"Point","coordinates":[-116.9595,42.53038]}},{"type":"Feature","properties":{"acq_date":"2026-07-28","acq_time":1102,"confidence":"n","satellite":"N","instrument":"VIIRS","version":"2.0NRT","bright_ti4":299.4,"frp":1.49,"daynight":"N"},"geometry":{"type":"Point","coordinates":[-116.91691,42.53067]}},{"type":"Feature","properties":{"acq_date":"2026-07-28","acq_time":1102,"confidence":"n","satellite":"N","instrument":"VIIRS","version":"2.0NRT","bright_ti4":314.82,"frp":1.49,"daynight":"N"},"geometry":{"type":"Point","coordinates":[-116.92361,42.53284]}},{"type":"Feature","properties":{"acq_date":"2026-07-28","acq_time":1102,"confidence":"n","satellite":"N","instrument":"VIIRS","version":"2.0NRT","bright_ti4":301.28,"frp":1.55,"daynight":"N"},"geometry":{"type":"Point","coordinates":[-117.03289,42.53309]}},{"type":"Feature","properties":{"acq_date":"2026-07-28","acq_time":1102,"confidence":"n","satellite":"N","instrument":"VIIRS","version":"2.0NRT","bright_ti4":302.99,"frp":2.36,"daynight":"N"},"geometry":{"type":"Point","coordinates":[-116.94643,42.53319]}},{"type":"Feature","properties":{"acq_date":"2026-07-28","acq_time":1102,"confidence":"n","satellite":"N","instrument":"VIIRS","version":"2.0NRT","bright_ti4":312.66,"frp":2.36,"daynight":"N"},"geometry":{"type":"Point","coordinates":[-116.95192,42.53497]}},{"type":"Feature","properties":{"acq_date":"2026-07-28","acq_time":1102,"confidence":"n","satellite":"N","instrument":"VIIRS","version":"2.0NRT","bright_ti4":307.58,"frp":2.02,"daynight":"N"},"geometry":{"type":"Point","coordinates":[-116.93023,42.53499]}},{"type":"Feature","properties":{"acq_date":"2026-07-28","acq_time":1102,"confidence":"n","satellite":"N","instrument":"VIIRS","version":"2.0NRT","bright_ti4":298.72,"frp":1.74,"daynight":"N"},"geometry":{"type":"Point","coordinates":[-117.0267,42.53511]}},{"type":"Feature","properties":{"acq_date":"2026-07-28","acq_time":1102,"confidence":"n","satellite":"N","instrument":"VIIRS","version":"2.0NRT","bright_ti4":303.02,"frp":2.02,"daynight":"N"},"geometry":{"type":"Point","coordinates":[-116.93655,42.53704]}},{"type":"Feature","properties":{"acq_date":"2026-07-28","acq_time":1102,"confidence":"n","satellite":"N","instrument":"VIIRS","version":"2.0NRT","bright_ti4":306.62,"frp":2.74,"daynight":"N"},"geometry":{"type":"Point","coordinates":[-116.92612,42.54072]}},{"type":"Feature","properties":{"acq_date":"2026-07-28","acq_time":1102,"confidence":"n","satellite":"N","instrument":"VIIRS","version":"2.0NRT","bright_ti4":298.99,"frp":1.32,"daynight":"N"},"geometry":{"type":"Point","coordinates":[-117.11176,42.55523]}},{"type":"Feature","properties":{"acq_date":"2026-07-28","acq_time":1102,"confidence":"n","satellite":"N","instrument":"VIIRS","version":"2.0NRT","bright_ti4":296.24,"frp":1.45,"daynight":"N"},"geometry":{"type":"Point","coordinates":[-116.88702,42.57921]}},{"type":"Feature","properties":{"acq_date":"2026-07-28","acq_time":1102,"confidence":"n","satellite":"N","instrument":"VIIRS","version":"2.0NRT","bright_ti4":312.58,"frp":2.61,"daynight":"N"},"geometry":{"type":"Point","coordinates":[-116.89272,42.57939]}},{"type":"Feature","properties":{"acq_date":"2026-07-28","acq_time":1102,"confidence":"n","satellite":"N","instrument":"VIIRS","version":"2.0NRT","bright_ti4":318.48,"frp":2.28,"daynight":"N"},"geometry":{"type":"Point","coordinates":[-116.89323,42.58125]}},{"type":"Feature","properties":{"acq_date":"2026-07-28","acq_time":1102,"confidence":"n","satellite":"N","instrument":"VIIRS","version":"2.0NRT","bright_ti4":298.34,"frp":2.28,"daynight":"N"},"geometry":{"type":"Point","coordinates":[-116.89952,42.58331]}},{"type":"Feature","properties":{"acq_date":"2026-07-28","acq_time":1102,"confidence":"n","satellite":"N","instrument":"VIIRS","version":"2.0NRT","bright_ti4":302.41,"frp":1.09,"daynight":"N"},"geometry":{"type":"Point","coordinates":[-116.8894,42.58538]}},{"type":"Feature","properties":{"acq_date":"2026-07-28","acq_time":1102,"confidence":"n","satellite":"N","instrument":"VIIRS","version":"2.0NRT","bright_ti4":305.51,"frp":3.14,"daynight":"N"},"geometry":{"type":"Point","coordinates":[-116.89536,42.5873]}},{"type":"Feature","properties":{"acq_date":"2026-07-28","acq_time":1102,"confidence":"n","satellite":"N","instrument":"VIIRS","version":"2.0NRT","bright_ti4":299.68,"frp":3.13,"daynight":"N"},"geometry":{"type":"Point","coordinates":[-116.8959,42.5892]}},{"type":"Feature","properties":{"acq_date":"2026-07-28","acq_time":1102,"confidence":"n","satellite":"N","instrument":"VIIRS","version":"2.0NRT","bright_ti4":300.69,"frp":1.09,"daynight":"N"},"geometry":{"type":"Point","coordinates":[-116.8796,42.58929]}},{"type":"Feature","properties":{"acq_date":"2026-07-28","acq_time":1102,"confidence":"n","satellite":"N","instrument":"VIIRS","version":"2.0NRT","bright_ti4":307.61,"frp":1.97,"daynight":"N"},"geometry":{"type":"Point","coordinates":[-116.88004,42.59109]}},{"type":"Feature","properties":{"acq_date":"2026-07-28","acq_time":1102,"confidence":"n","satellite":"N","instrument":"VIIRS","version":"2.0NRT","bright_ti4":296.13,"frp":1.09,"daynight":"N"},"geometry":{"type":"Point","coordinates":[-116.88578,42.59128]}},{"type":"Feature","properties":{"acq_date":"2026-07-28","acq_time":1102,"confidence":"n","satellite":"N","instrument":"VIIRS","version":"2.0NRT","bright_ti4":299.27,"frp":1.28,"daynight":"N"},"geometry":{"type":"Point","coordinates":[-116.87555,42.59505]}},{"type":"Feature","properties":{"acq_date":"2026-07-28","acq_time":1102,"confidence":"n","satellite":"N","instrument":"VIIRS","version":"2.0NRT","bright_ti4":304.35,"frp":1.55,"daynight":"N"},"geometry":{"type":"Point","coordinates":[-116.89,42.75935]}},{"type":"Feature","properties":{"acq_date":"2026-07-28","acq_time":1102,"confidence":"n","satellite":"N","instrument":"VIIRS","version":"2.0NRT","bright_ti4":310.29,"frp":2.37,"daynight":"N"},"geometry":{"type":"Point","coordinates":[-116.8984,42.76207]}},{"type":"Feature","properties":{"acq_date":"2026-07-28","acq_time":1102,"confidence":"n","satellite":"N","instrument":"VIIRS","version":"2.0NRT","bright_ti4":298.99,"frp":1.55,"daynight":"N"},"geometry":{"type":"Point","coordinates":[-116.88483,42.76472]}},{"type":"Feature","properties":{"acq_date":"2026-07-28","acq_time":1102,"confidence":"n","satellite":"N","instrument":"VIIRS","version":"2.0NRT","bright_ti4":297.98,"frp":2.37,"daynight":"N"},"geometry":{"type":"Point","coordinates":[-116.89204,42.76705]}},{"type":"Feature","properties":{"acq_date":"2026-07-28","acq_time":1102,"confidence":"n","satellite":"N","instrument":"VIIRS","version":"2.0NRT","bright_ti4":311.34,"frp":2.1,"daynight":"N"},"geometry":{"type":"Point","coordinates":[-116.87965,42.77008]}},{"type":"Feature","properties":{"acq_date":"2026-07-28","acq_time":1102,"confidence":"n","satellite":"N","instrument":"VIIRS","version":"2.0NRT","bright_ti4":299.46,"frp":2.73,"daynight":"N"},"geometry":{"type":"Point","coordinates":[-116.8866,42.77233]}},{"type":"Feature","properties":{"acq_date":"2026-07-28","acq_time":1102,"confidence":"n","satellite":"N","instrument":"VIIRS","version":"2.0NRT","bright_ti4":298.61,"frp":37.22,"daynight":"N"},"geometry":{"type":"Point","coordinates":[-116.86958,42.79497]}},{"type":"Feature","properties":{"acq_date":"2026-07-28","acq_time":1102,"confidence":"n","satellite":"N","instrument":"VIIRS","version":"2.0NRT","bright_ti4":343.76,"frp":37.22,"daynight":"N"},"geometry":{"type":"Point","coordinates":[-116.87581,42.79697]}},{"type":"Feature","properties":{"acq_date":"2026-07-28","acq_time":1102,"confidence":"n","satellite":"N","instrument":"VIIRS","version":"2.0NRT","bright_ti4":313.34,"frp":28.36,"daynight":"N"},"geometry":{"type":"Point","coordinates":[-116.86978,42.79718]}},{"type":"Feature","properties":{"acq_date":"2026-07-28","acq_time":1102,"confidence":"n","satellite":"N","instrument":"VIIRS","version":"2.0NRT","bright_ti4":320.85,"frp":74.38,"daynight":"N"},"geometry":{"type":"Point","coordinates":[-116.8819,42.79894]}},{"type":"Feature","properties":{"acq_date":"2026-07-28","acq_time":1102,"confidence":"h","satellite":"N","instrument":"VIIRS","version":"2.0NRT","bright_ti4":367,"frp":72.74,"daynight":"N"},"geometry":{"type":"Point","coordinates":[-116.87578,42.79914]}},{"type":"Feature","properties":{"acq_date":"2026-07-28","acq_time":1102,"confidence":"n","satellite":"N","instrument":"VIIRS","version":"2.0NRT","bright_ti4":299.13,"frp":37.22,"daynight":"N"},"geometry":{"type":"Point","coordinates":[-116.86544,42.80067]}},{"type":"Feature","properties":{"acq_date":"2026-07-28","acq_time":1102,"confidence":"h","satellite":"N","instrument":"VIIRS","version":"2.0NRT","bright_ti4":367,"frp":74.38,"daynight":"N"},"geometry":{"type":"Point","coordinates":[-116.88806,42.80092]}},{"type":"Feature","properties":{"acq_date":"2026-07-28","acq_time":1102,"confidence":"h","satellite":"N","instrument":"VIIRS","version":"2.0NRT","bright_ti4":367,"frp":72.74,"daynight":"N"},"geometry":{"type":"Point","coordinates":[-116.88177,42.80111]}},{"type":"Feature","properties":{"acq_date":"2026-07-28","acq_time":1102,"confidence":"n","satellite":"N","instrument":"VIIRS","version":"2.0NRT","bright_ti4":344.02,"frp":37.22,"daynight":"N"},"geometry":{"type":"Point","coordinates":[-116.87184,42.80273]}},{"type":"Feature","properties":{"acq_date":"2026-07-28","acq_time":1102,"confidence":"n","satellite":"N","instrument":"VIIRS","version":"2.0NRT","bright_ti4":295.03,"frp":19.96,"daynight":"N"},"geometry":{"type":"Point","coordinates":[-116.89396,42.80281]}},{"type":"Feature","properties":{"acq_date":"2026-07-28","acq_time":1102,"confidence":"h","satellite":"N","instrument":"VIIRS","version":"2.0NRT","bright_ti4":367,"frp":58.79,"daynight":"N"},"geometry":{"type":"Point","coordinates":[-116.8878,42.80309]}},{"type":"Feature","properties":{"acq_date":"2026-07-28","acq_time":1102,"confidence":"h","satellite":"N","instrument":"VIIRS","version":"2.0NRT","bright_ti4":367,"frp":74.38,"daynight":"N"},"geometry":{"type":"Point","coordinates":[-116.87783,42.80466]}},{"type":"Feature","properties":{"acq_date":"2026-07-28","acq_time":1102,"confidence":"n","satellite":"N","instrument":"VIIRS","version":"2.0NRT","bright_ti4":306.67,"frp":72.74,"daynight":"N"},"geometry":{"type":"Point","coordinates":[-116.8718,42.80489]}},{"type":"Feature","properties":{"acq_date":"2026-07-28","acq_time":1102,"confidence":"n","satellite":"N","instrument":"VIIRS","version":"2.0NRT","bright_ti4":295.03,"frp":58.79,"daynight":"N"},"geometry":{"type":"Point","coordinates":[-116.89368,42.805]}},{"type":"Feature","properties":{"acq_date":"2026-07-28","acq_time":1102,"confidence":"n","satellite":"N","instrument":"VIIRS","version":"2.0NRT","bright_ti4":347.53,"frp":74.38,"daynight":"N"},"geometry":{"type":"Point","coordinates":[-116.8839,42.80661]}},{"type":"Feature","properties":{"acq_date":"2026-07-28","acq_time":1102,"confidence":"n","satellite":"N","instrument":"VIIRS","version":"2.0NRT","bright_ti4":301.32,"frp":72.74,"daynight":"N"},"geometry":{"type":"Point","coordinates":[-116.87776,42.80684]}},{"type":"Feature","properties":{"acq_date":"2026-07-28","acq_time":1102,"confidence":"n","satellite":"N","instrument":"VIIRS","version":"2.0NRT","bright_ti4":299.07,"frp":2.28,"daynight":"N"},"geometry":{"type":"Point","coordinates":[-116.82745,42.81153]}},{"type":"Feature","properties":{"acq_date":"2026-07-28","acq_time":1102,"confidence":"n","satellite":"N","instrument":"VIIRS","version":"2.0NRT","bright_ti4":303.37,"frp":3,"daynight":"N"},"geometry":{"type":"Point","coordinates":[-116.83373,42.81158]}},{"type":"Feature","properties":{"acq_date":"2026-07-28","acq_time":1102,"confidence":"n","satellite":"N","instrument":"VIIRS","version":"2.0NRT","bright_ti4":312.32,"frp":2.13,"daynight":"N"},"geometry":{"type":"Point","coordinates":[-116.81628,42.81303]}},{"type":"Feature","properties":{"acq_date":"2026-07-28","acq_time":1102,"confidence":"n","satellite":"N","instrument":"VIIRS","version":"2.0NRT","bright_ti4":332.48,"frp":3.04,"daynight":"N"},"geometry":{"type":"Point","coordinates":[-116.83398,42.81366]}},{"type":"Feature","properties":{"acq_date":"2026-07-28","acq_time":1102,"confidence":"n","satellite":"N","instrument":"VIIRS","version":"2.0NRT","bright_ti4":314.48,"frp":2.28,"daynight":"N"},"geometry":{"type":"Point","coordinates":[-116.81668,42.81507]}},{"type":"Feature","properties":{"acq_date":"2026-07-28","acq_time":1102,"confidence":"n","satellite":"N","instrument":"VIIRS","version":"2.0NRT","bright_ti4":313.93,"frp":3,"daynight":"N"},"geometry":{"type":"Point","coordinates":[-116.82316,42.81524]}},{"type":"Feature","properties":{"acq_date":"2026-07-28","acq_time":1102,"confidence":"n","satellite":"N","instrument":"VIIRS","version":"2.0NRT","bright_ti4":306.11,"frp":4.45,"daynight":"N"},"geometry":{"type":"Point","coordinates":[-116.84637,42.81564]}},{"type":"Feature","properties":{"acq_date":"2026-07-28","acq_time":1102,"confidence":"n","satellite":"N","instrument":"VIIRS","version":"2.0NRT","bright_ti4":310.5,"frp":3.04,"daynight":"N"},"geometry":{"type":"Point","coordinates":[-116.84037,42.81575]}},{"type":"Feature","properties":{"acq_date":"2026-07-28","acq_time":1102,"confidence":"n","satellite":"N","instrument":"VIIRS","version":"2.0NRT","bright_ti4":328.34,"frp":3,"daynight":"N"},"geometry":{"type":"Point","coordinates":[-116.82959,42.81729]}},{"type":"Feature","properties":{"acq_date":"2026-07-28","acq_time":1102,"confidence":"n","satellite":"N","instrument":"VIIRS","version":"2.0NRT","bright_ti4":310.26,"frp":2.28,"daynight":"N"},"geometry":{"type":"Point","coordinates":[-116.82355,42.81731]}},{"type":"Feature","properties":{"acq_date":"2026-07-28","acq_time":1102,"confidence":"n","satellite":"N","instrument":"VIIRS","version":"2.0NRT","bright_ti4":345.82,"frp":5.15,"daynight":"N"},"geometry":{"type":"Point","coordinates":[-116.85258,42.81763]}},{"type":"Feature","properties":{"acq_date":"2026-07-28","acq_time":1102,"confidence":"n","satellite":"N","instrument":"VIIRS","version":"2.0NRT","bright_ti4":325.75,"frp":5.32,"daynight":"N"},"geometry":{"type":"Point","coordinates":[-116.84657,42.81778]}},{"type":"Feature","properties":{"acq_date":"2026-07-28","acq_time":1102,"confidence":"n","satellite":"N","instrument":"VIIRS","version":"2.0NRT","bright_ti4":304.35,"frp":3.04,"daynight":"N"},"geometry":{"type":"Point","coordinates":[-116.82988,42.81938]}},{"type":"Feature","properties":{"acq_date":"2026-07-28","acq_time":1102,"confidence":"n","satellite":"N","instrument":"VIIRS","version":"2.0NRT","bright_ti4":309.36,"frp":4.45,"daynight":"N"},"geometry":{"type":"Point","coordinates":[-116.83617,42.81939]}},{"type":"Feature","properties":{"acq_date":"2026-07-28","acq_time":1102,"confidence":"n","satellite":"N","instrument":"VIIRS","version":"2.0NRT","bright_ti4":320.17,"frp":5.15,"daynight":"N"},"geometry":{"type":"Point","coordinates":[-116.85892,42.81966]}},{"type":"Feature","properties":{"acq_date":"2026-07-28","acq_time":1102,"confidence":"n","satellite":"N","instrument":"VIIRS","version":"2.0NRT","bright_ti4":342.21,"frp":5.32,"daynight":"N"},"geometry":{"type":"Point","coordinates":[-116.85274,42.81979]}},{"type":"Feature","properties":{"acq_date":"2026-07-28","acq_time":1102,"confidence":"n","satellite":"N","instrument":"VIIRS","version":"2.0NRT","bright_ti4":321.61,"frp":4.45,"daynight":"N"},"geometry":{"type":"Point","coordinates":[-116.84256,42.82145]}},{"type":"Feature","properties":{"acq_date":"2026-07-28","acq_time":1102,"confidence":"n","satellite":"N","instrument":"VIIRS","version":"2.0NRT","bright_ti4":301.02,"frp":3.04,"daynight":"N"},"geometry":{"type":"Point","coordinates":[-116.83645,42.82152]}},{"type":"Feature","properties":{"acq_date":"2026-07-28","acq_time":1102,"confidence":"n","satellite":"N","instrument":"VIIRS","version":"2.0NRT","bright_ti4":305.5,"frp":5.86,"daynight":"N"},"geometry":{"type":"Point","coordinates":[-116.86539,42.82174]}},{"type":"Feature","properties":{"acq_date":"2026-07-28","acq_time":1102,"confidence":"n","satellite":"N","instrument":"VIIRS","version":"2.0NRT","bright_ti4":317.83,"frp":5.94,"daynight":"N"},"geometry":{"type":"Point","coordinates":[-116.85905,42.82185]}},{"type":"Feature","properties":{"acq_date":"2026-07-28","acq_time":1102,"confidence":"n","satellite":"N","instrument":"VIIRS","version":"2.0NRT","bright_ti4":298.8,"frp":5.15,"daynight":"N"},"geometry":{"type":"Point","coordinates":[-116.84879,42.82344]}},{"type":"Feature","properties":{"acq_date":"2026-07-28","acq_time":1102,"confidence":"n","satellite":"N","instrument":"VIIRS","version":"2.0NRT","bright_ti4":300.91,"frp":5.32,"daynight":"N"},"geometry":{"type":"Point","coordinates":[-116.84284,42.82361]}},{"type":"Feature","properties":{"acq_date":"2026-07-28","acq_time":1102,"confidence":"n","satellite":"N","instrument":"VIIRS","version":"2.0NRT","bright_ti4":355.23,"frp":5.86,"daynight":"N"},"geometry":{"type":"Point","coordinates":[-116.87189,42.82382]}},{"type":"Feature","properties":{"acq_date":"2026-07-28","acq_time":1102,"confidence":"n","satellite":"N","instrument":"VIIRS","version":"2.0NRT","bright_ti4":347.86,"frp":5.94,"daynight":"N"},"geometry":{"type":"Point","coordinates":[-116.86546,42.82395]}},{"type":"Feature","properties":{"acq_date":"2026-07-28","acq_time":1102,"confidence":"n","satellite":"N","instrument":"VIIRS","version":"2.0NRT","bright_ti4":330.57,"frp":8,"daynight":"N"},"geometry":{"type":"Point","coordinates":[-116.8783,42.82587]}},{"type":"Feature","properties":{"acq_date":"2026-07-28","acq_time":1102,"confidence":"h","satellite":"N","instrument":"VIIRS","version":"2.0NRT","bright_ti4":367,"frp":15.13,"daynight":"N"},"geometry":{"type":"Point","coordinates":[-116.8719,42.82605]}},{"type":"Feature","properties":{"acq_date":"2026-07-28","acq_time":1102,"confidence":"n","satellite":"N","instrument":"VIIRS","version":"2.0NRT","bright_ti4":334.6,"frp":5.86,"daynight":"N"},"geometry":{"type":"Point","coordinates":[-116.86131,42.82745]}},{"type":"Feature","properties":{"acq_date":"2026-07-28","acq_time":1102,"confidence":"h","satellite":"N","instrument":"VIIRS","version":"2.0NRT","bright_ti4":367,"frp":8,"daynight":"N"},"geometry":{"type":"Point","coordinates":[-116.88461,42.8279]}},{"type":"Feature","properties":{"acq_date":"2026-07-28","acq_time":1102,"confidence":"n","satellite":"N","instrument":"VIIRS","version":"2.0NRT","bright_ti4":344.95,"frp":15.13,"daynight":"N"},"geometry":{"type":"Point","coordinates":[-116.87832,42.82814]}},{"type":"Feature","properties":{"acq_date":"2026-07-28","acq_time":1102,"confidence":"n","satellite":"N","instrument":"VIIRS","version":"2.0NRT","bright_ti4":315.77,"frp":5.86,"daynight":"N"},"geometry":{"type":"Point","coordinates":[-116.86772,42.8295]}},{"type":"Feature","properties":{"acq_date":"2026-07-28","acq_time":1102,"confidence":"n","satellite":"N","instrument":"VIIRS","version":"2.0NRT","bright_ti4":298.73,"frp":5.94,"daynight":"N"},"geometry":{"type":"Point","coordinates":[-116.86147,42.82968]}},{"type":"Feature","properties":{"acq_date":"2026-07-28","acq_time":1102,"confidence":"n","satellite":"N","instrument":"VIIRS","version":"2.0NRT","bright_ti4":325.58,"frp":6.96,"daynight":"N"},"geometry":{"type":"Point","coordinates":[-116.89076,42.82987]}},{"type":"Feature","properties":{"acq_date":"2026-07-28","acq_time":1102,"confidence":"h","satellite":"N","instrument":"VIIRS","version":"2.0NRT","bright_ti4":367,"frp":10.51,"daynight":"N"},"geometry":{"type":"Point","coordinates":[-116.88461,42.83018]}},{"type":"Feature","properties":{"acq_date":"2026-07-28","acq_time":1102,"confidence":"n","satellite":"N","instrument":"VIIRS","version":"2.0NRT","bright_ti4":303.13,"frp":8,"daynight":"N"},"geometry":{"type":"Point","coordinates":[-116.87417,42.83157]}},{"type":"Feature","properties":{"acq_date":"2026-07-28","acq_time":1102,"confidence":"n","satellite":"N","instrument":"VIIRS","version":"2.0NRT","bright_ti4":303.66,"frp":6.96,"daynight":"N"},"geometry":{"type":"Point","coordinates":[-116.897,42.83186]}},{"type":"Feature","properties":{"acq_date":"2026-07-28","acq_time":1102,"confidence":"n","satellite":"N","instrument":"VIIRS","version":"2.0NRT","bright_ti4":348.65,"frp":10.51,"daynight":"N"},"geometry":{"type":"Point","coordinates":[-116.89071,42.83218]}},{"type":"Feature","properties":{"acq_date":"2026-07-28","acq_time":1102,"confidence":"n","satellite":"N","instrument":"VIIRS","version":"2.0NRT","bright_ti4":312.29,"frp":8,"daynight":"N"},"geometry":{"type":"Point","coordinates":[-116.88058,42.83362]}},{"type":"Feature","properties":{"acq_date":"2026-07-28","acq_time":1102,"confidence":"n","satellite":"N","instrument":"VIIRS","version":"2.0NRT","bright_ti4":328.15,"frp":5.49,"daynight":"N"},"geometry":{"type":"Point","coordinates":[-116.89693,42.8342]}},{"type":"Feature","properties":{"acq_date":"2026-07-28","acq_time":1102,"confidence":"n","satellite":"N","instrument":"VIIRS","version":"2.0NRT","bright_ti4":325.83,"frp":6.96,"daynight":"N"},"geometry":{"type":"Point","coordinates":[-116.88679,42.83561]}},{"type":"Feature","properties":{"acq_date":"2026-07-28","acq_time":1102,"confidence":"n","satellite":"N","instrument":"VIIRS","version":"2.0NRT","bright_ti4":346.4,"frp":6.96,"daynight":"N"},"geometry":{"type":"Point","coordinates":[-116.89302,42.8376]}},{"type":"Feature","properties":{"acq_date":"2026-07-28","acq_time":1102,"confidence":"n","satellite":"N","instrument":"VIIRS","version":"2.0NRT","bright_ti4":296.6,"frp":10.51,"daynight":"N"},"geometry":{"type":"Point","coordinates":[-116.88677,42.83793]}},{"type":"Feature","properties":{"acq_date":"2026-07-28","acq_time":1102,"confidence":"n","satellite":"N","instrument":"VIIRS","version":"2.0NRT","bright_ti4":303.84,"frp":5.94,"daynight":"N"},"geometry":{"type":"Point","coordinates":[-116.89952,42.83968]}},{"type":"Feature","properties":{"acq_date":"2026-07-28","acq_time":1102,"confidence":"n","satellite":"N","instrument":"VIIRS","version":"2.0NRT","bright_ti4":328.12,"frp":5.49,"daynight":"N"},"geometry":{"type":"Point","coordinates":[-116.89304,42.83997]}},{"type":"Feature","properties":{"acq_date":"2026-07-28","acq_time":1102,"confidence":"n","satellite":"N","instrument":"VIIRS","version":"2.0NRT","bright_ti4":299.96,"frp":5.49,"daynight":"N"},"geometry":{"type":"Point","coordinates":[-116.89952,42.84209]}},{"type":"Feature","properties":{"acq_date":"2026-07-28","acq_time":1102,"confidence":"n","satellite":"N","instrument":"VIIRS","version":"2.0NRT","bright_ti4":296.68,"frp":1.44,"daynight":"N"},"geometry":{"type":"Point","coordinates":[-116.89565,42.84544]}},{"type":"Feature","properties":{"acq_date":"2026-07-28","acq_time":1102,"confidence":"n","satellite":"N","instrument":"VIIRS","version":"2.0NRT","bright_ti4":299.37,"frp":1.38,"daynight":"N"},"geometry":{"type":"Point","coordinates":[-116.96052,42.87592]}},{"type":"Feature","properties":{"acq_date":"2026-07-28","acq_time":1102,"confidence":"n","satellite":"N","instrument":"VIIRS","version":"2.0NRT","bright_ti4":306.03,"frp":2.98,"daynight":"N"},"geometry":{"type":"Point","coordinates":[-116.94471,42.87779]}},{"type":"Feature","properties":{"acq_date":"2026-07-28","acq_time":1102,"confidence":"n","satellite":"N","instrument":"VIIRS","version":"2.0NRT","bright_ti4":310.79,"frp":1.67,"daynight":"N"},"geometry":{"type":"Point","coordinates":[-116.97336,42.88008]}},{"type":"Feature","properties":{"acq_date":"2026-07-28","acq_time":1102,"confidence":"n","satellite":"N","instrument":"VIIRS","version":"2.0NRT","bright_ti4":298.01,"frp":1.67,"daynight":"N"},"geometry":{"type":"Point","coordinates":[-116.97971,42.88213]}},{"type":"Feature","properties":{"acq_date":"2026-07-28","acq_time":1102,"confidence":"n","satellite":"N","instrument":"VIIRS","version":"2.0NRT","bright_ti4":297.55,"frp":1.76,"daynight":"N"},"geometry":{"type":"Point","coordinates":[-116.95829,42.88219]}},{"type":"Feature","properties":{"acq_date":"2026-07-28","acq_time":1102,"confidence":"n","satellite":"N","instrument":"VIIRS","version":"2.0NRT","bright_ti4":303.79,"frp":1.76,"daynight":"N"},"geometry":{"type":"Point","coordinates":[-116.96483,42.8843]}},{"type":"Feature","properties":{"acq_date":"2026-07-28","acq_time":1102,"confidence":"n","satellite":"N","instrument":"VIIRS","version":"2.0NRT","bright_ti4":325.12,"frp":3.13,"daynight":"N"},"geometry":{"type":"Point","coordinates":[-116.97091,42.88628]}},{"type":"Feature","properties":{"acq_date":"2026-07-28","acq_time":1102,"confidence":"n","satellite":"N","instrument":"VIIRS","version":"2.0NRT","bright_ti4":321.24,"frp":3.13,"daynight":"N"},"geometry":{"type":"Point","coordinates":[-116.97661,42.88812]}},{"type":"Feature","properties":{"acq_date":"2026-07-28","acq_time":1102,"confidence":"n","satellite":"N","instrument":"VIIRS","version":"2.0NRT","bright_ti4":301.57,"frp":3.92,"daynight":"N"},"geometry":{"type":"Point","coordinates":[-116.91706,42.88985]}},{"type":"Feature","properties":{"acq_date":"2026-07-28","acq_time":1102,"confidence":"n","satellite":"N","instrument":"VIIRS","version":"2.0NRT","bright_ti4":308.71,"frp":2.58,"daynight":"N"},"geometry":{"type":"Point","coordinates":[-116.9823,42.88996]}},{"type":"Feature","properties":{"acq_date":"2026-07-28","acq_time":1102,"confidence":"n","satellite":"N","instrument":"VIIRS","version":"2.0NRT","bright_ti4":324.22,"frp":6.13,"daynight":"N"},"geometry":{"type":"Point","coordinates":[-116.92368,42.89199]}},{"type":"Feature","properties":{"acq_date":"2026-07-28","acq_time":1102,"confidence":"n","satellite":"N","instrument":"VIIRS","version":"2.0NRT","bright_ti4":325.13,"frp":6.13,"daynight":"N"},"geometry":{"type":"Point","coordinates":[-116.93063,42.89423]}},{"type":"Feature","properties":{"acq_date":"2026-07-28","acq_time":1102,"confidence":"n","satellite":"N","instrument":"VIIRS","version":"2.0NRT","bright_ti4":300.55,"frp":3.13,"daynight":"N"},"geometry":{"type":"Point","coordinates":[-116.97485,42.89453]}},{"type":"Feature","properties":{"acq_date":"2026-07-28","acq_time":1102,"confidence":"n","satellite":"N","instrument":"VIIRS","version":"2.0NRT","bright_ti4":299.41,"frp":2.58,"daynight":"N"},"geometry":{"type":"Point","coordinates":[-116.97984,42.89615]}},{"type":"Feature","properties":{"acq_date":"2026-07-28","acq_time":1102,"confidence":"n","satellite":"N","instrument":"VIIRS","version":"2.0NRT","bright_ti4":340.16,"frp":16.5,"daynight":"N"},"geometry":{"type":"Point","coordinates":[-116.93764,42.8965]}},{"type":"Feature","properties":{"acq_date":"2026-07-28","acq_time":1102,"confidence":"n","satellite":"N","instrument":"VIIRS","version":"2.0NRT","bright_ti4":315.96,"frp":5.2,"daynight":"N"},"geometry":{"type":"Point","coordinates":[-116.92038,42.89793]}},{"type":"Feature","properties":{"acq_date":"2026-07-28","acq_time":1102,"confidence":"n","satellite":"N","instrument":"VIIRS","version":"2.0NRT","bright_ti4":333.99,"frp":16.5,"daynight":"N"},"geometry":{"type":"Point","coordinates":[-116.94427,42.89864]}},{"type":"Feature","properties":{"acq_date":"2026-07-28","acq_time":1102,"confidence":"n","satellite":"N","instrument":"VIIRS","version":"2.0NRT","bright_ti4":330.51,"frp":5.2,"daynight":"N"},"geometry":{"type":"Point","coordinates":[-116.927,42.90007]}},{"type":"Feature","properties":{"acq_date":"2026-07-28","acq_time":1102,"confidence":"n","satellite":"N","instrument":"VIIRS","version":"2.0NRT","bright_ti4":299.03,"frp":8.09,"daynight":"N"},"geometry":{"type":"Point","coordinates":[-116.97218,42.90066]}},{"type":"Feature","properties":{"acq_date":"2026-07-28","acq_time":1102,"confidence":"n","satellite":"N","instrument":"VIIRS","version":"2.0NRT","bright_ti4":343.37,"frp":54.85,"daynight":"N"},"geometry":{"type":"Point","coordinates":[-116.95065,42.9007]}},{"type":"Feature","properties":{"acq_date":"2026-07-28","acq_time":1102,"confidence":"n","satellite":"N","instrument":"VIIRS","version":"2.0NRT","bright_ti4":327.97,"frp":8.74,"daynight":"N"},"geometry":{"type":"Point","coordinates":[-116.97699,42.90221]}},{"type":"Feature","properties":{"acq_date":"2026-07-28","acq_time":1102,"confidence":"n","satellite":"N","instrument":"VIIRS","version":"2.0NRT","bright_ti4":349.28,"frp":8.92,"daynight":"N"},"geometry":{"type":"Point","coordinates":[-116.93375,42.90224]}},{"type":"Feature","properties":{"acq_date":"2026-07-28","acq_time":1102,"confidence":"h","satellite":"N","instrument":"VIIRS","version":"2.0NRT","bright_ti4":367,"frp":54.85,"daynight":"N"},"geometry":{"type":"Point","coordinates":[-116.95689,42.90271]}},{"type":"Feature","properties":{"acq_date":"2026-07-28","acq_time":1102,"confidence":"n","satellite":"N","instrument":"VIIRS","version":"2.0NRT","bright_ti4":325.7,"frp":8.92,"daynight":"N"},"geometry":{"type":"Point","coordinates":[-116.94056,42.90444]}},{"type":"Feature","properties":{"acq_date":"2026-07-28","acq_time":1102,"confidence":"n","satellite":"N","instrument":"VIIRS","version":"2.0NRT","bright_ti4":346.5,"frp":16.76,"daynight":"N"},"geometry":{"type":"Point","coordinates":[-116.9472,42.90657]}},{"type":"Feature","properties":{"acq_date":"2026-07-28","acq_time":1102,"confidence":"n","satellite":"N","instrument":"VIIRS","version":"2.0NRT","bright_ti4":307.77,"frp":8.09,"daynight":"N"},"geometry":{"type":"Point","coordinates":[-116.96894,42.9066]}},{"type":"Feature","properties":{"acq_date":"2026-07-28","acq_time":1102,"confidence":"n","satellite":"N","instrument":"VIIRS","version":"2.0NRT","bright_ti4":349.98,"frp":8.74,"daynight":"N"},"geometry":{"type":"Point","coordinates":[-116.97426,42.90831]}},{"type":"Feature","properties":{"acq_date":"2026-07-28","acq_time":1102,"confidence":"n","satellite":"N","instrument":"VIIRS","version":"2.0NRT","bright_ti4":352.22,"frp":16.76,"daynight":"N"},"geometry":{"type":"Point","coordinates":[-116.95367,42.90866]}},{"type":"Feature","properties":{"acq_date":"2026-07-28","acq_time":1102,"confidence":"h","satellite":"N","instrument":"VIIRS","version":"2.0NRT","bright_ti4":367,"frp":33.06,"daynight":"N"},"geometry":{"type":"Point","coordinates":[-116.96006,42.91072]}},{"type":"Feature","properties":{"acq_date":"2026-07-28","acq_time":1102,"confidence":"n","satellite":"N","instrument":"VIIRS","version":"2.0NRT","bright_ti4":295.77,"frp":1.12,"daynight":"N"},"geometry":{"type":"Point","coordinates":[-118.3739,42.93251]}},{"type":"Feature","properties":{"acq_date":"2026-07-28","acq_time":1102,"confidence":"n","satellite":"N","instrument":"VIIRS","version":"2.0NRT","bright_ti4":298.61,"frp":1.11,"daynight":"N"},"geometry":{"type":"Point","coordinates":[-118.50486,42.96817]}},{"type":"Feature","properties":{"acq_date":"2026-07-28","acq_time":1102,"confidence":"n","satellite":"N","instrument":"VIIRS","version":"2.0NRT","bright_ti4":309.8,"frp":2.25,"daynight":"N"},"geometry":{"type":"Point","coordinates":[-118.49969,42.97151]}},{"type":"Feature","properties":{"acq_date":"2026-07-28","acq_time":1102,"confidence":"n","satellite":"N","instrument":"VIIRS","version":"2.0NRT","bright_ti4":307.63,"frp":3.59,"daynight":"N"},"geometry":{"type":"Point","coordinates":[-118.49657,42.97213]}},{"type":"Feature","properties":{"acq_date":"2026-07-28","acq_time":1102,"confidence":"n","satellite":"N","instrument":"VIIRS","version":"2.0NRT","bright_ti4":340.07,"frp":2.25,"daynight":"N"},"geometry":{"type":"Point","coordinates":[-118.50455,42.97301]}},{"type":"Feature","properties":{"acq_date":"2026-07-28","acq_time":1102,"confidence":"n","satellite":"N","instrument":"VIIRS","version":"2.0NRT","bright_ti4":337.26,"frp":3.59,"daynight":"N"},"geometry":{"type":"Point","coordinates":[-118.50152,42.97363]}},{"type":"Feature","properties":{"acq_date":"2026-07-28","acq_time":1102,"confidence":"n","satellite":"N","instrument":"VIIRS","version":"2.0NRT","bright_ti4":295,"frp":2.76,"daynight":"N"},"geometry":{"type":"Point","coordinates":[-118.50935,42.97449]}},{"type":"Feature","properties":{"acq_date":"2026-07-28","acq_time":1102,"confidence":"n","satellite":"N","instrument":"VIIRS","version":"2.0NRT","bright_ti4":307.7,"frp":2.7,"daynight":"N"},"geometry":{"type":"Point","coordinates":[-118.50639,42.97511]}},{"type":"Feature","properties":{"acq_date":"2026-07-28","acq_time":1102,"confidence":"n","satellite":"N","instrument":"VIIRS","version":"2.0NRT","bright_ti4":327.07,"frp":2.76,"daynight":"N"},"geometry":{"type":"Point","coordinates":[-118.51421,42.976]}},{"type":"Feature","properties":{"acq_date":"2026-07-28","acq_time":1102,"confidence":"n","satellite":"N","instrument":"VIIRS","version":"2.0NRT","bright_ti4":312.24,"frp":2.7,"daynight":"N"},"geometry":{"type":"Point","coordinates":[-118.5112,42.97656]}},{"type":"Feature","properties":{"acq_date":"2026-07-28","acq_time":1102,"confidence":"n","satellite":"N","instrument":"VIIRS","version":"2.0NRT","bright_ti4":296.51,"frp":2.25,"daynight":"N"},"geometry":{"type":"Point","coordinates":[-118.49619,42.97691]}},{"type":"Feature","properties":{"acq_date":"2026-07-28","acq_time":1102,"confidence":"n","satellite":"N","instrument":"VIIRS","version":"2.0NRT","bright_ti4":314.58,"frp":4,"daynight":"N"},"geometry":{"type":"Point","coordinates":[-118.51922,42.97754]}},{"type":"Feature","properties":{"acq_date":"2026-07-28","acq_time":1102,"confidence":"n","satellite":"N","instrument":"VIIRS","version":"2.0NRT","bright_ti4":341.63,"frp":5.14,"daynight":"N"},"geometry":{"type":"Point","coordinates":[-118.51612,42.97805]}},{"type":"Feature","properties":{"acq_date":"2026-07-28","acq_time":1102,"confidence":"n","satellite":"N","instrument":"VIIRS","version":"2.0NRT","bright_ti4":311.27,"frp":2.25,"daynight":"N"},"geometry":{"type":"Point","coordinates":[-118.50119,42.97845]}},{"type":"Feature","properties":{"acq_date":"2026-07-28","acq_time":1102,"confidence":"n","satellite":"N","instrument":"VIIRS","version":"2.0NRT","bright_ti4":300.8,"frp":2.76,"daynight":"N"},"geometry":{"type":"Point","coordinates":[-118.50609,42.97997]}},{"type":"Feature","properties":{"acq_date":"2026-07-28","acq_time":1102,"confidence":"n","satellite":"N","instrument":"VIIRS","version":"2.0NRT","bright_ti4":306,"frp":2.7,"daynight":"N"},"geometry":{"type":"Point","coordinates":[-118.50307,42.98056]}},{"type":"Feature","properties":{"acq_date":"2026-07-28","acq_time":1102,"confidence":"n","satellite":"N","instrument":"VIIRS","version":"2.0NRT","bright_ti4":309.07,"frp":2.76,"daynight":"N"},"geometry":{"type":"Point","coordinates":[-118.5109,42.98145]}},{"type":"Feature","properties":{"acq_date":"2026-07-28","acq_time":1102,"confidence":"n","satellite":"N","instrument":"VIIRS","version":"2.0NRT","bright_ti4":305.15,"frp":2.7,"daynight":"N"},"geometry":{"type":"Point","coordinates":[-118.50793,42.98204]}},{"type":"Feature","properties":{"acq_date":"2026-07-28","acq_time":1102,"confidence":"n","satellite":"N","instrument":"VIIRS","version":"2.0NRT","bright_ti4":333.6,"frp":4,"daynight":"N"},"geometry":{"type":"Point","coordinates":[-118.51573,42.98295]}},{"type":"Feature","properties":{"acq_date":"2026-07-28","acq_time":1102,"confidence":"n","satellite":"N","instrument":"VIIRS","version":"2.0NRT","bright_ti4":314.46,"frp":5.14,"daynight":"N"},"geometry":{"type":"Point","coordinates":[-118.51279,42.98351]}},{"type":"Feature","properties":{"acq_date":"2026-07-28","acq_time":1102,"confidence":"n","satellite":"N","instrument":"VIIRS","version":"2.0NRT","bright_ti4":295.42,"frp":0.97,"daynight":"N"},"geometry":{"type":"Point","coordinates":[-118.49793,42.98393]}},{"type":"Feature","properties":{"acq_date":"2026-07-28","acq_time":1102,"confidence":"n","satellite":"N","instrument":"VIIRS","version":"2.0NRT","bright_ti4":313.66,"frp":4,"daynight":"N"},"geometry":{"type":"Point","coordinates":[-118.52072,42.98449]}},{"type":"Feature","properties":{"acq_date":"2026-07-28","acq_time":1102,"confidence":"n","satellite":"N","instrument":"VIIRS","version":"2.0NRT","bright_ti4":321.79,"frp":5.14,"daynight":"N"},"geometry":{"type":"Point","coordinates":[-118.51763,42.98497]}},{"type":"Feature","properties":{"acq_date":"2026-07-28","acq_time":1102,"confidence":"n","satellite":"N","instrument":"VIIRS","version":"2.0NRT","bright_ti4":304.95,"frp":1.86,"daynight":"N"},"geometry":{"type":"Point","coordinates":[-118.50288,42.98546]}},{"type":"Feature","properties":{"acq_date":"2026-07-28","acq_time":1102,"confidence":"n","satellite":"N","instrument":"VIIRS","version":"2.0NRT","bright_ti4":296.98,"frp":1.25,"daynight":"N"},"geometry":{"type":"Point","coordinates":[-118.49981,42.98605]}},{"type":"Feature","properties":{"acq_date":"2026-07-28","acq_time":1102,"confidence":"n","satellite":"N","instrument":"VIIRS","version":"2.0NRT","bright_ti4":301.44,"frp":2.39,"daynight":"N"},"geometry":{"type":"Point","coordinates":[-118.52587,42.98608]}},{"type":"Feature","properties":{"acq_date":"2026-07-28","acq_time":1102,"confidence":"n","satellite":"N","instrument":"VIIRS","version":"2.0NRT","bright_ti4":348.87,"frp":10.21,"daynight":"N"},"geometry":{"type":"Point","coordinates":[-118.52264,42.98649]}},{"type":"Feature","properties":{"acq_date":"2026-07-28","acq_time":1102,"confidence":"n","satellite":"N","instrument":"VIIRS","version":"2.0NRT","bright_ti4":303.77,"frp":1.86,"daynight":"N"},"geometry":{"type":"Point","coordinates":[-118.50774,42.98696]}},{"type":"Feature","properties":{"acq_date":"2026-07-28","acq_time":1102,"confidence":"n","satellite":"N","instrument":"VIIRS","version":"2.0NRT","bright_ti4":302.04,"frp":1.25,"daynight":"N"},"geometry":{"type":"Point","coordinates":[-118.50475,42.98754]}},{"type":"Feature","properties":{"acq_date":"2026-07-28","acq_time":1102,"confidence":"n","satellite":"N","instrument":"VIIRS","version":"2.0NRT","bright_ti4":316.56,"frp":5.73,"daynight":"N"},"geometry":{"type":"Point","coordinates":[-118.51262,42.98846]}},{"type":"Feature","properties":{"acq_date":"2026-07-28","acq_time":1102,"confidence":"n","satellite":"N","instrument":"VIIRS","version":"2.0NRT","bright_ti4":308.47,"frp":3.75,"daynight":"N"},"geometry":{"type":"Point","coordinates":[-118.50971,42.98904]}},{"type":"Feature","properties":{"acq_date":"2026-07-28","acq_time":1102,"confidence":"h","satellite":"N","instrument":"VIIRS","version":"2.0NRT","bright_ti4":367,"frp":5.73,"daynight":"N"},"geometry":{"type":"Point","coordinates":[-118.51756,42.98998]}},{"type":"Feature","properties":{"acq_date":"2026-07-28","acq_time":1102,"confidence":"n","satellite":"N","instrument":"VIIRS","version":"2.0NRT","bright_ti4":341.06,"frp":3.75,"daynight":"N"},"geometry":{"type":"Point","coordinates":[-118.51466,42.99053]}},{"type":"Feature","properties":{"acq_date":"2026-07-28","acq_time":1102,"confidence":"h","satellite":"N","instrument":"VIIRS","version":"2.0NRT","bright_ti4":367,"frp":22.04,"daynight":"N"},"geometry":{"type":"Point","coordinates":[-118.52255,42.99153]}},{"type":"Feature","properties":{"acq_date":"2026-07-28","acq_time":1102,"confidence":"h","satellite":"N","instrument":"VIIRS","version":"2.0NRT","bright_ti4":367,"frp":10.6,"daynight":"N"},"geometry":{"type":"Point","coordinates":[-118.51962,42.99203]}},{"type":"Feature","properties":{"acq_date":"2026-07-28","acq_time":1102,"confidence":"n","satellite":"N","instrument":"VIIRS","version":"2.0NRT","bright_ti4":313.83,"frp":5.73,"daynight":"N"},"geometry":{"type":"Point","coordinates":[-118.50977,42.99407]}},{"type":"Feature","properties":{"acq_date":"2026-07-28","acq_time":1102,"confidence":"n","satellite":"N","instrument":"VIIRS","version":"2.0NRT","bright_ti4":300.28,"frp":3.75,"daynight":"N"},"geometry":{"type":"Point","coordinates":[-118.50673,42.9946]}},{"type":"Feature","properties":{"acq_date":"2026-07-28","acq_time":1102,"confidence":"n","satellite":"N","instrument":"VIIRS","version":"2.0NRT","bright_ti4":325.74,"frp":5.73,"daynight":"N"},"geometry":{"type":"Point","coordinates":[-118.51479,42.99561]}},{"type":"Feature","properties":{"acq_date":"2026-07-28","acq_time":1102,"confidence":"n","satellite":"N","instrument":"VIIRS","version":"2.0NRT","bright_ti4":319.86,"frp":3.75,"daynight":"N"},"geometry":{"type":"Point","coordinates":[-118.5118,42.99613]}},{"type":"Feature","properties":{"acq_date":"2026-07-28","acq_time":1102,"confidence":"n","satellite":"N","instrument":"VIIRS","version":"2.0NRT","bright_ti4":298.37,"frp":10.6,"daynight":"N"},"geometry":{"type":"Point","coordinates":[-118.51678,42.99763]}},{"type":"Feature","properties":{"acq_date":"2026-07-28","acq_time":1102,"confidence":"n","satellite":"N","instrument":"VIIRS","version":"2.0NRT","bright_ti4":298.65,"frp":2.4,"daynight":"N"},"geometry":{"type":"Point","coordinates":[-118.51186,43.00119]}},{"type":"Feature","properties":{"acq_date":"2026-07-28","acq_time":1102,"confidence":"n","satellite":"N","instrument":"VIIRS","version":"2.0NRT","bright_ti4":302.79,"frp":2.44,"daynight":"N"},"geometry":{"type":"Point","coordinates":[-118.51678,43.0027]}},{"type":"Feature","properties":{"acq_date":"2026-07-28","acq_time":1102,"confidence":"n","satellite":"N","instrument":"VIIRS","version":"2.0NRT","bright_ti4":305.74,"frp":1.88,"daynight":"N"},"geometry":{"type":"Point","coordinates":[-118.51386,43.00321]}},{"type":"Feature","properties":{"acq_date":"2026-07-28","acq_time":1102,"confidence":"n","satellite":"N","instrument":"VIIRS","version":"2.0NRT","bright_ti4":295.97,"frp":1.88,"daynight":"N"},"geometry":{"type":"Point","coordinates":[-118.51886,43.00472]}},{"type":"Feature","properties":{"acq_date":"2026-07-28","acq_time":1102,"confidence":"n","satellite":"N","instrument":"VIIRS","version":"2.0NRT","bright_ti4":304.63,"frp":2.44,"daynight":"N"},"geometry":{"type":"Point","coordinates":[-118.51452,43.00847]}},{"type":"Feature","properties":{"acq_date":"2026-07-28","acq_time":1102,"confidence":"n","satellite":"N","instrument":"VIIRS","version":"2.0NRT","bright_ti4":300.1,"frp":1.88,"daynight":"N"},"geometry":{"type":"Point","coordinates":[-118.51172,43.00902]}},{"type":"Feature","properties":{"acq_date":"2026-07-28","acq_time":1102,"confidence":"n","satellite":"N","instrument":"VIIRS","version":"2.0NRT","bright_ti4":339.63,"frp":2.44,"daynight":"N"},"geometry":{"type":"Point","coordinates":[-118.51949,43.01]}},{"type":"Feature","properties":{"acq_date":"2026-07-28","acq_time":1102,"confidence":"n","satellite":"N","instrument":"VIIRS","version":"2.0NRT","bright_ti4":321.62,"frp":1.88,"daynight":"N"},"geometry":{"type":"Point","coordinates":[-118.51671,43.01052]}},{"type":"Feature","properties":{"acq_date":"2026-07-28","acq_time":1102,"confidence":"n","satellite":"N","instrument":"VIIRS","version":"2.0NRT","bright_ti4":300.5,"frp":4.17,"daynight":"N"},"geometry":{"type":"Point","coordinates":[-118.5246,43.01157]}},{"type":"Feature","properties":{"acq_date":"2026-07-28","acq_time":1102,"confidence":"n","satellite":"N","instrument":"VIIRS","version":"2.0NRT","bright_ti4":338.26,"frp":7.56,"daynight":"N"},"geometry":{"type":"Point","coordinates":[-118.52166,43.01201]}},{"type":"Feature","properties":{"acq_date":"2026-07-28","acq_time":1102,"confidence":"n","satellite":"N","instrument":"VIIRS","version":"2.0NRT","bright_ti4":313.66,"frp":3.4,"daynight":"N"},"geometry":{"type":"Point","coordinates":[-118.51228,43.01426]}},{"type":"Feature","properties":{"acq_date":"2026-07-28","acq_time":1102,"confidence":"n","satellite":"N","instrument":"VIIRS","version":"2.0NRT","bright_ti4":333.89,"frp":3.4,"daynight":"N"},"geometry":{"type":"Point","coordinates":[-118.51714,43.01575]}},{"type":"Feature","properties":{"acq_date":"2026-07-28","acq_time":1102,"confidence":"n","satellite":"N","instrument":"VIIRS","version":"2.0NRT","bright_ti4":313.31,"frp":4.21,"daynight":"N"},"geometry":{"type":"Point","coordinates":[-118.5221,43.01727]}},{"type":"Feature","properties":{"acq_date":"2026-07-28","acq_time":1102,"confidence":"n","satellite":"N","instrument":"VIIRS","version":"2.0NRT","bright_ti4":319.7,"frp":2.77,"daynight":"N"},"geometry":{"type":"Point","coordinates":[-118.36141,43.02647]}},{"type":"Feature","properties":{"acq_date":"2026-07-28","acq_time":1102,"confidence":"n","satellite":"N","instrument":"VIIRS","version":"2.0NRT","bright_ti4":301.79,"frp":1.17,"daynight":"N"},"geometry":{"type":"Point","coordinates":[-118.46127,43.0569]}},{"type":"Feature","properties":{"acq_date":"2026-07-28","acq_time":1102,"confidence":"n","satellite":"N","instrument":"VIIRS","version":"2.0NRT","bright_ti4":297.79,"frp":1.17,"daynight":"N"},"geometry":{"type":"Point","coordinates":[-118.46655,43.0585]}},{"type":"Feature","properties":{"acq_date":"2026-07-28","acq_time":1102,"confidence":"n","satellite":"N","instrument":"VIIRS","version":"2.0NRT","bright_ti4":297.75,"frp":1.22,"daynight":"N"},"geometry":{"type":"Point","coordinates":[-118.4718,43.06011]}},{"type":"Feature","properties":{"acq_date":"2026-07-28","acq_time":1102,"confidence":"n","satellite":"N","instrument":"VIIRS","version":"2.0NRT","bright_ti4":302.29,"frp":2.39,"daynight":"N"},"geometry":{"type":"Point","coordinates":[-118.462,43.06359]}},{"type":"Feature","properties":{"acq_date":"2026-07-28","acq_time":1102,"confidence":"n","satellite":"N","instrument":"VIIRS","version":"2.0NRT","bright_ti4":326.39,"frp":3.41,"daynight":"N"},"geometry":{"type":"Point","coordinates":[-118.46738,43.06522]}},{"type":"Feature","properties":{"acq_date":"2026-07-28","acq_time":1102,"confidence":"n","satellite":"N","instrument":"VIIRS","version":"2.0NRT","bright_ti4":298.33,"frp":3.48,"daynight":"N"},"geometry":{"type":"Point","coordinates":[-118.26522,43.06559]}},{"type":"Feature","properties":{"acq_date":"2026-07-28","acq_time":1102,"confidence":"n","satellite":"N","instrument":"VIIRS","version":"2.0NRT","bright_ti4":336.94,"frp":3.41,"daynight":"N"},"geometry":{"type":"Point","coordinates":[-118.47261,43.06681]}},{"type":"Feature","properties":{"acq_date":"2026-07-28","acq_time":1102,"confidence":"n","satellite":"N","instrument":"VIIRS","version":"2.0NRT","bright_ti4":343.82,"frp":3.48,"daynight":"N"},"geometry":{"type":"Point","coordinates":[-118.27091,43.06735]}},{"type":"Feature","properties":{"acq_date":"2026-07-28","acq_time":1102,"confidence":"n","satellite":"N","instrument":"VIIRS","version":"2.0NRT","bright_ti4":346.2,"frp":6.49,"daynight":"N"},"geometry":{"type":"Point","coordinates":[-118.47762,43.06834]}},{"type":"Feature","properties":{"acq_date":"2026-07-28","acq_time":1102,"confidence":"n","satellite":"N","instrument":"VIIRS","version":"2.0NRT","bright_ti4":337.08,"frp":6.49,"daynight":"N"},"geometry":{"type":"Point","coordinates":[-118.4826,43.06985]}},{"type":"Feature","properties":{"acq_date":"2026-07-28","acq_time":1102,"confidence":"n","satellite":"N","instrument":"VIIRS","version":"2.0NRT","bright_ti4":296.99,"frp":3.41,"daynight":"N"},"geometry":{"type":"Point","coordinates":[-118.46389,43.07063]}},{"type":"Feature","properties":{"acq_date":"2026-07-28","acq_time":1102,"confidence":"n","satellite":"N","instrument":"VIIRS","version":"2.0NRT","bright_ti4":318.03,"frp":3.48,"daynight":"N"},"geometry":{"type":"Point","coordinates":[-118.26051,43.07067]}},{"type":"Feature","properties":{"acq_date":"2026-07-28","acq_time":1102,"confidence":"n","satellite":"N","instrument":"VIIRS","version":"2.0NRT","bright_ti4":317.89,"frp":3.41,"daynight":"N"},"geometry":{"type":"Point","coordinates":[-118.46905,43.07219]}},{"type":"Feature","properties":{"acq_date":"2026-07-28","acq_time":1102,"confidence":"n","satellite":"N","instrument":"VIIRS","version":"2.0NRT","bright_ti4":338.27,"frp":3.48,"daynight":"N"},"geometry":{"type":"Point","coordinates":[-118.26626,43.07244]}},{"type":"Feature","properties":{"acq_date":"2026-07-28","acq_time":1102,"confidence":"n","satellite":"N","instrument":"VIIRS","version":"2.0NRT","bright_ti4":325.59,"frp":6.49,"daynight":"N"},"geometry":{"type":"Point","coordinates":[-118.47415,43.07375]}},{"type":"Feature","properties":{"acq_date":"2026-07-28","acq_time":1102,"confidence":"n","satellite":"N","instrument":"VIIRS","version":"2.0NRT","bright_ti4":341.88,"frp":6.49,"daynight":"N"},"geometry":{"type":"Point","coordinates":[-118.47909,43.07525]}},{"type":"Feature","properties":{"acq_date":"2026-07-28","acq_time":1102,"confidence":"n","satellite":"N","instrument":"VIIRS","version":"2.0NRT","bright_ti4":320.69,"frp":8.35,"daynight":"N"},"geometry":{"type":"Point","coordinates":[-118.48404,43.07675]}},{"type":"Feature","properties":{"acq_date":"2026-07-28","acq_time":1102,"confidence":"n","satellite":"N","instrument":"VIIRS","version":"2.0NRT","bright_ti4":314.56,"frp":1.93,"daynight":"N"},"geometry":{"type":"Point","coordinates":[-122.57655,43.10649]}},{"type":"Feature","properties":{"acq_date":"2026-07-28","acq_time":1102,"confidence":"n","satellite":"N","instrument":"VIIRS","version":"2.0NRT","bright_ti4":322.36,"frp":4.59,"daynight":"N"},"geometry":{"type":"Point","coordinates":[-122.57655,43.10932]}},{"type":"Feature","properties":{"acq_date":"2026-07-28","acq_time":1102,"confidence":"n","satellite":"N","instrument":"VIIRS","version":"2.0NRT","bright_ti4":301.68,"frp":1.93,"daynight":"N"},"geometry":{"type":"Point","coordinates":[-122.57565,43.1115]}},{"type":"Feature","properties":{"acq_date":"2026-07-28","acq_time":1102,"confidence":"n","satellite":"N","instrument":"VIIRS","version":"2.0NRT","bright_ti4":306.43,"frp":1.93,"daynight":"N"},"geometry":{"type":"Point","coordinates":[-122.58167,43.1131]}},{"type":"Feature","properties":{"acq_date":"2026-07-28","acq_time":1102,"confidence":"n","satellite":"N","instrument":"VIIRS","version":"2.0NRT","bright_ti4":309.3,"frp":3.43,"daynight":"N"},"geometry":{"type":"Point","coordinates":[-122.58124,43.11577]}},{"type":"Feature","properties":{"acq_date":"2026-07-28","acq_time":1102,"confidence":"n","satellite":"N","instrument":"VIIRS","version":"2.0NRT","bright_ti4":300.81,"frp":3.1,"daynight":"N"},"geometry":{"type":"Point","coordinates":[-122.57411,43.11635]}},{"type":"Feature","properties":{"acq_date":"2026-07-28","acq_time":1102,"confidence":"n","satellite":"N","instrument":"VIIRS","version":"2.0NRT","bright_ti4":320.49,"frp":3.1,"daynight":"N"},"geometry":{"type":"Point","coordinates":[-122.57989,43.11789]}},{"type":"Feature","properties":{"acq_date":"2026-07-28","acq_time":1102,"confidence":"n","satellite":"N","instrument":"VIIRS","version":"2.0NRT","bright_ti4":302.46,"frp":2.02,"daynight":"N"},"geometry":{"type":"Point","coordinates":[-122.57356,43.11901]}},{"type":"Feature","properties":{"acq_date":"2026-07-28","acq_time":1102,"confidence":"n","satellite":"N","instrument":"VIIRS","version":"2.0NRT","bright_ti4":295.45,"frp":2.57,"daynight":"N"},"geometry":{"type":"Point","coordinates":[-122.58664,43.11968]}},{"type":"Feature","properties":{"acq_date":"2026-07-28","acq_time":1102,"confidence":"n","satellite":"N","instrument":"VIIRS","version":"2.0NRT","bright_ti4":333.3,"frp":7.91,"daynight":"N"},"geometry":{"type":"Point","coordinates":[-122.57933,43.12052]}},{"type":"Feature","properties":{"acq_date":"2026-07-28","acq_time":1102,"confidence":"n","satellite":"N","instrument":"VIIRS","version":"2.0NRT","bright_ti4":332.78,"frp":3.1,"daynight":"N"},"geometry":{"type":"Point","coordinates":[-122.57796,43.12262]}},{"type":"Feature","properties":{"acq_date":"2026-07-28","acq_time":1102,"confidence":"n","satellite":"N","instrument":"VIIRS","version":"2.0NRT","bright_ti4":297.93,"frp":2.57,"daynight":"N"},"geometry":{"type":"Point","coordinates":[-122.58462,43.12439]}},{"type":"Feature","properties":{"acq_date":"2026-07-28","acq_time":1102,"confidence":"n","satellite":"N","instrument":"VIIRS","version":"2.0NRT","bright_ti4":339.01,"frp":7.91,"daynight":"N"},"geometry":{"type":"Point","coordinates":[-122.57739,43.12525]}},{"type":"Feature","properties":{"acq_date":"2026-07-28","acq_time":1102,"confidence":"n","satellite":"N","instrument":"VIIRS","version":"2.0NRT","bright_ti4":299.25,"frp":1.47,"daynight":"N"},"geometry":{"type":"Point","coordinates":[-122.564,43.12701]}},{"type":"Feature","properties":{"acq_date":"2026-07-28","acq_time":1102,"confidence":"n","satellite":"N","instrument":"VIIRS","version":"2.0NRT","bright_ti4":296.11,"frp":2.03,"daynight":"N"},"geometry":{"type":"Point","coordinates":[-122.55575,43.12724]}},{"type":"Feature","properties":{"acq_date":"2026-07-28","acq_time":1102,"confidence":"n","satellite":"N","instrument":"VIIRS","version":"2.0NRT","bright_ti4":336.42,"frp":3.26,"daynight":"N"},"geometry":{"type":"Point","coordinates":[-122.57591,43.12733]}},{"type":"Feature","properties":{"acq_date":"2026-07-28","acq_time":1102,"confidence":"n","satellite":"N","instrument":"VIIRS","version":"2.0NRT","bright_ti4":303.33,"frp":1.47,"daynight":"N"},"geometry":{"type":"Point","coordinates":[-122.5694,43.12841]}},{"type":"Feature","properties":{"acq_date":"2026-07-28","acq_time":1102,"confidence":"n","satellite":"N","instrument":"VIIRS","version":"2.0NRT","bright_ti4":318.03,"frp":2.03,"daynight":"N"},"geometry":{"type":"Point","coordinates":[-122.56242,43.12901]}},{"type":"Feature","properties":{"acq_date":"2026-07-28","acq_time":1102,"confidence":"n","satellite":"N","instrument":"VIIRS","version":"2.0NRT","bright_ti4":297.94,"frp":3.06,"daynight":"N"},"geometry":{"type":"Point","coordinates":[-122.58255,43.12909]}},{"type":"Feature","properties":{"acq_date":"2026-07-28","acq_time":1102,"confidence":"n","satellite":"N","instrument":"VIIRS","version":"2.0NRT","bright_ti4":321.65,"frp":3.74,"daynight":"N"},"geometry":{"type":"Point","coordinates":[-122.57533,43.12995]}},{"type":"Feature","properties":{"acq_date":"2026-07-28","acq_time":1102,"confidence":"n","satellite":"N","instrument":"VIIRS","version":"2.0NRT","bright_ti4":310.26,"frp":3.26,"daynight":"N"},"geometry":{"type":"Point","coordinates":[-122.56784,43.13044]}},{"type":"Feature","properties":{"acq_date":"2026-07-28","acq_time":1102,"confidence":"n","satellite":"N","instrument":"VIIRS","version":"2.0NRT","bright_ti4":309.49,"frp":1.47,"daynight":"N"},"geometry":{"type":"Point","coordinates":[-122.56086,43.13144]}},{"type":"Feature","properties":{"acq_date":"2026-07-28","acq_time":1102,"confidence":"n","satellite":"N","instrument":"VIIRS","version":"2.0NRT","bright_ti4":300.05,"frp":3.26,"daynight":"N"},"geometry":{"type":"Point","coordinates":[-122.57378,43.13202]}},{"type":"Feature","properties":{"acq_date":"2026-07-28","acq_time":1102,"confidence":"n","satellite":"N","instrument":"VIIRS","version":"2.0NRT","bright_ti4":302.17,"frp":1.47,"daynight":"N"},"geometry":{"type":"Point","coordinates":[-122.56676,43.13297]}},{"type":"Feature","properties":{"acq_date":"2026-07-28","acq_time":1102,"confidence":"n","satellite":"N","instrument":"VIIRS","version":"2.0NRT","bright_ti4":297.22,"frp":0.22,"daynight":"N"},"geometry":{"type":"Point","coordinates":[-118.31033,43.39827]}},{"type":"Feature","properties":{"acq_date":"2026-07-28","acq_time":1102,"confidence":"n","satellite":"N","instrument":"VIIRS","version":"2.0NRT","bright_ti4":298.69,"frp":1.57,"daynight":"N"},"geometry":{"type":"Point","coordinates":[-118.34112,43.43358]}},{"type":"Feature","properties":{"acq_date":"2026-07-28","acq_time":1102,"confidence":"n","satellite":"N","instrument":"VIIRS","version":"2.0NRT","bright_ti4":302.45,"frp":1.14,"daynight":"N"},"geometry":{"type":"Point","coordinates":[-118.32013,43.4336]}},{"type":"Feature","properties":{"acq_date":"2026-07-28","acq_time":1102,"confidence":"n","satellite":"N","instrument":"VIIRS","version":"2.0NRT","bright_ti4":297.61,"frp":1.14,"daynight":"N"},"geometry":{"type":"Point","coordinates":[-118.3264,43.43553]}},{"type":"Feature","properties":{"acq_date":"2026-07-28","acq_time":1102,"confidence":"n","satellite":"N","instrument":"VIIRS","version":"2.0NRT","bright_ti4":320.99,"frp":2.77,"daynight":"N"},"geometry":{"type":"Point","coordinates":[-118.31013,43.43699]}},{"type":"Feature","properties":{"acq_date":"2026-07-28","acq_time":1102,"confidence":"n","satellite":"N","instrument":"VIIRS","version":"2.0NRT","bright_ti4":307.25,"frp":1.57,"daynight":"N"},"geometry":{"type":"Point","coordinates":[-118.3324,43.43736]}},{"type":"Feature","properties":{"acq_date":"2026-07-28","acq_time":1102,"confidence":"n","satellite":"N","instrument":"VIIRS","version":"2.0NRT","bright_ti4":303.98,"frp":1.44,"daynight":"N"},"geometry":{"type":"Point","coordinates":[-118.31693,43.43908]}},{"type":"Feature","properties":{"acq_date":"2026-07-28","acq_time":1102,"confidence":"n","satellite":"N","instrument":"VIIRS","version":"2.0NRT","bright_ti4":324.56,"frp":1.57,"daynight":"N"},"geometry":{"type":"Point","coordinates":[-118.33829,43.43917]}},{"type":"Feature","properties":{"acq_date":"2026-07-28","acq_time":1102,"confidence":"n","satellite":"N","instrument":"VIIRS","version":"2.0NRT","bright_ti4":298.98,"frp":2.45,"daynight":"N"},"geometry":{"type":"Point","coordinates":[-118.34423,43.44098]}},{"type":"Feature","properties":{"acq_date":"2026-07-28","acq_time":1102,"confidence":"n","satellite":"N","instrument":"VIIRS","version":"2.0NRT","bright_ti4":306.36,"frp":1.44,"daynight":"N"},"geometry":{"type":"Point","coordinates":[-118.32334,43.44104]}},{"type":"Feature","properties":{"acq_date":"2026-07-28","acq_time":1102,"confidence":"n","satellite":"N","instrument":"VIIRS","version":"2.0NRT","bright_ti4":319.47,"frp":2.45,"daynight":"N"},"geometry":{"type":"Point","coordinates":[-118.35028,43.44284]}},{"type":"Feature","properties":{"acq_date":"2026-07-28","acq_time":1102,"confidence":"n","satellite":"N","instrument":"VIIRS","version":"2.0NRT","bright_ti4":296.53,"frp":1.41,"daynight":"N"},"geometry":{"type":"Point","coordinates":[-118.32942,43.4429]}},{"type":"Feature","properties":{"acq_date":"2026-07-28","acq_time":1102,"confidence":"n","satellite":"N","instrument":"VIIRS","version":"2.0NRT","bright_ti4":302.38,"frp":1.41,"daynight":"N"},"geometry":{"type":"Point","coordinates":[-118.33527,43.44469]}},{"type":"Feature","properties":{"acq_date":"2026-07-28","acq_time":1102,"confidence":"n","satellite":"N","instrument":"VIIRS","version":"2.0NRT","bright_ti4":295.97,"frp":1.44,"daynight":"N"},"geometry":{"type":"Point","coordinates":[-118.31969,43.44638]}},{"type":"Feature","properties":{"acq_date":"2026-07-28","acq_time":1102,"confidence":"n","satellite":"N","instrument":"VIIRS","version":"2.0NRT","bright_ti4":302.52,"frp":0.94,"daynight":"N"},"geometry":{"type":"Point","coordinates":[-118.34112,43.44648]}},{"type":"Feature","properties":{"acq_date":"2026-07-28","acq_time":1102,"confidence":"n","satellite":"N","instrument":"VIIRS","version":"2.0NRT","bright_ti4":298.78,"frp":0.94,"daynight":"N"},"geometry":{"type":"Point","coordinates":[-118.34696,43.44827]}},{"type":"Feature","properties":{"acq_date":"2026-07-28","acq_time":1102,"confidence":"n","satellite":"N","instrument":"VIIRS","version":"2.0NRT","bright_ti4":305.89,"frp":1.56,"daynight":"N"},"geometry":{"type":"Point","coordinates":[-118.35292,43.45009]}},{"type":"Feature","properties":{"acq_date":"2026-07-28","acq_time":1102,"confidence":"n","satellite":"N","instrument":"VIIRS","version":"2.0NRT","bright_ti4":296.54,"frp":0.94,"daynight":"N"},"geometry":{"type":"Point","coordinates":[-118.3377,43.45188]}},{"type":"Feature","properties":{"acq_date":"2026-07-28","acq_time":1102,"confidence":"n","satellite":"N","instrument":"VIIRS","version":"2.0NRT","bright_ti4":316.26,"frp":1.56,"daynight":"N"},"geometry":{"type":"Point","coordinates":[-118.35896,43.45193]}},{"type":"Feature","properties":{"acq_date":"2026-07-28","acq_time":1102,"confidence":"n","satellite":"N","instrument":"VIIRS","version":"2.0NRT","bright_ti4":300.23,"frp":0.94,"daynight":"N"},"geometry":{"type":"Point","coordinates":[-118.34306,43.45351]}},{"type":"Feature","properties":{"acq_date":"2026-07-28","acq_time":1102,"confidence":"n","satellite":"N","instrument":"VIIRS","version":"2.0NRT","bright_ti4":304.52,"frp":1.4,"daynight":"N"},"geometry":{"type":"Point","coordinates":[-118.3648,43.45372]}},{"type":"Feature","properties":{"acq_date":"2026-07-28","acq_time":1102,"confidence":"n","satellite":"N","instrument":"VIIRS","version":"2.0NRT","bright_ti4":297.33,"frp":1.56,"daynight":"N"},"geometry":{"type":"Point","coordinates":[-118.34868,43.45523]}},{"type":"Feature","properties":{"acq_date":"2026-07-28","acq_time":1102,"confidence":"n","satellite":"N","instrument":"VIIRS","version":"2.0NRT","bright_ti4":303.43,"frp":1.4,"daynight":"N"},"geometry":{"type":"Point","coordinates":[-118.37016,43.45535]}},{"type":"Feature","properties":{"acq_date":"2026-07-28","acq_time":1102,"confidence":"n","satellite":"N","instrument":"VIIRS","version":"2.0NRT","bright_ti4":298.64,"frp":1.4,"daynight":"N"},"geometry":{"type":"Point","coordinates":[-118.36044,43.45883]}},{"type":"Feature","properties":{"acq_date":"2026-07-28","acq_time":1102,"confidence":"n","satellite":"N","instrument":"VIIRS","version":"2.0NRT","bright_ti4":317.33,"frp":1.4,"daynight":"N"},"geometry":{"type":"Point","coordinates":[-118.36603,43.46053]}},{"type":"Feature","properties":{"acq_date":"2026-07-28","acq_time":1102,"confidence":"n","satellite":"N","instrument":"VIIRS","version":"2.0NRT","bright_ti4":301.36,"frp":1.97,"daynight":"N"},"geometry":{"type":"Point","coordinates":[-118.37173,43.46227]}},{"type":"Feature","properties":{"acq_date":"2026-07-28","acq_time":1102,"confidence":"n","satellite":"N","instrument":"VIIRS","version":"2.0NRT","bright_ti4":295.26,"frp":0.97,"daynight":"N"},"geometry":{"type":"Point","coordinates":[-118.33374,43.46356]}},{"type":"Feature","properties":{"acq_date":"2026-07-28","acq_time":1102,"confidence":"n","satellite":"N","instrument":"VIIRS","version":"2.0NRT","bright_ti4":306.88,"frp":1.72,"daynight":"N"},"geometry":{"type":"Point","coordinates":[-118.36872,43.46778]}},{"type":"Feature","properties":{"acq_date":"2026-07-28","acq_time":1102,"confidence":"n","satellite":"N","instrument":"VIIRS","version":"2.0NRT","bright_ti4":299.49,"frp":1.19,"daynight":"N"},"geometry":{"type":"Point","coordinates":[-118.36845,43.48055]}},{"type":"Feature","properties":{"acq_date":"2026-07-28","acq_time":1102,"confidence":"n","satellite":"N","instrument":"VIIRS","version":"2.0NRT","bright_ti4":296.32,"frp":1.54,"daynight":"N"},"geometry":{"type":"Point","coordinates":[-118.37083,43.4877]}},{"type":"Feature","properties":{"acq_date":"2026-07-28","acq_time":1102,"confidence":"n","satellite":"N","instrument":"VIIRS","version":"2.0NRT","bright_ti4":295.34,"frp":1.15,"daynight":"N"},"geometry":{"type":"Point","coordinates":[-118.37856,43.49647]}},{"type":"Feature","properties":{"acq_date":"2026-07-28","acq_time":1104,"confidence":"n","satellite":"N","instrument":"VIIRS","version":"2.0NRT","bright_ti4":304.9,"frp":1.91,"daynight":"N"},"geometry":{"type":"Point","coordinates":[-118.63932,35.31415]}},{"type":"Feature","properties":{"acq_date":"2026-07-28","acq_time":1104,"confidence":"n","satellite":"N","instrument":"VIIRS","version":"2.0NRT","bright_ti4":303.88,"frp":1.91,"daynight":"N"},"geometry":{"type":"Point","coordinates":[-118.64705,35.31665]}},{"type":"Feature","properties":{"acq_date":"2026-07-28","acq_time":1104,"confidence":"n","satellite":"N","instrument":"VIIRS","version":"2.0NRT","bright_ti4":316.65,"frp":4.33,"daynight":"N"},"geometry":{"type":"Point","coordinates":[-118.63652,35.31701]}},{"type":"Feature","properties":{"acq_date":"2026-07-28","acq_time":1104,"confidence":"n","satellite":"N","instrument":"VIIRS","version":"2.0NRT","bright_ti4":307.66,"frp":3.52,"daynight":"N"},"geometry":{"type":"Point","coordinates":[-118.63071,35.31918]}},{"type":"Feature","properties":{"acq_date":"2026-07-28","acq_time":1104,"confidence":"n","satellite":"N","instrument":"VIIRS","version":"2.0NRT","bright_ti4":300.28,"frp":2.56,"daynight":"N"},"geometry":{"type":"Point","coordinates":[-118.6552,35.31928]}},{"type":"Feature","properties":{"acq_date":"2026-07-28","acq_time":1104,"confidence":"n","satellite":"N","instrument":"VIIRS","version":"2.0NRT","bright_ti4":311.95,"frp":4.56,"daynight":"N"},"geometry":{"type":"Point","coordinates":[-118.64416,35.31944]}},{"type":"Feature","properties":{"acq_date":"2026-07-28","acq_time":1104,"confidence":"n","satellite":"N","instrument":"VIIRS","version":"2.0NRT","bright_ti4":319.47,"frp":5.84,"daynight":"N"},"geometry":{"type":"Point","coordinates":[-118.63879,35.32177]}},{"type":"Feature","properties":{"acq_date":"2026-07-28","acq_time":1104,"confidence":"n","satellite":"N","instrument":"VIIRS","version":"2.0NRT","bright_ti4":306.06,"frp":4.56,"daynight":"N"},"geometry":{"type":"Point","coordinates":[-118.65193,35.32189]}},{"type":"Feature","properties":{"acq_date":"2026-07-28","acq_time":1104,"confidence":"n","satellite":"N","instrument":"VIIRS","version":"2.0NRT","bright_ti4":309.78,"frp":4.33,"daynight":"N"},"geometry":{"type":"Point","coordinates":[-118.62769,35.322]}},{"type":"Feature","properties":{"acq_date":"2026-07-28","acq_time":1104,"confidence":"n","satellite":"N","instrument":"VIIRS","version":"2.0NRT","bright_ti4":322.28,"frp":5.84,"daynight":"N"},"geometry":{"type":"Point","coordinates":[-118.64629,35.3242]}},{"type":"Feature","properties":{"acq_date":"2026-07-28","acq_time":1104,"confidence":"n","satellite":"N","instrument":"VIIRS","version":"2.0NRT","bright_ti4":302.41,"frp":3.94,"daynight":"N"},"geometry":{"type":"Point","coordinates":[-118.66035,35.32455]}},{"type":"Feature","properties":{"acq_date":"2026-07-28","acq_time":1104,"confidence":"n","satellite":"N","instrument":"VIIRS","version":"2.0NRT","bright_ti4":332.18,"frp":4.33,"daynight":"N"},"geometry":{"type":"Point","coordinates":[-118.63597,35.32461]}},{"type":"Feature","properties":{"acq_date":"2026-07-28","acq_time":1104,"confidence":"n","satellite":"N","instrument":"VIIRS","version":"2.0NRT","bright_ti4":311.41,"frp":3.52,"daynight":"N"},"geometry":{"type":"Point","coordinates":[-118.63007,35.32677]}},{"type":"Feature","properties":{"acq_date":"2026-07-28","acq_time":1104,"confidence":"n","satellite":"N","instrument":"VIIRS","version":"2.0NRT","bright_ti4":305.95,"frp":4.71,"daynight":"N"},"geometry":{"type":"Point","coordinates":[-118.65434,35.32679]}},{"type":"Feature","properties":{"acq_date":"2026-07-28","acq_time":1104,"confidence":"n","satellite":"N","instrument":"VIIRS","version":"2.0NRT","bright_ti4":323.21,"frp":4.56,"daynight":"N"},"geometry":{"type":"Point","coordinates":[-118.64352,35.327]}},{"type":"Feature","properties":{"acq_date":"2026-07-28","acq_time":1104,"confidence":"n","satellite":"N","instrument":"VIIRS","version":"2.0NRT","bright_ti4":332.39,"frp":5.84,"daynight":"N"},"geometry":{"type":"Point","coordinates":[-118.63786,35.32927]}},{"type":"Feature","properties":{"acq_date":"2026-07-28","acq_time":1104,"confidence":"n","satellite":"N","instrument":"VIIRS","version":"2.0NRT","bright_ti4":332.54,"frp":4.71,"daynight":"N"},"geometry":{"type":"Point","coordinates":[-118.66272,35.32948]}},{"type":"Feature","properties":{"acq_date":"2026-07-28","acq_time":1104,"confidence":"n","satellite":"N","instrument":"VIIRS","version":"2.0NRT","bright_ti4":313.88,"frp":4.56,"daynight":"N"},"geometry":{"type":"Point","coordinates":[-118.65137,35.32948]}},{"type":"Feature","properties":{"acq_date":"2026-07-28","acq_time":1104,"confidence":"n","satellite":"N","instrument":"VIIRS","version":"2.0NRT","bright_ti4":321.35,"frp":5.84,"daynight":"N"},"geometry":{"type":"Point","coordinates":[-118.64545,35.33172]}},{"type":"Feature","properties":{"acq_date":"2026-07-28","acq_time":1104,"confidence":"n","satellite":"N","instrument":"VIIRS","version":"2.0NRT","bright_ti4":303.31,"frp":1.96,"daynight":"N"},"geometry":{"type":"Point","coordinates":[-118.63416,35.33181]}},{"type":"Feature","properties":{"acq_date":"2026-07-28","acq_time":1104,"confidence":"n","satellite":"N","instrument":"VIIRS","version":"2.0NRT","bright_ti4":331.87,"frp":3.94,"daynight":"N"},"geometry":{"type":"Point","coordinates":[-118.65943,35.33203]}},{"type":"Feature","properties":{"acq_date":"2026-07-28","acq_time":1104,"confidence":"n","satellite":"N","instrument":"VIIRS","version":"2.0NRT","bright_ti4":325.96,"frp":4.71,"daynight":"N"},"geometry":{"type":"Point","coordinates":[-118.6533,35.33424]}},{"type":"Feature","properties":{"acq_date":"2026-07-28","acq_time":1104,"confidence":"n","satellite":"N","instrument":"VIIRS","version":"2.0NRT","bright_ti4":318.38,"frp":4.16,"daynight":"N"},"geometry":{"type":"Point","coordinates":[-118.64197,35.33428]}},{"type":"Feature","properties":{"acq_date":"2026-07-28","acq_time":1104,"confidence":"n","satellite":"N","instrument":"VIIRS","version":"2.0NRT","bright_ti4":300.42,"frp":3.94,"daynight":"N"},"geometry":{"type":"Point","coordinates":[-118.66766,35.33463]}},{"type":"Feature","properties":{"acq_date":"2026-07-28","acq_time":1104,"confidence":"n","satellite":"N","instrument":"VIIRS","version":"2.0NRT","bright_ti4":302.61,"frp":4.71,"daynight":"N"},"geometry":{"type":"Point","coordinates":[-118.66096,35.3367]}},{"type":"Feature","properties":{"acq_date":"2026-07-28","acq_time":1104,"confidence":"n","satellite":"N","instrument":"VIIRS","version":"2.0NRT","bright_ti4":322.3,"frp":4.16,"daynight":"N"},"geometry":{"type":"Point","coordinates":[-118.64998,35.33681]}},{"type":"Feature","properties":{"acq_date":"2026-07-28","acq_time":1104,"confidence":"n","satellite":"N","instrument":"VIIRS","version":"2.0NRT","bright_ti4":300.12,"frp":2.44,"daynight":"N"},"geometry":{"type":"Point","coordinates":[-118.6569,35.339]}},{"type":"Feature","properties":{"acq_date":"2026-07-28","acq_time":1104,"confidence":"n","satellite":"N","instrument":"VIIRS","version":"2.0NRT","bright_ti4":299.24,"frp":1.41,"daynight":"N"},"geometry":{"type":"Point","coordinates":[-121.48428,37.40868]}},{"type":"Feature","properties":{"acq_date":"2026-07-28","acq_time":1104,"confidence":"n","satellite":"N","instrument":"VIIRS","version":"2.0NRT","bright_ti4":298.26,"frp":1.17,"daynight":"N"},"geometry":{"type":"Point","coordinates":[-121.48354,37.41104]}},{"type":"Feature","properties":{"acq_date":"2026-07-28","acq_time":1104,"confidence":"n","satellite":"N","instrument":"VIIRS","version":"2.0NRT","bright_ti4":301.54,"frp":0.54,"daynight":"N"},"geometry":{"type":"Point","coordinates":[-121.93274,37.45372]}},{"type":"Feature","properties":{"acq_date":"2026-07-28","acq_time":1104,"confidence":"n","satellite":"N","instrument":"VIIRS","version":"2.0NRT","bright_ti4":304.16,"frp":1.46,"daynight":"N"},"geometry":{"type":"Point","coordinates":[-122.1133,38.01589]}},{"type":"Feature","properties":{"acq_date":"2026-07-28","acq_time":1104,"confidence":"n","satellite":"N","instrument":"VIIRS","version":"2.0NRT","bright_ti4":300.61,"frp":0.52,"daynight":"N"},"geometry":{"type":"Point","coordinates":[-121.39425,38.12437]}},{"type":"Feature","properties":{"acq_date":"2026-07-28","acq_time":1104,"confidence":"n","satellite":"N","instrument":"VIIRS","version":"2.0NRT","bright_ti4":308.84,"frp":0.97,"daynight":"N"},"geometry":{"type":"Point","coordinates":[-121.39093,38.20484]}},{"type":"Feature","properties":{"acq_date":"2026-07-28","acq_time":1104,"confidence":"n","satellite":"N","instrument":"VIIRS","version":"2.0NRT","bright_ti4":299.34,"frp":1.09,"daynight":"N"},"geometry":{"type":"Point","coordinates":[-120.11868,39.70389]}},{"type":"Feature","properties":{"acq_date":"2026-07-28","acq_time":1104,"confidence":"n","satellite":"N","instrument":"VIIRS","version":"2.0NRT","bright_ti4":295.52,"frp":1.09,"daynight":"N"},"geometry":{"type":"Point","coordinates":[-120.11243,39.70856]}},{"type":"Feature","properties":{"acq_date":"2026-07-28","acq_time":1104,"confidence":"n","satellite":"N","instrument":"VIIRS","version":"2.0NRT","bright_ti4":296.46,"frp":0.88,"daynight":"N"},"geometry":{"type":"Point","coordinates":[-120.12988,39.7137]}},{"type":"Feature","properties":{"acq_date":"2026-07-28","acq_time":1104,"confidence":"n","satellite":"N","instrument":"VIIRS","version":"2.0NRT","bright_ti4":297.16,"frp":0.88,"daynight":"N"},"geometry":{"type":"Point","coordinates":[-120.13573,39.71541]}}]}